"candidate_id","type_code","commune","nom","context","profile","c","t","b","boundary_distance"
"floor-low__car-0.05__bike-0.05","A128","22127","Lézardrieux","Département 22","La voiture ouvre l’accès",0.83,0,0.05,0
"floor-low__car-0.05__bike-0.05","A128","22214","Plouézec","Département 22","La voiture ouvre l’accès",1,0.05,0.08,0
"floor-low__car-0.05__bike-0.05","A128","22237","Val-d'Arguenon","Département 22","La voiture ouvre l’accès",1,0.05,0.05,0
"floor-low__car-0.05__bike-0.05","A128","22243","Plusquellec","Département 22","La voiture ouvre l’accès",1,0.02,0.07,0
"floor-low__car-0.05__bike-0.05","A128","22273","Saint-Alban","Département 22","La voiture ouvre l’accès",1,0.02,0.05,0
"floor-low__car-0.05__bike-0.05","A128","22289","Saint-Fiacre","Département 22","La voiture ouvre l’accès",0.05,0,0,0
"floor-low__car-0.05__bike-0.05","A128","22293","Saint-Gilles-les-Bois","Département 22","La voiture ouvre l’accès",0.05,0,0,0
"floor-low__car-0.05__bike-0.05","A128","22360","Trégueux","Département 22","La voiture ouvre l’accès",1,0.05,0.71,0
"floor-low__car-0.05__bike-0.05","A128","22387","Le Vieux-Marché","Département 22","La voiture ouvre l’accès",1,0.06,0.11,0
"floor-low__car-0.05__bike-0.05","A128","29135","Loctudy","Département 29","La voiture ouvre l’accès",0.88,0.05,0.17,0
"floor-low__car-0.05__bike-0.05","A128","29147","Mellac","Département 29","La voiture ouvre l’accès",1,0,0.05,0
"floor-low__car-0.05__bike-0.05","A128","29174","Plonéour-Lanvern","Département 29","La voiture ouvre l’accès",1,0.05,0.08,0
"floor-low__car-0.05__bike-0.05","A128","56260","Vannes","Département 56","Accès à pied ou en TC possible",0.05,0,0.02,0
"floor-low__car-0.05__bike-0.05","A128","35125","La Guerche-de-Bretagne","Département 35","Accès à pied ou en TC possible",1,0.93,0.98,6.93889390390723e-17
"floor-low__car-0.05__bike-0.05","A129","35059","La Chapelle-des-Fougeretz","Département 35","Accès à pied ou en TC possible",1,0.92,0.97,6.93889390390723e-17
"floor-low__car-0.05__bike-0.05","A129","35278","Saint-Grégoire","Département 35","Accès à pied ou en TC possible",1,0.92,0.97,6.93889390390723e-17
"floor-low__car-0.05__bike-0.05","A129","56124","Malestroit","Département 56","Accès à pied ou en TC possible",1,0.93,0.98,6.93889390390723e-17
"floor-low__car-0.05__bike-0.05","A203","56178","Pontivy","Département 56","Accès à pied ou en TC possible",1,0.91,0.96,6.93889390390723e-17
"floor-low__car-0.05__bike-0.05","A401","35059","La Chapelle-des-Fougeretz","Département 35","Accès à pied ou en TC possible",1,0.92,0.97,6.93889390390723e-17
"floor-low__car-0.05__bike-0.05","A401","35090","Crevin","Département 35","Accès à pied ou en TC possible",1,0.92,0.97,6.93889390390723e-17
"floor-low__car-0.05__bike-0.05","A401","35325","La Selle-Guerchaise","Département 35","Accès à pied ou en TC possible",1,0.92,0.97,6.93889390390723e-17
"floor-low__car-0.05__bike-0.05","A404","35067","Chasné-sur-Illet","Département 35","Accès à pied ou en TC possible",1,0.92,0.97,6.93889390390723e-17
"floor-low__car-0.05__bike-0.05","A404","35095","Dol-de-Bretagne","Département 35","Accès à pied ou en TC possible",1,0.93,0.98,6.93889390390723e-17
"floor-low__car-0.05__bike-0.05","A404","35360","Vitré","Département 35","Accès à pied ou en TC possible",1,0.92,0.97,6.93889390390723e-17
"floor-low__car-0.05__bike-0.05","B304","56123","Malansac","Département 56","Le vélo compense",0.22,0.05,0.33,0
"floor-low__car-0.05__bike-0.05","D269","35353","Vezin-le-Coquet","Département 35","Le vélo compense",1,0.05,0.99,0
"floor-low__car-0.05__bike-0.05","F121","56259","La Trinité-Surzur","Département 56","Le vélo compense",1,0.05,0.96,0
"floor-low__car-0.05__bike-0.05","A129","22262","Quintin","Département 22","Le vélo compense",1,0.95,1,4.16333634234434e-17
"floor-low__car-0.05__bike-0.05","A129","35081","Clayes","Département 35","Le vélo compense",1,0.94,0.99,4.16333634234434e-17
"floor-low__car-0.05__bike-0.05","A129","35131","L'Hermitage","Département 35","Le vélo compense",1,0.94,0.99,4.16333634234434e-17
"floor-low__car-0.05__bike-0.05","A129","56065","Gourhel","Département 56","Le vélo compense",1,0.95,1,4.16333634234434e-17
"floor-low__car-0.05__bike-0.05","A129","56091","Josselin","Département 56","Le vélo compense",1,0.95,1,4.16333634234434e-17
"floor-low__car-0.05__bike-0.05","A129","56262","Le Bono","Département 56","Le vélo compense",1,0.94,0.99,4.16333634234434e-17
"floor-low__car-0.05__bike-0.05","A203","22278","Saint-Brieuc","Département 22","Le vélo compense",1,0.95,1,4.16333634234434e-17
"floor-low__car-0.05__bike-0.05","A203","35189","Montgermont","Département 35","Le vélo compense",1,0.94,0.99,4.16333634234434e-17
"floor-low__car-0.05__bike-0.05","A203","35288","Saint-Malo","Département 35","Le vélo compense",1,0.94,0.99,4.16333634234434e-17
"floor-low__car-0.05__bike-0.10","A128","22127","Lézardrieux","Département 22","La voiture ouvre l’accès",0.83,0,0.05,0
"floor-low__car-0.05__bike-0.10","A128","22214","Plouézec","Département 22","La voiture ouvre l’accès",1,0.05,0.08,0
"floor-low__car-0.05__bike-0.10","A128","22237","Val-d'Arguenon","Département 22","La voiture ouvre l’accès",1,0.05,0.05,0
"floor-low__car-0.05__bike-0.10","A128","22273","Saint-Alban","Département 22","La voiture ouvre l’accès",1,0.02,0.05,0
"floor-low__car-0.05__bike-0.10","A128","22289","Saint-Fiacre","Département 22","La voiture ouvre l’accès",0.05,0,0,0
"floor-low__car-0.05__bike-0.10","A128","22293","Saint-Gilles-les-Bois","Département 22","La voiture ouvre l’accès",0.05,0,0,0
"floor-low__car-0.05__bike-0.10","A128","22360","Trégueux","Département 22","La voiture ouvre l’accès",1,0.05,0.71,0
"floor-low__car-0.05__bike-0.10","A128","29135","Loctudy","Département 29","La voiture ouvre l’accès",0.88,0.05,0.17,0
"floor-low__car-0.05__bike-0.10","A128","29147","Mellac","Département 29","La voiture ouvre l’accès",1,0,0.05,0
"floor-low__car-0.05__bike-0.10","A128","29174","Plonéour-Lanvern","Département 29","La voiture ouvre l’accès",1,0.05,0.08,0
"floor-low__car-0.05__bike-0.10","A128","29195","Plouguerneau","Département 29","La voiture ouvre l’accès",0.05,0,0,0
"floor-low__car-0.05__bike-0.10","A128","29235","Le Relecq-Kerhuon","Département 29","La voiture ouvre l’accès",1,0,0.05,0
"floor-low__car-0.05__bike-0.10","A128","56260","Vannes","Département 56","Accès à pied ou en TC possible",0.05,0,0.02,0
"floor-low__car-0.05__bike-0.10","A129","35181","Le Minihic-sur-Rance","Département 35","Accès à pied ou en TC possible",1,0.89,0.99,2.77555756156289e-17
"floor-low__car-0.05__bike-0.10","A129","35281","Saint-Jacques-de-la-Lande","Département 35","Accès à pied ou en TC possible",1,0.9,1,2.77555756156289e-17
"floor-low__car-0.05__bike-0.10","A129","56098","Lanester","Département 56","Accès à pied ou en TC possible",1,0.88,0.98,2.77555756156289e-17
"floor-low__car-0.05__bike-0.10","A129","56132","Meucon","Département 56","Accès à pied ou en TC possible",1,0.88,0.98,2.77555756156289e-17
"floor-low__car-0.05__bike-0.10","A203","35188","Montfort-sur-Meu","Département 35","Accès à pied ou en TC possible",1,0.86,0.96,2.77555756156289e-17
"floor-low__car-0.05__bike-0.10","A206","56098","Lanester","Département 56","Accès à pied ou en TC possible",1,0.88,0.98,2.77555756156289e-17
"floor-low__car-0.05__bike-0.10","A207","22278","Saint-Brieuc","Département 22","Accès à pied ou en TC possible",1,0.9,1,2.77555756156289e-17
"floor-low__car-0.05__bike-0.10","A207","56098","Lanester","Département 56","Accès à pied ou en TC possible",1,0.87,0.97,2.77555756156289e-17
"floor-low__car-0.05__bike-0.10","A401","22327","Saint-Samson-sur-Rance","Département 22","Accès à pied ou en TC possible",1,0.9,1,2.77555756156289e-17
"floor-low__car-0.05__bike-0.10","A401","29022","Camaret-sur-Mer","Département 29","Accès à pied ou en TC possible",1,0.86,0.96,2.77555756156289e-17
"floor-low__car-0.05__bike-0.10","A401","56087","Île-aux-Moines","Département 56","Accès à pied ou en TC possible",1,0.86,0.96,2.77555756156289e-17
"floor-low__car-0.05__bike-0.10","B304","56123","Malansac","Département 56","Le vélo compense",0.22,0.05,0.33,0
"floor-low__car-0.05__bike-0.10","D269","35353","Vezin-le-Coquet","Département 35","Le vélo compense",1,0.05,0.99,0
"floor-low__car-0.05__bike-0.10","F121","56259","La Trinité-Surzur","Département 56","Le vélo compense",1,0.05,0.96,0
"floor-low__car-0.05__bike-0.10","A128","29105","Landivisiau","Département 29","Le vélo compense",1,0.58,0.96,0.00999999999999997
"floor-low__car-0.05__bike-0.10","A128","35188","Montfort-sur-Meu","Département 35","Le vélo compense",1,0.77,0.96,0.00999999999999997
"floor-low__car-0.05__bike-0.10","A128","56186","Quiberon","Département 56","Le vélo compense",1,0.65,0.96,0.00999999999999997
"floor-low__car-0.05__bike-0.10","A129","22064","Gouarec","Département 22","Le vélo compense",1,0.76,0.96,0.00999999999999997
"floor-low__car-0.05__bike-0.10","A129","22307","Saint-Julien","Département 22","Le vélo compense",1,0.84,0.96,0.00999999999999997
"floor-low__car-0.05__bike-0.10","A129","22360","Trégueux","Département 22","Le vélo compense",1,0.76,0.96,0.00999999999999997
"floor-low__car-0.05__bike-0.10","A129","35047","Bruz","Département 35","Le vélo compense",1,0.73,0.96,0.00999999999999997
"floor-low__car-0.05__bike-0.10","A129","35051","Cesson-Sévigné","Département 35","Le vélo compense",1,0.7,0.96,0.00999999999999997
"floor-low__car-0.05__bike-0.10","A129","35188","Montfort-sur-Meu","Département 35","Le vélo compense",1,0.73,0.96,0.00999999999999997
"floor-low__car-0.05__bike-0.20","A128","22127","Lézardrieux","Département 22","La voiture ouvre l’accès",0.83,0,0.05,0
"floor-low__car-0.05__bike-0.20","A128","22214","Plouézec","Département 22","La voiture ouvre l’accès",1,0.05,0.08,0
"floor-low__car-0.05__bike-0.20","A128","22237","Val-d'Arguenon","Département 22","La voiture ouvre l’accès",1,0.05,0.05,0
"floor-low__car-0.05__bike-0.20","A128","22273","Saint-Alban","Département 22","La voiture ouvre l’accès",1,0.02,0.05,0
"floor-low__car-0.05__bike-0.20","A128","22289","Saint-Fiacre","Département 22","La voiture ouvre l’accès",0.05,0,0,0
"floor-low__car-0.05__bike-0.20","A128","22293","Saint-Gilles-les-Bois","Département 22","La voiture ouvre l’accès",0.05,0,0,0
"floor-low__car-0.05__bike-0.20","A128","22360","Trégueux","Département 22","La voiture ouvre l’accès",1,0.05,0.71,0
"floor-low__car-0.05__bike-0.20","A128","29135","Loctudy","Département 29","La voiture ouvre l’accès",0.88,0.05,0.17,0
"floor-low__car-0.05__bike-0.20","A128","29147","Mellac","Département 29","La voiture ouvre l’accès",1,0,0.05,0
"floor-low__car-0.05__bike-0.20","A128","29174","Plonéour-Lanvern","Département 29","La voiture ouvre l’accès",1,0.05,0.08,0
"floor-low__car-0.05__bike-0.20","A128","29195","Plouguerneau","Département 29","La voiture ouvre l’accès",0.05,0,0,0
"floor-low__car-0.05__bike-0.20","A128","29235","Le Relecq-Kerhuon","Département 29","La voiture ouvre l’accès",1,0,0.05,0
"floor-low__car-0.05__bike-0.20","A128","56260","Vannes","Département 56","Accès à pied ou en TC possible",0.05,0,0.02,0
"floor-low__car-0.05__bike-0.20","A128","22106","Langueux","Département 22","Accès à pied ou en TC possible",1,0.8,1,5.55111512312578e-17
"floor-low__car-0.05__bike-0.20","A129","22064","Gouarec","Département 22","Accès à pied ou en TC possible",1,0.76,0.96,5.55111512312578e-17
"floor-low__car-0.05__bike-0.20","A129","22360","Trégueux","Département 22","Accès à pied ou en TC possible",1,0.76,0.96,5.55111512312578e-17
"floor-low__car-0.05__bike-0.20","A203","22055","Binic-Étables-sur-Mer","Département 22","Accès à pied ou en TC possible",1,0.76,0.96,5.55111512312578e-17
"floor-low__car-0.05__bike-0.20","A208","22064","Gouarec","Département 22","Accès à pied ou en TC possible",1,0.76,0.96,5.55111512312578e-17
"floor-low__car-0.05__bike-0.20","A401","29039","Concarneau","Département 29","Accès à pied ou en TC possible",1,0.79,0.99,5.55111512312578e-17
"floor-low__car-0.05__bike-0.20","A401","56234","Saint-Pierre-Quiberon","Département 56","Accès à pied ou en TC possible",1,0.79,0.99,5.55111512312578e-17
"floor-low__car-0.05__bike-0.20","A404","56258","La Trinité-sur-Mer","Département 56","Accès à pied ou en TC possible",1,0.78,0.98,5.55111512312578e-17
"floor-low__car-0.05__bike-0.20","A405","22064","Gouarec","Département 22","Accès à pied ou en TC possible",1,0.76,0.96,5.55111512312578e-17
"floor-low__car-0.05__bike-0.20","A405","35093","Dinard","Département 35","Accès à pied ou en TC possible",1,0.8,1,5.55111512312578e-17
"floor-low__car-0.05__bike-0.20","A501","29284","Treffiagat","Département 29","Accès à pied ou en TC possible",1,0.76,0.96,5.55111512312578e-17
"floor-low__car-0.05__bike-0.20","B304","56123","Malansac","Département 56","Le vélo compense",0.22,0.05,0.33,0
"floor-low__car-0.05__bike-0.20","D269","35353","Vezin-le-Coquet","Département 35","Le vélo compense",1,0.05,0.99,0
"floor-low__car-0.05__bike-0.20","F121","56259","La Trinité-Surzur","Département 56","Le vélo compense",1,0.05,0.96,0
"floor-low__car-0.05__bike-0.20","A129","29040","Le Conquet","Département 29","Le vélo compense",1,0.78,0.99,0.00999999999999995
"floor-low__car-0.05__bike-0.20","A129","29103","Landerneau","Département 29","Le vélo compense",1,0.78,0.99,0.00999999999999995
"floor-low__car-0.05__bike-0.20","A203","29040","Le Conquet","Département 29","Le vélo compense",1,0.77,0.98,0.00999999999999995
"floor-low__car-0.05__bike-0.20","A207","29040","Le Conquet","Département 29","Le vélo compense",1,0.78,0.99,0.00999999999999995
"floor-low__car-0.05__bike-0.20","B201","22278","Saint-Brieuc","Département 22","Le vélo compense",1,0.79,1,0.00999999999999995
"floor-low__car-0.05__bike-0.20","B206","29103","Landerneau","Département 29","Le vélo compense",1,0.79,1,0.00999999999999995
"floor-low__car-0.05__bike-0.20","B207","29040","Le Conquet","Département 29","Le vélo compense",1,0.77,0.98,0.00999999999999995
"floor-low__car-0.05__bike-0.20","B209","29105","Landivisiau","Département 29","Le vélo compense",1,0.76,0.97,0.00999999999999995
"floor-low__car-0.05__bike-0.20","B209","29260","Saint-Renan","Département 29","Le vélo compense",1,0.77,0.98,0.00999999999999995
"floor-low__car-0.05__bike-0.30","A128","22127","Lézardrieux","Département 22","La voiture ouvre l’accès",0.83,0,0.05,0
"floor-low__car-0.05__bike-0.30","A128","22214","Plouézec","Département 22","La voiture ouvre l’accès",1,0.05,0.08,0
"floor-low__car-0.05__bike-0.30","A128","22237","Val-d'Arguenon","Département 22","La voiture ouvre l’accès",1,0.05,0.05,0
"floor-low__car-0.05__bike-0.30","A128","22273","Saint-Alban","Département 22","La voiture ouvre l’accès",1,0.02,0.05,0
"floor-low__car-0.05__bike-0.30","A128","22289","Saint-Fiacre","Département 22","La voiture ouvre l’accès",0.05,0,0,0
"floor-low__car-0.05__bike-0.30","A128","22293","Saint-Gilles-les-Bois","Département 22","La voiture ouvre l’accès",0.05,0,0,0
"floor-low__car-0.05__bike-0.30","A128","22360","Trégueux","Département 22","La voiture ouvre l’accès",1,0.05,0.71,0
"floor-low__car-0.05__bike-0.30","A128","29135","Loctudy","Département 29","La voiture ouvre l’accès",0.88,0.05,0.17,0
"floor-low__car-0.05__bike-0.30","A128","29147","Mellac","Département 29","La voiture ouvre l’accès",1,0,0.05,0
"floor-low__car-0.05__bike-0.30","A128","29174","Plonéour-Lanvern","Département 29","La voiture ouvre l’accès",1,0.05,0.08,0
"floor-low__car-0.05__bike-0.30","A128","29195","Plouguerneau","Département 29","La voiture ouvre l’accès",0.05,0,0,0
"floor-low__car-0.05__bike-0.30","A128","29235","Le Relecq-Kerhuon","Département 29","La voiture ouvre l’accès",1,0,0.05,0
"floor-low__car-0.05__bike-0.30","A128","56260","Vannes","Département 56","Accès à pied ou en TC possible",0.05,0,0.02,0
"floor-low__car-0.05__bike-0.30","B304","56123","Malansac","Département 56","Accès à pied ou en TC possible",0.22,0.05,0.33,0
"floor-low__car-0.05__bike-0.30","A129","56260","Vannes","Département 56","Accès à pied ou en TC possible",1,0.67,0.97,5.55111512312578e-17
"floor-low__car-0.05__bike-0.30","A404","22210","Ploubazlanec","Département 22","Accès à pied ou en TC possible",1,0.66,0.96,5.55111512312578e-17
"floor-low__car-0.05__bike-0.30","B103","35288","Saint-Malo","Département 35","Accès à pied ou en TC possible",0.99,0.67,0.97,5.55111512312578e-17
"floor-low__car-0.05__bike-0.30","B104","35051","Cesson-Sévigné","Département 35","Accès à pied ou en TC possible",1,0.66,0.96,5.55111512312578e-17
"floor-low__car-0.05__bike-0.30","C107","35363","Pont-Péan","Département 35","Accès à pied ou en TC possible",1,0.67,0.97,5.55111512312578e-17
"floor-low__car-0.05__bike-0.30","C108","56205","Saint-Armel","Département 56","Accès à pied ou en TC possible",1,0.68,0.98,5.55111512312578e-17
"floor-low__car-0.05__bike-0.30","C302","35281","Saint-Jacques-de-la-Lande","Département 35","Accès à pied ou en TC possible",1,0.68,0.98,5.55111512312578e-17
"floor-low__car-0.05__bike-0.30","D307","56258","La Trinité-sur-Mer","Département 56","Accès à pied ou en TC possible",1,0.66,0.96,5.55111512312578e-17
"floor-low__car-0.05__bike-0.30","F116","35125","La Guerche-de-Bretagne","Département 35","Accès à pied ou en TC possible",1,0.67,0.97,5.55111512312578e-17
"floor-low__car-0.05__bike-0.30","F121","35125","La Guerche-de-Bretagne","Département 35","Accès à pied ou en TC possible",1,0.67,0.97,5.55111512312578e-17
"floor-low__car-0.05__bike-0.30","D269","35353","Vezin-le-Coquet","Département 35","Le vélo compense",1,0.05,0.99,0
"floor-low__car-0.05__bike-0.30","F121","56259","La Trinité-Surzur","Département 56","Le vélo compense",1,0.05,0.96,0
"floor-low__car-0.05__bike-0.30","A206","35241","La Richardais","Département 35","Le vélo compense",1,0.7,1,5.55111512312578e-17
"floor-low__car-0.05__bike-0.30","A207","29098","Lampaul-Plouarzel","Département 29","Le vélo compense",1,0.7,1,5.55111512312578e-17
"floor-low__car-0.05__bike-0.30","B303","35093","Dinard","Département 35","Le vélo compense",1,0.7,1,5.55111512312578e-17
"floor-low__car-0.05__bike-0.30","B307","29235","Le Relecq-Kerhuon","Département 29","Le vélo compense",1,0.7,1,5.55111512312578e-17
"floor-low__car-0.05__bike-0.30","B318","35093","Dinard","Département 35","Le vélo compense",1,0.7,1,5.55111512312578e-17
"floor-low__car-0.05__bike-0.30","D267","22278","Saint-Brieuc","Département 22","Le vélo compense",1,0.69,0.99,5.55111512312578e-17
"floor-low__car-0.05__bike-0.30","F121","29072","Guilvinec","Département 29","Le vélo compense",1,0.7,1,5.55111512312578e-17
"floor-low__car-0.05__bike-0.30","A128","56186","Quiberon","Département 56","Le vélo compense",1,0.65,0.96,0.00999999999999995
"floor-low__car-0.05__bike-0.30","B206","22278","Saint-Brieuc","Département 22","Le vélo compense",1,0.67,0.98,0.00999999999999995
"floor-low__car-0.05__bike-0.30","B210","35281","Saint-Jacques-de-la-Lande","Département 35","Le vélo compense",1,0.68,0.99,0.00999999999999995
"floor-low__car-0.10__bike-0.05","A128","22127","Lézardrieux","Département 22","La voiture ouvre l’accès",0.83,0,0.05,0
"floor-low__car-0.10__bike-0.05","A128","22214","Plouézec","Département 22","La voiture ouvre l’accès",1,0.05,0.08,0
"floor-low__car-0.10__bike-0.05","A128","22237","Val-d'Arguenon","Département 22","La voiture ouvre l’accès",1,0.05,0.05,0
"floor-low__car-0.10__bike-0.05","A128","22243","Plusquellec","Département 22","La voiture ouvre l’accès",1,0.02,0.07,0
"floor-low__car-0.10__bike-0.05","A128","22273","Saint-Alban","Département 22","La voiture ouvre l’accès",1,0.02,0.05,0
"floor-low__car-0.10__bike-0.05","A128","22360","Trégueux","Département 22","La voiture ouvre l’accès",1,0.05,0.71,0
"floor-low__car-0.10__bike-0.05","A128","22387","Le Vieux-Marché","Département 22","La voiture ouvre l’accès",1,0.06,0.11,0
"floor-low__car-0.10__bike-0.05","A128","29135","Loctudy","Département 29","La voiture ouvre l’accès",0.88,0.05,0.17,0
"floor-low__car-0.10__bike-0.05","A128","29147","Mellac","Département 29","La voiture ouvre l’accès",1,0,0.05,0
"floor-low__car-0.10__bike-0.05","A128","29174","Plonéour-Lanvern","Département 29","La voiture ouvre l’accès",1,0.05,0.08,0
"floor-low__car-0.10__bike-0.05","A128","29235","Le Relecq-Kerhuon","Département 29","La voiture ouvre l’accès",1,0,0.05,0
"floor-low__car-0.10__bike-0.05","A128","35184","Montauban-de-Bretagne","Département 35","La voiture ouvre l’accès",1,0.01,0.05,0
"floor-low__car-0.10__bike-0.05","A128","22289","Saint-Fiacre","Département 22","Accès à pied ou en TC possible",0.05,0,0,0
"floor-low__car-0.10__bike-0.05","A128","22293","Saint-Gilles-les-Bois","Département 22","Accès à pied ou en TC possible",0.05,0,0,0
"floor-low__car-0.10__bike-0.05","A128","29195","Plouguerneau","Département 29","Accès à pied ou en TC possible",0.05,0,0,0
"floor-low__car-0.10__bike-0.05","A128","56260","Vannes","Département 56","Accès à pied ou en TC possible",0.05,0,0.02,0
"floor-low__car-0.10__bike-0.05","A206","22284","Saint-Connan","Département 22","Accès à pied ou en TC possible",0.05,0,0,0
"floor-low__car-0.10__bike-0.05","A206","35064","La Chapelle-de-Brain","Département 35","Accès à pied ou en TC possible",0.05,0,0,0
"floor-low__car-0.10__bike-0.05","A207","29073","Guimaëc","Département 29","Accès à pied ou en TC possible",0.05,0,0,0
"floor-low__car-0.10__bike-0.05","A207","29224","Pouldergat","Département 29","Accès à pied ou en TC possible",0.05,0,0,0
"floor-low__car-0.10__bike-0.05","A207","29249","Saint-Goazec","Département 29","Accès à pied ou en TC possible",0.05,0,0,0
"floor-low__car-0.10__bike-0.05","A207","56041","Cléguérec","Département 56","Accès à pied ou en TC possible",0.05,0,0,0
"floor-low__car-0.10__bike-0.05","A207","56261","La Vraie-Croix","Département 56","Accès à pied ou en TC possible",0.05,0,0,0
"floor-low__car-0.10__bike-0.05","A208","35024","Betton","Département 35","Accès à pied ou en TC possible",0.05,0,0,0
"floor-low__car-0.10__bike-0.05","B103","35024","Betton","Département 35","Le vélo compense",1,0.05,0.95,0
"floor-low__car-0.10__bike-0.05","B302","35216","Parthenay-de-Bretagne","Département 35","Le vélo compense",1,0.05,0.91,0
"floor-low__car-0.10__bike-0.05","B304","56123","Malansac","Département 56","Le vélo compense",0.22,0.05,0.33,0
"floor-low__car-0.10__bike-0.05","B312","35216","Parthenay-de-Bretagne","Département 35","Le vélo compense",1,0.05,0.91,0
"floor-low__car-0.10__bike-0.05","D269","35353","Vezin-le-Coquet","Département 35","Le vélo compense",1,0.05,0.99,0
"floor-low__car-0.10__bike-0.05","F121","56259","La Trinité-Surzur","Département 56","Le vélo compense",1,0.05,0.96,0
"floor-low__car-0.10__bike-0.05","A128","35068","Châteaubourg","Département 35","Le vélo compense",1,0.6,0.9,2.77555756156289e-17
"floor-low__car-0.10__bike-0.05","A128","56098","Lanester","Département 56","Le vélo compense",1,0.43,0.9,2.77555756156289e-17
"floor-low__car-0.10__bike-0.05","A128","56143","Muzillac","Département 56","Le vélo compense",1,0.74,0.9,2.77555756156289e-17
"floor-low__car-0.10__bike-0.05","A129","22054","Erquy","Département 22","Le vélo compense",1,0.66,0.9,2.77555756156289e-17
"floor-low__car-0.10__bike-0.05","A129","29022","Camaret-sur-Mer","Département 29","Le vélo compense",1,0.65,0.9,2.77555756156289e-17
"floor-low__car-0.10__bike-0.05","A129","29064","Goulven","Département 29","Le vélo compense",1,0.85,0.9,2.77555756156289e-17
"floor-low__car-0.10__bike-0.10","A128","22127","Lézardrieux","Département 22","La voiture ouvre l’accès",0.83,0,0.05,0
"floor-low__car-0.10__bike-0.10","A128","22214","Plouézec","Département 22","La voiture ouvre l’accès",1,0.05,0.08,0
"floor-low__car-0.10__bike-0.10","A128","22237","Val-d'Arguenon","Département 22","La voiture ouvre l’accès",1,0.05,0.05,0
"floor-low__car-0.10__bike-0.10","A128","22273","Saint-Alban","Département 22","La voiture ouvre l’accès",1,0.02,0.05,0
"floor-low__car-0.10__bike-0.10","A128","22360","Trégueux","Département 22","La voiture ouvre l’accès",1,0.05,0.71,0
"floor-low__car-0.10__bike-0.10","A128","29135","Loctudy","Département 29","La voiture ouvre l’accès",0.88,0.05,0.17,0
"floor-low__car-0.10__bike-0.10","A128","29147","Mellac","Département 29","La voiture ouvre l’accès",1,0,0.05,0
"floor-low__car-0.10__bike-0.10","A128","29174","Plonéour-Lanvern","Département 29","La voiture ouvre l’accès",1,0.05,0.08,0
"floor-low__car-0.10__bike-0.10","A128","29235","Le Relecq-Kerhuon","Département 29","La voiture ouvre l’accès",1,0,0.05,0
"floor-low__car-0.10__bike-0.10","A128","35066","Chartres-de-Bretagne","Département 35","La voiture ouvre l’accès",1,0.01,0.11,0
"floor-low__car-0.10__bike-0.10","A128","35184","Montauban-de-Bretagne","Département 35","La voiture ouvre l’accès",1,0.01,0.05,0
"floor-low__car-0.10__bike-0.10","A128","35327","Servon-sur-Vilaine","Département 35","La voiture ouvre l’accès",1,0.05,0.13,0
"floor-low__car-0.10__bike-0.10","A128","22289","Saint-Fiacre","Département 22","Accès à pied ou en TC possible",0.05,0,0,0
"floor-low__car-0.10__bike-0.10","A128","22293","Saint-Gilles-les-Bois","Département 22","Accès à pied ou en TC possible",0.05,0,0,0
"floor-low__car-0.10__bike-0.10","A128","29195","Plouguerneau","Département 29","Accès à pied ou en TC possible",0.05,0,0,0
"floor-low__car-0.10__bike-0.10","A128","56260","Vannes","Département 56","Accès à pied ou en TC possible",0.05,0,0.02,0
"floor-low__car-0.10__bike-0.10","A206","22284","Saint-Connan","Département 22","Accès à pied ou en TC possible",0.05,0,0,0
"floor-low__car-0.10__bike-0.10","A206","35064","La Chapelle-de-Brain","Département 35","Accès à pied ou en TC possible",0.05,0,0,0
"floor-low__car-0.10__bike-0.10","A207","29073","Guimaëc","Département 29","Accès à pied ou en TC possible",0.05,0,0,0
"floor-low__car-0.10__bike-0.10","A207","29224","Pouldergat","Département 29","Accès à pied ou en TC possible",0.05,0,0,0
"floor-low__car-0.10__bike-0.10","A207","29249","Saint-Goazec","Département 29","Accès à pied ou en TC possible",0.05,0,0,0
"floor-low__car-0.10__bike-0.10","A207","56041","Cléguérec","Département 56","Accès à pied ou en TC possible",0.05,0,0,0
"floor-low__car-0.10__bike-0.10","A207","56261","La Vraie-Croix","Département 56","Accès à pied ou en TC possible",0.05,0,0,0
"floor-low__car-0.10__bike-0.10","A208","35024","Betton","Département 35","Accès à pied ou en TC possible",0.05,0,0,0
"floor-low__car-0.10__bike-0.10","B103","35024","Betton","Département 35","Le vélo compense",1,0.05,0.95,0
"floor-low__car-0.10__bike-0.10","B302","35216","Parthenay-de-Bretagne","Département 35","Le vélo compense",1,0.05,0.91,0
"floor-low__car-0.10__bike-0.10","B304","56123","Malansac","Département 56","Le vélo compense",0.22,0.05,0.33,0
"floor-low__car-0.10__bike-0.10","B312","35216","Parthenay-de-Bretagne","Département 35","Le vélo compense",1,0.05,0.91,0
"floor-low__car-0.10__bike-0.10","D269","35353","Vezin-le-Coquet","Département 35","Le vélo compense",1,0.05,0.99,0
"floor-low__car-0.10__bike-0.10","F121","56259","La Trinité-Surzur","Département 56","Le vélo compense",1,0.05,0.96,0
"floor-low__car-0.10__bike-0.10","A128","35068","Châteaubourg","Département 35","Le vélo compense",1,0.6,0.9,2.77555756156289e-17
"floor-low__car-0.10__bike-0.10","A128","56098","Lanester","Département 56","Le vélo compense",1,0.43,0.9,2.77555756156289e-17
"floor-low__car-0.10__bike-0.10","A128","56143","Muzillac","Département 56","Le vélo compense",1,0.74,0.9,2.77555756156289e-17
"floor-low__car-0.10__bike-0.10","A129","22054","Erquy","Département 22","Le vélo compense",1,0.66,0.9,2.77555756156289e-17
"floor-low__car-0.10__bike-0.10","A129","29022","Camaret-sur-Mer","Département 29","Le vélo compense",1,0.65,0.9,2.77555756156289e-17
"floor-low__car-0.10__bike-0.10","A129","29134","Locronan","Département 29","Le vélo compense",1,0.79,0.9,2.77555756156289e-17
"floor-low__car-0.10__bike-0.20","A128","22127","Lézardrieux","Département 22","La voiture ouvre l’accès",0.83,0,0.05,0
"floor-low__car-0.10__bike-0.20","A128","22214","Plouézec","Département 22","La voiture ouvre l’accès",1,0.05,0.08,0
"floor-low__car-0.10__bike-0.20","A128","22237","Val-d'Arguenon","Département 22","La voiture ouvre l’accès",1,0.05,0.05,0
"floor-low__car-0.10__bike-0.20","A128","22273","Saint-Alban","Département 22","La voiture ouvre l’accès",1,0.02,0.05,0
"floor-low__car-0.10__bike-0.20","A128","22360","Trégueux","Département 22","La voiture ouvre l’accès",1,0.05,0.71,0
"floor-low__car-0.10__bike-0.20","A128","29135","Loctudy","Département 29","La voiture ouvre l’accès",0.88,0.05,0.17,0
"floor-low__car-0.10__bike-0.20","A128","29147","Mellac","Département 29","La voiture ouvre l’accès",1,0,0.05,0
"floor-low__car-0.10__bike-0.20","A128","29174","Plonéour-Lanvern","Département 29","La voiture ouvre l’accès",1,0.05,0.08,0
"floor-low__car-0.10__bike-0.20","A128","29235","Le Relecq-Kerhuon","Département 29","La voiture ouvre l’accès",1,0,0.05,0
"floor-low__car-0.10__bike-0.20","A128","35184","Montauban-de-Bretagne","Département 35","La voiture ouvre l’accès",1,0.01,0.05,0
"floor-low__car-0.10__bike-0.20","A128","35228","Pleurtuit","Département 35","La voiture ouvre l’accès",1,0.08,0.28,0
"floor-low__car-0.10__bike-0.20","A128","35327","Servon-sur-Vilaine","Département 35","La voiture ouvre l’accès",1,0.05,0.13,0
"floor-low__car-0.10__bike-0.20","A128","22289","Saint-Fiacre","Département 22","Accès à pied ou en TC possible",0.05,0,0,0
"floor-low__car-0.10__bike-0.20","A128","22293","Saint-Gilles-les-Bois","Département 22","Accès à pied ou en TC possible",0.05,0,0,0
"floor-low__car-0.10__bike-0.20","A128","29195","Plouguerneau","Département 29","Accès à pied ou en TC possible",0.05,0,0,0
"floor-low__car-0.10__bike-0.20","A128","56260","Vannes","Département 56","Accès à pied ou en TC possible",0.05,0,0.02,0
"floor-low__car-0.10__bike-0.20","A206","22284","Saint-Connan","Département 22","Accès à pied ou en TC possible",0.05,0,0,0
"floor-low__car-0.10__bike-0.20","A206","35064","La Chapelle-de-Brain","Département 35","Accès à pied ou en TC possible",0.05,0,0,0
"floor-low__car-0.10__bike-0.20","A207","29073","Guimaëc","Département 29","Accès à pied ou en TC possible",0.05,0,0,0
"floor-low__car-0.10__bike-0.20","A207","29224","Pouldergat","Département 29","Accès à pied ou en TC possible",0.05,0,0,0
"floor-low__car-0.10__bike-0.20","A207","29249","Saint-Goazec","Département 29","Accès à pied ou en TC possible",0.05,0,0,0
"floor-low__car-0.10__bike-0.20","A207","56041","Cléguérec","Département 56","Accès à pied ou en TC possible",0.05,0,0,0
"floor-low__car-0.10__bike-0.20","A207","56261","La Vraie-Croix","Département 56","Accès à pied ou en TC possible",0.05,0,0,0
"floor-low__car-0.10__bike-0.20","A208","35024","Betton","Département 35","Accès à pied ou en TC possible",0.05,0,0,0
"floor-low__car-0.10__bike-0.20","B103","35024","Betton","Département 35","Le vélo compense",1,0.05,0.95,0
"floor-low__car-0.10__bike-0.20","B302","35216","Parthenay-de-Bretagne","Département 35","Le vélo compense",1,0.05,0.91,0
"floor-low__car-0.10__bike-0.20","B304","56123","Malansac","Département 56","Le vélo compense",0.22,0.05,0.33,0
"floor-low__car-0.10__bike-0.20","B312","35216","Parthenay-de-Bretagne","Département 35","Le vélo compense",1,0.05,0.91,0
"floor-low__car-0.10__bike-0.20","D269","35353","Vezin-le-Coquet","Département 35","Le vélo compense",1,0.05,0.99,0
"floor-low__car-0.10__bike-0.20","F121","56259","La Trinité-Surzur","Département 56","Le vélo compense",1,0.05,0.96,0
"floor-low__car-0.10__bike-0.20","A128","35068","Châteaubourg","Département 35","Le vélo compense",1,0.6,0.9,2.77555756156289e-17
"floor-low__car-0.10__bike-0.20","A128","56098","Lanester","Département 56","Le vélo compense",1,0.43,0.9,2.77555756156289e-17
"floor-low__car-0.10__bike-0.20","A129","22054","Erquy","Département 22","Le vélo compense",1,0.66,0.9,2.77555756156289e-17
"floor-low__car-0.10__bike-0.20","A129","29022","Camaret-sur-Mer","Département 29","Le vélo compense",1,0.65,0.9,2.77555756156289e-17
"floor-low__car-0.10__bike-0.20","A129","29273","Santec","Département 29","Le vélo compense",1,0.53,0.9,2.77555756156289e-17
"floor-low__car-0.10__bike-0.20","A129","35360","Vitré","Département 35","Le vélo compense",1,0.4,0.9,2.77555756156289e-17
"floor-low__car-0.10__bike-0.30","A128","22127","Lézardrieux","Département 22","La voiture ouvre l’accès",0.83,0,0.05,0
"floor-low__car-0.10__bike-0.30","A128","22214","Plouézec","Département 22","La voiture ouvre l’accès",1,0.05,0.08,0
"floor-low__car-0.10__bike-0.30","A128","22237","Val-d'Arguenon","Département 22","La voiture ouvre l’accès",1,0.05,0.05,0
"floor-low__car-0.10__bike-0.30","A128","22273","Saint-Alban","Département 22","La voiture ouvre l’accès",1,0.02,0.05,0
"floor-low__car-0.10__bike-0.30","A128","22360","Trégueux","Département 22","La voiture ouvre l’accès",1,0.05,0.71,0
"floor-low__car-0.10__bike-0.30","A128","29135","Loctudy","Département 29","La voiture ouvre l’accès",0.88,0.05,0.17,0
"floor-low__car-0.10__bike-0.30","A128","29147","Mellac","Département 29","La voiture ouvre l’accès",1,0,0.05,0
"floor-low__car-0.10__bike-0.30","A128","29174","Plonéour-Lanvern","Département 29","La voiture ouvre l’accès",1,0.05,0.08,0
"floor-low__car-0.10__bike-0.30","A128","29235","Le Relecq-Kerhuon","Département 29","La voiture ouvre l’accès",1,0,0.05,0
"floor-low__car-0.10__bike-0.30","A128","35184","Montauban-de-Bretagne","Département 35","La voiture ouvre l’accès",1,0.01,0.05,0
"floor-low__car-0.10__bike-0.30","A128","35327","Servon-sur-Vilaine","Département 35","La voiture ouvre l’accès",1,0.05,0.13,0
"floor-low__car-0.10__bike-0.30","A128","56055","Étel","Département 56","La voiture ouvre l’accès",0.1,0,0,0
"floor-low__car-0.10__bike-0.30","A128","22289","Saint-Fiacre","Département 22","Accès à pied ou en TC possible",0.05,0,0,0
"floor-low__car-0.10__bike-0.30","A128","22293","Saint-Gilles-les-Bois","Département 22","Accès à pied ou en TC possible",0.05,0,0,0
"floor-low__car-0.10__bike-0.30","A128","29195","Plouguerneau","Département 29","Accès à pied ou en TC possible",0.05,0,0,0
"floor-low__car-0.10__bike-0.30","A128","56260","Vannes","Département 56","Accès à pied ou en TC possible",0.05,0,0.02,0
"floor-low__car-0.10__bike-0.30","A206","22284","Saint-Connan","Département 22","Accès à pied ou en TC possible",0.05,0,0,0
"floor-low__car-0.10__bike-0.30","A206","35064","La Chapelle-de-Brain","Département 35","Accès à pied ou en TC possible",0.05,0,0,0
"floor-low__car-0.10__bike-0.30","A207","29073","Guimaëc","Département 29","Accès à pied ou en TC possible",0.05,0,0,0
"floor-low__car-0.10__bike-0.30","A207","29224","Pouldergat","Département 29","Accès à pied ou en TC possible",0.05,0,0,0
"floor-low__car-0.10__bike-0.30","A207","29249","Saint-Goazec","Département 29","Accès à pied ou en TC possible",0.05,0,0,0
"floor-low__car-0.10__bike-0.30","A207","56041","Cléguérec","Département 56","Accès à pied ou en TC possible",0.05,0,0,0
"floor-low__car-0.10__bike-0.30","A207","56261","La Vraie-Croix","Département 56","Accès à pied ou en TC possible",0.05,0,0,0
"floor-low__car-0.10__bike-0.30","A208","35024","Betton","Département 35","Accès à pied ou en TC possible",0.05,0,0,0
"floor-low__car-0.10__bike-0.30","B103","35024","Betton","Département 35","Le vélo compense",1,0.05,0.95,0
"floor-low__car-0.10__bike-0.30","B302","35216","Parthenay-de-Bretagne","Département 35","Le vélo compense",1,0.05,0.91,0
"floor-low__car-0.10__bike-0.30","B312","35216","Parthenay-de-Bretagne","Département 35","Le vélo compense",1,0.05,0.91,0
"floor-low__car-0.10__bike-0.30","D269","35353","Vezin-le-Coquet","Département 35","Le vélo compense",1,0.05,0.99,0
"floor-low__car-0.10__bike-0.30","F121","56259","La Trinité-Surzur","Département 56","Le vélo compense",1,0.05,0.96,0
"floor-low__car-0.10__bike-0.30","A128","35068","Châteaubourg","Département 35","Le vélo compense",1,0.6,0.9,2.77555756156289e-17
"floor-low__car-0.10__bike-0.30","A128","56098","Lanester","Département 56","Le vélo compense",1,0.43,0.9,2.77555756156289e-17
"floor-low__car-0.10__bike-0.30","A129","29273","Santec","Département 29","Le vélo compense",1,0.53,0.9,2.77555756156289e-17
"floor-low__car-0.10__bike-0.30","A129","35360","Vitré","Département 35","Le vélo compense",1,0.4,0.9,2.77555756156289e-17
"floor-low__car-0.10__bike-0.30","A129","56052","Damgan","Département 56","Le vélo compense",1,0.5,0.9,2.77555756156289e-17
"floor-low__car-0.10__bike-0.30","A129","56243","Séné","Département 56","Le vélo compense",1,0.51,0.9,2.77555756156289e-17
"floor-low__car-0.10__bike-0.30","A129","56258","La Trinité-sur-Mer","Département 56","Le vélo compense",1,0.56,0.9,2.77555756156289e-17
"floor-low__car-0.20__bike-0.05","A128","22127","Lézardrieux","Département 22","La voiture ouvre l’accès",0.83,0,0.05,0
"floor-low__car-0.20__bike-0.05","A128","22214","Plouézec","Département 22","La voiture ouvre l’accès",1,0.05,0.08,0
"floor-low__car-0.20__bike-0.05","A128","22237","Val-d'Arguenon","Département 22","La voiture ouvre l’accès",1,0.05,0.05,0
"floor-low__car-0.20__bike-0.05","A128","22243","Plusquellec","Département 22","La voiture ouvre l’accès",1,0.02,0.07,0
"floor-low__car-0.20__bike-0.05","A128","22273","Saint-Alban","Département 22","La voiture ouvre l’accès",1,0.02,0.05,0
"floor-low__car-0.20__bike-0.05","A128","22360","Trégueux","Département 22","La voiture ouvre l’accès",1,0.05,0.71,0
"floor-low__car-0.20__bike-0.05","A128","22387","Le Vieux-Marché","Département 22","La voiture ouvre l’accès",1,0.06,0.11,0
"floor-low__car-0.20__bike-0.05","A128","29135","Loctudy","Département 29","La voiture ouvre l’accès",0.88,0.05,0.17,0
"floor-low__car-0.20__bike-0.05","A128","29147","Mellac","Département 29","La voiture ouvre l’accès",1,0,0.05,0
"floor-low__car-0.20__bike-0.05","A128","29174","Plonéour-Lanvern","Département 29","La voiture ouvre l’accès",1,0.05,0.08,0
"floor-low__car-0.20__bike-0.05","A128","29235","Le Relecq-Kerhuon","Département 29","La voiture ouvre l’accès",1,0,0.05,0
"floor-low__car-0.20__bike-0.05","A128","35184","Montauban-de-Bretagne","Département 35","La voiture ouvre l’accès",1,0.01,0.05,0
"floor-low__car-0.20__bike-0.05","A128","22289","Saint-Fiacre","Département 22","Accès à pied ou en TC possible",0.05,0,0,0
"floor-low__car-0.20__bike-0.05","A128","22293","Saint-Gilles-les-Bois","Département 22","Accès à pied ou en TC possible",0.05,0,0,0
"floor-low__car-0.20__bike-0.05","A128","29195","Plouguerneau","Département 29","Accès à pied ou en TC possible",0.05,0,0,0
"floor-low__car-0.20__bike-0.05","A128","56260","Vannes","Département 56","Accès à pied ou en TC possible",0.05,0,0.02,0
"floor-low__car-0.20__bike-0.05","A206","22284","Saint-Connan","Département 22","Accès à pied ou en TC possible",0.05,0,0,0
"floor-low__car-0.20__bike-0.05","A206","35064","La Chapelle-de-Brain","Département 35","Accès à pied ou en TC possible",0.05,0,0,0
"floor-low__car-0.20__bike-0.05","A207","29073","Guimaëc","Département 29","Accès à pied ou en TC possible",0.05,0,0,0
"floor-low__car-0.20__bike-0.05","A207","29224","Pouldergat","Département 29","Accès à pied ou en TC possible",0.05,0,0,0
"floor-low__car-0.20__bike-0.05","A207","29249","Saint-Goazec","Département 29","Accès à pied ou en TC possible",0.05,0,0,0
"floor-low__car-0.20__bike-0.05","A207","56041","Cléguérec","Département 56","Accès à pied ou en TC possible",0.05,0,0,0
"floor-low__car-0.20__bike-0.05","A207","56261","La Vraie-Croix","Département 56","Accès à pied ou en TC possible",0.05,0,0,0
"floor-low__car-0.20__bike-0.05","A208","35024","Betton","Département 35","Accès à pied ou en TC possible",0.05,0,0,0
"floor-low__car-0.20__bike-0.05","A208","29098","Lampaul-Plouarzel","Département 29","Le vélo compense",1,0.05,0.83,0
"floor-low__car-0.20__bike-0.05","B103","35024","Betton","Département 35","Le vélo compense",1,0.05,0.95,0
"floor-low__car-0.20__bike-0.05","B204","56196","Rochefort-en-Terre","Département 56","Le vélo compense",1,0.05,0.85,0
"floor-low__car-0.20__bike-0.05","B302","35216","Parthenay-de-Bretagne","Département 35","Le vélo compense",1,0.05,0.91,0
"floor-low__car-0.20__bike-0.05","B304","56123","Malansac","Département 56","Le vélo compense",0.22,0.05,0.33,0
"floor-low__car-0.20__bike-0.05","B312","35216","Parthenay-de-Bretagne","Département 35","Le vélo compense",1,0.05,0.91,0
"floor-low__car-0.20__bike-0.05","B325","35177","La Mézière","Département 35","Le vélo compense",1,0.05,0.88,0
"floor-low__car-0.20__bike-0.05","C201","29061","Gouesnou","Département 29","Le vélo compense",1,0.05,0.87,0
"floor-low__car-0.20__bike-0.05","C201","35081","Clayes","Département 35","Le vélo compense",1,0.05,0.82,0
"floor-low__car-0.20__bike-0.05","D269","29061","Gouesnou","Département 29","Le vélo compense",1,0.05,0.87,0
"floor-low__car-0.20__bike-0.05","D269","35353","Vezin-le-Coquet","Département 35","Le vélo compense",1,0.05,0.99,0
"floor-low__car-0.20__bike-0.05","F121","56259","La Trinité-Surzur","Département 56","Le vélo compense",1,0.05,0.96,0
"floor-low__car-0.20__bike-0.10","A128","22127","Lézardrieux","Département 22","La voiture ouvre l’accès",0.83,0,0.05,0
"floor-low__car-0.20__bike-0.10","A128","22214","Plouézec","Département 22","La voiture ouvre l’accès",1,0.05,0.08,0
"floor-low__car-0.20__bike-0.10","A128","22237","Val-d'Arguenon","Département 22","La voiture ouvre l’accès",1,0.05,0.05,0
"floor-low__car-0.20__bike-0.10","A128","22273","Saint-Alban","Département 22","La voiture ouvre l’accès",1,0.02,0.05,0
"floor-low__car-0.20__bike-0.10","A128","22360","Trégueux","Département 22","La voiture ouvre l’accès",1,0.05,0.71,0
"floor-low__car-0.20__bike-0.10","A128","29135","Loctudy","Département 29","La voiture ouvre l’accès",0.88,0.05,0.17,0
"floor-low__car-0.20__bike-0.10","A128","29147","Mellac","Département 29","La voiture ouvre l’accès",1,0,0.05,0
"floor-low__car-0.20__bike-0.10","A128","29174","Plonéour-Lanvern","Département 29","La voiture ouvre l’accès",1,0.05,0.08,0
"floor-low__car-0.20__bike-0.10","A128","29235","Le Relecq-Kerhuon","Département 29","La voiture ouvre l’accès",1,0,0.05,0
"floor-low__car-0.20__bike-0.10","A128","35066","Chartres-de-Bretagne","Département 35","La voiture ouvre l’accès",1,0.01,0.11,0
"floor-low__car-0.20__bike-0.10","A128","35184","Montauban-de-Bretagne","Département 35","La voiture ouvre l’accès",1,0.01,0.05,0
"floor-low__car-0.20__bike-0.10","A128","35327","Servon-sur-Vilaine","Département 35","La voiture ouvre l’accès",1,0.05,0.13,0
"floor-low__car-0.20__bike-0.10","A128","22289","Saint-Fiacre","Département 22","Accès à pied ou en TC possible",0.05,0,0,0
"floor-low__car-0.20__bike-0.10","A128","22293","Saint-Gilles-les-Bois","Département 22","Accès à pied ou en TC possible",0.05,0,0,0
"floor-low__car-0.20__bike-0.10","A128","29195","Plouguerneau","Département 29","Accès à pied ou en TC possible",0.05,0,0,0
"floor-low__car-0.20__bike-0.10","A128","56260","Vannes","Département 56","Accès à pied ou en TC possible",0.05,0,0.02,0
"floor-low__car-0.20__bike-0.10","A206","22284","Saint-Connan","Département 22","Accès à pied ou en TC possible",0.05,0,0,0
"floor-low__car-0.20__bike-0.10","A206","35064","La Chapelle-de-Brain","Département 35","Accès à pied ou en TC possible",0.05,0,0,0
"floor-low__car-0.20__bike-0.10","A207","29073","Guimaëc","Département 29","Accès à pied ou en TC possible",0.05,0,0,0
"floor-low__car-0.20__bike-0.10","A207","29224","Pouldergat","Département 29","Accès à pied ou en TC possible",0.05,0,0,0
"floor-low__car-0.20__bike-0.10","A207","29249","Saint-Goazec","Département 29","Accès à pied ou en TC possible",0.05,0,0,0
"floor-low__car-0.20__bike-0.10","A207","56041","Cléguérec","Département 56","Accès à pied ou en TC possible",0.05,0,0,0
"floor-low__car-0.20__bike-0.10","A207","56261","La Vraie-Croix","Département 56","Accès à pied ou en TC possible",0.05,0,0,0
"floor-low__car-0.20__bike-0.10","A208","35024","Betton","Département 35","Accès à pied ou en TC possible",0.05,0,0,0
"floor-low__car-0.20__bike-0.10","A208","29098","Lampaul-Plouarzel","Département 29","Le vélo compense",1,0.05,0.83,0
"floor-low__car-0.20__bike-0.10","B103","35024","Betton","Département 35","Le vélo compense",1,0.05,0.95,0
"floor-low__car-0.20__bike-0.10","B204","56196","Rochefort-en-Terre","Département 56","Le vélo compense",1,0.05,0.85,0
"floor-low__car-0.20__bike-0.10","B302","35216","Parthenay-de-Bretagne","Département 35","Le vélo compense",1,0.05,0.91,0
"floor-low__car-0.20__bike-0.10","B304","56123","Malansac","Département 56","Le vélo compense",0.22,0.05,0.33,0
"floor-low__car-0.20__bike-0.10","B312","35216","Parthenay-de-Bretagne","Département 35","Le vélo compense",1,0.05,0.91,0
"floor-low__car-0.20__bike-0.10","B325","35177","La Mézière","Département 35","Le vélo compense",1,0.05,0.88,0
"floor-low__car-0.20__bike-0.10","C201","29061","Gouesnou","Département 29","Le vélo compense",1,0.05,0.87,0
"floor-low__car-0.20__bike-0.10","C201","35081","Clayes","Département 35","Le vélo compense",1,0.05,0.82,0
"floor-low__car-0.20__bike-0.10","D269","29061","Gouesnou","Département 29","Le vélo compense",1,0.05,0.87,0
"floor-low__car-0.20__bike-0.10","D269","35353","Vezin-le-Coquet","Département 35","Le vélo compense",1,0.05,0.99,0
"floor-low__car-0.20__bike-0.10","F121","56259","La Trinité-Surzur","Département 56","Le vélo compense",1,0.05,0.96,0
"floor-low__car-0.20__bike-0.20","A128","22127","Lézardrieux","Département 22","La voiture ouvre l’accès",0.83,0,0.05,0
"floor-low__car-0.20__bike-0.20","A128","22214","Plouézec","Département 22","La voiture ouvre l’accès",1,0.05,0.08,0
"floor-low__car-0.20__bike-0.20","A128","22237","Val-d'Arguenon","Département 22","La voiture ouvre l’accès",1,0.05,0.05,0
"floor-low__car-0.20__bike-0.20","A128","22273","Saint-Alban","Département 22","La voiture ouvre l’accès",1,0.02,0.05,0
"floor-low__car-0.20__bike-0.20","A128","22360","Trégueux","Département 22","La voiture ouvre l’accès",1,0.05,0.71,0
"floor-low__car-0.20__bike-0.20","A128","29135","Loctudy","Département 29","La voiture ouvre l’accès",0.88,0.05,0.17,0
"floor-low__car-0.20__bike-0.20","A128","29147","Mellac","Département 29","La voiture ouvre l’accès",1,0,0.05,0
"floor-low__car-0.20__bike-0.20","A128","29174","Plonéour-Lanvern","Département 29","La voiture ouvre l’accès",1,0.05,0.08,0
"floor-low__car-0.20__bike-0.20","A128","29235","Le Relecq-Kerhuon","Département 29","La voiture ouvre l’accès",1,0,0.05,0
"floor-low__car-0.20__bike-0.20","A128","35184","Montauban-de-Bretagne","Département 35","La voiture ouvre l’accès",1,0.01,0.05,0
"floor-low__car-0.20__bike-0.20","A128","35228","Pleurtuit","Département 35","La voiture ouvre l’accès",1,0.08,0.28,0
"floor-low__car-0.20__bike-0.20","A128","35327","Servon-sur-Vilaine","Département 35","La voiture ouvre l’accès",1,0.05,0.13,0
"floor-low__car-0.20__bike-0.20","A128","22289","Saint-Fiacre","Département 22","Accès à pied ou en TC possible",0.05,0,0,0
"floor-low__car-0.20__bike-0.20","A128","22293","Saint-Gilles-les-Bois","Département 22","Accès à pied ou en TC possible",0.05,0,0,0
"floor-low__car-0.20__bike-0.20","A128","29195","Plouguerneau","Département 29","Accès à pied ou en TC possible",0.05,0,0,0
"floor-low__car-0.20__bike-0.20","A128","56260","Vannes","Département 56","Accès à pied ou en TC possible",0.05,0,0.02,0
"floor-low__car-0.20__bike-0.20","A206","22284","Saint-Connan","Département 22","Accès à pied ou en TC possible",0.05,0,0,0
"floor-low__car-0.20__bike-0.20","A206","35064","La Chapelle-de-Brain","Département 35","Accès à pied ou en TC possible",0.05,0,0,0
"floor-low__car-0.20__bike-0.20","A207","29073","Guimaëc","Département 29","Accès à pied ou en TC possible",0.05,0,0,0
"floor-low__car-0.20__bike-0.20","A207","29224","Pouldergat","Département 29","Accès à pied ou en TC possible",0.05,0,0,0
"floor-low__car-0.20__bike-0.20","A207","29249","Saint-Goazec","Département 29","Accès à pied ou en TC possible",0.05,0,0,0
"floor-low__car-0.20__bike-0.20","A207","56041","Cléguérec","Département 56","Accès à pied ou en TC possible",0.05,0,0,0
"floor-low__car-0.20__bike-0.20","A207","56261","La Vraie-Croix","Département 56","Accès à pied ou en TC possible",0.05,0,0,0
"floor-low__car-0.20__bike-0.20","A208","35024","Betton","Département 35","Accès à pied ou en TC possible",0.05,0,0,0
"floor-low__car-0.20__bike-0.20","A208","29098","Lampaul-Plouarzel","Département 29","Le vélo compense",1,0.05,0.83,0
"floor-low__car-0.20__bike-0.20","B103","35024","Betton","Département 35","Le vélo compense",1,0.05,0.95,0
"floor-low__car-0.20__bike-0.20","B204","56196","Rochefort-en-Terre","Département 56","Le vélo compense",1,0.05,0.85,0
"floor-low__car-0.20__bike-0.20","B302","35216","Parthenay-de-Bretagne","Département 35","Le vélo compense",1,0.05,0.91,0
"floor-low__car-0.20__bike-0.20","B304","56123","Malansac","Département 56","Le vélo compense",0.22,0.05,0.33,0
"floor-low__car-0.20__bike-0.20","B312","35216","Parthenay-de-Bretagne","Département 35","Le vélo compense",1,0.05,0.91,0
"floor-low__car-0.20__bike-0.20","B325","35177","La Mézière","Département 35","Le vélo compense",1,0.05,0.88,0
"floor-low__car-0.20__bike-0.20","C201","29061","Gouesnou","Département 29","Le vélo compense",1,0.05,0.87,0
"floor-low__car-0.20__bike-0.20","C201","35081","Clayes","Département 35","Le vélo compense",1,0.05,0.82,0
"floor-low__car-0.20__bike-0.20","D269","29061","Gouesnou","Département 29","Le vélo compense",1,0.05,0.87,0
"floor-low__car-0.20__bike-0.20","D269","35353","Vezin-le-Coquet","Département 35","Le vélo compense",1,0.05,0.99,0
"floor-low__car-0.20__bike-0.20","F121","56259","La Trinité-Surzur","Département 56","Le vélo compense",1,0.05,0.96,0
"floor-low__car-0.20__bike-0.30","A128","22127","Lézardrieux","Département 22","La voiture ouvre l’accès",0.83,0,0.05,0
"floor-low__car-0.20__bike-0.30","A128","22214","Plouézec","Département 22","La voiture ouvre l’accès",1,0.05,0.08,0
"floor-low__car-0.20__bike-0.30","A128","22237","Val-d'Arguenon","Département 22","La voiture ouvre l’accès",1,0.05,0.05,0
"floor-low__car-0.20__bike-0.30","A128","22273","Saint-Alban","Département 22","La voiture ouvre l’accès",1,0.02,0.05,0
"floor-low__car-0.20__bike-0.30","A128","22360","Trégueux","Département 22","La voiture ouvre l’accès",1,0.05,0.71,0
"floor-low__car-0.20__bike-0.30","A128","29135","Loctudy","Département 29","La voiture ouvre l’accès",0.88,0.05,0.17,0
"floor-low__car-0.20__bike-0.30","A128","29147","Mellac","Département 29","La voiture ouvre l’accès",1,0,0.05,0
"floor-low__car-0.20__bike-0.30","A128","29174","Plonéour-Lanvern","Département 29","La voiture ouvre l’accès",1,0.05,0.08,0
"floor-low__car-0.20__bike-0.30","A128","29235","Le Relecq-Kerhuon","Département 29","La voiture ouvre l’accès",1,0,0.05,0
"floor-low__car-0.20__bike-0.30","A128","35184","Montauban-de-Bretagne","Département 35","La voiture ouvre l’accès",1,0.01,0.05,0
"floor-low__car-0.20__bike-0.30","A128","35327","Servon-sur-Vilaine","Département 35","La voiture ouvre l’accès",1,0.05,0.13,0
"floor-low__car-0.20__bike-0.30","A128","56102","Forges de Lanouée","Département 56","La voiture ouvre l’accès",0.96,0.05,0.16,0
"floor-low__car-0.20__bike-0.30","A128","22289","Saint-Fiacre","Département 22","Accès à pied ou en TC possible",0.05,0,0,0
"floor-low__car-0.20__bike-0.30","A128","22293","Saint-Gilles-les-Bois","Département 22","Accès à pied ou en TC possible",0.05,0,0,0
"floor-low__car-0.20__bike-0.30","A128","29195","Plouguerneau","Département 29","Accès à pied ou en TC possible",0.05,0,0,0
"floor-low__car-0.20__bike-0.30","A128","56260","Vannes","Département 56","Accès à pied ou en TC possible",0.05,0,0.02,0
"floor-low__car-0.20__bike-0.30","A206","22284","Saint-Connan","Département 22","Accès à pied ou en TC possible",0.05,0,0,0
"floor-low__car-0.20__bike-0.30","A206","35064","La Chapelle-de-Brain","Département 35","Accès à pied ou en TC possible",0.05,0,0,0
"floor-low__car-0.20__bike-0.30","A207","29073","Guimaëc","Département 29","Accès à pied ou en TC possible",0.05,0,0,0
"floor-low__car-0.20__bike-0.30","A207","29224","Pouldergat","Département 29","Accès à pied ou en TC possible",0.05,0,0,0
"floor-low__car-0.20__bike-0.30","A207","29249","Saint-Goazec","Département 29","Accès à pied ou en TC possible",0.05,0,0,0
"floor-low__car-0.20__bike-0.30","A207","56041","Cléguérec","Département 56","Accès à pied ou en TC possible",0.05,0,0,0
"floor-low__car-0.20__bike-0.30","A207","56261","La Vraie-Croix","Département 56","Accès à pied ou en TC possible",0.05,0,0,0
"floor-low__car-0.20__bike-0.30","A208","35024","Betton","Département 35","Accès à pied ou en TC possible",0.05,0,0,0
"floor-low__car-0.20__bike-0.30","A208","29098","Lampaul-Plouarzel","Département 29","Le vélo compense",1,0.05,0.83,0
"floor-low__car-0.20__bike-0.30","B103","35024","Betton","Département 35","Le vélo compense",1,0.05,0.95,0
"floor-low__car-0.20__bike-0.30","B204","56196","Rochefort-en-Terre","Département 56","Le vélo compense",1,0.05,0.85,0
"floor-low__car-0.20__bike-0.30","B302","35216","Parthenay-de-Bretagne","Département 35","Le vélo compense",1,0.05,0.91,0
"floor-low__car-0.20__bike-0.30","B312","35216","Parthenay-de-Bretagne","Département 35","Le vélo compense",1,0.05,0.91,0
"floor-low__car-0.20__bike-0.30","B325","35177","La Mézière","Département 35","Le vélo compense",1,0.05,0.88,0
"floor-low__car-0.20__bike-0.30","C201","29061","Gouesnou","Département 29","Le vélo compense",1,0.05,0.87,0
"floor-low__car-0.20__bike-0.30","C201","35081","Clayes","Département 35","Le vélo compense",1,0.05,0.82,0
"floor-low__car-0.20__bike-0.30","D269","29061","Gouesnou","Département 29","Le vélo compense",1,0.05,0.87,0
"floor-low__car-0.20__bike-0.30","D269","35353","Vezin-le-Coquet","Département 35","Le vélo compense",1,0.05,0.99,0
"floor-low__car-0.20__bike-0.30","F121","56259","La Trinité-Surzur","Département 56","Le vélo compense",1,0.05,0.96,0
"floor-low__car-0.20__bike-0.30","A128","22187","Plérin","Département 22","Le vélo compense",1,0.32,0.8,5.55111512312578e-17
"floor-low__car-0.30__bike-0.05","A128","22127","Lézardrieux","Département 22","La voiture ouvre l’accès",0.83,0,0.05,0
"floor-low__car-0.30__bike-0.05","A128","22214","Plouézec","Département 22","La voiture ouvre l’accès",1,0.05,0.08,0
"floor-low__car-0.30__bike-0.05","A128","22237","Val-d'Arguenon","Département 22","La voiture ouvre l’accès",1,0.05,0.05,0
"floor-low__car-0.30__bike-0.05","A128","22243","Plusquellec","Département 22","La voiture ouvre l’accès",1,0.02,0.07,0
"floor-low__car-0.30__bike-0.05","A128","22273","Saint-Alban","Département 22","La voiture ouvre l’accès",1,0.02,0.05,0
"floor-low__car-0.30__bike-0.05","A128","22335","Senven-Léhart","Département 22","La voiture ouvre l’accès",0.3,0,0,0
"floor-low__car-0.30__bike-0.05","A128","22387","Le Vieux-Marché","Département 22","La voiture ouvre l’accès",1,0.06,0.11,0
"floor-low__car-0.30__bike-0.05","A128","29135","Loctudy","Département 29","La voiture ouvre l’accès",0.88,0.05,0.17,0
"floor-low__car-0.30__bike-0.05","A128","29147","Mellac","Département 29","La voiture ouvre l’accès",1,0,0.05,0
"floor-low__car-0.30__bike-0.05","A128","29174","Plonéour-Lanvern","Département 29","La voiture ouvre l’accès",1,0.05,0.08,0
"floor-low__car-0.30__bike-0.05","A128","29235","Le Relecq-Kerhuon","Département 29","La voiture ouvre l’accès",1,0,0.05,0
"floor-low__car-0.30__bike-0.05","A128","35184","Montauban-de-Bretagne","Département 35","La voiture ouvre l’accès",1,0.01,0.05,0
"floor-low__car-0.30__bike-0.05","A128","22289","Saint-Fiacre","Département 22","Accès à pied ou en TC possible",0.05,0,0,0
"floor-low__car-0.30__bike-0.05","A128","22293","Saint-Gilles-les-Bois","Département 22","Accès à pied ou en TC possible",0.05,0,0,0
"floor-low__car-0.30__bike-0.05","A128","29195","Plouguerneau","Département 29","Accès à pied ou en TC possible",0.05,0,0,0
"floor-low__car-0.30__bike-0.05","A128","56260","Vannes","Département 56","Accès à pied ou en TC possible",0.05,0,0.02,0
"floor-low__car-0.30__bike-0.05","A206","22284","Saint-Connan","Département 22","Accès à pied ou en TC possible",0.05,0,0,0
"floor-low__car-0.30__bike-0.05","A206","35064","La Chapelle-de-Brain","Département 35","Accès à pied ou en TC possible",0.05,0,0,0
"floor-low__car-0.30__bike-0.05","A207","29073","Guimaëc","Département 29","Accès à pied ou en TC possible",0.05,0,0,0
"floor-low__car-0.30__bike-0.05","A207","29224","Pouldergat","Département 29","Accès à pied ou en TC possible",0.05,0,0,0
"floor-low__car-0.30__bike-0.05","A207","29249","Saint-Goazec","Département 29","Accès à pied ou en TC possible",0.05,0,0,0
"floor-low__car-0.30__bike-0.05","A207","56041","Cléguérec","Département 56","Accès à pied ou en TC possible",0.05,0,0,0
"floor-low__car-0.30__bike-0.05","A207","56261","La Vraie-Croix","Département 56","Accès à pied ou en TC possible",0.05,0,0,0
"floor-low__car-0.30__bike-0.05","A208","35024","Betton","Département 35","Accès à pied ou en TC possible",0.05,0,0,0
"floor-low__car-0.30__bike-0.05","A128","22360","Trégueux","Département 22","Le vélo compense",1,0.05,0.71,0
"floor-low__car-0.30__bike-0.05","A208","29098","Lampaul-Plouarzel","Département 29","Le vélo compense",1,0.05,0.83,0
"floor-low__car-0.30__bike-0.05","B103","35024","Betton","Département 35","Le vélo compense",1,0.05,0.95,0
"floor-low__car-0.30__bike-0.05","B105","35197","Mouazé","Département 35","Le vélo compense",1,0.05,0.71,0
"floor-low__car-0.30__bike-0.05","B105","35352","Vern-sur-Seiche","Département 35","Le vélo compense",1,0.05,0.77,0
"floor-low__car-0.30__bike-0.05","B204","56196","Rochefort-en-Terre","Département 56","Le vélo compense",1,0.05,0.85,0
"floor-low__car-0.30__bike-0.05","B302","35216","Parthenay-de-Bretagne","Département 35","Le vélo compense",1,0.05,0.91,0
"floor-low__car-0.30__bike-0.05","B304","56123","Malansac","Département 56","Le vélo compense",0.22,0.05,0.33,0
"floor-low__car-0.30__bike-0.05","B312","35216","Parthenay-de-Bretagne","Département 35","Le vélo compense",1,0.05,0.91,0
"floor-low__car-0.30__bike-0.05","B312","56115","Locmaria-Grand-Champ","Département 56","Le vélo compense",1,0.05,0.73,0
"floor-low__car-0.30__bike-0.05","B325","35177","La Mézière","Département 35","Le vélo compense",1,0.05,0.88,0
"floor-low__car-0.30__bike-0.05","C107","29160","Plabennec","Département 29","Le vélo compense",0.28,0,0.05,0
"floor-low__car-0.30__bike-0.10","A128","22127","Lézardrieux","Département 22","La voiture ouvre l’accès",0.83,0,0.05,0
"floor-low__car-0.30__bike-0.10","A128","22214","Plouézec","Département 22","La voiture ouvre l’accès",1,0.05,0.08,0
"floor-low__car-0.30__bike-0.10","A128","22237","Val-d'Arguenon","Département 22","La voiture ouvre l’accès",1,0.05,0.05,0
"floor-low__car-0.30__bike-0.10","A128","22273","Saint-Alban","Département 22","La voiture ouvre l’accès",1,0.02,0.05,0
"floor-low__car-0.30__bike-0.10","A128","22335","Senven-Léhart","Département 22","La voiture ouvre l’accès",0.3,0,0,0
"floor-low__car-0.30__bike-0.10","A128","29135","Loctudy","Département 29","La voiture ouvre l’accès",0.88,0.05,0.17,0
"floor-low__car-0.30__bike-0.10","A128","29147","Mellac","Département 29","La voiture ouvre l’accès",1,0,0.05,0
"floor-low__car-0.30__bike-0.10","A128","29174","Plonéour-Lanvern","Département 29","La voiture ouvre l’accès",1,0.05,0.08,0
"floor-low__car-0.30__bike-0.10","A128","29235","Le Relecq-Kerhuon","Département 29","La voiture ouvre l’accès",1,0,0.05,0
"floor-low__car-0.30__bike-0.10","A128","35066","Chartres-de-Bretagne","Département 35","La voiture ouvre l’accès",1,0.01,0.11,0
"floor-low__car-0.30__bike-0.10","A128","35184","Montauban-de-Bretagne","Département 35","La voiture ouvre l’accès",1,0.01,0.05,0
"floor-low__car-0.30__bike-0.10","A128","35327","Servon-sur-Vilaine","Département 35","La voiture ouvre l’accès",1,0.05,0.13,0
"floor-low__car-0.30__bike-0.10","A128","22289","Saint-Fiacre","Département 22","Accès à pied ou en TC possible",0.05,0,0,0
"floor-low__car-0.30__bike-0.10","A128","22293","Saint-Gilles-les-Bois","Département 22","Accès à pied ou en TC possible",0.05,0,0,0
"floor-low__car-0.30__bike-0.10","A128","29195","Plouguerneau","Département 29","Accès à pied ou en TC possible",0.05,0,0,0
"floor-low__car-0.30__bike-0.10","A128","56260","Vannes","Département 56","Accès à pied ou en TC possible",0.05,0,0.02,0
"floor-low__car-0.30__bike-0.10","A206","22284","Saint-Connan","Département 22","Accès à pied ou en TC possible",0.05,0,0,0
"floor-low__car-0.30__bike-0.10","A206","35064","La Chapelle-de-Brain","Département 35","Accès à pied ou en TC possible",0.05,0,0,0
"floor-low__car-0.30__bike-0.10","A207","29073","Guimaëc","Département 29","Accès à pied ou en TC possible",0.05,0,0,0
"floor-low__car-0.30__bike-0.10","A207","29224","Pouldergat","Département 29","Accès à pied ou en TC possible",0.05,0,0,0
"floor-low__car-0.30__bike-0.10","A207","29249","Saint-Goazec","Département 29","Accès à pied ou en TC possible",0.05,0,0,0
"floor-low__car-0.30__bike-0.10","A207","56041","Cléguérec","Département 56","Accès à pied ou en TC possible",0.05,0,0,0
"floor-low__car-0.30__bike-0.10","A207","56261","La Vraie-Croix","Département 56","Accès à pied ou en TC possible",0.05,0,0,0
"floor-low__car-0.30__bike-0.10","A208","35024","Betton","Département 35","Accès à pied ou en TC possible",0.05,0,0,0
"floor-low__car-0.30__bike-0.10","A128","22360","Trégueux","Département 22","Le vélo compense",1,0.05,0.71,0
"floor-low__car-0.30__bike-0.10","A208","29098","Lampaul-Plouarzel","Département 29","Le vélo compense",1,0.05,0.83,0
"floor-low__car-0.30__bike-0.10","B103","35024","Betton","Département 35","Le vélo compense",1,0.05,0.95,0
"floor-low__car-0.30__bike-0.10","B105","35197","Mouazé","Département 35","Le vélo compense",1,0.05,0.71,0
"floor-low__car-0.30__bike-0.10","B105","35352","Vern-sur-Seiche","Département 35","Le vélo compense",1,0.05,0.77,0
"floor-low__car-0.30__bike-0.10","B204","56196","Rochefort-en-Terre","Département 56","Le vélo compense",1,0.05,0.85,0
"floor-low__car-0.30__bike-0.10","B302","35216","Parthenay-de-Bretagne","Département 35","Le vélo compense",1,0.05,0.91,0
"floor-low__car-0.30__bike-0.10","B304","56123","Malansac","Département 56","Le vélo compense",0.22,0.05,0.33,0
"floor-low__car-0.30__bike-0.10","B312","35216","Parthenay-de-Bretagne","Département 35","Le vélo compense",1,0.05,0.91,0
"floor-low__car-0.30__bike-0.10","B312","56115","Locmaria-Grand-Champ","Département 56","Le vélo compense",1,0.05,0.73,0
"floor-low__car-0.30__bike-0.10","B325","35177","La Mézière","Département 35","Le vélo compense",1,0.05,0.88,0
"floor-low__car-0.30__bike-0.10","C109","35021","Beaucé","Département 35","Le vélo compense",1,0.05,0.77,0
"floor-low__car-0.30__bike-0.20","A128","22127","Lézardrieux","Département 22","La voiture ouvre l’accès",0.83,0,0.05,0
"floor-low__car-0.30__bike-0.20","A128","22214","Plouézec","Département 22","La voiture ouvre l’accès",1,0.05,0.08,0
"floor-low__car-0.30__bike-0.20","A128","22237","Val-d'Arguenon","Département 22","La voiture ouvre l’accès",1,0.05,0.05,0
"floor-low__car-0.30__bike-0.20","A128","22273","Saint-Alban","Département 22","La voiture ouvre l’accès",1,0.02,0.05,0
"floor-low__car-0.30__bike-0.20","A128","22335","Senven-Léhart","Département 22","La voiture ouvre l’accès",0.3,0,0,0
"floor-low__car-0.30__bike-0.20","A128","29135","Loctudy","Département 29","La voiture ouvre l’accès",0.88,0.05,0.17,0
"floor-low__car-0.30__bike-0.20","A128","29147","Mellac","Département 29","La voiture ouvre l’accès",1,0,0.05,0
"floor-low__car-0.30__bike-0.20","A128","29174","Plonéour-Lanvern","Département 29","La voiture ouvre l’accès",1,0.05,0.08,0
"floor-low__car-0.30__bike-0.20","A128","29235","Le Relecq-Kerhuon","Département 29","La voiture ouvre l’accès",1,0,0.05,0
"floor-low__car-0.30__bike-0.20","A128","35184","Montauban-de-Bretagne","Département 35","La voiture ouvre l’accès",1,0.01,0.05,0
"floor-low__car-0.30__bike-0.20","A128","35228","Pleurtuit","Département 35","La voiture ouvre l’accès",1,0.08,0.28,0
"floor-low__car-0.30__bike-0.20","A128","35327","Servon-sur-Vilaine","Département 35","La voiture ouvre l’accès",1,0.05,0.13,0
"floor-low__car-0.30__bike-0.20","A128","22289","Saint-Fiacre","Département 22","Accès à pied ou en TC possible",0.05,0,0,0
"floor-low__car-0.30__bike-0.20","A128","22293","Saint-Gilles-les-Bois","Département 22","Accès à pied ou en TC possible",0.05,0,0,0
"floor-low__car-0.30__bike-0.20","A128","29195","Plouguerneau","Département 29","Accès à pied ou en TC possible",0.05,0,0,0
"floor-low__car-0.30__bike-0.20","A128","56260","Vannes","Département 56","Accès à pied ou en TC possible",0.05,0,0.02,0
"floor-low__car-0.30__bike-0.20","A206","22284","Saint-Connan","Département 22","Accès à pied ou en TC possible",0.05,0,0,0
"floor-low__car-0.30__bike-0.20","A206","35064","La Chapelle-de-Brain","Département 35","Accès à pied ou en TC possible",0.05,0,0,0
"floor-low__car-0.30__bike-0.20","A207","29073","Guimaëc","Département 29","Accès à pied ou en TC possible",0.05,0,0,0
"floor-low__car-0.30__bike-0.20","A207","29224","Pouldergat","Département 29","Accès à pied ou en TC possible",0.05,0,0,0
"floor-low__car-0.30__bike-0.20","A207","29249","Saint-Goazec","Département 29","Accès à pied ou en TC possible",0.05,0,0,0
"floor-low__car-0.30__bike-0.20","A207","56041","Cléguérec","Département 56","Accès à pied ou en TC possible",0.05,0,0,0
"floor-low__car-0.30__bike-0.20","A207","56261","La Vraie-Croix","Département 56","Accès à pied ou en TC possible",0.05,0,0,0
"floor-low__car-0.30__bike-0.20","A208","35024","Betton","Département 35","Accès à pied ou en TC possible",0.05,0,0,0
"floor-low__car-0.30__bike-0.20","A128","22360","Trégueux","Département 22","Le vélo compense",1,0.05,0.71,0
"floor-low__car-0.30__bike-0.20","A208","29098","Lampaul-Plouarzel","Département 29","Le vélo compense",1,0.05,0.83,0
"floor-low__car-0.30__bike-0.20","B103","35024","Betton","Département 35","Le vélo compense",1,0.05,0.95,0
"floor-low__car-0.30__bike-0.20","B103","56062","Gâvres","Département 56","Le vélo compense",0.45,0,0.2,0
"floor-low__car-0.30__bike-0.20","B105","35197","Mouazé","Département 35","Le vélo compense",1,0.05,0.71,0
"floor-low__car-0.30__bike-0.20","B105","35352","Vern-sur-Seiche","Département 35","Le vélo compense",1,0.05,0.77,0
"floor-low__car-0.30__bike-0.20","B204","56196","Rochefort-en-Terre","Département 56","Le vélo compense",1,0.05,0.85,0
"floor-low__car-0.30__bike-0.20","B302","35216","Parthenay-de-Bretagne","Département 35","Le vélo compense",1,0.05,0.91,0
"floor-low__car-0.30__bike-0.20","B304","56123","Malansac","Département 56","Le vélo compense",0.22,0.05,0.33,0
"floor-low__car-0.30__bike-0.20","B312","35216","Parthenay-de-Bretagne","Département 35","Le vélo compense",1,0.05,0.91,0
"floor-low__car-0.30__bike-0.20","B312","56115","Locmaria-Grand-Champ","Département 56","Le vélo compense",1,0.05,0.73,0
"floor-low__car-0.30__bike-0.20","B325","35177","La Mézière","Département 35","Le vélo compense",1,0.05,0.88,0
"floor-low__car-0.30__bike-0.30","A128","22127","Lézardrieux","Département 22","La voiture ouvre l’accès",0.83,0,0.05,0
"floor-low__car-0.30__bike-0.30","A128","22214","Plouézec","Département 22","La voiture ouvre l’accès",1,0.05,0.08,0
"floor-low__car-0.30__bike-0.30","A128","22237","Val-d'Arguenon","Département 22","La voiture ouvre l’accès",1,0.05,0.05,0
"floor-low__car-0.30__bike-0.30","A128","22273","Saint-Alban","Département 22","La voiture ouvre l’accès",1,0.02,0.05,0
"floor-low__car-0.30__bike-0.30","A128","22335","Senven-Léhart","Département 22","La voiture ouvre l’accès",0.3,0,0,0
"floor-low__car-0.30__bike-0.30","A128","29135","Loctudy","Département 29","La voiture ouvre l’accès",0.88,0.05,0.17,0
"floor-low__car-0.30__bike-0.30","A128","29147","Mellac","Département 29","La voiture ouvre l’accès",1,0,0.05,0
"floor-low__car-0.30__bike-0.30","A128","29174","Plonéour-Lanvern","Département 29","La voiture ouvre l’accès",1,0.05,0.08,0
"floor-low__car-0.30__bike-0.30","A128","29235","Le Relecq-Kerhuon","Département 29","La voiture ouvre l’accès",1,0,0.05,0
"floor-low__car-0.30__bike-0.30","A128","35184","Montauban-de-Bretagne","Département 35","La voiture ouvre l’accès",1,0.01,0.05,0
"floor-low__car-0.30__bike-0.30","A128","35327","Servon-sur-Vilaine","Département 35","La voiture ouvre l’accès",1,0.05,0.13,0
"floor-low__car-0.30__bike-0.30","A128","56102","Forges de Lanouée","Département 56","La voiture ouvre l’accès",0.96,0.05,0.16,0
"floor-low__car-0.30__bike-0.30","A128","22289","Saint-Fiacre","Département 22","Accès à pied ou en TC possible",0.05,0,0,0
"floor-low__car-0.30__bike-0.30","A128","22293","Saint-Gilles-les-Bois","Département 22","Accès à pied ou en TC possible",0.05,0,0,0
"floor-low__car-0.30__bike-0.30","A128","29195","Plouguerneau","Département 29","Accès à pied ou en TC possible",0.05,0,0,0
"floor-low__car-0.30__bike-0.30","A128","56260","Vannes","Département 56","Accès à pied ou en TC possible",0.05,0,0.02,0
"floor-low__car-0.30__bike-0.30","A206","22284","Saint-Connan","Département 22","Accès à pied ou en TC possible",0.05,0,0,0
"floor-low__car-0.30__bike-0.30","A206","35064","La Chapelle-de-Brain","Département 35","Accès à pied ou en TC possible",0.05,0,0,0
"floor-low__car-0.30__bike-0.30","A207","29073","Guimaëc","Département 29","Accès à pied ou en TC possible",0.05,0,0,0
"floor-low__car-0.30__bike-0.30","A207","29224","Pouldergat","Département 29","Accès à pied ou en TC possible",0.05,0,0,0
"floor-low__car-0.30__bike-0.30","A207","29249","Saint-Goazec","Département 29","Accès à pied ou en TC possible",0.05,0,0,0
"floor-low__car-0.30__bike-0.30","A207","56041","Cléguérec","Département 56","Accès à pied ou en TC possible",0.05,0,0,0
"floor-low__car-0.30__bike-0.30","A207","56261","La Vraie-Croix","Département 56","Accès à pied ou en TC possible",0.05,0,0,0
"floor-low__car-0.30__bike-0.30","A208","35024","Betton","Département 35","Accès à pied ou en TC possible",0.05,0,0,0
"floor-low__car-0.30__bike-0.30","A128","22360","Trégueux","Département 22","Le vélo compense",1,0.05,0.71,0
"floor-low__car-0.30__bike-0.30","A203","22282","Saint-Cast-le-Guildo","Département 22","Le vélo compense",1,0.44,0.74,0
"floor-low__car-0.30__bike-0.30","A208","29098","Lampaul-Plouarzel","Département 29","Le vélo compense",1,0.05,0.83,0
"floor-low__car-0.30__bike-0.30","A401","22207","Plouaret","Département 22","Le vélo compense",1,0.42,0.72,0
"floor-low__car-0.30__bike-0.30","A404","56233","Saint-Philibert","Département 56","Le vélo compense",1,0.44,0.74,0
"floor-low__car-0.30__bike-0.30","A405","22086","Kerfot","Département 22","Le vélo compense",1,0.46,0.76,0
"floor-low__car-0.30__bike-0.30","B103","35024","Betton","Département 35","Le vélo compense",1,0.05,0.95,0
"floor-low__car-0.30__bike-0.30","B104","22389","Yffiniac","Département 22","Le vélo compense",1,0.43,0.73,0
"floor-low__car-0.30__bike-0.30","B105","35197","Mouazé","Département 35","Le vélo compense",1,0.05,0.71,0
"floor-low__car-0.30__bike-0.30","B105","35352","Vern-sur-Seiche","Département 35","Le vélo compense",1,0.05,0.77,0
"floor-low__car-0.30__bike-0.30","B204","56196","Rochefort-en-Terre","Département 56","Le vélo compense",1,0.05,0.85,0
"floor-low__car-0.30__bike-0.30","B210","35239","Retiers","Département 35","Le vélo compense",1,0.45,0.75,0
"floor-moderate__car-0.05__bike-0.05","A128","22127","Lézardrieux","Département 22","La voiture ouvre l’accès",0.83,0,0.05,0
"floor-moderate__car-0.05__bike-0.05","A128","22152","Minihy-Tréguier","Département 22","La voiture ouvre l’accès",1,0.1,0.41,0
"floor-moderate__car-0.05__bike-0.05","A128","22243","Plusquellec","Département 22","La voiture ouvre l’accès",1,0.02,0.07,0
"floor-moderate__car-0.05__bike-0.05","A128","22387","Le Vieux-Marché","Département 22","La voiture ouvre l’accès",1,0.06,0.11,0
"floor-moderate__car-0.05__bike-0.05","A128","29147","Mellac","Département 29","La voiture ouvre l’accès",1,0,0.05,0
"floor-moderate__car-0.05__bike-0.05","A128","29235","Le Relecq-Kerhuon","Département 29","La voiture ouvre l’accès",1,0,0.05,0
"floor-moderate__car-0.05__bike-0.05","A128","29250","Saint-Hernin","Département 29","La voiture ouvre l’accès",1,0.07,0.1,0
"floor-moderate__car-0.05__bike-0.05","A128","35022","Bécherel","Département 35","La voiture ouvre l’accès",1,0.1,0.94,0
"floor-moderate__car-0.05__bike-0.05","A128","35024","Betton","Département 35","La voiture ouvre l’accès",1,0.1,0.54,0
"floor-moderate__car-0.05__bike-0.05","A128","35266","Saint-Erblon","Département 35","La voiture ouvre l’accès",1,0.1,0.58,0
"floor-moderate__car-0.05__bike-0.05","A128","56055","Étel","Département 56","La voiture ouvre l’accès",0.1,0,0,0
"floor-moderate__car-0.05__bike-0.05","A128","56107","Larmor-Plage","Département 56","La voiture ouvre l’accès",0.1,0,0,0
"floor-moderate__car-0.05__bike-0.05","F101","35145","Langon","Département 35","Accès à pied ou en TC possible",0.1,0,0.07,0
"floor-moderate__car-0.05__bike-0.05","A128","35125","La Guerche-de-Bretagne","Département 35","Accès à pied ou en TC possible",1,0.93,0.98,6.93889390390723e-17
"floor-moderate__car-0.05__bike-0.05","A129","35059","La Chapelle-des-Fougeretz","Département 35","Accès à pied ou en TC possible",1,0.92,0.97,6.93889390390723e-17
"floor-moderate__car-0.05__bike-0.05","A129","35278","Saint-Grégoire","Département 35","Accès à pied ou en TC possible",1,0.92,0.97,6.93889390390723e-17
"floor-moderate__car-0.05__bike-0.05","A129","56124","Malestroit","Département 56","Accès à pied ou en TC possible",1,0.93,0.98,6.93889390390723e-17
"floor-moderate__car-0.05__bike-0.05","A203","56178","Pontivy","Département 56","Accès à pied ou en TC possible",1,0.91,0.96,6.93889390390723e-17
"floor-moderate__car-0.05__bike-0.05","A401","35059","La Chapelle-des-Fougeretz","Département 35","Accès à pied ou en TC possible",1,0.92,0.97,6.93889390390723e-17
"floor-moderate__car-0.05__bike-0.05","A401","35090","Crevin","Département 35","Accès à pied ou en TC possible",1,0.92,0.97,6.93889390390723e-17
"floor-moderate__car-0.05__bike-0.05","A401","35325","La Selle-Guerchaise","Département 35","Accès à pied ou en TC possible",1,0.92,0.97,6.93889390390723e-17
"floor-moderate__car-0.05__bike-0.05","A404","35067","Chasné-sur-Illet","Département 35","Accès à pied ou en TC possible",1,0.92,0.97,6.93889390390723e-17
"floor-moderate__car-0.05__bike-0.05","A404","35095","Dol-de-Bretagne","Département 35","Accès à pied ou en TC possible",1,0.93,0.98,6.93889390390723e-17
"floor-moderate__car-0.05__bike-0.05","A404","35360","Vitré","Département 35","Accès à pied ou en TC possible",1,0.92,0.97,6.93889390390723e-17
"floor-moderate__car-0.05__bike-0.05","B206","22094","Lancieux","Département 22","Le vélo compense",1,0.1,0.96,0
"floor-moderate__car-0.05__bike-0.05","B209","35353","Vezin-le-Coquet","Département 35","Le vélo compense",1,0.1,0.96,0
"floor-moderate__car-0.05__bike-0.05","B306","35353","Vezin-le-Coquet","Département 35","Le vélo compense",1,0.1,0.96,0
"floor-moderate__car-0.05__bike-0.05","D267","35189","Montgermont","Département 35","Le vélo compense",1,0.1,0.98,0
"floor-moderate__car-0.05__bike-0.05","D270","35353","Vezin-le-Coquet","Département 35","Le vélo compense",1,0.1,0.96,0
"floor-moderate__car-0.05__bike-0.05","A129","22262","Quintin","Département 22","Le vélo compense",1,0.95,1,4.16333634234434e-17
"floor-moderate__car-0.05__bike-0.05","A129","35081","Clayes","Département 35","Le vélo compense",1,0.94,0.99,4.16333634234434e-17
"floor-moderate__car-0.05__bike-0.05","A129","35131","L'Hermitage","Département 35","Le vélo compense",1,0.94,0.99,4.16333634234434e-17
"floor-moderate__car-0.05__bike-0.05","A129","56065","Gourhel","Département 56","Le vélo compense",1,0.95,1,4.16333634234434e-17
"floor-moderate__car-0.05__bike-0.05","A129","56091","Josselin","Département 56","Le vélo compense",1,0.95,1,4.16333634234434e-17
"floor-moderate__car-0.05__bike-0.05","A129","56262","Le Bono","Département 56","Le vélo compense",1,0.94,0.99,4.16333634234434e-17
"floor-moderate__car-0.05__bike-0.05","A203","22278","Saint-Brieuc","Département 22","Le vélo compense",1,0.95,1,4.16333634234434e-17
"floor-moderate__car-0.05__bike-0.05","A128","22289","Saint-Fiacre","Département 22","Aucun mode ne permet l’accès",0.05,0,0,0
"floor-moderate__car-0.05__bike-0.05","A128","22293","Saint-Gilles-les-Bois","Département 22","Aucun mode ne permet l’accès",0.05,0,0,0
"floor-moderate__car-0.05__bike-0.05","A128","29195","Plouguerneau","Département 29","Aucun mode ne permet l’accès",0.05,0,0,0
"floor-moderate__car-0.05__bike-0.05","A206","22284","Saint-Connan","Département 22","Aucun mode ne permet l’accès",0.05,0,0,0
"floor-moderate__car-0.05__bike-0.05","A206","35064","La Chapelle-de-Brain","Département 35","Aucun mode ne permet l’accès",0.05,0,0,0
"floor-moderate__car-0.05__bike-0.05","A207","29073","Guimaëc","Département 29","Aucun mode ne permet l’accès",0.05,0,0,0
"floor-moderate__car-0.05__bike-0.05","A207","29224","Pouldergat","Département 29","Aucun mode ne permet l’accès",0.05,0,0,0
"floor-moderate__car-0.05__bike-0.05","A207","29249","Saint-Goazec","Département 29","Aucun mode ne permet l’accès",0.05,0,0,0
"floor-moderate__car-0.05__bike-0.05","A207","56041","Cléguérec","Département 56","Aucun mode ne permet l’accès",0.05,0,0,0
"floor-moderate__car-0.05__bike-0.05","A207","56261","La Vraie-Croix","Département 56","Aucun mode ne permet l’accès",0.05,0,0,0
"floor-moderate__car-0.05__bike-0.05","A208","35024","Betton","Département 35","Aucun mode ne permet l’accès",0.05,0,0,0
"floor-moderate__car-0.05__bike-0.05","B103","22115","Lanrivain","Département 22","Aucun mode ne permet l’accès",0.05,0,0,0
"floor-moderate__car-0.05__bike-0.10","A128","22152","Minihy-Tréguier","Département 22","La voiture ouvre l’accès",1,0.1,0.41,0
"floor-moderate__car-0.05__bike-0.10","A128","29250","Saint-Hernin","Département 29","La voiture ouvre l’accès",1,0.07,0.1,0
"floor-moderate__car-0.05__bike-0.10","A128","35022","Bécherel","Département 35","La voiture ouvre l’accès",1,0.1,0.94,0
"floor-moderate__car-0.05__bike-0.10","A128","35024","Betton","Département 35","La voiture ouvre l’accès",1,0.1,0.54,0
"floor-moderate__car-0.05__bike-0.10","A128","35066","Chartres-de-Bretagne","Département 35","La voiture ouvre l’accès",1,0.01,0.11,0
"floor-moderate__car-0.05__bike-0.10","A128","35266","Saint-Erblon","Département 35","La voiture ouvre l’accès",1,0.1,0.58,0
"floor-moderate__car-0.05__bike-0.10","A128","56055","Étel","Département 56","La voiture ouvre l’accès",0.1,0,0,0
"floor-moderate__car-0.05__bike-0.10","A128","56107","Larmor-Plage","Département 56","La voiture ouvre l’accès",0.1,0,0,0
"floor-moderate__car-0.05__bike-0.10","A129","22289","Saint-Fiacre","Département 22","La voiture ouvre l’accès",1,0.1,0.1,0
"floor-moderate__car-0.05__bike-0.10","A129","22387","Le Vieux-Marché","Département 22","La voiture ouvre l’accès",1,0.07,0.17,0
"floor-moderate__car-0.05__bike-0.10","A129","29150","Moëlan-sur-Mer","Département 29","La voiture ouvre l’accès",1,0.22,0.32,0
"floor-moderate__car-0.05__bike-0.10","A129","35176","Guipry-Messac","Département 35","La voiture ouvre l’accès",1,0.21,0.31,0
"floor-moderate__car-0.05__bike-0.10","F101","35145","Langon","Département 35","Accès à pied ou en TC possible",0.1,0,0.07,0
"floor-moderate__car-0.05__bike-0.10","A129","35181","Le Minihic-sur-Rance","Département 35","Accès à pied ou en TC possible",1,0.89,0.99,2.77555756156289e-17
"floor-moderate__car-0.05__bike-0.10","A129","35281","Saint-Jacques-de-la-Lande","Département 35","Accès à pied ou en TC possible",1,0.9,1,2.77555756156289e-17
"floor-moderate__car-0.05__bike-0.10","A129","56098","Lanester","Département 56","Accès à pied ou en TC possible",1,0.88,0.98,2.77555756156289e-17
"floor-moderate__car-0.05__bike-0.10","A129","56132","Meucon","Département 56","Accès à pied ou en TC possible",1,0.88,0.98,2.77555756156289e-17
"floor-moderate__car-0.05__bike-0.10","A203","35188","Montfort-sur-Meu","Département 35","Accès à pied ou en TC possible",1,0.86,0.96,2.77555756156289e-17
"floor-moderate__car-0.05__bike-0.10","A206","56098","Lanester","Département 56","Accès à pied ou en TC possible",1,0.88,0.98,2.77555756156289e-17
"floor-moderate__car-0.05__bike-0.10","A207","22278","Saint-Brieuc","Département 22","Accès à pied ou en TC possible",1,0.9,1,2.77555756156289e-17
"floor-moderate__car-0.05__bike-0.10","A207","56098","Lanester","Département 56","Accès à pied ou en TC possible",1,0.87,0.97,2.77555756156289e-17
"floor-moderate__car-0.05__bike-0.10","A401","22327","Saint-Samson-sur-Rance","Département 22","Accès à pied ou en TC possible",1,0.9,1,2.77555756156289e-17
"floor-moderate__car-0.05__bike-0.10","A401","29022","Camaret-sur-Mer","Département 29","Accès à pied ou en TC possible",1,0.86,0.96,2.77555756156289e-17
"floor-moderate__car-0.05__bike-0.10","A401","56087","Île-aux-Moines","Département 56","Accès à pied ou en TC possible",1,0.86,0.96,2.77555756156289e-17
"floor-moderate__car-0.05__bike-0.10","B206","22094","Lancieux","Département 22","Le vélo compense",1,0.1,0.96,0
"floor-moderate__car-0.05__bike-0.10","B209","35353","Vezin-le-Coquet","Département 35","Le vélo compense",1,0.1,0.96,0
"floor-moderate__car-0.05__bike-0.10","B306","35353","Vezin-le-Coquet","Département 35","Le vélo compense",1,0.1,0.96,0
"floor-moderate__car-0.05__bike-0.10","D267","35189","Montgermont","Département 35","Le vélo compense",1,0.1,0.98,0
"floor-moderate__car-0.05__bike-0.10","D270","35353","Vezin-le-Coquet","Département 35","Le vélo compense",1,0.1,0.96,0
"floor-moderate__car-0.05__bike-0.10","A128","29105","Landivisiau","Département 29","Le vélo compense",1,0.58,0.96,0.00999999999999997
"floor-moderate__car-0.05__bike-0.10","A128","35188","Montfort-sur-Meu","Département 35","Le vélo compense",1,0.77,0.96,0.00999999999999997
"floor-moderate__car-0.05__bike-0.10","A128","56186","Quiberon","Département 56","Le vélo compense",1,0.65,0.96,0.00999999999999997
"floor-moderate__car-0.05__bike-0.10","A129","22064","Gouarec","Département 22","Le vélo compense",1,0.76,0.96,0.00999999999999997
"floor-moderate__car-0.05__bike-0.10","A129","22307","Saint-Julien","Département 22","Le vélo compense",1,0.84,0.96,0.00999999999999997
"floor-moderate__car-0.05__bike-0.10","A129","22360","Trégueux","Département 22","Le vélo compense",1,0.76,0.96,0.00999999999999997
"floor-moderate__car-0.05__bike-0.10","A129","35047","Bruz","Département 35","Le vélo compense",1,0.73,0.96,0.00999999999999997
"floor-moderate__car-0.05__bike-0.10","A128","22289","Saint-Fiacre","Département 22","Aucun mode ne permet l’accès",0.05,0,0,0
"floor-moderate__car-0.05__bike-0.10","A128","22293","Saint-Gilles-les-Bois","Département 22","Aucun mode ne permet l’accès",0.05,0,0,0
"floor-moderate__car-0.05__bike-0.10","A128","29195","Plouguerneau","Département 29","Aucun mode ne permet l’accès",0.05,0,0,0
"floor-moderate__car-0.05__bike-0.10","A206","22284","Saint-Connan","Département 22","Aucun mode ne permet l’accès",0.05,0,0,0
"floor-moderate__car-0.05__bike-0.10","A206","35064","La Chapelle-de-Brain","Département 35","Aucun mode ne permet l’accès",0.05,0,0,0
"floor-moderate__car-0.05__bike-0.10","A207","29073","Guimaëc","Département 29","Aucun mode ne permet l’accès",0.05,0,0,0
"floor-moderate__car-0.05__bike-0.10","A207","29224","Pouldergat","Département 29","Aucun mode ne permet l’accès",0.05,0,0,0
"floor-moderate__car-0.05__bike-0.10","A207","29249","Saint-Goazec","Département 29","Aucun mode ne permet l’accès",0.05,0,0,0
"floor-moderate__car-0.05__bike-0.10","A207","56041","Cléguérec","Département 56","Aucun mode ne permet l’accès",0.05,0,0,0
"floor-moderate__car-0.05__bike-0.10","A207","56261","La Vraie-Croix","Département 56","Aucun mode ne permet l’accès",0.05,0,0,0
"floor-moderate__car-0.05__bike-0.10","A208","35024","Betton","Département 35","Aucun mode ne permet l’accès",0.05,0,0,0
"floor-moderate__car-0.05__bike-0.10","B103","22115","Lanrivain","Département 22","Aucun mode ne permet l’accès",0.05,0,0,0
"floor-moderate__car-0.05__bike-0.20","A128","22152","Minihy-Tréguier","Département 22","La voiture ouvre l’accès",1,0.1,0.41,0
"floor-moderate__car-0.05__bike-0.20","A128","29250","Saint-Hernin","Département 29","La voiture ouvre l’accès",1,0.07,0.1,0
"floor-moderate__car-0.05__bike-0.20","A128","35022","Bécherel","Département 35","La voiture ouvre l’accès",1,0.1,0.94,0
"floor-moderate__car-0.05__bike-0.20","A128","35024","Betton","Département 35","La voiture ouvre l’accès",1,0.1,0.54,0
"floor-moderate__car-0.05__bike-0.20","A128","35228","Pleurtuit","Département 35","La voiture ouvre l’accès",1,0.08,0.28,0
"floor-moderate__car-0.05__bike-0.20","A128","35266","Saint-Erblon","Département 35","La voiture ouvre l’accès",1,0.1,0.58,0
"floor-moderate__car-0.05__bike-0.20","A128","56055","Étel","Département 56","La voiture ouvre l’accès",0.1,0,0,0
"floor-moderate__car-0.05__bike-0.20","A128","56083","Hennebont","Département 56","La voiture ouvre l’accès",0.75,0.02,0.22,0
"floor-moderate__car-0.05__bike-0.20","A128","56107","Larmor-Plage","Département 56","La voiture ouvre l’accès",0.1,0,0,0
"floor-moderate__car-0.05__bike-0.20","A128","56123","Malansac","Département 56","La voiture ouvre l’accès",1,0.26,0.46,0
"floor-moderate__car-0.05__bike-0.20","A129","22289","Saint-Fiacre","Département 22","La voiture ouvre l’accès",1,0.1,0.1,0
"floor-moderate__car-0.05__bike-0.20","A203","22082","Le Hinglé","Département 22","La voiture ouvre l’accès",1,0.1,0.19,0
"floor-moderate__car-0.05__bike-0.20","F101","35145","Langon","Département 35","Accès à pied ou en TC possible",0.1,0,0.07,0
"floor-moderate__car-0.05__bike-0.20","A128","22106","Langueux","Département 22","Accès à pied ou en TC possible",1,0.8,1,5.55111512312578e-17
"floor-moderate__car-0.05__bike-0.20","A129","22064","Gouarec","Département 22","Accès à pied ou en TC possible",1,0.76,0.96,5.55111512312578e-17
"floor-moderate__car-0.05__bike-0.20","A129","22360","Trégueux","Département 22","Accès à pied ou en TC possible",1,0.76,0.96,5.55111512312578e-17
"floor-moderate__car-0.05__bike-0.20","A203","22055","Binic-Étables-sur-Mer","Département 22","Accès à pied ou en TC possible",1,0.76,0.96,5.55111512312578e-17
"floor-moderate__car-0.05__bike-0.20","A208","22064","Gouarec","Département 22","Accès à pied ou en TC possible",1,0.76,0.96,5.55111512312578e-17
"floor-moderate__car-0.05__bike-0.20","A401","29039","Concarneau","Département 29","Accès à pied ou en TC possible",1,0.79,0.99,5.55111512312578e-17
"floor-moderate__car-0.05__bike-0.20","A401","56234","Saint-Pierre-Quiberon","Département 56","Accès à pied ou en TC possible",1,0.79,0.99,5.55111512312578e-17
"floor-moderate__car-0.05__bike-0.20","A404","56258","La Trinité-sur-Mer","Département 56","Accès à pied ou en TC possible",1,0.78,0.98,5.55111512312578e-17
"floor-moderate__car-0.05__bike-0.20","A405","22064","Gouarec","Département 22","Accès à pied ou en TC possible",1,0.76,0.96,5.55111512312578e-17
"floor-moderate__car-0.05__bike-0.20","A405","35093","Dinard","Département 35","Accès à pied ou en TC possible",1,0.8,1,5.55111512312578e-17
"floor-moderate__car-0.05__bike-0.20","A501","29284","Treffiagat","Département 29","Accès à pied ou en TC possible",1,0.76,0.96,5.55111512312578e-17
"floor-moderate__car-0.05__bike-0.20","B206","22094","Lancieux","Département 22","Le vélo compense",1,0.1,0.96,0
"floor-moderate__car-0.05__bike-0.20","B209","35353","Vezin-le-Coquet","Département 35","Le vélo compense",1,0.1,0.96,0
"floor-moderate__car-0.05__bike-0.20","B306","35353","Vezin-le-Coquet","Département 35","Le vélo compense",1,0.1,0.96,0
"floor-moderate__car-0.05__bike-0.20","D267","35189","Montgermont","Département 35","Le vélo compense",1,0.1,0.98,0
"floor-moderate__car-0.05__bike-0.20","D270","35353","Vezin-le-Coquet","Département 35","Le vélo compense",1,0.1,0.96,0
"floor-moderate__car-0.05__bike-0.20","A129","29040","Le Conquet","Département 29","Le vélo compense",1,0.78,0.99,0.00999999999999995
"floor-moderate__car-0.05__bike-0.20","A129","29103","Landerneau","Département 29","Le vélo compense",1,0.78,0.99,0.00999999999999995
"floor-moderate__car-0.05__bike-0.20","A203","29040","Le Conquet","Département 29","Le vélo compense",1,0.77,0.98,0.00999999999999995
"floor-moderate__car-0.05__bike-0.20","A207","29040","Le Conquet","Département 29","Le vélo compense",1,0.78,0.99,0.00999999999999995
"floor-moderate__car-0.05__bike-0.20","B201","22278","Saint-Brieuc","Département 22","Le vélo compense",1,0.79,1,0.00999999999999995
"floor-moderate__car-0.05__bike-0.20","B206","29103","Landerneau","Département 29","Le vélo compense",1,0.79,1,0.00999999999999995
"floor-moderate__car-0.05__bike-0.20","B207","29040","Le Conquet","Département 29","Le vélo compense",1,0.77,0.98,0.00999999999999995
"floor-moderate__car-0.05__bike-0.20","A128","22289","Saint-Fiacre","Département 22","Aucun mode ne permet l’accès",0.05,0,0,0
"floor-moderate__car-0.05__bike-0.20","A128","22293","Saint-Gilles-les-Bois","Département 22","Aucun mode ne permet l’accès",0.05,0,0,0
"floor-moderate__car-0.05__bike-0.20","A128","29195","Plouguerneau","Département 29","Aucun mode ne permet l’accès",0.05,0,0,0
"floor-moderate__car-0.05__bike-0.20","A206","22284","Saint-Connan","Département 22","Aucun mode ne permet l’accès",0.05,0,0,0
"floor-moderate__car-0.05__bike-0.20","A206","35064","La Chapelle-de-Brain","Département 35","Aucun mode ne permet l’accès",0.05,0,0,0
"floor-moderate__car-0.05__bike-0.20","A207","29073","Guimaëc","Département 29","Aucun mode ne permet l’accès",0.05,0,0,0
"floor-moderate__car-0.05__bike-0.20","A207","29224","Pouldergat","Département 29","Aucun mode ne permet l’accès",0.05,0,0,0
"floor-moderate__car-0.05__bike-0.20","A207","29249","Saint-Goazec","Département 29","Aucun mode ne permet l’accès",0.05,0,0,0
"floor-moderate__car-0.05__bike-0.20","A207","56041","Cléguérec","Département 56","Aucun mode ne permet l’accès",0.05,0,0,0
"floor-moderate__car-0.05__bike-0.20","A207","56261","La Vraie-Croix","Département 56","Aucun mode ne permet l’accès",0.05,0,0,0
"floor-moderate__car-0.05__bike-0.20","A208","35024","Betton","Département 35","Aucun mode ne permet l’accès",0.05,0,0,0
"floor-moderate__car-0.05__bike-0.20","B103","22115","Lanrivain","Département 22","Aucun mode ne permet l’accès",0.05,0,0,0
"floor-moderate__car-0.05__bike-0.30","A128","22152","Minihy-Tréguier","Département 22","La voiture ouvre l’accès",1,0.1,0.41,0
"floor-moderate__car-0.05__bike-0.30","A128","29250","Saint-Hernin","Département 29","La voiture ouvre l’accès",1,0.07,0.1,0
"floor-moderate__car-0.05__bike-0.30","A128","35022","Bécherel","Département 35","La voiture ouvre l’accès",1,0.1,0.94,0
"floor-moderate__car-0.05__bike-0.30","A128","35024","Betton","Département 35","La voiture ouvre l’accès",1,0.1,0.54,0
"floor-moderate__car-0.05__bike-0.30","A128","35266","Saint-Erblon","Département 35","La voiture ouvre l’accès",1,0.1,0.58,0
"floor-moderate__car-0.05__bike-0.30","A128","56055","Étel","Département 56","La voiture ouvre l’accès",0.1,0,0,0
"floor-moderate__car-0.05__bike-0.30","A128","56107","Larmor-Plage","Département 56","La voiture ouvre l’accès",0.1,0,0,0
"floor-moderate__car-0.05__bike-0.30","A129","22289","Saint-Fiacre","Département 22","La voiture ouvre l’accès",1,0.1,0.1,0
"floor-moderate__car-0.05__bike-0.30","A203","22082","Le Hinglé","Département 22","La voiture ouvre l’accès",1,0.1,0.19,0
"floor-moderate__car-0.05__bike-0.30","A203","22134","Louannec","Département 22","La voiture ouvre l’accès",1,0.03,0.1,0
"floor-moderate__car-0.05__bike-0.30","A203","22144","La Méaugon","Département 22","La voiture ouvre l’accès",1,0,0.1,0
"floor-moderate__car-0.05__bike-0.30","A203","22256","Quemper-Guézennec","Département 22","La voiture ouvre l’accès",1,0.08,0.1,0
"floor-moderate__car-0.05__bike-0.30","F101","35145","Langon","Département 35","Accès à pied ou en TC possible",0.1,0,0.07,0
"floor-moderate__car-0.05__bike-0.30","A129","56260","Vannes","Département 56","Accès à pied ou en TC possible",1,0.67,0.97,5.55111512312578e-17
"floor-moderate__car-0.05__bike-0.30","A404","22210","Ploubazlanec","Département 22","Accès à pied ou en TC possible",1,0.66,0.96,5.55111512312578e-17
"floor-moderate__car-0.05__bike-0.30","B103","35288","Saint-Malo","Département 35","Accès à pied ou en TC possible",0.99,0.67,0.97,5.55111512312578e-17
"floor-moderate__car-0.05__bike-0.30","B104","35051","Cesson-Sévigné","Département 35","Accès à pied ou en TC possible",1,0.66,0.96,5.55111512312578e-17
"floor-moderate__car-0.05__bike-0.30","C107","35363","Pont-Péan","Département 35","Accès à pied ou en TC possible",1,0.67,0.97,5.55111512312578e-17
"floor-moderate__car-0.05__bike-0.30","C108","56205","Saint-Armel","Département 56","Accès à pied ou en TC possible",1,0.68,0.98,5.55111512312578e-17
"floor-moderate__car-0.05__bike-0.30","C302","35281","Saint-Jacques-de-la-Lande","Département 35","Accès à pied ou en TC possible",1,0.68,0.98,5.55111512312578e-17
"floor-moderate__car-0.05__bike-0.30","D307","56258","La Trinité-sur-Mer","Département 56","Accès à pied ou en TC possible",1,0.66,0.96,5.55111512312578e-17
"floor-moderate__car-0.05__bike-0.30","F116","35125","La Guerche-de-Bretagne","Département 35","Accès à pied ou en TC possible",1,0.67,0.97,5.55111512312578e-17
"floor-moderate__car-0.05__bike-0.30","F121","35125","La Guerche-de-Bretagne","Département 35","Accès à pied ou en TC possible",1,0.67,0.97,5.55111512312578e-17
"floor-moderate__car-0.05__bike-0.30","A401","29040","Le Conquet","Département 29","Accès à pied ou en TC possible",1,0.69,0.98,0.00999999999999995
"floor-moderate__car-0.05__bike-0.30","B206","22094","Lancieux","Département 22","Le vélo compense",1,0.1,0.96,0
"floor-moderate__car-0.05__bike-0.30","B209","35353","Vezin-le-Coquet","Département 35","Le vélo compense",1,0.1,0.96,0
"floor-moderate__car-0.05__bike-0.30","B306","35353","Vezin-le-Coquet","Département 35","Le vélo compense",1,0.1,0.96,0
"floor-moderate__car-0.05__bike-0.30","D267","35189","Montgermont","Département 35","Le vélo compense",1,0.1,0.98,0
"floor-moderate__car-0.05__bike-0.30","D270","35353","Vezin-le-Coquet","Département 35","Le vélo compense",1,0.1,0.96,0
"floor-moderate__car-0.05__bike-0.30","A206","35241","La Richardais","Département 35","Le vélo compense",1,0.7,1,5.55111512312578e-17
"floor-moderate__car-0.05__bike-0.30","A207","29098","Lampaul-Plouarzel","Département 29","Le vélo compense",1,0.7,1,5.55111512312578e-17
"floor-moderate__car-0.05__bike-0.30","B303","35093","Dinard","Département 35","Le vélo compense",1,0.7,1,5.55111512312578e-17
"floor-moderate__car-0.05__bike-0.30","B307","29235","Le Relecq-Kerhuon","Département 29","Le vélo compense",1,0.7,1,5.55111512312578e-17
"floor-moderate__car-0.05__bike-0.30","B318","35093","Dinard","Département 35","Le vélo compense",1,0.7,1,5.55111512312578e-17
"floor-moderate__car-0.05__bike-0.30","D267","22278","Saint-Brieuc","Département 22","Le vélo compense",1,0.69,0.99,5.55111512312578e-17
"floor-moderate__car-0.05__bike-0.30","F121","29072","Guilvinec","Département 29","Le vélo compense",1,0.7,1,5.55111512312578e-17
"floor-moderate__car-0.05__bike-0.30","A128","22289","Saint-Fiacre","Département 22","Aucun mode ne permet l’accès",0.05,0,0,0
"floor-moderate__car-0.05__bike-0.30","A128","22293","Saint-Gilles-les-Bois","Département 22","Aucun mode ne permet l’accès",0.05,0,0,0
"floor-moderate__car-0.05__bike-0.30","A128","29195","Plouguerneau","Département 29","Aucun mode ne permet l’accès",0.05,0,0,0
"floor-moderate__car-0.05__bike-0.30","A206","22284","Saint-Connan","Département 22","Aucun mode ne permet l’accès",0.05,0,0,0
"floor-moderate__car-0.05__bike-0.30","A206","35064","La Chapelle-de-Brain","Département 35","Aucun mode ne permet l’accès",0.05,0,0,0
"floor-moderate__car-0.05__bike-0.30","A207","29073","Guimaëc","Département 29","Aucun mode ne permet l’accès",0.05,0,0,0
"floor-moderate__car-0.05__bike-0.30","A207","29224","Pouldergat","Département 29","Aucun mode ne permet l’accès",0.05,0,0,0
"floor-moderate__car-0.05__bike-0.30","A207","29249","Saint-Goazec","Département 29","Aucun mode ne permet l’accès",0.05,0,0,0
"floor-moderate__car-0.05__bike-0.30","A207","56041","Cléguérec","Département 56","Aucun mode ne permet l’accès",0.05,0,0,0
"floor-moderate__car-0.05__bike-0.30","A207","56261","La Vraie-Croix","Département 56","Aucun mode ne permet l’accès",0.05,0,0,0
"floor-moderate__car-0.05__bike-0.30","A208","35024","Betton","Département 35","Aucun mode ne permet l’accès",0.05,0,0,0
"floor-moderate__car-0.05__bike-0.30","B103","22115","Lanrivain","Département 22","Aucun mode ne permet l’accès",0.05,0,0,0
"floor-moderate__car-0.10__bike-0.05","A128","22127","Lézardrieux","Département 22","La voiture ouvre l’accès",0.83,0,0.05,0
"floor-moderate__car-0.10__bike-0.05","A128","22152","Minihy-Tréguier","Département 22","La voiture ouvre l’accès",1,0.1,0.41,0
"floor-moderate__car-0.10__bike-0.05","A128","22243","Plusquellec","Département 22","La voiture ouvre l’accès",1,0.02,0.07,0
"floor-moderate__car-0.10__bike-0.05","A128","22387","Le Vieux-Marché","Département 22","La voiture ouvre l’accès",1,0.06,0.11,0
"floor-moderate__car-0.10__bike-0.05","A128","29147","Mellac","Département 29","La voiture ouvre l’accès",1,0,0.05,0
"floor-moderate__car-0.10__bike-0.05","A128","29235","Le Relecq-Kerhuon","Département 29","La voiture ouvre l’accès",1,0,0.05,0
"floor-moderate__car-0.10__bike-0.05","A128","29250","Saint-Hernin","Département 29","La voiture ouvre l’accès",1,0.07,0.1,0
"floor-moderate__car-0.10__bike-0.05","A128","35024","Betton","Département 35","La voiture ouvre l’accès",1,0.1,0.54,0
"floor-moderate__car-0.10__bike-0.05","A128","35266","Saint-Erblon","Département 35","La voiture ouvre l’accès",1,0.1,0.58,0
"floor-moderate__car-0.10__bike-0.05","A128","56055","Étel","Département 56","La voiture ouvre l’accès",0.1,0,0,0
"floor-moderate__car-0.10__bike-0.05","A128","56107","Larmor-Plage","Département 56","La voiture ouvre l’accès",0.1,0,0,0
"floor-moderate__car-0.10__bike-0.05","A129","22289","Saint-Fiacre","Département 22","La voiture ouvre l’accès",1,0.1,0.1,0
"floor-moderate__car-0.10__bike-0.05","F101","35145","Langon","Département 35","Accès à pied ou en TC possible",0.1,0,0.07,0
"floor-moderate__car-0.10__bike-0.05","B324","35057","La Chapelle-Bouëxic","Département 35","Accès à pied ou en TC possible",0.12,0,0.02,1.38777878078145e-17
"floor-moderate__car-0.10__bike-0.05","D267","35312","Saint-Senoux","Département 35","Accès à pied ou en TC possible",0.12,0,0.02,1.38777878078145e-17
"floor-moderate__car-0.10__bike-0.05","A128","35072","Châtillon-en-Vendelais","Département 35","Accès à pied ou en TC possible",1,0.87,0.9,2.77555756156289e-17
"floor-moderate__car-0.10__bike-0.05","A129","22188","Plerneuf","Département 22","Accès à pied ou en TC possible",1,0.89,0.9,2.77555756156289e-17
"floor-moderate__car-0.10__bike-0.05","A129","22315","Saint-Maudez","Département 22","Accès à pied ou en TC possible",1,0.89,0.9,2.77555756156289e-17
"floor-moderate__car-0.10__bike-0.05","A129","35072","Châtillon-en-Vendelais","Département 35","Accès à pied ou en TC possible",1,0.87,0.9,2.77555756156289e-17
"floor-moderate__car-0.10__bike-0.05","A129","35120","Gévezé","Département 35","Accès à pied ou en TC possible",1,0.86,0.9,2.77555756156289e-17
"floor-moderate__car-0.10__bike-0.05","A129","35199","Moussé","Département 35","Accès à pied ou en TC possible",1,0.89,0.9,2.77555756156289e-17
"floor-moderate__car-0.10__bike-0.05","A129","56109","Lauzach","Département 56","Accès à pied ou en TC possible",1,0.87,0.9,2.77555756156289e-17
"floor-moderate__car-0.10__bike-0.05","A203","29081","Huelgoat","Département 29","Accès à pied ou en TC possible",1,0.87,0.9,2.77555756156289e-17
"floor-moderate__car-0.10__bike-0.05","A207","22047","Corlay","Département 22","Accès à pied ou en TC possible",1,0.87,0.9,2.77555756156289e-17
"floor-moderate__car-0.10__bike-0.05","A128","35022","Bécherel","Département 35","Le vélo compense",1,0.1,0.94,0
"floor-moderate__car-0.10__bike-0.05","A208","22307","Saint-Julien","Département 22","Le vélo compense",1,0.1,0.92,0
"floor-moderate__car-0.10__bike-0.05","B201","35039","Brécé","Département 35","Le vélo compense",1,0.1,0.91,0
"floor-moderate__car-0.10__bike-0.05","B206","22094","Lancieux","Département 22","Le vélo compense",1,0.1,0.96,0
"floor-moderate__car-0.10__bike-0.05","B209","35039","Brécé","Département 35","Le vélo compense",1,0.1,0.91,0
"floor-moderate__car-0.10__bike-0.05","B209","35353","Vezin-le-Coquet","Département 35","Le vélo compense",1,0.1,0.96,0
"floor-moderate__car-0.10__bike-0.05","B306","35353","Vezin-le-Coquet","Département 35","Le vélo compense",1,0.1,0.96,0
"floor-moderate__car-0.10__bike-0.05","C109","35039","Brécé","Département 35","Le vélo compense",1,0.1,0.91,0
"floor-moderate__car-0.10__bike-0.05","C201","35022","Bécherel","Département 35","Le vélo compense",1,0.1,0.94,0
"floor-moderate__car-0.10__bike-0.05","D267","35189","Montgermont","Département 35","Le vélo compense",1,0.1,0.98,0
"floor-moderate__car-0.10__bike-0.05","D270","35353","Vezin-le-Coquet","Département 35","Le vélo compense",1,0.1,0.96,0
"floor-moderate__car-0.10__bike-0.05","D277","35039","Brécé","Département 35","Le vélo compense",1,0.1,0.92,0
"floor-moderate__car-0.10__bike-0.10","A128","22152","Minihy-Tréguier","Département 22","La voiture ouvre l’accès",1,0.1,0.41,0
"floor-moderate__car-0.10__bike-0.10","A128","29250","Saint-Hernin","Département 29","La voiture ouvre l’accès",1,0.07,0.1,0
"floor-moderate__car-0.10__bike-0.10","A128","35024","Betton","Département 35","La voiture ouvre l’accès",1,0.1,0.54,0
"floor-moderate__car-0.10__bike-0.10","A128","35066","Chartres-de-Bretagne","Département 35","La voiture ouvre l’accès",1,0.01,0.11,0
"floor-moderate__car-0.10__bike-0.10","A128","35266","Saint-Erblon","Département 35","La voiture ouvre l’accès",1,0.1,0.58,0
"floor-moderate__car-0.10__bike-0.10","A128","56055","Étel","Département 56","La voiture ouvre l’accès",0.1,0,0,0
"floor-moderate__car-0.10__bike-0.10","A128","56107","Larmor-Plage","Département 56","La voiture ouvre l’accès",0.1,0,0,0
"floor-moderate__car-0.10__bike-0.10","A129","22289","Saint-Fiacre","Département 22","La voiture ouvre l’accès",1,0.1,0.1,0
"floor-moderate__car-0.10__bike-0.10","A129","22387","Le Vieux-Marché","Département 22","La voiture ouvre l’accès",1,0.07,0.17,0
"floor-moderate__car-0.10__bike-0.10","A129","29150","Moëlan-sur-Mer","Département 29","La voiture ouvre l’accès",1,0.22,0.32,0
"floor-moderate__car-0.10__bike-0.10","A129","35176","Guipry-Messac","Département 35","La voiture ouvre l’accès",1,0.21,0.31,0
"floor-moderate__car-0.10__bike-0.10","A203","22082","Le Hinglé","Département 22","La voiture ouvre l’accès",1,0.1,0.19,0
"floor-moderate__car-0.10__bike-0.10","F101","35145","Langon","Département 35","Accès à pied ou en TC possible",0.1,0,0.07,0
"floor-moderate__car-0.10__bike-0.10","B324","35057","La Chapelle-Bouëxic","Département 35","Accès à pied ou en TC possible",0.12,0,0.02,1.38777878078145e-17
"floor-moderate__car-0.10__bike-0.10","D267","35312","Saint-Senoux","Département 35","Accès à pied ou en TC possible",0.12,0,0.02,1.38777878078145e-17
"floor-moderate__car-0.10__bike-0.10","A128","35072","Châtillon-en-Vendelais","Département 35","Accès à pied ou en TC possible",1,0.87,0.9,2.77555756156289e-17
"floor-moderate__car-0.10__bike-0.10","A129","22188","Plerneuf","Département 22","Accès à pied ou en TC possible",1,0.89,0.9,2.77555756156289e-17
"floor-moderate__car-0.10__bike-0.10","A129","22315","Saint-Maudez","Département 22","Accès à pied ou en TC possible",1,0.89,0.9,2.77555756156289e-17
"floor-moderate__car-0.10__bike-0.10","A129","29064","Goulven","Département 29","Accès à pied ou en TC possible",1,0.85,0.9,2.77555756156289e-17
"floor-moderate__car-0.10__bike-0.10","A129","29133","Locquirec","Département 29","Accès à pied ou en TC possible",1,0.84,0.94,2.77555756156289e-17
"floor-moderate__car-0.10__bike-0.10","A129","35072","Châtillon-en-Vendelais","Département 35","Accès à pied ou en TC possible",1,0.87,0.9,2.77555756156289e-17
"floor-moderate__car-0.10__bike-0.10","A129","35120","Gévezé","Département 35","Accès à pied ou en TC possible",1,0.86,0.9,2.77555756156289e-17
"floor-moderate__car-0.10__bike-0.10","A129","35181","Le Minihic-sur-Rance","Département 35","Accès à pied ou en TC possible",1,0.89,0.99,2.77555756156289e-17
"floor-moderate__car-0.10__bike-0.10","A129","35199","Moussé","Département 35","Accès à pied ou en TC possible",1,0.89,0.9,2.77555756156289e-17
"floor-moderate__car-0.10__bike-0.10","A128","35022","Bécherel","Département 35","Le vélo compense",1,0.1,0.94,0
"floor-moderate__car-0.10__bike-0.10","A208","22307","Saint-Julien","Département 22","Le vélo compense",1,0.1,0.92,0
"floor-moderate__car-0.10__bike-0.10","B201","35039","Brécé","Département 35","Le vélo compense",1,0.1,0.91,0
"floor-moderate__car-0.10__bike-0.10","B206","22094","Lancieux","Département 22","Le vélo compense",1,0.1,0.96,0
"floor-moderate__car-0.10__bike-0.10","B209","35039","Brécé","Département 35","Le vélo compense",1,0.1,0.91,0
"floor-moderate__car-0.10__bike-0.10","B209","35353","Vezin-le-Coquet","Département 35","Le vélo compense",1,0.1,0.96,0
"floor-moderate__car-0.10__bike-0.10","B306","35353","Vezin-le-Coquet","Département 35","Le vélo compense",1,0.1,0.96,0
"floor-moderate__car-0.10__bike-0.10","C109","35039","Brécé","Département 35","Le vélo compense",1,0.1,0.91,0
"floor-moderate__car-0.10__bike-0.10","C201","35022","Bécherel","Département 35","Le vélo compense",1,0.1,0.94,0
"floor-moderate__car-0.10__bike-0.10","D267","35189","Montgermont","Département 35","Le vélo compense",1,0.1,0.98,0
"floor-moderate__car-0.10__bike-0.10","D270","35353","Vezin-le-Coquet","Département 35","Le vélo compense",1,0.1,0.96,0
"floor-moderate__car-0.10__bike-0.10","D277","35039","Brécé","Département 35","Le vélo compense",1,0.1,0.92,0
"floor-moderate__car-0.10__bike-0.20","A128","22152","Minihy-Tréguier","Département 22","La voiture ouvre l’accès",1,0.1,0.41,0
"floor-moderate__car-0.10__bike-0.20","A128","29250","Saint-Hernin","Département 29","La voiture ouvre l’accès",1,0.07,0.1,0
"floor-moderate__car-0.10__bike-0.20","A128","35024","Betton","Département 35","La voiture ouvre l’accès",1,0.1,0.54,0
"floor-moderate__car-0.10__bike-0.20","A128","35228","Pleurtuit","Département 35","La voiture ouvre l’accès",1,0.08,0.28,0
"floor-moderate__car-0.10__bike-0.20","A128","35266","Saint-Erblon","Département 35","La voiture ouvre l’accès",1,0.1,0.58,0
"floor-moderate__car-0.10__bike-0.20","A128","56055","Étel","Département 56","La voiture ouvre l’accès",0.1,0,0,0
"floor-moderate__car-0.10__bike-0.20","A128","56083","Hennebont","Département 56","La voiture ouvre l’accès",0.75,0.02,0.22,0
"floor-moderate__car-0.10__bike-0.20","A128","56107","Larmor-Plage","Département 56","La voiture ouvre l’accès",0.1,0,0,0
"floor-moderate__car-0.10__bike-0.20","A128","56123","Malansac","Département 56","La voiture ouvre l’accès",1,0.26,0.46,0
"floor-moderate__car-0.10__bike-0.20","A129","22289","Saint-Fiacre","Département 22","La voiture ouvre l’accès",1,0.1,0.1,0
"floor-moderate__car-0.10__bike-0.20","A203","22082","Le Hinglé","Département 22","La voiture ouvre l’accès",1,0.1,0.19,0
"floor-moderate__car-0.10__bike-0.20","A203","22134","Louannec","Département 22","La voiture ouvre l’accès",1,0.03,0.1,0
"floor-moderate__car-0.10__bike-0.20","F101","35145","Langon","Département 35","Accès à pied ou en TC possible",0.1,0,0.07,0
"floor-moderate__car-0.10__bike-0.20","B324","35057","La Chapelle-Bouëxic","Département 35","Accès à pied ou en TC possible",0.12,0,0.02,1.38777878078145e-17
"floor-moderate__car-0.10__bike-0.20","D267","35312","Saint-Senoux","Département 35","Accès à pied ou en TC possible",0.12,0,0.02,1.38777878078145e-17
"floor-moderate__car-0.10__bike-0.20","A128","35072","Châtillon-en-Vendelais","Département 35","Accès à pied ou en TC possible",1,0.87,0.9,2.77555756156289e-17
"floor-moderate__car-0.10__bike-0.20","A128","56143","Muzillac","Département 56","Accès à pied ou en TC possible",1,0.74,0.9,2.77555756156289e-17
"floor-moderate__car-0.10__bike-0.20","A129","22188","Plerneuf","Département 22","Accès à pied ou en TC possible",1,0.89,0.9,2.77555756156289e-17
"floor-moderate__car-0.10__bike-0.20","A129","22315","Saint-Maudez","Département 22","Accès à pied ou en TC possible",1,0.89,0.9,2.77555756156289e-17
"floor-moderate__car-0.10__bike-0.20","A129","29064","Goulven","Département 29","Accès à pied ou en TC possible",1,0.85,0.9,2.77555756156289e-17
"floor-moderate__car-0.10__bike-0.20","A129","29134","Locronan","Département 29","Accès à pied ou en TC possible",1,0.79,0.9,2.77555756156289e-17
"floor-moderate__car-0.10__bike-0.20","A129","35072","Châtillon-en-Vendelais","Département 35","Accès à pied ou en TC possible",1,0.87,0.9,2.77555756156289e-17
"floor-moderate__car-0.10__bike-0.20","A129","35120","Gévezé","Département 35","Accès à pied ou en TC possible",1,0.86,0.9,2.77555756156289e-17
"floor-moderate__car-0.10__bike-0.20","A129","35199","Moussé","Département 35","Accès à pied ou en TC possible",1,0.89,0.9,2.77555756156289e-17
"floor-moderate__car-0.10__bike-0.20","A128","35022","Bécherel","Département 35","Le vélo compense",1,0.1,0.94,0
"floor-moderate__car-0.10__bike-0.20","A208","22307","Saint-Julien","Département 22","Le vélo compense",1,0.1,0.92,0
"floor-moderate__car-0.10__bike-0.20","B201","35039","Brécé","Département 35","Le vélo compense",1,0.1,0.91,0
"floor-moderate__car-0.10__bike-0.20","B206","22094","Lancieux","Département 22","Le vélo compense",1,0.1,0.96,0
"floor-moderate__car-0.10__bike-0.20","B209","35039","Brécé","Département 35","Le vélo compense",1,0.1,0.91,0
"floor-moderate__car-0.10__bike-0.20","B209","35353","Vezin-le-Coquet","Département 35","Le vélo compense",1,0.1,0.96,0
"floor-moderate__car-0.10__bike-0.20","B306","35353","Vezin-le-Coquet","Département 35","Le vélo compense",1,0.1,0.96,0
"floor-moderate__car-0.10__bike-0.20","C109","35039","Brécé","Département 35","Le vélo compense",1,0.1,0.91,0
"floor-moderate__car-0.10__bike-0.20","C201","35022","Bécherel","Département 35","Le vélo compense",1,0.1,0.94,0
"floor-moderate__car-0.10__bike-0.20","D267","35189","Montgermont","Département 35","Le vélo compense",1,0.1,0.98,0
"floor-moderate__car-0.10__bike-0.20","D270","35353","Vezin-le-Coquet","Département 35","Le vélo compense",1,0.1,0.96,0
"floor-moderate__car-0.10__bike-0.20","D277","35039","Brécé","Département 35","Le vélo compense",1,0.1,0.92,0
"floor-moderate__car-0.10__bike-0.30","A128","22152","Minihy-Tréguier","Département 22","La voiture ouvre l’accès",1,0.1,0.41,0
"floor-moderate__car-0.10__bike-0.30","A128","29250","Saint-Hernin","Département 29","La voiture ouvre l’accès",1,0.07,0.1,0
"floor-moderate__car-0.10__bike-0.30","A128","35024","Betton","Département 35","La voiture ouvre l’accès",1,0.1,0.54,0
"floor-moderate__car-0.10__bike-0.30","A128","35266","Saint-Erblon","Département 35","La voiture ouvre l’accès",1,0.1,0.58,0
"floor-moderate__car-0.10__bike-0.30","A128","56055","Étel","Département 56","La voiture ouvre l’accès",0.1,0,0,0
"floor-moderate__car-0.10__bike-0.30","A128","56107","Larmor-Plage","Département 56","La voiture ouvre l’accès",0.1,0,0,0
"floor-moderate__car-0.10__bike-0.30","A129","22289","Saint-Fiacre","Département 22","La voiture ouvre l’accès",1,0.1,0.1,0
"floor-moderate__car-0.10__bike-0.30","A203","22082","Le Hinglé","Département 22","La voiture ouvre l’accès",1,0.1,0.19,0
"floor-moderate__car-0.10__bike-0.30","A203","22134","Louannec","Département 22","La voiture ouvre l’accès",1,0.03,0.1,0
"floor-moderate__car-0.10__bike-0.30","A203","22144","La Méaugon","Département 22","La voiture ouvre l’accès",1,0,0.1,0
"floor-moderate__car-0.10__bike-0.30","A203","22256","Quemper-Guézennec","Département 22","La voiture ouvre l’accès",1,0.08,0.1,0
"floor-moderate__car-0.10__bike-0.30","A203","22282","Saint-Cast-le-Guildo","Département 22","La voiture ouvre l’accès",1,0.44,0.74,0
"floor-moderate__car-0.10__bike-0.30","F101","35145","Langon","Département 35","Accès à pied ou en TC possible",0.1,0,0.07,0
"floor-moderate__car-0.10__bike-0.30","B324","35057","La Chapelle-Bouëxic","Département 35","Accès à pied ou en TC possible",0.12,0,0.02,1.38777878078145e-17
"floor-moderate__car-0.10__bike-0.30","D267","35312","Saint-Senoux","Département 35","Accès à pied ou en TC possible",0.12,0,0.02,1.38777878078145e-17
"floor-moderate__car-0.10__bike-0.30","A128","35072","Châtillon-en-Vendelais","Département 35","Accès à pied ou en TC possible",1,0.87,0.9,2.77555756156289e-17
"floor-moderate__car-0.10__bike-0.30","A128","56143","Muzillac","Département 56","Accès à pied ou en TC possible",1,0.74,0.9,2.77555756156289e-17
"floor-moderate__car-0.10__bike-0.30","A129","22054","Erquy","Département 22","Accès à pied ou en TC possible",1,0.66,0.9,2.77555756156289e-17
"floor-moderate__car-0.10__bike-0.30","A129","22188","Plerneuf","Département 22","Accès à pied ou en TC possible",1,0.89,0.9,2.77555756156289e-17
"floor-moderate__car-0.10__bike-0.30","A129","22315","Saint-Maudez","Département 22","Accès à pied ou en TC possible",1,0.89,0.9,2.77555756156289e-17
"floor-moderate__car-0.10__bike-0.30","A129","29022","Camaret-sur-Mer","Département 29","Accès à pied ou en TC possible",1,0.65,0.9,2.77555756156289e-17
"floor-moderate__car-0.10__bike-0.30","A129","29064","Goulven","Département 29","Accès à pied ou en TC possible",1,0.85,0.9,2.77555756156289e-17
"floor-moderate__car-0.10__bike-0.30","A129","29134","Locronan","Département 29","Accès à pied ou en TC possible",1,0.79,0.9,2.77555756156289e-17
"floor-moderate__car-0.10__bike-0.30","A129","35072","Châtillon-en-Vendelais","Département 35","Accès à pied ou en TC possible",1,0.87,0.9,2.77555756156289e-17
"floor-moderate__car-0.10__bike-0.30","A128","35022","Bécherel","Département 35","Le vélo compense",1,0.1,0.94,0
"floor-moderate__car-0.10__bike-0.30","A208","22307","Saint-Julien","Département 22","Le vélo compense",1,0.1,0.92,0
"floor-moderate__car-0.10__bike-0.30","B201","35039","Brécé","Département 35","Le vélo compense",1,0.1,0.91,0
"floor-moderate__car-0.10__bike-0.30","B206","22094","Lancieux","Département 22","Le vélo compense",1,0.1,0.96,0
"floor-moderate__car-0.10__bike-0.30","B209","35039","Brécé","Département 35","Le vélo compense",1,0.1,0.91,0
"floor-moderate__car-0.10__bike-0.30","B209","35353","Vezin-le-Coquet","Département 35","Le vélo compense",1,0.1,0.96,0
"floor-moderate__car-0.10__bike-0.30","B306","35353","Vezin-le-Coquet","Département 35","Le vélo compense",1,0.1,0.96,0
"floor-moderate__car-0.10__bike-0.30","C109","35039","Brécé","Département 35","Le vélo compense",1,0.1,0.91,0
"floor-moderate__car-0.10__bike-0.30","C201","35022","Bécherel","Département 35","Le vélo compense",1,0.1,0.94,0
"floor-moderate__car-0.10__bike-0.30","D267","35189","Montgermont","Département 35","Le vélo compense",1,0.1,0.98,0
"floor-moderate__car-0.10__bike-0.30","D270","35353","Vezin-le-Coquet","Département 35","Le vélo compense",1,0.1,0.96,0
"floor-moderate__car-0.10__bike-0.30","D277","35039","Brécé","Département 35","Le vélo compense",1,0.1,0.92,0
"floor-moderate__car-0.20__bike-0.05","A128","22127","Lézardrieux","Département 22","La voiture ouvre l’accès",0.83,0,0.05,0
"floor-moderate__car-0.20__bike-0.05","A128","22152","Minihy-Tréguier","Département 22","La voiture ouvre l’accès",1,0.1,0.41,0
"floor-moderate__car-0.20__bike-0.05","A128","22243","Plusquellec","Département 22","La voiture ouvre l’accès",1,0.02,0.07,0
"floor-moderate__car-0.20__bike-0.05","A128","22387","Le Vieux-Marché","Département 22","La voiture ouvre l’accès",1,0.06,0.11,0
"floor-moderate__car-0.20__bike-0.05","A128","29147","Mellac","Département 29","La voiture ouvre l’accès",1,0,0.05,0
"floor-moderate__car-0.20__bike-0.05","A128","29235","Le Relecq-Kerhuon","Département 29","La voiture ouvre l’accès",1,0,0.05,0
"floor-moderate__car-0.20__bike-0.05","A128","29250","Saint-Hernin","Département 29","La voiture ouvre l’accès",1,0.07,0.1,0
"floor-moderate__car-0.20__bike-0.05","A128","35024","Betton","Département 35","La voiture ouvre l’accès",1,0.1,0.54,0
"floor-moderate__car-0.20__bike-0.05","A128","35266","Saint-Erblon","Département 35","La voiture ouvre l’accès",1,0.1,0.58,0
"floor-moderate__car-0.20__bike-0.05","A129","22289","Saint-Fiacre","Département 22","La voiture ouvre l’accès",1,0.1,0.1,0
"floor-moderate__car-0.20__bike-0.05","A203","22082","Le Hinglé","Département 22","La voiture ouvre l’accès",1,0.1,0.19,0
"floor-moderate__car-0.20__bike-0.05","A203","22134","Louannec","Département 22","La voiture ouvre l’accès",1,0.03,0.1,0
"floor-moderate__car-0.20__bike-0.05","A128","56055","Étel","Département 56","Accès à pied ou en TC possible",0.1,0,0,0
"floor-moderate__car-0.20__bike-0.05","A128","56107","Larmor-Plage","Département 56","Accès à pied ou en TC possible",0.1,0,0,0
"floor-moderate__car-0.20__bike-0.05","A207","22035","Les Champs-Géraux","Département 22","Accès à pied ou en TC possible",0.1,0,0,0
"floor-moderate__car-0.20__bike-0.05","A207","22132","Lohuec","Département 22","Accès à pied ou en TC possible",0.1,0,0,0
"floor-moderate__car-0.20__bike-0.05","A207","22299","Saint-Hélen","Département 22","Accès à pied ou en TC possible",0.1,0,0,0
"floor-moderate__car-0.20__bike-0.05","A207","29029","Cléden-Poher","Département 29","Accès à pied ou en TC possible",0.1,0,0,0
"floor-moderate__car-0.20__bike-0.05","A207","29274","Scaër","Département 29","Accès à pied ou en TC possible",0.1,0,0,0
"floor-moderate__car-0.20__bike-0.05","A207","56030","Camoël","Département 56","Accès à pied ou en TC possible",0.1,0,0,0
"floor-moderate__car-0.20__bike-0.05","B103","22128","Locarn","Département 22","Accès à pied ou en TC possible",0.1,0,0,0
"floor-moderate__car-0.20__bike-0.05","B103","29294","Le Tréhou","Département 29","Accès à pied ou en TC possible",0.1,0,0,0
"floor-moderate__car-0.20__bike-0.05","B103","35230","Poilley","Département 35","Accès à pied ou en TC possible",0.1,0,0,0
"floor-moderate__car-0.20__bike-0.05","B103","35357","Villamée","Département 35","Accès à pied ou en TC possible",0.1,0,0,0
"floor-moderate__car-0.20__bike-0.05","A128","35022","Bécherel","Département 35","Le vélo compense",1,0.1,0.94,0
"floor-moderate__car-0.20__bike-0.05","A203","35250","Saint-Armel","Département 35","Le vélo compense",1,0.1,0.87,0
"floor-moderate__car-0.20__bike-0.05","A206","35250","Saint-Armel","Département 35","Le vélo compense",1,0.1,0.87,0
"floor-moderate__car-0.20__bike-0.05","A208","22307","Saint-Julien","Département 22","Le vélo compense",1,0.1,0.92,0
"floor-moderate__car-0.20__bike-0.05","A401","22385","La Vicomté-sur-Rance","Département 22","Le vélo compense",1,0.1,0.89,0
"floor-moderate__car-0.20__bike-0.05","B105","35152","Liffré","Département 35","Le vélo compense",1,0.1,0.85,0
"floor-moderate__car-0.20__bike-0.05","B201","35039","Brécé","Département 35","Le vélo compense",1,0.1,0.91,0
"floor-moderate__car-0.20__bike-0.05","B204","35250","Saint-Armel","Département 35","Le vélo compense",1,0.1,0.85,0
"floor-moderate__car-0.20__bike-0.05","B206","22094","Lancieux","Département 22","Le vélo compense",1,0.1,0.96,0
"floor-moderate__car-0.20__bike-0.05","B206","56206","Saint-Avé","Département 56","Le vélo compense",1,0.1,0.85,0
"floor-moderate__car-0.20__bike-0.05","B209","35039","Brécé","Département 35","Le vélo compense",1,0.1,0.91,0
"floor-moderate__car-0.20__bike-0.05","B209","35353","Vezin-le-Coquet","Département 35","Le vélo compense",1,0.1,0.96,0
"floor-moderate__car-0.20__bike-0.10","A128","22152","Minihy-Tréguier","Département 22","La voiture ouvre l’accès",1,0.1,0.41,0
"floor-moderate__car-0.20__bike-0.10","A128","29250","Saint-Hernin","Département 29","La voiture ouvre l’accès",1,0.07,0.1,0
"floor-moderate__car-0.20__bike-0.10","A128","35024","Betton","Département 35","La voiture ouvre l’accès",1,0.1,0.54,0
"floor-moderate__car-0.20__bike-0.10","A128","35066","Chartres-de-Bretagne","Département 35","La voiture ouvre l’accès",1,0.01,0.11,0
"floor-moderate__car-0.20__bike-0.10","A128","35266","Saint-Erblon","Département 35","La voiture ouvre l’accès",1,0.1,0.58,0
"floor-moderate__car-0.20__bike-0.10","A129","22289","Saint-Fiacre","Département 22","La voiture ouvre l’accès",1,0.1,0.1,0
"floor-moderate__car-0.20__bike-0.10","A129","22387","Le Vieux-Marché","Département 22","La voiture ouvre l’accès",1,0.07,0.17,0
"floor-moderate__car-0.20__bike-0.10","A129","29150","Moëlan-sur-Mer","Département 29","La voiture ouvre l’accès",1,0.22,0.32,0
"floor-moderate__car-0.20__bike-0.10","A129","35176","Guipry-Messac","Département 35","La voiture ouvre l’accès",1,0.21,0.31,0
"floor-moderate__car-0.20__bike-0.10","A203","22082","Le Hinglé","Département 22","La voiture ouvre l’accès",1,0.1,0.19,0
"floor-moderate__car-0.20__bike-0.10","A203","22134","Louannec","Département 22","La voiture ouvre l’accès",1,0.03,0.1,0
"floor-moderate__car-0.20__bike-0.10","A203","22144","La Méaugon","Département 22","La voiture ouvre l’accès",1,0,0.1,0
"floor-moderate__car-0.20__bike-0.10","A128","56055","Étel","Département 56","Accès à pied ou en TC possible",0.1,0,0,0
"floor-moderate__car-0.20__bike-0.10","A128","56107","Larmor-Plage","Département 56","Accès à pied ou en TC possible",0.1,0,0,0
"floor-moderate__car-0.20__bike-0.10","A207","22035","Les Champs-Géraux","Département 22","Accès à pied ou en TC possible",0.1,0,0,0
"floor-moderate__car-0.20__bike-0.10","A207","22132","Lohuec","Département 22","Accès à pied ou en TC possible",0.1,0,0,0
"floor-moderate__car-0.20__bike-0.10","A207","22299","Saint-Hélen","Département 22","Accès à pied ou en TC possible",0.1,0,0,0
"floor-moderate__car-0.20__bike-0.10","A207","29029","Cléden-Poher","Département 29","Accès à pied ou en TC possible",0.1,0,0,0
"floor-moderate__car-0.20__bike-0.10","A207","29274","Scaër","Département 29","Accès à pied ou en TC possible",0.1,0,0,0
"floor-moderate__car-0.20__bike-0.10","A207","56030","Camoël","Département 56","Accès à pied ou en TC possible",0.1,0,0,0
"floor-moderate__car-0.20__bike-0.10","B103","22128","Locarn","Département 22","Accès à pied ou en TC possible",0.1,0,0,0
"floor-moderate__car-0.20__bike-0.10","B103","29294","Le Tréhou","Département 29","Accès à pied ou en TC possible",0.1,0,0,0
"floor-moderate__car-0.20__bike-0.10","B103","35230","Poilley","Département 35","Accès à pied ou en TC possible",0.1,0,0,0
"floor-moderate__car-0.20__bike-0.10","B103","35357","Villamée","Département 35","Accès à pied ou en TC possible",0.1,0,0,0
"floor-moderate__car-0.20__bike-0.10","A128","35022","Bécherel","Département 35","Le vélo compense",1,0.1,0.94,0
"floor-moderate__car-0.20__bike-0.10","A203","35250","Saint-Armel","Département 35","Le vélo compense",1,0.1,0.87,0
"floor-moderate__car-0.20__bike-0.10","A206","35250","Saint-Armel","Département 35","Le vélo compense",1,0.1,0.87,0
"floor-moderate__car-0.20__bike-0.10","A208","22307","Saint-Julien","Département 22","Le vélo compense",1,0.1,0.92,0
"floor-moderate__car-0.20__bike-0.10","A401","22385","La Vicomté-sur-Rance","Département 22","Le vélo compense",1,0.1,0.89,0
"floor-moderate__car-0.20__bike-0.10","B105","35152","Liffré","Département 35","Le vélo compense",1,0.1,0.85,0
"floor-moderate__car-0.20__bike-0.10","B201","35039","Brécé","Département 35","Le vélo compense",1,0.1,0.91,0
"floor-moderate__car-0.20__bike-0.10","B204","35250","Saint-Armel","Département 35","Le vélo compense",1,0.1,0.85,0
"floor-moderate__car-0.20__bike-0.10","B206","22094","Lancieux","Département 22","Le vélo compense",1,0.1,0.96,0
"floor-moderate__car-0.20__bike-0.10","B206","56206","Saint-Avé","Département 56","Le vélo compense",1,0.1,0.85,0
"floor-moderate__car-0.20__bike-0.10","B209","35039","Brécé","Département 35","Le vélo compense",1,0.1,0.91,0
"floor-moderate__car-0.20__bike-0.10","B209","35353","Vezin-le-Coquet","Département 35","Le vélo compense",1,0.1,0.96,0
"floor-moderate__car-0.20__bike-0.20","A128","22152","Minihy-Tréguier","Département 22","La voiture ouvre l’accès",1,0.1,0.41,0
"floor-moderate__car-0.20__bike-0.20","A128","29250","Saint-Hernin","Département 29","La voiture ouvre l’accès",1,0.07,0.1,0
"floor-moderate__car-0.20__bike-0.20","A128","35024","Betton","Département 35","La voiture ouvre l’accès",1,0.1,0.54,0
"floor-moderate__car-0.20__bike-0.20","A128","35228","Pleurtuit","Département 35","La voiture ouvre l’accès",1,0.08,0.28,0
"floor-moderate__car-0.20__bike-0.20","A128","35266","Saint-Erblon","Département 35","La voiture ouvre l’accès",1,0.1,0.58,0
"floor-moderate__car-0.20__bike-0.20","A128","56083","Hennebont","Département 56","La voiture ouvre l’accès",0.75,0.02,0.22,0
"floor-moderate__car-0.20__bike-0.20","A128","56123","Malansac","Département 56","La voiture ouvre l’accès",1,0.26,0.46,0
"floor-moderate__car-0.20__bike-0.20","A129","22289","Saint-Fiacre","Département 22","La voiture ouvre l’accès",1,0.1,0.1,0
"floor-moderate__car-0.20__bike-0.20","A203","22082","Le Hinglé","Département 22","La voiture ouvre l’accès",1,0.1,0.19,0
"floor-moderate__car-0.20__bike-0.20","A203","22134","Louannec","Département 22","La voiture ouvre l’accès",1,0.03,0.1,0
"floor-moderate__car-0.20__bike-0.20","A203","22144","La Méaugon","Département 22","La voiture ouvre l’accès",1,0,0.1,0
"floor-moderate__car-0.20__bike-0.20","A203","22256","Quemper-Guézennec","Département 22","La voiture ouvre l’accès",1,0.08,0.1,0
"floor-moderate__car-0.20__bike-0.20","A128","56055","Étel","Département 56","Accès à pied ou en TC possible",0.1,0,0,0
"floor-moderate__car-0.20__bike-0.20","A128","56107","Larmor-Plage","Département 56","Accès à pied ou en TC possible",0.1,0,0,0
"floor-moderate__car-0.20__bike-0.20","A207","22035","Les Champs-Géraux","Département 22","Accès à pied ou en TC possible",0.1,0,0,0
"floor-moderate__car-0.20__bike-0.20","A207","22132","Lohuec","Département 22","Accès à pied ou en TC possible",0.1,0,0,0
"floor-moderate__car-0.20__bike-0.20","A207","22299","Saint-Hélen","Département 22","Accès à pied ou en TC possible",0.1,0,0,0
"floor-moderate__car-0.20__bike-0.20","A207","29029","Cléden-Poher","Département 29","Accès à pied ou en TC possible",0.1,0,0,0
"floor-moderate__car-0.20__bike-0.20","A207","29274","Scaër","Département 29","Accès à pied ou en TC possible",0.1,0,0,0
"floor-moderate__car-0.20__bike-0.20","A207","56030","Camoël","Département 56","Accès à pied ou en TC possible",0.1,0,0,0
"floor-moderate__car-0.20__bike-0.20","B103","22128","Locarn","Département 22","Accès à pied ou en TC possible",0.1,0,0,0
"floor-moderate__car-0.20__bike-0.20","B103","29294","Le Tréhou","Département 29","Accès à pied ou en TC possible",0.1,0,0,0
"floor-moderate__car-0.20__bike-0.20","B103","35230","Poilley","Département 35","Accès à pied ou en TC possible",0.1,0,0,0
"floor-moderate__car-0.20__bike-0.20","B103","35357","Villamée","Département 35","Accès à pied ou en TC possible",0.1,0,0,0
"floor-moderate__car-0.20__bike-0.20","A128","35022","Bécherel","Département 35","Le vélo compense",1,0.1,0.94,0
"floor-moderate__car-0.20__bike-0.20","A203","35250","Saint-Armel","Département 35","Le vélo compense",1,0.1,0.87,0
"floor-moderate__car-0.20__bike-0.20","A206","35250","Saint-Armel","Département 35","Le vélo compense",1,0.1,0.87,0
"floor-moderate__car-0.20__bike-0.20","A208","22307","Saint-Julien","Département 22","Le vélo compense",1,0.1,0.92,0
"floor-moderate__car-0.20__bike-0.20","A401","22385","La Vicomté-sur-Rance","Département 22","Le vélo compense",1,0.1,0.89,0
"floor-moderate__car-0.20__bike-0.20","B105","35152","Liffré","Département 35","Le vélo compense",1,0.1,0.85,0
"floor-moderate__car-0.20__bike-0.20","B201","35039","Brécé","Département 35","Le vélo compense",1,0.1,0.91,0
"floor-moderate__car-0.20__bike-0.20","B204","35250","Saint-Armel","Département 35","Le vélo compense",1,0.1,0.85,0
"floor-moderate__car-0.20__bike-0.20","B206","22094","Lancieux","Département 22","Le vélo compense",1,0.1,0.96,0
"floor-moderate__car-0.20__bike-0.20","B206","56206","Saint-Avé","Département 56","Le vélo compense",1,0.1,0.85,0
"floor-moderate__car-0.20__bike-0.20","B209","35039","Brécé","Département 35","Le vélo compense",1,0.1,0.91,0
"floor-moderate__car-0.20__bike-0.20","B209","35353","Vezin-le-Coquet","Département 35","Le vélo compense",1,0.1,0.96,0
"floor-moderate__car-0.20__bike-0.30","A128","22152","Minihy-Tréguier","Département 22","La voiture ouvre l’accès",1,0.1,0.41,0
"floor-moderate__car-0.20__bike-0.30","A128","29250","Saint-Hernin","Département 29","La voiture ouvre l’accès",1,0.07,0.1,0
"floor-moderate__car-0.20__bike-0.30","A128","35024","Betton","Département 35","La voiture ouvre l’accès",1,0.1,0.54,0
"floor-moderate__car-0.20__bike-0.30","A128","35266","Saint-Erblon","Département 35","La voiture ouvre l’accès",1,0.1,0.58,0
"floor-moderate__car-0.20__bike-0.30","A129","22289","Saint-Fiacre","Département 22","La voiture ouvre l’accès",1,0.1,0.1,0
"floor-moderate__car-0.20__bike-0.30","A203","22082","Le Hinglé","Département 22","La voiture ouvre l’accès",1,0.1,0.19,0
"floor-moderate__car-0.20__bike-0.30","A203","22134","Louannec","Département 22","La voiture ouvre l’accès",1,0.03,0.1,0
"floor-moderate__car-0.20__bike-0.30","A203","22144","La Méaugon","Département 22","La voiture ouvre l’accès",1,0,0.1,0
"floor-moderate__car-0.20__bike-0.30","A203","22256","Quemper-Guézennec","Département 22","La voiture ouvre l’accès",1,0.08,0.1,0
"floor-moderate__car-0.20__bike-0.30","A203","22282","Saint-Cast-le-Guildo","Département 22","La voiture ouvre l’accès",1,0.44,0.74,0
"floor-moderate__car-0.20__bike-0.30","A203","22289","Saint-Fiacre","Département 22","La voiture ouvre l’accès",0.2,0,0,0
"floor-moderate__car-0.20__bike-0.30","A203","29073","Guimaëc","Département 29","La voiture ouvre l’accès",1,0,0.1,0
"floor-moderate__car-0.20__bike-0.30","A128","56055","Étel","Département 56","Accès à pied ou en TC possible",0.1,0,0,0
"floor-moderate__car-0.20__bike-0.30","A128","56107","Larmor-Plage","Département 56","Accès à pied ou en TC possible",0.1,0,0,0
"floor-moderate__car-0.20__bike-0.30","A207","22035","Les Champs-Géraux","Département 22","Accès à pied ou en TC possible",0.1,0,0,0
"floor-moderate__car-0.20__bike-0.30","A207","22132","Lohuec","Département 22","Accès à pied ou en TC possible",0.1,0,0,0
"floor-moderate__car-0.20__bike-0.30","A207","22299","Saint-Hélen","Département 22","Accès à pied ou en TC possible",0.1,0,0,0
"floor-moderate__car-0.20__bike-0.30","A207","29029","Cléden-Poher","Département 29","Accès à pied ou en TC possible",0.1,0,0,0
"floor-moderate__car-0.20__bike-0.30","A207","29274","Scaër","Département 29","Accès à pied ou en TC possible",0.1,0,0,0
"floor-moderate__car-0.20__bike-0.30","A207","56030","Camoël","Département 56","Accès à pied ou en TC possible",0.1,0,0,0
"floor-moderate__car-0.20__bike-0.30","B103","22128","Locarn","Département 22","Accès à pied ou en TC possible",0.1,0,0,0
"floor-moderate__car-0.20__bike-0.30","B103","29294","Le Tréhou","Département 29","Accès à pied ou en TC possible",0.1,0,0,0
"floor-moderate__car-0.20__bike-0.30","B103","35230","Poilley","Département 35","Accès à pied ou en TC possible",0.1,0,0,0
"floor-moderate__car-0.20__bike-0.30","B103","35357","Villamée","Département 35","Accès à pied ou en TC possible",0.1,0,0,0
"floor-moderate__car-0.20__bike-0.30","A128","35022","Bécherel","Département 35","Le vélo compense",1,0.1,0.94,0
"floor-moderate__car-0.20__bike-0.30","A203","35250","Saint-Armel","Département 35","Le vélo compense",1,0.1,0.87,0
"floor-moderate__car-0.20__bike-0.30","A206","35250","Saint-Armel","Département 35","Le vélo compense",1,0.1,0.87,0
"floor-moderate__car-0.20__bike-0.30","A208","22307","Saint-Julien","Département 22","Le vélo compense",1,0.1,0.92,0
"floor-moderate__car-0.20__bike-0.30","A401","22385","La Vicomté-sur-Rance","Département 22","Le vélo compense",1,0.1,0.89,0
"floor-moderate__car-0.20__bike-0.30","B105","35152","Liffré","Département 35","Le vélo compense",1,0.1,0.85,0
"floor-moderate__car-0.20__bike-0.30","B201","35039","Brécé","Département 35","Le vélo compense",1,0.1,0.91,0
"floor-moderate__car-0.20__bike-0.30","B204","35250","Saint-Armel","Département 35","Le vélo compense",1,0.1,0.85,0
"floor-moderate__car-0.20__bike-0.30","B206","22094","Lancieux","Département 22","Le vélo compense",1,0.1,0.96,0
"floor-moderate__car-0.20__bike-0.30","B206","56206","Saint-Avé","Département 56","Le vélo compense",1,0.1,0.85,0
"floor-moderate__car-0.20__bike-0.30","B209","35039","Brécé","Département 35","Le vélo compense",1,0.1,0.91,0
"floor-moderate__car-0.20__bike-0.30","B209","35353","Vezin-le-Coquet","Département 35","Le vélo compense",1,0.1,0.96,0
"floor-moderate__car-0.30__bike-0.05","A128","22127","Lézardrieux","Département 22","La voiture ouvre l’accès",0.83,0,0.05,0
"floor-moderate__car-0.30__bike-0.05","A128","22152","Minihy-Tréguier","Département 22","La voiture ouvre l’accès",1,0.1,0.41,0
"floor-moderate__car-0.30__bike-0.05","A128","22243","Plusquellec","Département 22","La voiture ouvre l’accès",1,0.02,0.07,0
"floor-moderate__car-0.30__bike-0.05","A128","22335","Senven-Léhart","Département 22","La voiture ouvre l’accès",0.3,0,0,0
"floor-moderate__car-0.30__bike-0.05","A128","22387","Le Vieux-Marché","Département 22","La voiture ouvre l’accès",1,0.06,0.11,0
"floor-moderate__car-0.30__bike-0.05","A128","29147","Mellac","Département 29","La voiture ouvre l’accès",1,0,0.05,0
"floor-moderate__car-0.30__bike-0.05","A128","29235","Le Relecq-Kerhuon","Département 29","La voiture ouvre l’accès",1,0,0.05,0
"floor-moderate__car-0.30__bike-0.05","A128","29250","Saint-Hernin","Département 29","La voiture ouvre l’accès",1,0.07,0.1,0
"floor-moderate__car-0.30__bike-0.05","A128","35024","Betton","Département 35","La voiture ouvre l’accès",1,0.1,0.54,0
"floor-moderate__car-0.30__bike-0.05","A128","35266","Saint-Erblon","Département 35","La voiture ouvre l’accès",1,0.1,0.58,0
"floor-moderate__car-0.30__bike-0.05","A129","22289","Saint-Fiacre","Département 22","La voiture ouvre l’accès",1,0.1,0.1,0
"floor-moderate__car-0.30__bike-0.05","A203","22082","Le Hinglé","Département 22","La voiture ouvre l’accès",1,0.1,0.19,0
"floor-moderate__car-0.30__bike-0.05","A128","56055","Étel","Département 56","Accès à pied ou en TC possible",0.1,0,0,0
"floor-moderate__car-0.30__bike-0.05","A128","56107","Larmor-Plage","Département 56","Accès à pied ou en TC possible",0.1,0,0,0
"floor-moderate__car-0.30__bike-0.05","A207","22035","Les Champs-Géraux","Département 22","Accès à pied ou en TC possible",0.1,0,0,0
"floor-moderate__car-0.30__bike-0.05","A207","22132","Lohuec","Département 22","Accès à pied ou en TC possible",0.1,0,0,0
"floor-moderate__car-0.30__bike-0.05","A207","22299","Saint-Hélen","Département 22","Accès à pied ou en TC possible",0.1,0,0,0
"floor-moderate__car-0.30__bike-0.05","A207","29029","Cléden-Poher","Département 29","Accès à pied ou en TC possible",0.1,0,0,0
"floor-moderate__car-0.30__bike-0.05","A207","29274","Scaër","Département 29","Accès à pied ou en TC possible",0.1,0,0,0
"floor-moderate__car-0.30__bike-0.05","A207","56030","Camoël","Département 56","Accès à pied ou en TC possible",0.1,0,0,0
"floor-moderate__car-0.30__bike-0.05","B103","22128","Locarn","Département 22","Accès à pied ou en TC possible",0.1,0,0,0
"floor-moderate__car-0.30__bike-0.05","B103","29294","Le Tréhou","Département 29","Accès à pied ou en TC possible",0.1,0,0,0
"floor-moderate__car-0.30__bike-0.05","B103","35230","Poilley","Département 35","Accès à pied ou en TC possible",0.1,0,0,0
"floor-moderate__car-0.30__bike-0.05","B103","35357","Villamée","Département 35","Accès à pied ou en TC possible",0.1,0,0,0
"floor-moderate__car-0.30__bike-0.05","A128","35022","Bécherel","Département 35","Le vélo compense",1,0.1,0.94,0
"floor-moderate__car-0.30__bike-0.05","A203","35250","Saint-Armel","Département 35","Le vélo compense",1,0.1,0.87,0
"floor-moderate__car-0.30__bike-0.05","A206","35250","Saint-Armel","Département 35","Le vélo compense",1,0.1,0.87,0
"floor-moderate__car-0.30__bike-0.05","A207","35240","Le Rheu","Département 35","Le vélo compense",1,0.1,0.71,0
"floor-moderate__car-0.30__bike-0.05","A208","22307","Saint-Julien","Département 22","Le vélo compense",1,0.1,0.92,0
"floor-moderate__car-0.30__bike-0.05","A401","22385","La Vicomté-sur-Rance","Département 22","Le vélo compense",1,0.1,0.89,0
"floor-moderate__car-0.30__bike-0.05","A404","35081","Clayes","Département 35","Le vélo compense",1,0.1,0.75,0
"floor-moderate__car-0.30__bike-0.05","B103","35297","Saint-Méen-le-Grand","Département 35","Le vélo compense",1,0.1,0.73,0
"floor-moderate__car-0.30__bike-0.05","B105","35152","Liffré","Département 35","Le vélo compense",1,0.1,0.85,0
"floor-moderate__car-0.30__bike-0.05","B201","35039","Brécé","Département 35","Le vélo compense",1,0.1,0.91,0
"floor-moderate__car-0.30__bike-0.05","B204","35250","Saint-Armel","Département 35","Le vélo compense",1,0.1,0.85,0
"floor-moderate__car-0.30__bike-0.05","B206","22094","Lancieux","Département 22","Le vélo compense",1,0.1,0.96,0
"floor-moderate__car-0.30__bike-0.10","A128","22152","Minihy-Tréguier","Département 22","La voiture ouvre l’accès",1,0.1,0.41,0
"floor-moderate__car-0.30__bike-0.10","A128","22335","Senven-Léhart","Département 22","La voiture ouvre l’accès",0.3,0,0,0
"floor-moderate__car-0.30__bike-0.10","A128","29250","Saint-Hernin","Département 29","La voiture ouvre l’accès",1,0.07,0.1,0
"floor-moderate__car-0.30__bike-0.10","A128","35024","Betton","Département 35","La voiture ouvre l’accès",1,0.1,0.54,0
"floor-moderate__car-0.30__bike-0.10","A128","35066","Chartres-de-Bretagne","Département 35","La voiture ouvre l’accès",1,0.01,0.11,0
"floor-moderate__car-0.30__bike-0.10","A128","35266","Saint-Erblon","Département 35","La voiture ouvre l’accès",1,0.1,0.58,0
"floor-moderate__car-0.30__bike-0.10","A129","22289","Saint-Fiacre","Département 22","La voiture ouvre l’accès",1,0.1,0.1,0
"floor-moderate__car-0.30__bike-0.10","A129","22387","Le Vieux-Marché","Département 22","La voiture ouvre l’accès",1,0.07,0.17,0
"floor-moderate__car-0.30__bike-0.10","A129","29150","Moëlan-sur-Mer","Département 29","La voiture ouvre l’accès",1,0.22,0.32,0
"floor-moderate__car-0.30__bike-0.10","A129","35176","Guipry-Messac","Département 35","La voiture ouvre l’accès",1,0.21,0.31,0
"floor-moderate__car-0.30__bike-0.10","A203","22082","Le Hinglé","Département 22","La voiture ouvre l’accès",1,0.1,0.19,0
"floor-moderate__car-0.30__bike-0.10","A203","22134","Louannec","Département 22","La voiture ouvre l’accès",1,0.03,0.1,0
"floor-moderate__car-0.30__bike-0.10","A128","56055","Étel","Département 56","Accès à pied ou en TC possible",0.1,0,0,0
"floor-moderate__car-0.30__bike-0.10","A128","56107","Larmor-Plage","Département 56","Accès à pied ou en TC possible",0.1,0,0,0
"floor-moderate__car-0.30__bike-0.10","A207","22035","Les Champs-Géraux","Département 22","Accès à pied ou en TC possible",0.1,0,0,0
"floor-moderate__car-0.30__bike-0.10","A207","22132","Lohuec","Département 22","Accès à pied ou en TC possible",0.1,0,0,0
"floor-moderate__car-0.30__bike-0.10","A207","22299","Saint-Hélen","Département 22","Accès à pied ou en TC possible",0.1,0,0,0
"floor-moderate__car-0.30__bike-0.10","A207","29029","Cléden-Poher","Département 29","Accès à pied ou en TC possible",0.1,0,0,0
"floor-moderate__car-0.30__bike-0.10","A207","29274","Scaër","Département 29","Accès à pied ou en TC possible",0.1,0,0,0
"floor-moderate__car-0.30__bike-0.10","A207","56030","Camoël","Département 56","Accès à pied ou en TC possible",0.1,0,0,0
"floor-moderate__car-0.30__bike-0.10","B103","22128","Locarn","Département 22","Accès à pied ou en TC possible",0.1,0,0,0
"floor-moderate__car-0.30__bike-0.10","B103","29294","Le Tréhou","Département 29","Accès à pied ou en TC possible",0.1,0,0,0
"floor-moderate__car-0.30__bike-0.10","B103","35230","Poilley","Département 35","Accès à pied ou en TC possible",0.1,0,0,0
"floor-moderate__car-0.30__bike-0.10","B103","35357","Villamée","Département 35","Accès à pied ou en TC possible",0.1,0,0,0
"floor-moderate__car-0.30__bike-0.10","A128","35022","Bécherel","Département 35","Le vélo compense",1,0.1,0.94,0
"floor-moderate__car-0.30__bike-0.10","A203","35250","Saint-Armel","Département 35","Le vélo compense",1,0.1,0.87,0
"floor-moderate__car-0.30__bike-0.10","A206","35250","Saint-Armel","Département 35","Le vélo compense",1,0.1,0.87,0
"floor-moderate__car-0.30__bike-0.10","A207","35240","Le Rheu","Département 35","Le vélo compense",1,0.1,0.71,0
"floor-moderate__car-0.30__bike-0.10","A208","22307","Saint-Julien","Département 22","Le vélo compense",1,0.1,0.92,0
"floor-moderate__car-0.30__bike-0.10","A401","22385","La Vicomté-sur-Rance","Département 22","Le vélo compense",1,0.1,0.89,0
"floor-moderate__car-0.30__bike-0.10","A404","35081","Clayes","Département 35","Le vélo compense",1,0.1,0.75,0
"floor-moderate__car-0.30__bike-0.10","B103","35297","Saint-Méen-le-Grand","Département 35","Le vélo compense",1,0.1,0.73,0
"floor-moderate__car-0.30__bike-0.10","B105","35152","Liffré","Département 35","Le vélo compense",1,0.1,0.85,0
"floor-moderate__car-0.30__bike-0.10","B201","35039","Brécé","Département 35","Le vélo compense",1,0.1,0.91,0
"floor-moderate__car-0.30__bike-0.10","B204","35250","Saint-Armel","Département 35","Le vélo compense",1,0.1,0.85,0
"floor-moderate__car-0.30__bike-0.10","B206","22094","Lancieux","Département 22","Le vélo compense",1,0.1,0.96,0
"floor-moderate__car-0.30__bike-0.20","A128","22152","Minihy-Tréguier","Département 22","La voiture ouvre l’accès",1,0.1,0.41,0
"floor-moderate__car-0.30__bike-0.20","A128","22335","Senven-Léhart","Département 22","La voiture ouvre l’accès",0.3,0,0,0
"floor-moderate__car-0.30__bike-0.20","A128","29250","Saint-Hernin","Département 29","La voiture ouvre l’accès",1,0.07,0.1,0
"floor-moderate__car-0.30__bike-0.20","A128","35024","Betton","Département 35","La voiture ouvre l’accès",1,0.1,0.54,0
"floor-moderate__car-0.30__bike-0.20","A128","35228","Pleurtuit","Département 35","La voiture ouvre l’accès",1,0.08,0.28,0
"floor-moderate__car-0.30__bike-0.20","A128","35266","Saint-Erblon","Département 35","La voiture ouvre l’accès",1,0.1,0.58,0
"floor-moderate__car-0.30__bike-0.20","A128","56083","Hennebont","Département 56","La voiture ouvre l’accès",0.75,0.02,0.22,0
"floor-moderate__car-0.30__bike-0.20","A128","56123","Malansac","Département 56","La voiture ouvre l’accès",1,0.26,0.46,0
"floor-moderate__car-0.30__bike-0.20","A129","22289","Saint-Fiacre","Département 22","La voiture ouvre l’accès",1,0.1,0.1,0
"floor-moderate__car-0.30__bike-0.20","A203","22082","Le Hinglé","Département 22","La voiture ouvre l’accès",1,0.1,0.19,0
"floor-moderate__car-0.30__bike-0.20","A203","22134","Louannec","Département 22","La voiture ouvre l’accès",1,0.03,0.1,0
"floor-moderate__car-0.30__bike-0.20","A203","22144","La Méaugon","Département 22","La voiture ouvre l’accès",1,0,0.1,0
"floor-moderate__car-0.30__bike-0.20","A128","56055","Étel","Département 56","Accès à pied ou en TC possible",0.1,0,0,0
"floor-moderate__car-0.30__bike-0.20","A128","56107","Larmor-Plage","Département 56","Accès à pied ou en TC possible",0.1,0,0,0
"floor-moderate__car-0.30__bike-0.20","A207","22035","Les Champs-Géraux","Département 22","Accès à pied ou en TC possible",0.1,0,0,0
"floor-moderate__car-0.30__bike-0.20","A207","22132","Lohuec","Département 22","Accès à pied ou en TC possible",0.1,0,0,0
"floor-moderate__car-0.30__bike-0.20","A207","22299","Saint-Hélen","Département 22","Accès à pied ou en TC possible",0.1,0,0,0
"floor-moderate__car-0.30__bike-0.20","A207","29029","Cléden-Poher","Département 29","Accès à pied ou en TC possible",0.1,0,0,0
"floor-moderate__car-0.30__bike-0.20","A207","29274","Scaër","Département 29","Accès à pied ou en TC possible",0.1,0,0,0
"floor-moderate__car-0.30__bike-0.20","A207","56030","Camoël","Département 56","Accès à pied ou en TC possible",0.1,0,0,0
"floor-moderate__car-0.30__bike-0.20","B103","22128","Locarn","Département 22","Accès à pied ou en TC possible",0.1,0,0,0
"floor-moderate__car-0.30__bike-0.20","B103","29294","Le Tréhou","Département 29","Accès à pied ou en TC possible",0.1,0,0,0
"floor-moderate__car-0.30__bike-0.20","B103","35230","Poilley","Département 35","Accès à pied ou en TC possible",0.1,0,0,0
"floor-moderate__car-0.30__bike-0.20","B103","35357","Villamée","Département 35","Accès à pied ou en TC possible",0.1,0,0,0
"floor-moderate__car-0.30__bike-0.20","A128","35022","Bécherel","Département 35","Le vélo compense",1,0.1,0.94,0
"floor-moderate__car-0.30__bike-0.20","A203","35250","Saint-Armel","Département 35","Le vélo compense",1,0.1,0.87,0
"floor-moderate__car-0.30__bike-0.20","A206","35250","Saint-Armel","Département 35","Le vélo compense",1,0.1,0.87,0
"floor-moderate__car-0.30__bike-0.20","A207","35240","Le Rheu","Département 35","Le vélo compense",1,0.1,0.71,0
"floor-moderate__car-0.30__bike-0.20","A208","22307","Saint-Julien","Département 22","Le vélo compense",1,0.1,0.92,0
"floor-moderate__car-0.30__bike-0.20","A401","22385","La Vicomté-sur-Rance","Département 22","Le vélo compense",1,0.1,0.89,0
"floor-moderate__car-0.30__bike-0.20","A404","35081","Clayes","Département 35","Le vélo compense",1,0.1,0.75,0
"floor-moderate__car-0.30__bike-0.20","B103","35297","Saint-Méen-le-Grand","Département 35","Le vélo compense",1,0.1,0.73,0
"floor-moderate__car-0.30__bike-0.20","B103","56062","Gâvres","Département 56","Le vélo compense",0.45,0,0.2,0
"floor-moderate__car-0.30__bike-0.20","B105","35152","Liffré","Département 35","Le vélo compense",1,0.1,0.85,0
"floor-moderate__car-0.30__bike-0.20","B201","35039","Brécé","Département 35","Le vélo compense",1,0.1,0.91,0
"floor-moderate__car-0.30__bike-0.20","B204","35250","Saint-Armel","Département 35","Le vélo compense",1,0.1,0.85,0
"floor-moderate__car-0.30__bike-0.30","A128","22152","Minihy-Tréguier","Département 22","La voiture ouvre l’accès",1,0.1,0.41,0
"floor-moderate__car-0.30__bike-0.30","A128","22335","Senven-Léhart","Département 22","La voiture ouvre l’accès",0.3,0,0,0
"floor-moderate__car-0.30__bike-0.30","A128","29250","Saint-Hernin","Département 29","La voiture ouvre l’accès",1,0.07,0.1,0
"floor-moderate__car-0.30__bike-0.30","A128","35024","Betton","Département 35","La voiture ouvre l’accès",1,0.1,0.54,0
"floor-moderate__car-0.30__bike-0.30","A128","35266","Saint-Erblon","Département 35","La voiture ouvre l’accès",1,0.1,0.58,0
"floor-moderate__car-0.30__bike-0.30","A129","22289","Saint-Fiacre","Département 22","La voiture ouvre l’accès",1,0.1,0.1,0
"floor-moderate__car-0.30__bike-0.30","A203","22082","Le Hinglé","Département 22","La voiture ouvre l’accès",1,0.1,0.19,0
"floor-moderate__car-0.30__bike-0.30","A203","22134","Louannec","Département 22","La voiture ouvre l’accès",1,0.03,0.1,0
"floor-moderate__car-0.30__bike-0.30","A203","22144","La Méaugon","Département 22","La voiture ouvre l’accès",1,0,0.1,0
"floor-moderate__car-0.30__bike-0.30","A203","22256","Quemper-Guézennec","Département 22","La voiture ouvre l’accès",1,0.08,0.1,0
"floor-moderate__car-0.30__bike-0.30","A203","29073","Guimaëc","Département 29","La voiture ouvre l’accès",1,0,0.1,0
"floor-moderate__car-0.30__bike-0.30","A203","29109","Landunvez","Département 29","La voiture ouvre l’accès",1,0,0.1,0
"floor-moderate__car-0.30__bike-0.30","A128","56055","Étel","Département 56","Accès à pied ou en TC possible",0.1,0,0,0
"floor-moderate__car-0.30__bike-0.30","A128","56107","Larmor-Plage","Département 56","Accès à pied ou en TC possible",0.1,0,0,0
"floor-moderate__car-0.30__bike-0.30","A207","22035","Les Champs-Géraux","Département 22","Accès à pied ou en TC possible",0.1,0,0,0
"floor-moderate__car-0.30__bike-0.30","A207","22132","Lohuec","Département 22","Accès à pied ou en TC possible",0.1,0,0,0
"floor-moderate__car-0.30__bike-0.30","A207","22299","Saint-Hélen","Département 22","Accès à pied ou en TC possible",0.1,0,0,0
"floor-moderate__car-0.30__bike-0.30","A207","29029","Cléden-Poher","Département 29","Accès à pied ou en TC possible",0.1,0,0,0
"floor-moderate__car-0.30__bike-0.30","A207","29274","Scaër","Département 29","Accès à pied ou en TC possible",0.1,0,0,0
"floor-moderate__car-0.30__bike-0.30","A207","56030","Camoël","Département 56","Accès à pied ou en TC possible",0.1,0,0,0
"floor-moderate__car-0.30__bike-0.30","B103","22128","Locarn","Département 22","Accès à pied ou en TC possible",0.1,0,0,0
"floor-moderate__car-0.30__bike-0.30","B103","29294","Le Tréhou","Département 29","Accès à pied ou en TC possible",0.1,0,0,0
"floor-moderate__car-0.30__bike-0.30","B103","35230","Poilley","Département 35","Accès à pied ou en TC possible",0.1,0,0,0
"floor-moderate__car-0.30__bike-0.30","B103","35357","Villamée","Département 35","Accès à pied ou en TC possible",0.1,0,0,0
"floor-moderate__car-0.30__bike-0.30","A128","35022","Bécherel","Département 35","Le vélo compense",1,0.1,0.94,0
"floor-moderate__car-0.30__bike-0.30","A203","22282","Saint-Cast-le-Guildo","Département 22","Le vélo compense",1,0.44,0.74,0
"floor-moderate__car-0.30__bike-0.30","A203","35250","Saint-Armel","Département 35","Le vélo compense",1,0.1,0.87,0
"floor-moderate__car-0.30__bike-0.30","A206","35250","Saint-Armel","Département 35","Le vélo compense",1,0.1,0.87,0
"floor-moderate__car-0.30__bike-0.30","A207","35240","Le Rheu","Département 35","Le vélo compense",1,0.1,0.71,0
"floor-moderate__car-0.30__bike-0.30","A208","22307","Saint-Julien","Département 22","Le vélo compense",1,0.1,0.92,0
"floor-moderate__car-0.30__bike-0.30","A401","22207","Plouaret","Département 22","Le vélo compense",1,0.42,0.72,0
"floor-moderate__car-0.30__bike-0.30","A401","22385","La Vicomté-sur-Rance","Département 22","Le vélo compense",1,0.1,0.89,0
"floor-moderate__car-0.30__bike-0.30","A404","35081","Clayes","Département 35","Le vélo compense",1,0.1,0.75,0
"floor-moderate__car-0.30__bike-0.30","A404","56233","Saint-Philibert","Département 56","Le vélo compense",1,0.44,0.74,0
"floor-moderate__car-0.30__bike-0.30","A405","22086","Kerfot","Département 22","Le vélo compense",1,0.46,0.76,0
"floor-moderate__car-0.30__bike-0.30","B103","35297","Saint-Méen-le-Grand","Département 35","Le vélo compense",1,0.1,0.73,0
"floor-permissive__car-0.05__bike-0.05","A128","22031","Carnoët","Département 22","La voiture ouvre l’accès",1,0,0.01,0
"floor-permissive__car-0.05__bike-0.05","A128","22036","La Chapelle-Blanche","Département 22","La voiture ouvre l’accès",1,0,0.01,0
"floor-permissive__car-0.05__bike-0.05","A128","22127","Lézardrieux","Département 22","La voiture ouvre l’accès",0.83,0,0.05,0
"floor-permissive__car-0.05__bike-0.05","A128","22224","Ploulec'h","Département 22","La voiture ouvre l’accès",1,0,0.01,0
"floor-permissive__car-0.05__bike-0.05","A128","22243","Plusquellec","Département 22","La voiture ouvre l’accès",1,0.02,0.07,0
"floor-permissive__car-0.05__bike-0.05","A128","22289","Saint-Fiacre","Département 22","La voiture ouvre l’accès",0.05,0,0,0
"floor-permissive__car-0.05__bike-0.05","A128","22293","Saint-Gilles-les-Bois","Département 22","La voiture ouvre l’accès",0.05,0,0,0
"floor-permissive__car-0.05__bike-0.05","A128","22347","Trédarzec","Département 22","La voiture ouvre l’accès",1,0.01,0.22,0
"floor-permissive__car-0.05__bike-0.05","A128","22387","Le Vieux-Marché","Département 22","La voiture ouvre l’accès",1,0.06,0.11,0
"floor-permissive__car-0.05__bike-0.05","A128","29007","Berrien","Département 29","La voiture ouvre l’accès",1,0,0.01,0
"floor-permissive__car-0.05__bike-0.05","A128","29021","Plounéour-Brignogan-plages","Département 29","La voiture ouvre l’accès",0.95,0,0.01,0
"floor-permissive__car-0.05__bike-0.05","A128","29037","Combrit","Département 29","La voiture ouvre l’accès",0.7,0.01,0.02,0
"floor-permissive__car-0.05__bike-0.05","A128","22018","Brélidy","Département 22","Accès à pied ou en TC possible",0.01,0,0,0
"floor-permissive__car-0.05__bike-0.05","A128","29196","Plouguin","Département 29","Accès à pied ou en TC possible",0.01,0,0,0
"floor-permissive__car-0.05__bike-0.05","A128","56105","Lanvénégen","Département 56","Accès à pied ou en TC possible",0.01,0,0,0
"floor-permissive__car-0.05__bike-0.05","A206","29261","Saint-Rivoal","Département 29","Accès à pied ou en TC possible",0.01,0,0,0
"floor-permissive__car-0.05__bike-0.05","A207","22194","Plestin-les-Grèves","Département 22","Accès à pied ou en TC possible",0.01,0,0,0
"floor-permissive__car-0.05__bike-0.05","A207","22220","Plouguernével","Département 22","Accès à pied ou en TC possible",0.01,0,0,0
"floor-permissive__car-0.05__bike-0.05","A207","22226","Ploumilliau","Département 22","Accès à pied ou en TC possible",0.01,0,0,0
"floor-permissive__car-0.05__bike-0.05","A207","22266","Rostrenen","Département 22","Accès à pied ou en TC possible",0.01,0,0,0
"floor-permissive__car-0.05__bike-0.05","A207","29089","Kergloff","Département 29","Accès à pied ou en TC possible",0.01,0,0,0
"floor-permissive__car-0.05__bike-0.05","A207","29195","Plouguerneau","Département 29","Accès à pied ou en TC possible",0.01,0,0,0
"floor-permissive__car-0.05__bike-0.05","A207","56219","Saint-Guyomard","Département 56","Accès à pied ou en TC possible",0.01,0,0,0
"floor-permissive__car-0.05__bike-0.05","A207","56233","Saint-Philibert","Département 56","Accès à pied ou en TC possible",0.01,0,0,0
"floor-permissive__car-0.05__bike-0.05","A208","35361","Le Vivier-sur-Mer","Département 35","Le vélo compense",1,0.01,0.97,0
"floor-permissive__car-0.05__bike-0.05","B206","35353","Vezin-le-Coquet","Département 35","Le vélo compense",1,0.01,0.96,0
"floor-permissive__car-0.05__bike-0.05","B318","56123","Malansac","Département 56","Le vélo compense",0,0.01,0.29,0
"floor-permissive__car-0.05__bike-0.05","F303","56118","Locmiquélic","Département 56","Le vélo compense",0.01,0,0.09,0
"floor-permissive__car-0.05__bike-0.05","A129","22262","Quintin","Département 22","Le vélo compense",1,0.95,1,4.16333634234434e-17
"floor-permissive__car-0.05__bike-0.05","A129","35081","Clayes","Département 35","Le vélo compense",1,0.94,0.99,4.16333634234434e-17
"floor-permissive__car-0.05__bike-0.05","A129","35131","L'Hermitage","Département 35","Le vélo compense",1,0.94,0.99,4.16333634234434e-17
"floor-permissive__car-0.05__bike-0.05","A129","56065","Gourhel","Département 56","Le vélo compense",1,0.95,1,4.16333634234434e-17
"floor-permissive__car-0.05__bike-0.05","A129","56091","Josselin","Département 56","Le vélo compense",1,0.95,1,4.16333634234434e-17
"floor-permissive__car-0.05__bike-0.05","A129","56262","Le Bono","Département 56","Le vélo compense",1,0.94,0.99,4.16333634234434e-17
"floor-permissive__car-0.05__bike-0.05","A203","22278","Saint-Brieuc","Département 22","Le vélo compense",1,0.95,1,4.16333634234434e-17
"floor-permissive__car-0.05__bike-0.05","A203","35189","Montgermont","Département 35","Le vélo compense",1,0.94,0.99,4.16333634234434e-17
"floor-permissive__car-0.05__bike-0.05","A128","22016","Île-de-Bréhat","Département 22","Aucun mode ne permet l’accès",0,0,0,0.01
"floor-permissive__car-0.05__bike-0.05","A128","22029","Canihuel","Département 22","Aucun mode ne permet l’accès",0,0,0,0.01
"floor-permissive__car-0.05__bike-0.05","A128","22057","Le Faouët","Département 22","Aucun mode ne permet l’accès",0,0,0,0.01
"floor-permissive__car-0.05__bike-0.05","A128","22073","La Harmoye","Département 22","Aucun mode ne permet l’accès",0,0,0,0.01
"floor-permissive__car-0.05__bike-0.05","A128","22126","Le Leslay","Département 22","Aucun mode ne permet l’accès",0,0,0,0.01
"floor-permissive__car-0.05__bike-0.05","A128","22170","Plaine-Haute","Département 22","Aucun mode ne permet l’accès",0,0,0,0.01
"floor-permissive__car-0.05__bike-0.05","A128","22212","Plouëc-du-Trieux","Département 22","Aucun mode ne permet l’accès",0,0,0,0.01
"floor-permissive__car-0.05__bike-0.05","A128","22262","Quintin","Département 22","Aucun mode ne permet l’accès",0,0,0,0.01
"floor-permissive__car-0.05__bike-0.05","A128","22276","Saint-Bihy","Département 22","Aucun mode ne permet l’accès",0,0,0,0.01
"floor-permissive__car-0.05__bike-0.05","A128","22283","Saint-Clet","Département 22","Aucun mode ne permet l’accès",0,0,0,0.01
"floor-permissive__car-0.05__bike-0.05","A128","22291","Saint-Gildas","Département 22","Aucun mode ne permet l’accès",0,0,0,0.01
"floor-permissive__car-0.05__bike-0.05","A128","22294","Saint-Gilles-Pligeaux","Département 22","Aucun mode ne permet l’accès",0,0,0,0.01
"floor-permissive__car-0.05__bike-0.10","A128","22031","Carnoët","Département 22","La voiture ouvre l’accès",1,0,0.01,0
"floor-permissive__car-0.05__bike-0.10","A128","22036","La Chapelle-Blanche","Département 22","La voiture ouvre l’accès",1,0,0.01,0
"floor-permissive__car-0.05__bike-0.10","A128","22224","Ploulec'h","Département 22","La voiture ouvre l’accès",1,0,0.01,0
"floor-permissive__car-0.05__bike-0.10","A128","22289","Saint-Fiacre","Département 22","La voiture ouvre l’accès",0.05,0,0,0
"floor-permissive__car-0.05__bike-0.10","A128","22293","Saint-Gilles-les-Bois","Département 22","La voiture ouvre l’accès",0.05,0,0,0
"floor-permissive__car-0.05__bike-0.10","A128","22347","Trédarzec","Département 22","La voiture ouvre l’accès",1,0.01,0.22,0
"floor-permissive__car-0.05__bike-0.10","A128","29007","Berrien","Département 29","La voiture ouvre l’accès",1,0,0.01,0
"floor-permissive__car-0.05__bike-0.10","A128","29021","Plounéour-Brignogan-plages","Département 29","La voiture ouvre l’accès",0.95,0,0.01,0
"floor-permissive__car-0.05__bike-0.10","A128","29037","Combrit","Département 29","La voiture ouvre l’accès",0.7,0.01,0.02,0
"floor-permissive__car-0.05__bike-0.10","A128","29045","Dirinon","Département 29","La voiture ouvre l’accès",1,0,0.01,0
"floor-permissive__car-0.05__bike-0.10","A128","29055","Le Folgoët","Département 29","La voiture ouvre l’accès",1,0.01,0.78,0
"floor-permissive__car-0.05__bike-0.10","A128","29076","Milizac-Guipronvel","Département 29","La voiture ouvre l’accès",1,0.01,0.01,0
"floor-permissive__car-0.05__bike-0.10","A128","22018","Brélidy","Département 22","Accès à pied ou en TC possible",0.01,0,0,0
"floor-permissive__car-0.05__bike-0.10","A128","29196","Plouguin","Département 29","Accès à pied ou en TC possible",0.01,0,0,0
"floor-permissive__car-0.05__bike-0.10","A128","56105","Lanvénégen","Département 56","Accès à pied ou en TC possible",0.01,0,0,0
"floor-permissive__car-0.05__bike-0.10","A206","29261","Saint-Rivoal","Département 29","Accès à pied ou en TC possible",0.01,0,0,0
"floor-permissive__car-0.05__bike-0.10","A207","22194","Plestin-les-Grèves","Département 22","Accès à pied ou en TC possible",0.01,0,0,0
"floor-permissive__car-0.05__bike-0.10","A207","22220","Plouguernével","Département 22","Accès à pied ou en TC possible",0.01,0,0,0
"floor-permissive__car-0.05__bike-0.10","A207","22226","Ploumilliau","Département 22","Accès à pied ou en TC possible",0.01,0,0,0
"floor-permissive__car-0.05__bike-0.10","A207","22266","Rostrenen","Département 22","Accès à pied ou en TC possible",0.01,0,0,0
"floor-permissive__car-0.05__bike-0.10","A207","29089","Kergloff","Département 29","Accès à pied ou en TC possible",0.01,0,0,0
"floor-permissive__car-0.05__bike-0.10","A207","29195","Plouguerneau","Département 29","Accès à pied ou en TC possible",0.01,0,0,0
"floor-permissive__car-0.05__bike-0.10","A207","56219","Saint-Guyomard","Département 56","Accès à pied ou en TC possible",0.01,0,0,0
"floor-permissive__car-0.05__bike-0.10","A207","56233","Saint-Philibert","Département 56","Accès à pied ou en TC possible",0.01,0,0,0
"floor-permissive__car-0.05__bike-0.10","A208","35361","Le Vivier-sur-Mer","Département 35","Le vélo compense",1,0.01,0.97,0
"floor-permissive__car-0.05__bike-0.10","B206","35353","Vezin-le-Coquet","Département 35","Le vélo compense",1,0.01,0.96,0
"floor-permissive__car-0.05__bike-0.10","B318","56123","Malansac","Département 56","Le vélo compense",0,0.01,0.29,0
"floor-permissive__car-0.05__bike-0.10","A128","29105","Landivisiau","Département 29","Le vélo compense",1,0.58,0.96,0.00999999999999997
"floor-permissive__car-0.05__bike-0.10","A128","35188","Montfort-sur-Meu","Département 35","Le vélo compense",1,0.77,0.96,0.00999999999999997
"floor-permissive__car-0.05__bike-0.10","A128","56186","Quiberon","Département 56","Le vélo compense",1,0.65,0.96,0.00999999999999997
"floor-permissive__car-0.05__bike-0.10","A129","22064","Gouarec","Département 22","Le vélo compense",1,0.76,0.96,0.00999999999999997
"floor-permissive__car-0.05__bike-0.10","A129","22307","Saint-Julien","Département 22","Le vélo compense",1,0.84,0.96,0.00999999999999997
"floor-permissive__car-0.05__bike-0.10","A129","22360","Trégueux","Département 22","Le vélo compense",1,0.76,0.96,0.00999999999999997
"floor-permissive__car-0.05__bike-0.10","A129","35047","Bruz","Département 35","Le vélo compense",1,0.73,0.96,0.00999999999999997
"floor-permissive__car-0.05__bike-0.10","A129","35051","Cesson-Sévigné","Département 35","Le vélo compense",1,0.7,0.96,0.00999999999999997
"floor-permissive__car-0.05__bike-0.10","A129","35188","Montfort-sur-Meu","Département 35","Le vélo compense",1,0.73,0.96,0.00999999999999997
"floor-permissive__car-0.05__bike-0.10","A128","22016","Île-de-Bréhat","Département 22","Aucun mode ne permet l’accès",0,0,0,0.01
"floor-permissive__car-0.05__bike-0.10","A128","22029","Canihuel","Département 22","Aucun mode ne permet l’accès",0,0,0,0.01
"floor-permissive__car-0.05__bike-0.10","A128","22057","Le Faouët","Département 22","Aucun mode ne permet l’accès",0,0,0,0.01
"floor-permissive__car-0.05__bike-0.10","A128","22073","La Harmoye","Département 22","Aucun mode ne permet l’accès",0,0,0,0.01
"floor-permissive__car-0.05__bike-0.10","A128","22126","Le Leslay","Département 22","Aucun mode ne permet l’accès",0,0,0,0.01
"floor-permissive__car-0.05__bike-0.10","A128","22170","Plaine-Haute","Département 22","Aucun mode ne permet l’accès",0,0,0,0.01
"floor-permissive__car-0.05__bike-0.10","A128","22212","Plouëc-du-Trieux","Département 22","Aucun mode ne permet l’accès",0,0,0,0.01
"floor-permissive__car-0.05__bike-0.10","A128","22262","Quintin","Département 22","Aucun mode ne permet l’accès",0,0,0,0.01
"floor-permissive__car-0.05__bike-0.10","A128","22276","Saint-Bihy","Département 22","Aucun mode ne permet l’accès",0,0,0,0.01
"floor-permissive__car-0.05__bike-0.10","A128","22283","Saint-Clet","Département 22","Aucun mode ne permet l’accès",0,0,0,0.01
"floor-permissive__car-0.05__bike-0.10","A128","22291","Saint-Gildas","Département 22","Aucun mode ne permet l’accès",0,0,0,0.01
"floor-permissive__car-0.05__bike-0.10","A128","22294","Saint-Gilles-Pligeaux","Département 22","Aucun mode ne permet l’accès",0,0,0,0.01
"floor-permissive__car-0.05__bike-0.20","A128","22031","Carnoët","Département 22","La voiture ouvre l’accès",1,0,0.01,0
"floor-permissive__car-0.05__bike-0.20","A128","22036","La Chapelle-Blanche","Département 22","La voiture ouvre l’accès",1,0,0.01,0
"floor-permissive__car-0.05__bike-0.20","A128","22224","Ploulec'h","Département 22","La voiture ouvre l’accès",1,0,0.01,0
"floor-permissive__car-0.05__bike-0.20","A128","22289","Saint-Fiacre","Département 22","La voiture ouvre l’accès",0.05,0,0,0
"floor-permissive__car-0.05__bike-0.20","A128","22293","Saint-Gilles-les-Bois","Département 22","La voiture ouvre l’accès",0.05,0,0,0
"floor-permissive__car-0.05__bike-0.20","A128","22347","Trédarzec","Département 22","La voiture ouvre l’accès",1,0.01,0.22,0
"floor-permissive__car-0.05__bike-0.20","A128","29007","Berrien","Département 29","La voiture ouvre l’accès",1,0,0.01,0
"floor-permissive__car-0.05__bike-0.20","A128","29021","Plounéour-Brignogan-plages","Département 29","La voiture ouvre l’accès",0.95,0,0.01,0
"floor-permissive__car-0.05__bike-0.20","A128","29037","Combrit","Département 29","La voiture ouvre l’accès",0.7,0.01,0.02,0
"floor-permissive__car-0.05__bike-0.20","A128","29045","Dirinon","Département 29","La voiture ouvre l’accès",1,0,0.01,0
"floor-permissive__car-0.05__bike-0.20","A128","29055","Le Folgoët","Département 29","La voiture ouvre l’accès",1,0.01,0.78,0
"floor-permissive__car-0.05__bike-0.20","A128","29076","Milizac-Guipronvel","Département 29","La voiture ouvre l’accès",1,0.01,0.01,0
"floor-permissive__car-0.05__bike-0.20","A128","22018","Brélidy","Département 22","Accès à pied ou en TC possible",0.01,0,0,0
"floor-permissive__car-0.05__bike-0.20","A128","29196","Plouguin","Département 29","Accès à pied ou en TC possible",0.01,0,0,0
"floor-permissive__car-0.05__bike-0.20","A128","56105","Lanvénégen","Département 56","Accès à pied ou en TC possible",0.01,0,0,0
"floor-permissive__car-0.05__bike-0.20","A206","29261","Saint-Rivoal","Département 29","Accès à pied ou en TC possible",0.01,0,0,0
"floor-permissive__car-0.05__bike-0.20","A207","22194","Plestin-les-Grèves","Département 22","Accès à pied ou en TC possible",0.01,0,0,0
"floor-permissive__car-0.05__bike-0.20","A207","22220","Plouguernével","Département 22","Accès à pied ou en TC possible",0.01,0,0,0
"floor-permissive__car-0.05__bike-0.20","A207","22226","Ploumilliau","Département 22","Accès à pied ou en TC possible",0.01,0,0,0
"floor-permissive__car-0.05__bike-0.20","A207","22266","Rostrenen","Département 22","Accès à pied ou en TC possible",0.01,0,0,0
"floor-permissive__car-0.05__bike-0.20","A207","29089","Kergloff","Département 29","Accès à pied ou en TC possible",0.01,0,0,0
"floor-permissive__car-0.05__bike-0.20","A207","29195","Plouguerneau","Département 29","Accès à pied ou en TC possible",0.01,0,0,0
"floor-permissive__car-0.05__bike-0.20","A207","56219","Saint-Guyomard","Département 56","Accès à pied ou en TC possible",0.01,0,0,0
"floor-permissive__car-0.05__bike-0.20","A207","56233","Saint-Philibert","Département 56","Accès à pied ou en TC possible",0.01,0,0,0
"floor-permissive__car-0.05__bike-0.20","A208","35361","Le Vivier-sur-Mer","Département 35","Le vélo compense",1,0.01,0.97,0
"floor-permissive__car-0.05__bike-0.20","B206","35353","Vezin-le-Coquet","Département 35","Le vélo compense",1,0.01,0.96,0
"floor-permissive__car-0.05__bike-0.20","B318","56123","Malansac","Département 56","Le vélo compense",0,0.01,0.29,0
"floor-permissive__car-0.05__bike-0.20","A129","29040","Le Conquet","Département 29","Le vélo compense",1,0.78,0.99,0.00999999999999995
"floor-permissive__car-0.05__bike-0.20","A129","29103","Landerneau","Département 29","Le vélo compense",1,0.78,0.99,0.00999999999999995
"floor-permissive__car-0.05__bike-0.20","A203","29040","Le Conquet","Département 29","Le vélo compense",1,0.77,0.98,0.00999999999999995
"floor-permissive__car-0.05__bike-0.20","A207","29040","Le Conquet","Département 29","Le vélo compense",1,0.78,0.99,0.00999999999999995
"floor-permissive__car-0.05__bike-0.20","B201","22278","Saint-Brieuc","Département 22","Le vélo compense",1,0.79,1,0.00999999999999995
"floor-permissive__car-0.05__bike-0.20","B206","29103","Landerneau","Département 29","Le vélo compense",1,0.79,1,0.00999999999999995
"floor-permissive__car-0.05__bike-0.20","B207","29040","Le Conquet","Département 29","Le vélo compense",1,0.77,0.98,0.00999999999999995
"floor-permissive__car-0.05__bike-0.20","B209","29105","Landivisiau","Département 29","Le vélo compense",1,0.76,0.97,0.00999999999999995
"floor-permissive__car-0.05__bike-0.20","B209","29260","Saint-Renan","Département 29","Le vélo compense",1,0.77,0.98,0.00999999999999995
"floor-permissive__car-0.05__bike-0.20","A128","22016","Île-de-Bréhat","Département 22","Aucun mode ne permet l’accès",0,0,0,0.01
"floor-permissive__car-0.05__bike-0.20","A128","22029","Canihuel","Département 22","Aucun mode ne permet l’accès",0,0,0,0.01
"floor-permissive__car-0.05__bike-0.20","A128","22057","Le Faouët","Département 22","Aucun mode ne permet l’accès",0,0,0,0.01
"floor-permissive__car-0.05__bike-0.20","A128","22073","La Harmoye","Département 22","Aucun mode ne permet l’accès",0,0,0,0.01
"floor-permissive__car-0.05__bike-0.20","A128","22126","Le Leslay","Département 22","Aucun mode ne permet l’accès",0,0,0,0.01
"floor-permissive__car-0.05__bike-0.20","A128","22170","Plaine-Haute","Département 22","Aucun mode ne permet l’accès",0,0,0,0.01
"floor-permissive__car-0.05__bike-0.20","A128","22212","Plouëc-du-Trieux","Département 22","Aucun mode ne permet l’accès",0,0,0,0.01
"floor-permissive__car-0.05__bike-0.20","A128","22262","Quintin","Département 22","Aucun mode ne permet l’accès",0,0,0,0.01
"floor-permissive__car-0.05__bike-0.20","A128","22276","Saint-Bihy","Département 22","Aucun mode ne permet l’accès",0,0,0,0.01
"floor-permissive__car-0.05__bike-0.20","A128","22283","Saint-Clet","Département 22","Aucun mode ne permet l’accès",0,0,0,0.01
"floor-permissive__car-0.05__bike-0.20","A128","22291","Saint-Gildas","Département 22","Aucun mode ne permet l’accès",0,0,0,0.01
"floor-permissive__car-0.05__bike-0.20","A128","22294","Saint-Gilles-Pligeaux","Département 22","Aucun mode ne permet l’accès",0,0,0,0.01
"floor-permissive__car-0.05__bike-0.30","A128","22031","Carnoët","Département 22","La voiture ouvre l’accès",1,0,0.01,0
"floor-permissive__car-0.05__bike-0.30","A128","22036","La Chapelle-Blanche","Département 22","La voiture ouvre l’accès",1,0,0.01,0
"floor-permissive__car-0.05__bike-0.30","A128","22224","Ploulec'h","Département 22","La voiture ouvre l’accès",1,0,0.01,0
"floor-permissive__car-0.05__bike-0.30","A128","22289","Saint-Fiacre","Département 22","La voiture ouvre l’accès",0.05,0,0,0
"floor-permissive__car-0.05__bike-0.30","A128","22293","Saint-Gilles-les-Bois","Département 22","La voiture ouvre l’accès",0.05,0,0,0
"floor-permissive__car-0.05__bike-0.30","A128","22347","Trédarzec","Département 22","La voiture ouvre l’accès",1,0.01,0.22,0
"floor-permissive__car-0.05__bike-0.30","A128","29007","Berrien","Département 29","La voiture ouvre l’accès",1,0,0.01,0
"floor-permissive__car-0.05__bike-0.30","A128","29021","Plounéour-Brignogan-plages","Département 29","La voiture ouvre l’accès",0.95,0,0.01,0
"floor-permissive__car-0.05__bike-0.30","A128","29037","Combrit","Département 29","La voiture ouvre l’accès",0.7,0.01,0.02,0
"floor-permissive__car-0.05__bike-0.30","A128","29045","Dirinon","Département 29","La voiture ouvre l’accès",1,0,0.01,0
"floor-permissive__car-0.05__bike-0.30","A128","29055","Le Folgoët","Département 29","La voiture ouvre l’accès",1,0.01,0.78,0
"floor-permissive__car-0.05__bike-0.30","A128","29076","Milizac-Guipronvel","Département 29","La voiture ouvre l’accès",1,0.01,0.01,0
"floor-permissive__car-0.05__bike-0.30","A128","22018","Brélidy","Département 22","Accès à pied ou en TC possible",0.01,0,0,0
"floor-permissive__car-0.05__bike-0.30","A128","29196","Plouguin","Département 29","Accès à pied ou en TC possible",0.01,0,0,0
"floor-permissive__car-0.05__bike-0.30","A128","56105","Lanvénégen","Département 56","Accès à pied ou en TC possible",0.01,0,0,0
"floor-permissive__car-0.05__bike-0.30","A206","29261","Saint-Rivoal","Département 29","Accès à pied ou en TC possible",0.01,0,0,0
"floor-permissive__car-0.05__bike-0.30","A207","22194","Plestin-les-Grèves","Département 22","Accès à pied ou en TC possible",0.01,0,0,0
"floor-permissive__car-0.05__bike-0.30","A207","22220","Plouguernével","Département 22","Accès à pied ou en TC possible",0.01,0,0,0
"floor-permissive__car-0.05__bike-0.30","A207","22226","Ploumilliau","Département 22","Accès à pied ou en TC possible",0.01,0,0,0
"floor-permissive__car-0.05__bike-0.30","A207","22266","Rostrenen","Département 22","Accès à pied ou en TC possible",0.01,0,0,0
"floor-permissive__car-0.05__bike-0.30","A207","29089","Kergloff","Département 29","Accès à pied ou en TC possible",0.01,0,0,0
"floor-permissive__car-0.05__bike-0.30","A207","29195","Plouguerneau","Département 29","Accès à pied ou en TC possible",0.01,0,0,0
"floor-permissive__car-0.05__bike-0.30","A207","56219","Saint-Guyomard","Département 56","Accès à pied ou en TC possible",0.01,0,0,0
"floor-permissive__car-0.05__bike-0.30","A207","56233","Saint-Philibert","Département 56","Accès à pied ou en TC possible",0.01,0,0,0
"floor-permissive__car-0.05__bike-0.30","A208","35361","Le Vivier-sur-Mer","Département 35","Le vélo compense",1,0.01,0.97,0
"floor-permissive__car-0.05__bike-0.30","B206","35353","Vezin-le-Coquet","Département 35","Le vélo compense",1,0.01,0.96,0
"floor-permissive__car-0.05__bike-0.30","A206","35241","La Richardais","Département 35","Le vélo compense",1,0.7,1,5.55111512312578e-17
"floor-permissive__car-0.05__bike-0.30","A207","29098","Lampaul-Plouarzel","Département 29","Le vélo compense",1,0.7,1,5.55111512312578e-17
"floor-permissive__car-0.05__bike-0.30","B303","35093","Dinard","Département 35","Le vélo compense",1,0.7,1,5.55111512312578e-17
"floor-permissive__car-0.05__bike-0.30","B307","29235","Le Relecq-Kerhuon","Département 29","Le vélo compense",1,0.7,1,5.55111512312578e-17
"floor-permissive__car-0.05__bike-0.30","B318","35093","Dinard","Département 35","Le vélo compense",1,0.7,1,5.55111512312578e-17
"floor-permissive__car-0.05__bike-0.30","D267","22278","Saint-Brieuc","Département 22","Le vélo compense",1,0.69,0.99,5.55111512312578e-17
"floor-permissive__car-0.05__bike-0.30","F121","29072","Guilvinec","Département 29","Le vélo compense",1,0.7,1,5.55111512312578e-17
"floor-permissive__car-0.05__bike-0.30","A128","56186","Quiberon","Département 56","Le vélo compense",1,0.65,0.96,0.00999999999999995
"floor-permissive__car-0.05__bike-0.30","B206","22278","Saint-Brieuc","Département 22","Le vélo compense",1,0.67,0.98,0.00999999999999995
"floor-permissive__car-0.05__bike-0.30","B210","35281","Saint-Jacques-de-la-Lande","Département 35","Le vélo compense",1,0.68,0.99,0.00999999999999995
"floor-permissive__car-0.05__bike-0.30","A128","22016","Île-de-Bréhat","Département 22","Aucun mode ne permet l’accès",0,0,0,0.01
"floor-permissive__car-0.05__bike-0.30","A128","22029","Canihuel","Département 22","Aucun mode ne permet l’accès",0,0,0,0.01
"floor-permissive__car-0.05__bike-0.30","A128","22057","Le Faouët","Département 22","Aucun mode ne permet l’accès",0,0,0,0.01
"floor-permissive__car-0.05__bike-0.30","A128","22073","La Harmoye","Département 22","Aucun mode ne permet l’accès",0,0,0,0.01
"floor-permissive__car-0.05__bike-0.30","A128","22126","Le Leslay","Département 22","Aucun mode ne permet l’accès",0,0,0,0.01
"floor-permissive__car-0.05__bike-0.30","A128","22170","Plaine-Haute","Département 22","Aucun mode ne permet l’accès",0,0,0,0.01
"floor-permissive__car-0.05__bike-0.30","A128","22212","Plouëc-du-Trieux","Département 22","Aucun mode ne permet l’accès",0,0,0,0.01
"floor-permissive__car-0.05__bike-0.30","A128","22262","Quintin","Département 22","Aucun mode ne permet l’accès",0,0,0,0.01
"floor-permissive__car-0.05__bike-0.30","A128","22276","Saint-Bihy","Département 22","Aucun mode ne permet l’accès",0,0,0,0.01
"floor-permissive__car-0.05__bike-0.30","A128","22283","Saint-Clet","Département 22","Aucun mode ne permet l’accès",0,0,0,0.01
"floor-permissive__car-0.05__bike-0.30","A128","22291","Saint-Gildas","Département 22","Aucun mode ne permet l’accès",0,0,0,0.01
"floor-permissive__car-0.05__bike-0.30","A128","22294","Saint-Gilles-Pligeaux","Département 22","Aucun mode ne permet l’accès",0,0,0,0.01
"floor-permissive__car-0.10__bike-0.05","A128","22031","Carnoët","Département 22","La voiture ouvre l’accès",1,0,0.01,0
"floor-permissive__car-0.10__bike-0.05","A128","22036","La Chapelle-Blanche","Département 22","La voiture ouvre l’accès",1,0,0.01,0
"floor-permissive__car-0.10__bike-0.05","A128","22127","Lézardrieux","Département 22","La voiture ouvre l’accès",0.83,0,0.05,0
"floor-permissive__car-0.10__bike-0.05","A128","22224","Ploulec'h","Département 22","La voiture ouvre l’accès",1,0,0.01,0
"floor-permissive__car-0.10__bike-0.05","A128","22243","Plusquellec","Département 22","La voiture ouvre l’accès",1,0.02,0.07,0
"floor-permissive__car-0.10__bike-0.05","A128","22347","Trédarzec","Département 22","La voiture ouvre l’accès",1,0.01,0.22,0
"floor-permissive__car-0.10__bike-0.05","A128","22387","Le Vieux-Marché","Département 22","La voiture ouvre l’accès",1,0.06,0.11,0
"floor-permissive__car-0.10__bike-0.05","A128","29007","Berrien","Département 29","La voiture ouvre l’accès",1,0,0.01,0
"floor-permissive__car-0.10__bike-0.05","A128","29021","Plounéour-Brignogan-plages","Département 29","La voiture ouvre l’accès",0.95,0,0.01,0
"floor-permissive__car-0.10__bike-0.05","A128","29037","Combrit","Département 29","La voiture ouvre l’accès",0.7,0.01,0.02,0
"floor-permissive__car-0.10__bike-0.05","A128","29045","Dirinon","Département 29","La voiture ouvre l’accès",1,0,0.01,0
"floor-permissive__car-0.10__bike-0.05","A128","29055","Le Folgoët","Département 29","La voiture ouvre l’accès",1,0.01,0.78,0
"floor-permissive__car-0.10__bike-0.05","A128","22018","Brélidy","Département 22","Accès à pied ou en TC possible",0.01,0,0,0
"floor-permissive__car-0.10__bike-0.05","A128","29196","Plouguin","Département 29","Accès à pied ou en TC possible",0.01,0,0,0
"floor-permissive__car-0.10__bike-0.05","A128","56105","Lanvénégen","Département 56","Accès à pied ou en TC possible",0.01,0,0,0
"floor-permissive__car-0.10__bike-0.05","A206","29261","Saint-Rivoal","Département 29","Accès à pied ou en TC possible",0.01,0,0,0
"floor-permissive__car-0.10__bike-0.05","A207","22194","Plestin-les-Grèves","Département 22","Accès à pied ou en TC possible",0.01,0,0,0
"floor-permissive__car-0.10__bike-0.05","A207","22220","Plouguernével","Département 22","Accès à pied ou en TC possible",0.01,0,0,0
"floor-permissive__car-0.10__bike-0.05","A207","22226","Ploumilliau","Département 22","Accès à pied ou en TC possible",0.01,0,0,0
"floor-permissive__car-0.10__bike-0.05","A207","22266","Rostrenen","Département 22","Accès à pied ou en TC possible",0.01,0,0,0
"floor-permissive__car-0.10__bike-0.05","A207","29089","Kergloff","Département 29","Accès à pied ou en TC possible",0.01,0,0,0
"floor-permissive__car-0.10__bike-0.05","A207","29195","Plouguerneau","Département 29","Accès à pied ou en TC possible",0.01,0,0,0
"floor-permissive__car-0.10__bike-0.05","A207","56219","Saint-Guyomard","Département 56","Accès à pied ou en TC possible",0.01,0,0,0
"floor-permissive__car-0.10__bike-0.05","A207","56233","Saint-Philibert","Département 56","Accès à pied ou en TC possible",0.01,0,0,0
"floor-permissive__car-0.10__bike-0.05","A208","35361","Le Vivier-sur-Mer","Département 35","Le vélo compense",1,0.01,0.97,0
"floor-permissive__car-0.10__bike-0.05","B206","35353","Vezin-le-Coquet","Département 35","Le vélo compense",1,0.01,0.96,0
"floor-permissive__car-0.10__bike-0.05","B210","35076","Chavagne","Département 35","Le vélo compense",1,0.01,0.93,0
"floor-permissive__car-0.10__bike-0.05","B318","56123","Malansac","Département 56","Le vélo compense",0,0.01,0.29,0
"floor-permissive__car-0.10__bike-0.05","B324","35079","Chevaigné","Département 35","Le vélo compense",1,0.01,0.9,0
"floor-permissive__car-0.10__bike-0.05","F303","56118","Locmiquélic","Département 56","Le vélo compense",0.01,0,0.09,0
"floor-permissive__car-0.10__bike-0.05","A128","35068","Châteaubourg","Département 35","Le vélo compense",1,0.6,0.9,2.77555756156289e-17
"floor-permissive__car-0.10__bike-0.05","A128","56098","Lanester","Département 56","Le vélo compense",1,0.43,0.9,2.77555756156289e-17
"floor-permissive__car-0.10__bike-0.05","A128","56143","Muzillac","Département 56","Le vélo compense",1,0.74,0.9,2.77555756156289e-17
"floor-permissive__car-0.10__bike-0.05","A129","22054","Erquy","Département 22","Le vélo compense",1,0.66,0.9,2.77555756156289e-17
"floor-permissive__car-0.10__bike-0.05","A129","29022","Camaret-sur-Mer","Département 29","Le vélo compense",1,0.65,0.9,2.77555756156289e-17
"floor-permissive__car-0.10__bike-0.05","A129","29064","Goulven","Département 29","Le vélo compense",1,0.85,0.9,2.77555756156289e-17
"floor-permissive__car-0.10__bike-0.05","A128","22016","Île-de-Bréhat","Département 22","Aucun mode ne permet l’accès",0,0,0,0.01
"floor-permissive__car-0.10__bike-0.05","A128","22029","Canihuel","Département 22","Aucun mode ne permet l’accès",0,0,0,0.01
"floor-permissive__car-0.10__bike-0.05","A128","22057","Le Faouët","Département 22","Aucun mode ne permet l’accès",0,0,0,0.01
"floor-permissive__car-0.10__bike-0.05","A128","22073","La Harmoye","Département 22","Aucun mode ne permet l’accès",0,0,0,0.01
"floor-permissive__car-0.10__bike-0.05","A128","22126","Le Leslay","Département 22","Aucun mode ne permet l’accès",0,0,0,0.01
"floor-permissive__car-0.10__bike-0.05","A128","22170","Plaine-Haute","Département 22","Aucun mode ne permet l’accès",0,0,0,0.01
"floor-permissive__car-0.10__bike-0.05","A128","22212","Plouëc-du-Trieux","Département 22","Aucun mode ne permet l’accès",0,0,0,0.01
"floor-permissive__car-0.10__bike-0.05","A128","22262","Quintin","Département 22","Aucun mode ne permet l’accès",0,0,0,0.01
"floor-permissive__car-0.10__bike-0.05","A128","22276","Saint-Bihy","Département 22","Aucun mode ne permet l’accès",0,0,0,0.01
"floor-permissive__car-0.10__bike-0.05","A128","22283","Saint-Clet","Département 22","Aucun mode ne permet l’accès",0,0,0,0.01
"floor-permissive__car-0.10__bike-0.05","A128","22291","Saint-Gildas","Département 22","Aucun mode ne permet l’accès",0,0,0,0.01
"floor-permissive__car-0.10__bike-0.05","A128","22294","Saint-Gilles-Pligeaux","Département 22","Aucun mode ne permet l’accès",0,0,0,0.01
"floor-permissive__car-0.10__bike-0.10","A128","22031","Carnoët","Département 22","La voiture ouvre l’accès",1,0,0.01,0
"floor-permissive__car-0.10__bike-0.10","A128","22036","La Chapelle-Blanche","Département 22","La voiture ouvre l’accès",1,0,0.01,0
"floor-permissive__car-0.10__bike-0.10","A128","22224","Ploulec'h","Département 22","La voiture ouvre l’accès",1,0,0.01,0
"floor-permissive__car-0.10__bike-0.10","A128","22347","Trédarzec","Département 22","La voiture ouvre l’accès",1,0.01,0.22,0
"floor-permissive__car-0.10__bike-0.10","A128","29007","Berrien","Département 29","La voiture ouvre l’accès",1,0,0.01,0
"floor-permissive__car-0.10__bike-0.10","A128","29021","Plounéour-Brignogan-plages","Département 29","La voiture ouvre l’accès",0.95,0,0.01,0
"floor-permissive__car-0.10__bike-0.10","A128","29037","Combrit","Département 29","La voiture ouvre l’accès",0.7,0.01,0.02,0
"floor-permissive__car-0.10__bike-0.10","A128","29045","Dirinon","Département 29","La voiture ouvre l’accès",1,0,0.01,0
"floor-permissive__car-0.10__bike-0.10","A128","29055","Le Folgoët","Département 29","La voiture ouvre l’accès",1,0.01,0.78,0
"floor-permissive__car-0.10__bike-0.10","A128","29076","Milizac-Guipronvel","Département 29","La voiture ouvre l’accès",1,0.01,0.01,0
"floor-permissive__car-0.10__bike-0.10","A128","29086","Irvillac","Département 29","La voiture ouvre l’accès",1,0.01,0.01,0
"floor-permissive__car-0.10__bike-0.10","A128","29090","Kerlaz","Département 29","La voiture ouvre l’accès",1,0.01,0.08,0
"floor-permissive__car-0.10__bike-0.10","A128","22018","Brélidy","Département 22","Accès à pied ou en TC possible",0.01,0,0,0
"floor-permissive__car-0.10__bike-0.10","A128","29196","Plouguin","Département 29","Accès à pied ou en TC possible",0.01,0,0,0
"floor-permissive__car-0.10__bike-0.10","A128","56105","Lanvénégen","Département 56","Accès à pied ou en TC possible",0.01,0,0,0
"floor-permissive__car-0.10__bike-0.10","A206","29261","Saint-Rivoal","Département 29","Accès à pied ou en TC possible",0.01,0,0,0
"floor-permissive__car-0.10__bike-0.10","A207","22194","Plestin-les-Grèves","Département 22","Accès à pied ou en TC possible",0.01,0,0,0
"floor-permissive__car-0.10__bike-0.10","A207","22220","Plouguernével","Département 22","Accès à pied ou en TC possible",0.01,0,0,0
"floor-permissive__car-0.10__bike-0.10","A207","22226","Ploumilliau","Département 22","Accès à pied ou en TC possible",0.01,0,0,0
"floor-permissive__car-0.10__bike-0.10","A207","22266","Rostrenen","Département 22","Accès à pied ou en TC possible",0.01,0,0,0
"floor-permissive__car-0.10__bike-0.10","A207","29089","Kergloff","Département 29","Accès à pied ou en TC possible",0.01,0,0,0
"floor-permissive__car-0.10__bike-0.10","A207","29195","Plouguerneau","Département 29","Accès à pied ou en TC possible",0.01,0,0,0
"floor-permissive__car-0.10__bike-0.10","A207","56219","Saint-Guyomard","Département 56","Accès à pied ou en TC possible",0.01,0,0,0
"floor-permissive__car-0.10__bike-0.10","A207","56233","Saint-Philibert","Département 56","Accès à pied ou en TC possible",0.01,0,0,0
"floor-permissive__car-0.10__bike-0.10","A208","35361","Le Vivier-sur-Mer","Département 35","Le vélo compense",1,0.01,0.97,0
"floor-permissive__car-0.10__bike-0.10","B206","35353","Vezin-le-Coquet","Département 35","Le vélo compense",1,0.01,0.96,0
"floor-permissive__car-0.10__bike-0.10","B210","35076","Chavagne","Département 35","Le vélo compense",1,0.01,0.93,0
"floor-permissive__car-0.10__bike-0.10","B318","56123","Malansac","Département 56","Le vélo compense",0,0.01,0.29,0
"floor-permissive__car-0.10__bike-0.10","B324","35079","Chevaigné","Département 35","Le vélo compense",1,0.01,0.9,0
"floor-permissive__car-0.10__bike-0.10","A128","35068","Châteaubourg","Département 35","Le vélo compense",1,0.6,0.9,2.77555756156289e-17
"floor-permissive__car-0.10__bike-0.10","A128","56098","Lanester","Département 56","Le vélo compense",1,0.43,0.9,2.77555756156289e-17
"floor-permissive__car-0.10__bike-0.10","A128","56143","Muzillac","Département 56","Le vélo compense",1,0.74,0.9,2.77555756156289e-17
"floor-permissive__car-0.10__bike-0.10","A129","22054","Erquy","Département 22","Le vélo compense",1,0.66,0.9,2.77555756156289e-17
"floor-permissive__car-0.10__bike-0.10","A129","29022","Camaret-sur-Mer","Département 29","Le vélo compense",1,0.65,0.9,2.77555756156289e-17
"floor-permissive__car-0.10__bike-0.10","A129","29134","Locronan","Département 29","Le vélo compense",1,0.79,0.9,2.77555756156289e-17
"floor-permissive__car-0.10__bike-0.10","A129","29273","Santec","Département 29","Le vélo compense",1,0.53,0.9,2.77555756156289e-17
"floor-permissive__car-0.10__bike-0.10","A128","22016","Île-de-Bréhat","Département 22","Aucun mode ne permet l’accès",0,0,0,0.01
"floor-permissive__car-0.10__bike-0.10","A128","22029","Canihuel","Département 22","Aucun mode ne permet l’accès",0,0,0,0.01
"floor-permissive__car-0.10__bike-0.10","A128","22057","Le Faouët","Département 22","Aucun mode ne permet l’accès",0,0,0,0.01
"floor-permissive__car-0.10__bike-0.10","A128","22073","La Harmoye","Département 22","Aucun mode ne permet l’accès",0,0,0,0.01
"floor-permissive__car-0.10__bike-0.10","A128","22126","Le Leslay","Département 22","Aucun mode ne permet l’accès",0,0,0,0.01
"floor-permissive__car-0.10__bike-0.10","A128","22170","Plaine-Haute","Département 22","Aucun mode ne permet l’accès",0,0,0,0.01
"floor-permissive__car-0.10__bike-0.10","A128","22212","Plouëc-du-Trieux","Département 22","Aucun mode ne permet l’accès",0,0,0,0.01
"floor-permissive__car-0.10__bike-0.10","A128","22262","Quintin","Département 22","Aucun mode ne permet l’accès",0,0,0,0.01
"floor-permissive__car-0.10__bike-0.10","A128","22276","Saint-Bihy","Département 22","Aucun mode ne permet l’accès",0,0,0,0.01
"floor-permissive__car-0.10__bike-0.10","A128","22283","Saint-Clet","Département 22","Aucun mode ne permet l’accès",0,0,0,0.01
"floor-permissive__car-0.10__bike-0.10","A128","22291","Saint-Gildas","Département 22","Aucun mode ne permet l’accès",0,0,0,0.01
"floor-permissive__car-0.10__bike-0.10","A128","22294","Saint-Gilles-Pligeaux","Département 22","Aucun mode ne permet l’accès",0,0,0,0.01
"floor-permissive__car-0.10__bike-0.20","A128","22031","Carnoët","Département 22","La voiture ouvre l’accès",1,0,0.01,0
"floor-permissive__car-0.10__bike-0.20","A128","22036","La Chapelle-Blanche","Département 22","La voiture ouvre l’accès",1,0,0.01,0
"floor-permissive__car-0.10__bike-0.20","A128","22224","Ploulec'h","Département 22","La voiture ouvre l’accès",1,0,0.01,0
"floor-permissive__car-0.10__bike-0.20","A128","22347","Trédarzec","Département 22","La voiture ouvre l’accès",1,0.01,0.22,0
"floor-permissive__car-0.10__bike-0.20","A128","29007","Berrien","Département 29","La voiture ouvre l’accès",1,0,0.01,0
"floor-permissive__car-0.10__bike-0.20","A128","29021","Plounéour-Brignogan-plages","Département 29","La voiture ouvre l’accès",0.95,0,0.01,0
"floor-permissive__car-0.10__bike-0.20","A128","29037","Combrit","Département 29","La voiture ouvre l’accès",0.7,0.01,0.02,0
"floor-permissive__car-0.10__bike-0.20","A128","29045","Dirinon","Département 29","La voiture ouvre l’accès",1,0,0.01,0
"floor-permissive__car-0.10__bike-0.20","A128","29055","Le Folgoët","Département 29","La voiture ouvre l’accès",1,0.01,0.78,0
"floor-permissive__car-0.10__bike-0.20","A128","29076","Milizac-Guipronvel","Département 29","La voiture ouvre l’accès",1,0.01,0.01,0
"floor-permissive__car-0.10__bike-0.20","A128","29086","Irvillac","Département 29","La voiture ouvre l’accès",1,0.01,0.01,0
"floor-permissive__car-0.10__bike-0.20","A128","29090","Kerlaz","Département 29","La voiture ouvre l’accès",1,0.01,0.08,0
"floor-permissive__car-0.10__bike-0.20","A128","22018","Brélidy","Département 22","Accès à pied ou en TC possible",0.01,0,0,0
"floor-permissive__car-0.10__bike-0.20","A128","29196","Plouguin","Département 29","Accès à pied ou en TC possible",0.01,0,0,0
"floor-permissive__car-0.10__bike-0.20","A128","56105","Lanvénégen","Département 56","Accès à pied ou en TC possible",0.01,0,0,0
"floor-permissive__car-0.10__bike-0.20","A206","29261","Saint-Rivoal","Département 29","Accès à pied ou en TC possible",0.01,0,0,0
"floor-permissive__car-0.10__bike-0.20","A207","22194","Plestin-les-Grèves","Département 22","Accès à pied ou en TC possible",0.01,0,0,0
"floor-permissive__car-0.10__bike-0.20","A207","22220","Plouguernével","Département 22","Accès à pied ou en TC possible",0.01,0,0,0
"floor-permissive__car-0.10__bike-0.20","A207","22226","Ploumilliau","Département 22","Accès à pied ou en TC possible",0.01,0,0,0
"floor-permissive__car-0.10__bike-0.20","A207","22266","Rostrenen","Département 22","Accès à pied ou en TC possible",0.01,0,0,0
"floor-permissive__car-0.10__bike-0.20","A207","29089","Kergloff","Département 29","Accès à pied ou en TC possible",0.01,0,0,0
"floor-permissive__car-0.10__bike-0.20","A207","29195","Plouguerneau","Département 29","Accès à pied ou en TC possible",0.01,0,0,0
"floor-permissive__car-0.10__bike-0.20","A207","56219","Saint-Guyomard","Département 56","Accès à pied ou en TC possible",0.01,0,0,0
"floor-permissive__car-0.10__bike-0.20","A207","56233","Saint-Philibert","Département 56","Accès à pied ou en TC possible",0.01,0,0,0
"floor-permissive__car-0.10__bike-0.20","A208","35361","Le Vivier-sur-Mer","Département 35","Le vélo compense",1,0.01,0.97,0
"floor-permissive__car-0.10__bike-0.20","B206","35353","Vezin-le-Coquet","Département 35","Le vélo compense",1,0.01,0.96,0
"floor-permissive__car-0.10__bike-0.20","B210","35076","Chavagne","Département 35","Le vélo compense",1,0.01,0.93,0
"floor-permissive__car-0.10__bike-0.20","B318","56123","Malansac","Département 56","Le vélo compense",0,0.01,0.29,0
"floor-permissive__car-0.10__bike-0.20","B324","35079","Chevaigné","Département 35","Le vélo compense",1,0.01,0.9,0
"floor-permissive__car-0.10__bike-0.20","A128","35068","Châteaubourg","Département 35","Le vélo compense",1,0.6,0.9,2.77555756156289e-17
"floor-permissive__car-0.10__bike-0.20","A128","56098","Lanester","Département 56","Le vélo compense",1,0.43,0.9,2.77555756156289e-17
"floor-permissive__car-0.10__bike-0.20","A129","22054","Erquy","Département 22","Le vélo compense",1,0.66,0.9,2.77555756156289e-17
"floor-permissive__car-0.10__bike-0.20","A129","29022","Camaret-sur-Mer","Département 29","Le vélo compense",1,0.65,0.9,2.77555756156289e-17
"floor-permissive__car-0.10__bike-0.20","A129","29273","Santec","Département 29","Le vélo compense",1,0.53,0.9,2.77555756156289e-17
"floor-permissive__car-0.10__bike-0.20","A129","35360","Vitré","Département 35","Le vélo compense",1,0.4,0.9,2.77555756156289e-17
"floor-permissive__car-0.10__bike-0.20","A129","56052","Damgan","Département 56","Le vélo compense",1,0.5,0.9,2.77555756156289e-17
"floor-permissive__car-0.10__bike-0.20","A128","22016","Île-de-Bréhat","Département 22","Aucun mode ne permet l’accès",0,0,0,0.01
"floor-permissive__car-0.10__bike-0.20","A128","22029","Canihuel","Département 22","Aucun mode ne permet l’accès",0,0,0,0.01
"floor-permissive__car-0.10__bike-0.20","A128","22057","Le Faouët","Département 22","Aucun mode ne permet l’accès",0,0,0,0.01
"floor-permissive__car-0.10__bike-0.20","A128","22073","La Harmoye","Département 22","Aucun mode ne permet l’accès",0,0,0,0.01
"floor-permissive__car-0.10__bike-0.20","A128","22126","Le Leslay","Département 22","Aucun mode ne permet l’accès",0,0,0,0.01
"floor-permissive__car-0.10__bike-0.20","A128","22170","Plaine-Haute","Département 22","Aucun mode ne permet l’accès",0,0,0,0.01
"floor-permissive__car-0.10__bike-0.20","A128","22212","Plouëc-du-Trieux","Département 22","Aucun mode ne permet l’accès",0,0,0,0.01
"floor-permissive__car-0.10__bike-0.20","A128","22262","Quintin","Département 22","Aucun mode ne permet l’accès",0,0,0,0.01
"floor-permissive__car-0.10__bike-0.20","A128","22276","Saint-Bihy","Département 22","Aucun mode ne permet l’accès",0,0,0,0.01
"floor-permissive__car-0.10__bike-0.20","A128","22283","Saint-Clet","Département 22","Aucun mode ne permet l’accès",0,0,0,0.01
"floor-permissive__car-0.10__bike-0.20","A128","22291","Saint-Gildas","Département 22","Aucun mode ne permet l’accès",0,0,0,0.01
"floor-permissive__car-0.10__bike-0.20","A128","22294","Saint-Gilles-Pligeaux","Département 22","Aucun mode ne permet l’accès",0,0,0,0.01
"floor-permissive__car-0.10__bike-0.30","A128","22031","Carnoët","Département 22","La voiture ouvre l’accès",1,0,0.01,0
"floor-permissive__car-0.10__bike-0.30","A128","22036","La Chapelle-Blanche","Département 22","La voiture ouvre l’accès",1,0,0.01,0
"floor-permissive__car-0.10__bike-0.30","A128","22224","Ploulec'h","Département 22","La voiture ouvre l’accès",1,0,0.01,0
"floor-permissive__car-0.10__bike-0.30","A128","22347","Trédarzec","Département 22","La voiture ouvre l’accès",1,0.01,0.22,0
"floor-permissive__car-0.10__bike-0.30","A128","29007","Berrien","Département 29","La voiture ouvre l’accès",1,0,0.01,0
"floor-permissive__car-0.10__bike-0.30","A128","29021","Plounéour-Brignogan-plages","Département 29","La voiture ouvre l’accès",0.95,0,0.01,0
"floor-permissive__car-0.10__bike-0.30","A128","29037","Combrit","Département 29","La voiture ouvre l’accès",0.7,0.01,0.02,0
"floor-permissive__car-0.10__bike-0.30","A128","29045","Dirinon","Département 29","La voiture ouvre l’accès",1,0,0.01,0
"floor-permissive__car-0.10__bike-0.30","A128","29055","Le Folgoët","Département 29","La voiture ouvre l’accès",1,0.01,0.78,0
"floor-permissive__car-0.10__bike-0.30","A128","29076","Milizac-Guipronvel","Département 29","La voiture ouvre l’accès",1,0.01,0.01,0
"floor-permissive__car-0.10__bike-0.30","A128","29086","Irvillac","Département 29","La voiture ouvre l’accès",1,0.01,0.01,0
"floor-permissive__car-0.10__bike-0.30","A128","29090","Kerlaz","Département 29","La voiture ouvre l’accès",1,0.01,0.08,0
"floor-permissive__car-0.10__bike-0.30","A128","22018","Brélidy","Département 22","Accès à pied ou en TC possible",0.01,0,0,0
"floor-permissive__car-0.10__bike-0.30","A128","29196","Plouguin","Département 29","Accès à pied ou en TC possible",0.01,0,0,0
"floor-permissive__car-0.10__bike-0.30","A128","56105","Lanvénégen","Département 56","Accès à pied ou en TC possible",0.01,0,0,0
"floor-permissive__car-0.10__bike-0.30","A206","29261","Saint-Rivoal","Département 29","Accès à pied ou en TC possible",0.01,0,0,0
"floor-permissive__car-0.10__bike-0.30","A207","22194","Plestin-les-Grèves","Département 22","Accès à pied ou en TC possible",0.01,0,0,0
"floor-permissive__car-0.10__bike-0.30","A207","22220","Plouguernével","Département 22","Accès à pied ou en TC possible",0.01,0,0,0
"floor-permissive__car-0.10__bike-0.30","A207","22226","Ploumilliau","Département 22","Accès à pied ou en TC possible",0.01,0,0,0
"floor-permissive__car-0.10__bike-0.30","A207","22266","Rostrenen","Département 22","Accès à pied ou en TC possible",0.01,0,0,0
"floor-permissive__car-0.10__bike-0.30","A207","29089","Kergloff","Département 29","Accès à pied ou en TC possible",0.01,0,0,0
"floor-permissive__car-0.10__bike-0.30","A207","29195","Plouguerneau","Département 29","Accès à pied ou en TC possible",0.01,0,0,0
"floor-permissive__car-0.10__bike-0.30","A207","56219","Saint-Guyomard","Département 56","Accès à pied ou en TC possible",0.01,0,0,0
"floor-permissive__car-0.10__bike-0.30","A207","56233","Saint-Philibert","Département 56","Accès à pied ou en TC possible",0.01,0,0,0
"floor-permissive__car-0.10__bike-0.30","A208","35361","Le Vivier-sur-Mer","Département 35","Le vélo compense",1,0.01,0.97,0
"floor-permissive__car-0.10__bike-0.30","B206","35353","Vezin-le-Coquet","Département 35","Le vélo compense",1,0.01,0.96,0
"floor-permissive__car-0.10__bike-0.30","B210","35076","Chavagne","Département 35","Le vélo compense",1,0.01,0.93,0
"floor-permissive__car-0.10__bike-0.30","B324","35079","Chevaigné","Département 35","Le vélo compense",1,0.01,0.9,0
"floor-permissive__car-0.10__bike-0.30","A128","35068","Châteaubourg","Département 35","Le vélo compense",1,0.6,0.9,2.77555756156289e-17
"floor-permissive__car-0.10__bike-0.30","A128","56098","Lanester","Département 56","Le vélo compense",1,0.43,0.9,2.77555756156289e-17
"floor-permissive__car-0.10__bike-0.30","A129","29273","Santec","Département 29","Le vélo compense",1,0.53,0.9,2.77555756156289e-17
"floor-permissive__car-0.10__bike-0.30","A129","35360","Vitré","Département 35","Le vélo compense",1,0.4,0.9,2.77555756156289e-17
"floor-permissive__car-0.10__bike-0.30","A129","56052","Damgan","Département 56","Le vélo compense",1,0.5,0.9,2.77555756156289e-17
"floor-permissive__car-0.10__bike-0.30","A129","56243","Séné","Département 56","Le vélo compense",1,0.51,0.9,2.77555756156289e-17
"floor-permissive__car-0.10__bike-0.30","A129","56258","La Trinité-sur-Mer","Département 56","Le vélo compense",1,0.56,0.9,2.77555756156289e-17
"floor-permissive__car-0.10__bike-0.30","A207","22168","Perros-Guirec","Département 22","Le vélo compense",1,0.34,0.9,2.77555756156289e-17
"floor-permissive__car-0.10__bike-0.30","A128","22016","Île-de-Bréhat","Département 22","Aucun mode ne permet l’accès",0,0,0,0.01
"floor-permissive__car-0.10__bike-0.30","A128","22029","Canihuel","Département 22","Aucun mode ne permet l’accès",0,0,0,0.01
"floor-permissive__car-0.10__bike-0.30","A128","22057","Le Faouët","Département 22","Aucun mode ne permet l’accès",0,0,0,0.01
"floor-permissive__car-0.10__bike-0.30","A128","22073","La Harmoye","Département 22","Aucun mode ne permet l’accès",0,0,0,0.01
"floor-permissive__car-0.10__bike-0.30","A128","22126","Le Leslay","Département 22","Aucun mode ne permet l’accès",0,0,0,0.01
"floor-permissive__car-0.10__bike-0.30","A128","22170","Plaine-Haute","Département 22","Aucun mode ne permet l’accès",0,0,0,0.01
"floor-permissive__car-0.10__bike-0.30","A128","22212","Plouëc-du-Trieux","Département 22","Aucun mode ne permet l’accès",0,0,0,0.01
"floor-permissive__car-0.10__bike-0.30","A128","22262","Quintin","Département 22","Aucun mode ne permet l’accès",0,0,0,0.01
"floor-permissive__car-0.10__bike-0.30","A128","22276","Saint-Bihy","Département 22","Aucun mode ne permet l’accès",0,0,0,0.01
"floor-permissive__car-0.10__bike-0.30","A128","22283","Saint-Clet","Département 22","Aucun mode ne permet l’accès",0,0,0,0.01
"floor-permissive__car-0.10__bike-0.30","A128","22291","Saint-Gildas","Département 22","Aucun mode ne permet l’accès",0,0,0,0.01
"floor-permissive__car-0.10__bike-0.30","A128","22294","Saint-Gilles-Pligeaux","Département 22","Aucun mode ne permet l’accès",0,0,0,0.01
"floor-permissive__car-0.20__bike-0.05","A128","22031","Carnoët","Département 22","La voiture ouvre l’accès",1,0,0.01,0
"floor-permissive__car-0.20__bike-0.05","A128","22036","La Chapelle-Blanche","Département 22","La voiture ouvre l’accès",1,0,0.01,0
"floor-permissive__car-0.20__bike-0.05","A128","22127","Lézardrieux","Département 22","La voiture ouvre l’accès",0.83,0,0.05,0
"floor-permissive__car-0.20__bike-0.05","A128","22224","Ploulec'h","Département 22","La voiture ouvre l’accès",1,0,0.01,0
"floor-permissive__car-0.20__bike-0.05","A128","22243","Plusquellec","Département 22","La voiture ouvre l’accès",1,0.02,0.07,0
"floor-permissive__car-0.20__bike-0.05","A128","22347","Trédarzec","Département 22","La voiture ouvre l’accès",1,0.01,0.22,0
"floor-permissive__car-0.20__bike-0.05","A128","22387","Le Vieux-Marché","Département 22","La voiture ouvre l’accès",1,0.06,0.11,0
"floor-permissive__car-0.20__bike-0.05","A128","29007","Berrien","Département 29","La voiture ouvre l’accès",1,0,0.01,0
"floor-permissive__car-0.20__bike-0.05","A128","29021","Plounéour-Brignogan-plages","Département 29","La voiture ouvre l’accès",0.95,0,0.01,0
"floor-permissive__car-0.20__bike-0.05","A128","29037","Combrit","Département 29","La voiture ouvre l’accès",0.7,0.01,0.02,0
"floor-permissive__car-0.20__bike-0.05","A128","29045","Dirinon","Département 29","La voiture ouvre l’accès",1,0,0.01,0
"floor-permissive__car-0.20__bike-0.05","A128","29055","Le Folgoët","Département 29","La voiture ouvre l’accès",1,0.01,0.78,0
"floor-permissive__car-0.20__bike-0.05","A128","22018","Brélidy","Département 22","Accès à pied ou en TC possible",0.01,0,0,0
"floor-permissive__car-0.20__bike-0.05","A128","29196","Plouguin","Département 29","Accès à pied ou en TC possible",0.01,0,0,0
"floor-permissive__car-0.20__bike-0.05","A128","56105","Lanvénégen","Département 56","Accès à pied ou en TC possible",0.01,0,0,0
"floor-permissive__car-0.20__bike-0.05","A206","29261","Saint-Rivoal","Département 29","Accès à pied ou en TC possible",0.01,0,0,0
"floor-permissive__car-0.20__bike-0.05","A207","22194","Plestin-les-Grèves","Département 22","Accès à pied ou en TC possible",0.01,0,0,0
"floor-permissive__car-0.20__bike-0.05","A207","22220","Plouguernével","Département 22","Accès à pied ou en TC possible",0.01,0,0,0
"floor-permissive__car-0.20__bike-0.05","A207","22226","Ploumilliau","Département 22","Accès à pied ou en TC possible",0.01,0,0,0
"floor-permissive__car-0.20__bike-0.05","A207","22266","Rostrenen","Département 22","Accès à pied ou en TC possible",0.01,0,0,0
"floor-permissive__car-0.20__bike-0.05","A207","29089","Kergloff","Département 29","Accès à pied ou en TC possible",0.01,0,0,0
"floor-permissive__car-0.20__bike-0.05","A207","29195","Plouguerneau","Département 29","Accès à pied ou en TC possible",0.01,0,0,0
"floor-permissive__car-0.20__bike-0.05","A207","56219","Saint-Guyomard","Département 56","Accès à pied ou en TC possible",0.01,0,0,0
"floor-permissive__car-0.20__bike-0.05","A207","56233","Saint-Philibert","Département 56","Accès à pied ou en TC possible",0.01,0,0,0
"floor-permissive__car-0.20__bike-0.05","A208","35361","Le Vivier-sur-Mer","Département 35","Le vélo compense",1,0.01,0.97,0
"floor-permissive__car-0.20__bike-0.05","B103","35120","Gévezé","Département 35","Le vélo compense",1,0.01,0.8,0
"floor-permissive__car-0.20__bike-0.05","B104","29047","Le Drennec","Département 29","Le vélo compense",1,0.01,0.88,0
"floor-permissive__car-0.20__bike-0.05","B202","22368","Tréméreuc","Département 22","Le vélo compense",1,0.01,0.82,0
"floor-permissive__car-0.20__bike-0.05","B206","35353","Vezin-le-Coquet","Département 35","Le vélo compense",1,0.01,0.96,0
"floor-permissive__car-0.20__bike-0.05","B208","22360","Trégueux","Département 22","Le vélo compense",1,0.01,0.84,0
"floor-permissive__car-0.20__bike-0.05","B210","35076","Chavagne","Département 35","Le vélo compense",1,0.01,0.93,0
"floor-permissive__car-0.20__bike-0.05","B318","56123","Malansac","Département 56","Le vélo compense",0,0.01,0.29,0
"floor-permissive__car-0.20__bike-0.05","B324","35079","Chevaigné","Département 35","Le vélo compense",1,0.01,0.9,0
"floor-permissive__car-0.20__bike-0.05","C301","22360","Trégueux","Département 22","Le vélo compense",1,0.01,0.89,0
"floor-permissive__car-0.20__bike-0.05","D265","35039","Brécé","Département 35","Le vélo compense",1,0.01,0.88,0
"floor-permissive__car-0.20__bike-0.05","D277","35022","Bécherel","Département 35","Le vélo compense",1,0.01,0.88,0
"floor-permissive__car-0.20__bike-0.05","A128","22016","Île-de-Bréhat","Département 22","Aucun mode ne permet l’accès",0,0,0,0.01
"floor-permissive__car-0.20__bike-0.05","A128","22029","Canihuel","Département 22","Aucun mode ne permet l’accès",0,0,0,0.01
"floor-permissive__car-0.20__bike-0.05","A128","22057","Le Faouët","Département 22","Aucun mode ne permet l’accès",0,0,0,0.01
"floor-permissive__car-0.20__bike-0.05","A128","22073","La Harmoye","Département 22","Aucun mode ne permet l’accès",0,0,0,0.01
"floor-permissive__car-0.20__bike-0.05","A128","22126","Le Leslay","Département 22","Aucun mode ne permet l’accès",0,0,0,0.01
"floor-permissive__car-0.20__bike-0.05","A128","22170","Plaine-Haute","Département 22","Aucun mode ne permet l’accès",0,0,0,0.01
"floor-permissive__car-0.20__bike-0.05","A128","22212","Plouëc-du-Trieux","Département 22","Aucun mode ne permet l’accès",0,0,0,0.01
"floor-permissive__car-0.20__bike-0.05","A128","22262","Quintin","Département 22","Aucun mode ne permet l’accès",0,0,0,0.01
"floor-permissive__car-0.20__bike-0.05","A128","22276","Saint-Bihy","Département 22","Aucun mode ne permet l’accès",0,0,0,0.01
"floor-permissive__car-0.20__bike-0.05","A128","22283","Saint-Clet","Département 22","Aucun mode ne permet l’accès",0,0,0,0.01
"floor-permissive__car-0.20__bike-0.05","A128","22291","Saint-Gildas","Département 22","Aucun mode ne permet l’accès",0,0,0,0.01
"floor-permissive__car-0.20__bike-0.05","A128","22294","Saint-Gilles-Pligeaux","Département 22","Aucun mode ne permet l’accès",0,0,0,0.01
"floor-permissive__car-0.20__bike-0.10","A128","22031","Carnoët","Département 22","La voiture ouvre l’accès",1,0,0.01,0
"floor-permissive__car-0.20__bike-0.10","A128","22036","La Chapelle-Blanche","Département 22","La voiture ouvre l’accès",1,0,0.01,0
"floor-permissive__car-0.20__bike-0.10","A128","22224","Ploulec'h","Département 22","La voiture ouvre l’accès",1,0,0.01,0
"floor-permissive__car-0.20__bike-0.10","A128","22347","Trédarzec","Département 22","La voiture ouvre l’accès",1,0.01,0.22,0
"floor-permissive__car-0.20__bike-0.10","A128","29007","Berrien","Département 29","La voiture ouvre l’accès",1,0,0.01,0
"floor-permissive__car-0.20__bike-0.10","A128","29021","Plounéour-Brignogan-plages","Département 29","La voiture ouvre l’accès",0.95,0,0.01,0
"floor-permissive__car-0.20__bike-0.10","A128","29037","Combrit","Département 29","La voiture ouvre l’accès",0.7,0.01,0.02,0
"floor-permissive__car-0.20__bike-0.10","A128","29045","Dirinon","Département 29","La voiture ouvre l’accès",1,0,0.01,0
"floor-permissive__car-0.20__bike-0.10","A128","29055","Le Folgoët","Département 29","La voiture ouvre l’accès",1,0.01,0.78,0
"floor-permissive__car-0.20__bike-0.10","A128","29076","Milizac-Guipronvel","Département 29","La voiture ouvre l’accès",1,0.01,0.01,0
"floor-permissive__car-0.20__bike-0.10","A128","29086","Irvillac","Département 29","La voiture ouvre l’accès",1,0.01,0.01,0
"floor-permissive__car-0.20__bike-0.10","A128","29090","Kerlaz","Département 29","La voiture ouvre l’accès",1,0.01,0.08,0
"floor-permissive__car-0.20__bike-0.10","A128","22018","Brélidy","Département 22","Accès à pied ou en TC possible",0.01,0,0,0
"floor-permissive__car-0.20__bike-0.10","A128","29196","Plouguin","Département 29","Accès à pied ou en TC possible",0.01,0,0,0
"floor-permissive__car-0.20__bike-0.10","A128","56105","Lanvénégen","Département 56","Accès à pied ou en TC possible",0.01,0,0,0
"floor-permissive__car-0.20__bike-0.10","A206","29261","Saint-Rivoal","Département 29","Accès à pied ou en TC possible",0.01,0,0,0
"floor-permissive__car-0.20__bike-0.10","A207","22194","Plestin-les-Grèves","Département 22","Accès à pied ou en TC possible",0.01,0,0,0
"floor-permissive__car-0.20__bike-0.10","A207","22220","Plouguernével","Département 22","Accès à pied ou en TC possible",0.01,0,0,0
"floor-permissive__car-0.20__bike-0.10","A207","22226","Ploumilliau","Département 22","Accès à pied ou en TC possible",0.01,0,0,0
"floor-permissive__car-0.20__bike-0.10","A207","22266","Rostrenen","Département 22","Accès à pied ou en TC possible",0.01,0,0,0
"floor-permissive__car-0.20__bike-0.10","A207","29089","Kergloff","Département 29","Accès à pied ou en TC possible",0.01,0,0,0
"floor-permissive__car-0.20__bike-0.10","A207","29195","Plouguerneau","Département 29","Accès à pied ou en TC possible",0.01,0,0,0
"floor-permissive__car-0.20__bike-0.10","A207","56219","Saint-Guyomard","Département 56","Accès à pied ou en TC possible",0.01,0,0,0
"floor-permissive__car-0.20__bike-0.10","A207","56233","Saint-Philibert","Département 56","Accès à pied ou en TC possible",0.01,0,0,0
"floor-permissive__car-0.20__bike-0.10","A208","35361","Le Vivier-sur-Mer","Département 35","Le vélo compense",1,0.01,0.97,0
"floor-permissive__car-0.20__bike-0.10","B103","35120","Gévezé","Département 35","Le vélo compense",1,0.01,0.8,0
"floor-permissive__car-0.20__bike-0.10","B104","29047","Le Drennec","Département 29","Le vélo compense",1,0.01,0.88,0
"floor-permissive__car-0.20__bike-0.10","B202","22368","Tréméreuc","Département 22","Le vélo compense",1,0.01,0.82,0
"floor-permissive__car-0.20__bike-0.10","B206","35353","Vezin-le-Coquet","Département 35","Le vélo compense",1,0.01,0.96,0
"floor-permissive__car-0.20__bike-0.10","B208","22360","Trégueux","Département 22","Le vélo compense",1,0.01,0.84,0
"floor-permissive__car-0.20__bike-0.10","B210","35076","Chavagne","Département 35","Le vélo compense",1,0.01,0.93,0
"floor-permissive__car-0.20__bike-0.10","B318","56123","Malansac","Département 56","Le vélo compense",0,0.01,0.29,0
"floor-permissive__car-0.20__bike-0.10","B324","35079","Chevaigné","Département 35","Le vélo compense",1,0.01,0.9,0
"floor-permissive__car-0.20__bike-0.10","C301","22360","Trégueux","Département 22","Le vélo compense",1,0.01,0.89,0
"floor-permissive__car-0.20__bike-0.10","D265","35039","Brécé","Département 35","Le vélo compense",1,0.01,0.88,0
"floor-permissive__car-0.20__bike-0.10","D277","35022","Bécherel","Département 35","Le vélo compense",1,0.01,0.88,0
"floor-permissive__car-0.20__bike-0.10","A128","22016","Île-de-Bréhat","Département 22","Aucun mode ne permet l’accès",0,0,0,0.01
"floor-permissive__car-0.20__bike-0.10","A128","22029","Canihuel","Département 22","Aucun mode ne permet l’accès",0,0,0,0.01
"floor-permissive__car-0.20__bike-0.10","A128","22057","Le Faouët","Département 22","Aucun mode ne permet l’accès",0,0,0,0.01
"floor-permissive__car-0.20__bike-0.10","A128","22073","La Harmoye","Département 22","Aucun mode ne permet l’accès",0,0,0,0.01
"floor-permissive__car-0.20__bike-0.10","A128","22126","Le Leslay","Département 22","Aucun mode ne permet l’accès",0,0,0,0.01
"floor-permissive__car-0.20__bike-0.10","A128","22170","Plaine-Haute","Département 22","Aucun mode ne permet l’accès",0,0,0,0.01
"floor-permissive__car-0.20__bike-0.10","A128","22212","Plouëc-du-Trieux","Département 22","Aucun mode ne permet l’accès",0,0,0,0.01
"floor-permissive__car-0.20__bike-0.10","A128","22262","Quintin","Département 22","Aucun mode ne permet l’accès",0,0,0,0.01
"floor-permissive__car-0.20__bike-0.10","A128","22276","Saint-Bihy","Département 22","Aucun mode ne permet l’accès",0,0,0,0.01
"floor-permissive__car-0.20__bike-0.10","A128","22283","Saint-Clet","Département 22","Aucun mode ne permet l’accès",0,0,0,0.01
"floor-permissive__car-0.20__bike-0.10","A128","22291","Saint-Gildas","Département 22","Aucun mode ne permet l’accès",0,0,0,0.01
"floor-permissive__car-0.20__bike-0.10","A128","22294","Saint-Gilles-Pligeaux","Département 22","Aucun mode ne permet l’accès",0,0,0,0.01
"floor-permissive__car-0.20__bike-0.20","A128","22031","Carnoët","Département 22","La voiture ouvre l’accès",1,0,0.01,0
"floor-permissive__car-0.20__bike-0.20","A128","22036","La Chapelle-Blanche","Département 22","La voiture ouvre l’accès",1,0,0.01,0
"floor-permissive__car-0.20__bike-0.20","A128","22224","Ploulec'h","Département 22","La voiture ouvre l’accès",1,0,0.01,0
"floor-permissive__car-0.20__bike-0.20","A128","22347","Trédarzec","Département 22","La voiture ouvre l’accès",1,0.01,0.22,0
"floor-permissive__car-0.20__bike-0.20","A128","29007","Berrien","Département 29","La voiture ouvre l’accès",1,0,0.01,0
"floor-permissive__car-0.20__bike-0.20","A128","29021","Plounéour-Brignogan-plages","Département 29","La voiture ouvre l’accès",0.95,0,0.01,0
"floor-permissive__car-0.20__bike-0.20","A128","29037","Combrit","Département 29","La voiture ouvre l’accès",0.7,0.01,0.02,0
"floor-permissive__car-0.20__bike-0.20","A128","29045","Dirinon","Département 29","La voiture ouvre l’accès",1,0,0.01,0
"floor-permissive__car-0.20__bike-0.20","A128","29055","Le Folgoët","Département 29","La voiture ouvre l’accès",1,0.01,0.78,0
"floor-permissive__car-0.20__bike-0.20","A128","29076","Milizac-Guipronvel","Département 29","La voiture ouvre l’accès",1,0.01,0.01,0
"floor-permissive__car-0.20__bike-0.20","A128","29086","Irvillac","Département 29","La voiture ouvre l’accès",1,0.01,0.01,0
"floor-permissive__car-0.20__bike-0.20","A128","29090","Kerlaz","Département 29","La voiture ouvre l’accès",1,0.01,0.08,0
"floor-permissive__car-0.20__bike-0.20","A128","22018","Brélidy","Département 22","Accès à pied ou en TC possible",0.01,0,0,0
"floor-permissive__car-0.20__bike-0.20","A128","29196","Plouguin","Département 29","Accès à pied ou en TC possible",0.01,0,0,0
"floor-permissive__car-0.20__bike-0.20","A128","56105","Lanvénégen","Département 56","Accès à pied ou en TC possible",0.01,0,0,0
"floor-permissive__car-0.20__bike-0.20","A206","29261","Saint-Rivoal","Département 29","Accès à pied ou en TC possible",0.01,0,0,0
"floor-permissive__car-0.20__bike-0.20","A207","22194","Plestin-les-Grèves","Département 22","Accès à pied ou en TC possible",0.01,0,0,0
"floor-permissive__car-0.20__bike-0.20","A207","22220","Plouguernével","Département 22","Accès à pied ou en TC possible",0.01,0,0,0
"floor-permissive__car-0.20__bike-0.20","A207","22226","Ploumilliau","Département 22","Accès à pied ou en TC possible",0.01,0,0,0
"floor-permissive__car-0.20__bike-0.20","A207","22266","Rostrenen","Département 22","Accès à pied ou en TC possible",0.01,0,0,0
"floor-permissive__car-0.20__bike-0.20","A207","29089","Kergloff","Département 29","Accès à pied ou en TC possible",0.01,0,0,0
"floor-permissive__car-0.20__bike-0.20","A207","29195","Plouguerneau","Département 29","Accès à pied ou en TC possible",0.01,0,0,0
"floor-permissive__car-0.20__bike-0.20","A207","56219","Saint-Guyomard","Département 56","Accès à pied ou en TC possible",0.01,0,0,0
"floor-permissive__car-0.20__bike-0.20","A207","56233","Saint-Philibert","Département 56","Accès à pied ou en TC possible",0.01,0,0,0
"floor-permissive__car-0.20__bike-0.20","A208","35361","Le Vivier-sur-Mer","Département 35","Le vélo compense",1,0.01,0.97,0
"floor-permissive__car-0.20__bike-0.20","B103","35120","Gévezé","Département 35","Le vélo compense",1,0.01,0.8,0
"floor-permissive__car-0.20__bike-0.20","B104","29047","Le Drennec","Département 29","Le vélo compense",1,0.01,0.88,0
"floor-permissive__car-0.20__bike-0.20","B202","22368","Tréméreuc","Département 22","Le vélo compense",1,0.01,0.82,0
"floor-permissive__car-0.20__bike-0.20","B206","35353","Vezin-le-Coquet","Département 35","Le vélo compense",1,0.01,0.96,0
"floor-permissive__car-0.20__bike-0.20","B208","22360","Trégueux","Département 22","Le vélo compense",1,0.01,0.84,0
"floor-permissive__car-0.20__bike-0.20","B210","35076","Chavagne","Département 35","Le vélo compense",1,0.01,0.93,0
"floor-permissive__car-0.20__bike-0.20","B318","56123","Malansac","Département 56","Le vélo compense",0,0.01,0.29,0
"floor-permissive__car-0.20__bike-0.20","B324","35079","Chevaigné","Département 35","Le vélo compense",1,0.01,0.9,0
"floor-permissive__car-0.20__bike-0.20","C301","22360","Trégueux","Département 22","Le vélo compense",1,0.01,0.89,0
"floor-permissive__car-0.20__bike-0.20","D265","35039","Brécé","Département 35","Le vélo compense",1,0.01,0.88,0
"floor-permissive__car-0.20__bike-0.20","D277","35022","Bécherel","Département 35","Le vélo compense",1,0.01,0.88,0
"floor-permissive__car-0.20__bike-0.20","A128","22016","Île-de-Bréhat","Département 22","Aucun mode ne permet l’accès",0,0,0,0.01
"floor-permissive__car-0.20__bike-0.20","A128","22029","Canihuel","Département 22","Aucun mode ne permet l’accès",0,0,0,0.01
"floor-permissive__car-0.20__bike-0.20","A128","22057","Le Faouët","Département 22","Aucun mode ne permet l’accès",0,0,0,0.01
"floor-permissive__car-0.20__bike-0.20","A128","22073","La Harmoye","Département 22","Aucun mode ne permet l’accès",0,0,0,0.01
"floor-permissive__car-0.20__bike-0.20","A128","22126","Le Leslay","Département 22","Aucun mode ne permet l’accès",0,0,0,0.01
"floor-permissive__car-0.20__bike-0.20","A128","22170","Plaine-Haute","Département 22","Aucun mode ne permet l’accès",0,0,0,0.01
"floor-permissive__car-0.20__bike-0.20","A128","22212","Plouëc-du-Trieux","Département 22","Aucun mode ne permet l’accès",0,0,0,0.01
"floor-permissive__car-0.20__bike-0.20","A128","22262","Quintin","Département 22","Aucun mode ne permet l’accès",0,0,0,0.01
"floor-permissive__car-0.20__bike-0.20","A128","22276","Saint-Bihy","Département 22","Aucun mode ne permet l’accès",0,0,0,0.01
"floor-permissive__car-0.20__bike-0.20","A128","22283","Saint-Clet","Département 22","Aucun mode ne permet l’accès",0,0,0,0.01
"floor-permissive__car-0.20__bike-0.20","A128","22291","Saint-Gildas","Département 22","Aucun mode ne permet l’accès",0,0,0,0.01
"floor-permissive__car-0.20__bike-0.20","A128","22294","Saint-Gilles-Pligeaux","Département 22","Aucun mode ne permet l’accès",0,0,0,0.01
"floor-permissive__car-0.20__bike-0.30","A128","22031","Carnoët","Département 22","La voiture ouvre l’accès",1,0,0.01,0
"floor-permissive__car-0.20__bike-0.30","A128","22036","La Chapelle-Blanche","Département 22","La voiture ouvre l’accès",1,0,0.01,0
"floor-permissive__car-0.20__bike-0.30","A128","22224","Ploulec'h","Département 22","La voiture ouvre l’accès",1,0,0.01,0
"floor-permissive__car-0.20__bike-0.30","A128","22347","Trédarzec","Département 22","La voiture ouvre l’accès",1,0.01,0.22,0
"floor-permissive__car-0.20__bike-0.30","A128","29007","Berrien","Département 29","La voiture ouvre l’accès",1,0,0.01,0
"floor-permissive__car-0.20__bike-0.30","A128","29021","Plounéour-Brignogan-plages","Département 29","La voiture ouvre l’accès",0.95,0,0.01,0
"floor-permissive__car-0.20__bike-0.30","A128","29037","Combrit","Département 29","La voiture ouvre l’accès",0.7,0.01,0.02,0
"floor-permissive__car-0.20__bike-0.30","A128","29045","Dirinon","Département 29","La voiture ouvre l’accès",1,0,0.01,0
"floor-permissive__car-0.20__bike-0.30","A128","29055","Le Folgoët","Département 29","La voiture ouvre l’accès",1,0.01,0.78,0
"floor-permissive__car-0.20__bike-0.30","A128","29076","Milizac-Guipronvel","Département 29","La voiture ouvre l’accès",1,0.01,0.01,0
"floor-permissive__car-0.20__bike-0.30","A128","29086","Irvillac","Département 29","La voiture ouvre l’accès",1,0.01,0.01,0
"floor-permissive__car-0.20__bike-0.30","A128","29090","Kerlaz","Département 29","La voiture ouvre l’accès",1,0.01,0.08,0
"floor-permissive__car-0.20__bike-0.30","A128","22018","Brélidy","Département 22","Accès à pied ou en TC possible",0.01,0,0,0
"floor-permissive__car-0.20__bike-0.30","A128","29196","Plouguin","Département 29","Accès à pied ou en TC possible",0.01,0,0,0
"floor-permissive__car-0.20__bike-0.30","A128","56105","Lanvénégen","Département 56","Accès à pied ou en TC possible",0.01,0,0,0
"floor-permissive__car-0.20__bike-0.30","A206","29261","Saint-Rivoal","Département 29","Accès à pied ou en TC possible",0.01,0,0,0
"floor-permissive__car-0.20__bike-0.30","A207","22194","Plestin-les-Grèves","Département 22","Accès à pied ou en TC possible",0.01,0,0,0
"floor-permissive__car-0.20__bike-0.30","A207","22220","Plouguernével","Département 22","Accès à pied ou en TC possible",0.01,0,0,0
"floor-permissive__car-0.20__bike-0.30","A207","22226","Ploumilliau","Département 22","Accès à pied ou en TC possible",0.01,0,0,0
"floor-permissive__car-0.20__bike-0.30","A207","22266","Rostrenen","Département 22","Accès à pied ou en TC possible",0.01,0,0,0
"floor-permissive__car-0.20__bike-0.30","A207","29089","Kergloff","Département 29","Accès à pied ou en TC possible",0.01,0,0,0
"floor-permissive__car-0.20__bike-0.30","A207","29195","Plouguerneau","Département 29","Accès à pied ou en TC possible",0.01,0,0,0
"floor-permissive__car-0.20__bike-0.30","A207","56219","Saint-Guyomard","Département 56","Accès à pied ou en TC possible",0.01,0,0,0
"floor-permissive__car-0.20__bike-0.30","A207","56233","Saint-Philibert","Département 56","Accès à pied ou en TC possible",0.01,0,0,0
"floor-permissive__car-0.20__bike-0.30","A208","35361","Le Vivier-sur-Mer","Département 35","Le vélo compense",1,0.01,0.97,0
"floor-permissive__car-0.20__bike-0.30","B103","35120","Gévezé","Département 35","Le vélo compense",1,0.01,0.8,0
"floor-permissive__car-0.20__bike-0.30","B104","29047","Le Drennec","Département 29","Le vélo compense",1,0.01,0.88,0
"floor-permissive__car-0.20__bike-0.30","B202","22368","Tréméreuc","Département 22","Le vélo compense",1,0.01,0.82,0
"floor-permissive__car-0.20__bike-0.30","B206","35353","Vezin-le-Coquet","Département 35","Le vélo compense",1,0.01,0.96,0
"floor-permissive__car-0.20__bike-0.30","B208","22360","Trégueux","Département 22","Le vélo compense",1,0.01,0.84,0
"floor-permissive__car-0.20__bike-0.30","B210","35076","Chavagne","Département 35","Le vélo compense",1,0.01,0.93,0
"floor-permissive__car-0.20__bike-0.30","B324","35079","Chevaigné","Département 35","Le vélo compense",1,0.01,0.9,0
"floor-permissive__car-0.20__bike-0.30","C301","22360","Trégueux","Département 22","Le vélo compense",1,0.01,0.89,0
"floor-permissive__car-0.20__bike-0.30","D265","35039","Brécé","Département 35","Le vélo compense",1,0.01,0.88,0
"floor-permissive__car-0.20__bike-0.30","D277","35022","Bécherel","Département 35","Le vélo compense",1,0.01,0.88,0
"floor-permissive__car-0.20__bike-0.30","A128","22187","Plérin","Département 22","Le vélo compense",1,0.32,0.8,5.55111512312578e-17
"floor-permissive__car-0.20__bike-0.30","A128","22016","Île-de-Bréhat","Département 22","Aucun mode ne permet l’accès",0,0,0,0.01
"floor-permissive__car-0.20__bike-0.30","A128","22029","Canihuel","Département 22","Aucun mode ne permet l’accès",0,0,0,0.01
"floor-permissive__car-0.20__bike-0.30","A128","22057","Le Faouët","Département 22","Aucun mode ne permet l’accès",0,0,0,0.01
"floor-permissive__car-0.20__bike-0.30","A128","22073","La Harmoye","Département 22","Aucun mode ne permet l’accès",0,0,0,0.01
"floor-permissive__car-0.20__bike-0.30","A128","22126","Le Leslay","Département 22","Aucun mode ne permet l’accès",0,0,0,0.01
"floor-permissive__car-0.20__bike-0.30","A128","22170","Plaine-Haute","Département 22","Aucun mode ne permet l’accès",0,0,0,0.01
"floor-permissive__car-0.20__bike-0.30","A128","22212","Plouëc-du-Trieux","Département 22","Aucun mode ne permet l’accès",0,0,0,0.01
"floor-permissive__car-0.20__bike-0.30","A128","22262","Quintin","Département 22","Aucun mode ne permet l’accès",0,0,0,0.01
"floor-permissive__car-0.20__bike-0.30","A128","22276","Saint-Bihy","Département 22","Aucun mode ne permet l’accès",0,0,0,0.01
"floor-permissive__car-0.20__bike-0.30","A128","22283","Saint-Clet","Département 22","Aucun mode ne permet l’accès",0,0,0,0.01
"floor-permissive__car-0.20__bike-0.30","A128","22291","Saint-Gildas","Département 22","Aucun mode ne permet l’accès",0,0,0,0.01
"floor-permissive__car-0.20__bike-0.30","A128","22294","Saint-Gilles-Pligeaux","Département 22","Aucun mode ne permet l’accès",0,0,0,0.01
"floor-permissive__car-0.30__bike-0.05","A128","22031","Carnoët","Département 22","La voiture ouvre l’accès",1,0,0.01,0
"floor-permissive__car-0.30__bike-0.05","A128","22036","La Chapelle-Blanche","Département 22","La voiture ouvre l’accès",1,0,0.01,0
"floor-permissive__car-0.30__bike-0.05","A128","22127","Lézardrieux","Département 22","La voiture ouvre l’accès",0.83,0,0.05,0
"floor-permissive__car-0.30__bike-0.05","A128","22224","Ploulec'h","Département 22","La voiture ouvre l’accès",1,0,0.01,0
"floor-permissive__car-0.30__bike-0.05","A128","22243","Plusquellec","Département 22","La voiture ouvre l’accès",1,0.02,0.07,0
"floor-permissive__car-0.30__bike-0.05","A128","22335","Senven-Léhart","Département 22","La voiture ouvre l’accès",0.3,0,0,0
"floor-permissive__car-0.30__bike-0.05","A128","22347","Trédarzec","Département 22","La voiture ouvre l’accès",1,0.01,0.22,0
"floor-permissive__car-0.30__bike-0.05","A128","22387","Le Vieux-Marché","Département 22","La voiture ouvre l’accès",1,0.06,0.11,0
"floor-permissive__car-0.30__bike-0.05","A128","29007","Berrien","Département 29","La voiture ouvre l’accès",1,0,0.01,0
"floor-permissive__car-0.30__bike-0.05","A128","29021","Plounéour-Brignogan-plages","Département 29","La voiture ouvre l’accès",0.95,0,0.01,0
"floor-permissive__car-0.30__bike-0.05","A128","29037","Combrit","Département 29","La voiture ouvre l’accès",0.7,0.01,0.02,0
"floor-permissive__car-0.30__bike-0.05","A128","29045","Dirinon","Département 29","La voiture ouvre l’accès",1,0,0.01,0
"floor-permissive__car-0.30__bike-0.05","A128","22018","Brélidy","Département 22","Accès à pied ou en TC possible",0.01,0,0,0
"floor-permissive__car-0.30__bike-0.05","A128","29196","Plouguin","Département 29","Accès à pied ou en TC possible",0.01,0,0,0
"floor-permissive__car-0.30__bike-0.05","A128","56105","Lanvénégen","Département 56","Accès à pied ou en TC possible",0.01,0,0,0
"floor-permissive__car-0.30__bike-0.05","A206","29261","Saint-Rivoal","Département 29","Accès à pied ou en TC possible",0.01,0,0,0
"floor-permissive__car-0.30__bike-0.05","A207","22194","Plestin-les-Grèves","Département 22","Accès à pied ou en TC possible",0.01,0,0,0
"floor-permissive__car-0.30__bike-0.05","A207","22220","Plouguernével","Département 22","Accès à pied ou en TC possible",0.01,0,0,0
"floor-permissive__car-0.30__bike-0.05","A207","22226","Ploumilliau","Département 22","Accès à pied ou en TC possible",0.01,0,0,0
"floor-permissive__car-0.30__bike-0.05","A207","22266","Rostrenen","Département 22","Accès à pied ou en TC possible",0.01,0,0,0
"floor-permissive__car-0.30__bike-0.05","A207","29089","Kergloff","Département 29","Accès à pied ou en TC possible",0.01,0,0,0
"floor-permissive__car-0.30__bike-0.05","A207","29195","Plouguerneau","Département 29","Accès à pied ou en TC possible",0.01,0,0,0
"floor-permissive__car-0.30__bike-0.05","A207","56219","Saint-Guyomard","Département 56","Accès à pied ou en TC possible",0.01,0,0,0
"floor-permissive__car-0.30__bike-0.05","A207","56233","Saint-Philibert","Département 56","Accès à pied ou en TC possible",0.01,0,0,0
"floor-permissive__car-0.30__bike-0.05","A128","29055","Le Folgoët","Département 29","Le vélo compense",1,0.01,0.78,0
"floor-permissive__car-0.30__bike-0.05","A128","35021","Beaucé","Département 35","Le vélo compense",1,0.01,0.76,0
"floor-permissive__car-0.30__bike-0.05","A208","35361","Le Vivier-sur-Mer","Département 35","Le vélo compense",1,0.01,0.97,0
"floor-permissive__car-0.30__bike-0.05","A401","56124","Malestroit","Département 56","Le vélo compense",1,0.01,0.74,0
"floor-permissive__car-0.30__bike-0.05","B103","22215","Ploufragan","Département 22","Le vélo compense",1,0.01,0.72,0
"floor-permissive__car-0.30__bike-0.05","B103","35099","Domloup","Département 35","Le vélo compense",1,0.01,0.78,0
"floor-permissive__car-0.30__bike-0.05","B103","35120","Gévezé","Département 35","Le vélo compense",1,0.01,0.8,0
"floor-permissive__car-0.30__bike-0.05","B104","29047","Le Drennec","Département 29","Le vélo compense",1,0.01,0.88,0
"floor-permissive__car-0.30__bike-0.05","B104","35099","Domloup","Département 35","Le vélo compense",1,0.01,0.72,0
"floor-permissive__car-0.30__bike-0.05","B201","35275","Saint-Gilles","Département 35","Le vélo compense",1,0.01,0.71,0
"floor-permissive__car-0.30__bike-0.05","B202","22368","Tréméreuc","Département 22","Le vélo compense",1,0.01,0.82,0
"floor-permissive__car-0.30__bike-0.05","B206","35353","Vezin-le-Coquet","Département 35","Le vélo compense",1,0.01,0.96,0
"floor-permissive__car-0.30__bike-0.05","A128","22016","Île-de-Bréhat","Département 22","Aucun mode ne permet l’accès",0,0,0,0.01
"floor-permissive__car-0.30__bike-0.05","A128","22029","Canihuel","Département 22","Aucun mode ne permet l’accès",0,0,0,0.01
"floor-permissive__car-0.30__bike-0.05","A128","22057","Le Faouët","Département 22","Aucun mode ne permet l’accès",0,0,0,0.01
"floor-permissive__car-0.30__bike-0.05","A128","22073","La Harmoye","Département 22","Aucun mode ne permet l’accès",0,0,0,0.01
"floor-permissive__car-0.30__bike-0.05","A128","22126","Le Leslay","Département 22","Aucun mode ne permet l’accès",0,0,0,0.01
"floor-permissive__car-0.30__bike-0.05","A128","22170","Plaine-Haute","Département 22","Aucun mode ne permet l’accès",0,0,0,0.01
"floor-permissive__car-0.30__bike-0.05","A128","22212","Plouëc-du-Trieux","Département 22","Aucun mode ne permet l’accès",0,0,0,0.01
"floor-permissive__car-0.30__bike-0.05","A128","22262","Quintin","Département 22","Aucun mode ne permet l’accès",0,0,0,0.01
"floor-permissive__car-0.30__bike-0.05","A128","22276","Saint-Bihy","Département 22","Aucun mode ne permet l’accès",0,0,0,0.01
"floor-permissive__car-0.30__bike-0.05","A128","22283","Saint-Clet","Département 22","Aucun mode ne permet l’accès",0,0,0,0.01
"floor-permissive__car-0.30__bike-0.05","A128","22291","Saint-Gildas","Département 22","Aucun mode ne permet l’accès",0,0,0,0.01
"floor-permissive__car-0.30__bike-0.05","A128","22294","Saint-Gilles-Pligeaux","Département 22","Aucun mode ne permet l’accès",0,0,0,0.01
"floor-permissive__car-0.30__bike-0.10","A128","22031","Carnoët","Département 22","La voiture ouvre l’accès",1,0,0.01,0
"floor-permissive__car-0.30__bike-0.10","A128","22036","La Chapelle-Blanche","Département 22","La voiture ouvre l’accès",1,0,0.01,0
"floor-permissive__car-0.30__bike-0.10","A128","22224","Ploulec'h","Département 22","La voiture ouvre l’accès",1,0,0.01,0
"floor-permissive__car-0.30__bike-0.10","A128","22335","Senven-Léhart","Département 22","La voiture ouvre l’accès",0.3,0,0,0
"floor-permissive__car-0.30__bike-0.10","A128","22347","Trédarzec","Département 22","La voiture ouvre l’accès",1,0.01,0.22,0
"floor-permissive__car-0.30__bike-0.10","A128","29007","Berrien","Département 29","La voiture ouvre l’accès",1,0,0.01,0
"floor-permissive__car-0.30__bike-0.10","A128","29021","Plounéour-Brignogan-plages","Département 29","La voiture ouvre l’accès",0.95,0,0.01,0
"floor-permissive__car-0.30__bike-0.10","A128","29037","Combrit","Département 29","La voiture ouvre l’accès",0.7,0.01,0.02,0
"floor-permissive__car-0.30__bike-0.10","A128","29045","Dirinon","Département 29","La voiture ouvre l’accès",1,0,0.01,0
"floor-permissive__car-0.30__bike-0.10","A128","29076","Milizac-Guipronvel","Département 29","La voiture ouvre l’accès",1,0.01,0.01,0
"floor-permissive__car-0.30__bike-0.10","A128","29086","Irvillac","Département 29","La voiture ouvre l’accès",1,0.01,0.01,0
"floor-permissive__car-0.30__bike-0.10","A128","29090","Kerlaz","Département 29","La voiture ouvre l’accès",1,0.01,0.08,0
"floor-permissive__car-0.30__bike-0.10","A128","22018","Brélidy","Département 22","Accès à pied ou en TC possible",0.01,0,0,0
"floor-permissive__car-0.30__bike-0.10","A128","29196","Plouguin","Département 29","Accès à pied ou en TC possible",0.01,0,0,0
"floor-permissive__car-0.30__bike-0.10","A128","56105","Lanvénégen","Département 56","Accès à pied ou en TC possible",0.01,0,0,0
"floor-permissive__car-0.30__bike-0.10","A206","29261","Saint-Rivoal","Département 29","Accès à pied ou en TC possible",0.01,0,0,0
"floor-permissive__car-0.30__bike-0.10","A207","22194","Plestin-les-Grèves","Département 22","Accès à pied ou en TC possible",0.01,0,0,0
"floor-permissive__car-0.30__bike-0.10","A207","22220","Plouguernével","Département 22","Accès à pied ou en TC possible",0.01,0,0,0
"floor-permissive__car-0.30__bike-0.10","A207","22226","Ploumilliau","Département 22","Accès à pied ou en TC possible",0.01,0,0,0
"floor-permissive__car-0.30__bike-0.10","A207","22266","Rostrenen","Département 22","Accès à pied ou en TC possible",0.01,0,0,0
"floor-permissive__car-0.30__bike-0.10","A207","29089","Kergloff","Département 29","Accès à pied ou en TC possible",0.01,0,0,0
"floor-permissive__car-0.30__bike-0.10","A207","29195","Plouguerneau","Département 29","Accès à pied ou en TC possible",0.01,0,0,0
"floor-permissive__car-0.30__bike-0.10","A207","56219","Saint-Guyomard","Département 56","Accès à pied ou en TC possible",0.01,0,0,0
"floor-permissive__car-0.30__bike-0.10","A207","56233","Saint-Philibert","Département 56","Accès à pied ou en TC possible",0.01,0,0,0
"floor-permissive__car-0.30__bike-0.10","A128","29055","Le Folgoët","Département 29","Le vélo compense",1,0.01,0.78,0
"floor-permissive__car-0.30__bike-0.10","A128","35021","Beaucé","Département 35","Le vélo compense",1,0.01,0.76,0
"floor-permissive__car-0.30__bike-0.10","A208","35361","Le Vivier-sur-Mer","Département 35","Le vélo compense",1,0.01,0.97,0
"floor-permissive__car-0.30__bike-0.10","A401","56124","Malestroit","Département 56","Le vélo compense",1,0.01,0.74,0
"floor-permissive__car-0.30__bike-0.10","B103","22215","Ploufragan","Département 22","Le vélo compense",1,0.01,0.72,0
"floor-permissive__car-0.30__bike-0.10","B103","35099","Domloup","Département 35","Le vélo compense",1,0.01,0.78,0
"floor-permissive__car-0.30__bike-0.10","B103","35120","Gévezé","Département 35","Le vélo compense",1,0.01,0.8,0
"floor-permissive__car-0.30__bike-0.10","B104","29047","Le Drennec","Département 29","Le vélo compense",1,0.01,0.88,0
"floor-permissive__car-0.30__bike-0.10","B104","35099","Domloup","Département 35","Le vélo compense",1,0.01,0.72,0
"floor-permissive__car-0.30__bike-0.10","B201","35275","Saint-Gilles","Département 35","Le vélo compense",1,0.01,0.71,0
"floor-permissive__car-0.30__bike-0.10","B202","22368","Tréméreuc","Département 22","Le vélo compense",1,0.01,0.82,0
"floor-permissive__car-0.30__bike-0.10","B206","35353","Vezin-le-Coquet","Département 35","Le vélo compense",1,0.01,0.96,0
"floor-permissive__car-0.30__bike-0.10","A128","22016","Île-de-Bréhat","Département 22","Aucun mode ne permet l’accès",0,0,0,0.01
"floor-permissive__car-0.30__bike-0.10","A128","22029","Canihuel","Département 22","Aucun mode ne permet l’accès",0,0,0,0.01
"floor-permissive__car-0.30__bike-0.10","A128","22057","Le Faouët","Département 22","Aucun mode ne permet l’accès",0,0,0,0.01
"floor-permissive__car-0.30__bike-0.10","A128","22073","La Harmoye","Département 22","Aucun mode ne permet l’accès",0,0,0,0.01
"floor-permissive__car-0.30__bike-0.10","A128","22126","Le Leslay","Département 22","Aucun mode ne permet l’accès",0,0,0,0.01
"floor-permissive__car-0.30__bike-0.10","A128","22170","Plaine-Haute","Département 22","Aucun mode ne permet l’accès",0,0,0,0.01
"floor-permissive__car-0.30__bike-0.10","A128","22212","Plouëc-du-Trieux","Département 22","Aucun mode ne permet l’accès",0,0,0,0.01
"floor-permissive__car-0.30__bike-0.10","A128","22262","Quintin","Département 22","Aucun mode ne permet l’accès",0,0,0,0.01
"floor-permissive__car-0.30__bike-0.10","A128","22276","Saint-Bihy","Département 22","Aucun mode ne permet l’accès",0,0,0,0.01
"floor-permissive__car-0.30__bike-0.10","A128","22283","Saint-Clet","Département 22","Aucun mode ne permet l’accès",0,0,0,0.01
"floor-permissive__car-0.30__bike-0.10","A128","22291","Saint-Gildas","Département 22","Aucun mode ne permet l’accès",0,0,0,0.01
"floor-permissive__car-0.30__bike-0.10","A128","22294","Saint-Gilles-Pligeaux","Département 22","Aucun mode ne permet l’accès",0,0,0,0.01
"floor-permissive__car-0.30__bike-0.20","A128","22031","Carnoët","Département 22","La voiture ouvre l’accès",1,0,0.01,0
"floor-permissive__car-0.30__bike-0.20","A128","22036","La Chapelle-Blanche","Département 22","La voiture ouvre l’accès",1,0,0.01,0
"floor-permissive__car-0.30__bike-0.20","A128","22224","Ploulec'h","Département 22","La voiture ouvre l’accès",1,0,0.01,0
"floor-permissive__car-0.30__bike-0.20","A128","22335","Senven-Léhart","Département 22","La voiture ouvre l’accès",0.3,0,0,0
"floor-permissive__car-0.30__bike-0.20","A128","22347","Trédarzec","Département 22","La voiture ouvre l’accès",1,0.01,0.22,0
"floor-permissive__car-0.30__bike-0.20","A128","29007","Berrien","Département 29","La voiture ouvre l’accès",1,0,0.01,0
"floor-permissive__car-0.30__bike-0.20","A128","29021","Plounéour-Brignogan-plages","Département 29","La voiture ouvre l’accès",0.95,0,0.01,0
"floor-permissive__car-0.30__bike-0.20","A128","29037","Combrit","Département 29","La voiture ouvre l’accès",0.7,0.01,0.02,0
"floor-permissive__car-0.30__bike-0.20","A128","29045","Dirinon","Département 29","La voiture ouvre l’accès",1,0,0.01,0
"floor-permissive__car-0.30__bike-0.20","A128","29076","Milizac-Guipronvel","Département 29","La voiture ouvre l’accès",1,0.01,0.01,0
"floor-permissive__car-0.30__bike-0.20","A128","29086","Irvillac","Département 29","La voiture ouvre l’accès",1,0.01,0.01,0
"floor-permissive__car-0.30__bike-0.20","A128","29090","Kerlaz","Département 29","La voiture ouvre l’accès",1,0.01,0.08,0
"floor-permissive__car-0.30__bike-0.20","A128","22018","Brélidy","Département 22","Accès à pied ou en TC possible",0.01,0,0,0
"floor-permissive__car-0.30__bike-0.20","A128","29196","Plouguin","Département 29","Accès à pied ou en TC possible",0.01,0,0,0
"floor-permissive__car-0.30__bike-0.20","A128","56105","Lanvénégen","Département 56","Accès à pied ou en TC possible",0.01,0,0,0
"floor-permissive__car-0.30__bike-0.20","A206","29261","Saint-Rivoal","Département 29","Accès à pied ou en TC possible",0.01,0,0,0
"floor-permissive__car-0.30__bike-0.20","A207","22194","Plestin-les-Grèves","Département 22","Accès à pied ou en TC possible",0.01,0,0,0
"floor-permissive__car-0.30__bike-0.20","A207","22220","Plouguernével","Département 22","Accès à pied ou en TC possible",0.01,0,0,0
"floor-permissive__car-0.30__bike-0.20","A207","22226","Ploumilliau","Département 22","Accès à pied ou en TC possible",0.01,0,0,0
"floor-permissive__car-0.30__bike-0.20","A207","22266","Rostrenen","Département 22","Accès à pied ou en TC possible",0.01,0,0,0
"floor-permissive__car-0.30__bike-0.20","A207","29089","Kergloff","Département 29","Accès à pied ou en TC possible",0.01,0,0,0
"floor-permissive__car-0.30__bike-0.20","A207","29195","Plouguerneau","Département 29","Accès à pied ou en TC possible",0.01,0,0,0
"floor-permissive__car-0.30__bike-0.20","A207","56219","Saint-Guyomard","Département 56","Accès à pied ou en TC possible",0.01,0,0,0
"floor-permissive__car-0.30__bike-0.20","A207","56233","Saint-Philibert","Département 56","Accès à pied ou en TC possible",0.01,0,0,0
"floor-permissive__car-0.30__bike-0.20","A128","29055","Le Folgoët","Département 29","Le vélo compense",1,0.01,0.78,0
"floor-permissive__car-0.30__bike-0.20","A128","35021","Beaucé","Département 35","Le vélo compense",1,0.01,0.76,0
"floor-permissive__car-0.30__bike-0.20","A208","35361","Le Vivier-sur-Mer","Département 35","Le vélo compense",1,0.01,0.97,0
"floor-permissive__car-0.30__bike-0.20","A401","56124","Malestroit","Département 56","Le vélo compense",1,0.01,0.74,0
"floor-permissive__car-0.30__bike-0.20","B103","22215","Ploufragan","Département 22","Le vélo compense",1,0.01,0.72,0
"floor-permissive__car-0.30__bike-0.20","B103","35099","Domloup","Département 35","Le vélo compense",1,0.01,0.78,0
"floor-permissive__car-0.30__bike-0.20","B103","35120","Gévezé","Département 35","Le vélo compense",1,0.01,0.8,0
"floor-permissive__car-0.30__bike-0.20","B103","56062","Gâvres","Département 56","Le vélo compense",0.45,0,0.2,0
"floor-permissive__car-0.30__bike-0.20","B104","29047","Le Drennec","Département 29","Le vélo compense",1,0.01,0.88,0
"floor-permissive__car-0.30__bike-0.20","B104","35099","Domloup","Département 35","Le vélo compense",1,0.01,0.72,0
"floor-permissive__car-0.30__bike-0.20","B201","35275","Saint-Gilles","Département 35","Le vélo compense",1,0.01,0.71,0
"floor-permissive__car-0.30__bike-0.20","B202","22368","Tréméreuc","Département 22","Le vélo compense",1,0.01,0.82,0
"floor-permissive__car-0.30__bike-0.20","A128","22016","Île-de-Bréhat","Département 22","Aucun mode ne permet l’accès",0,0,0,0.01
"floor-permissive__car-0.30__bike-0.20","A128","22029","Canihuel","Département 22","Aucun mode ne permet l’accès",0,0,0,0.01
"floor-permissive__car-0.30__bike-0.20","A128","22057","Le Faouët","Département 22","Aucun mode ne permet l’accès",0,0,0,0.01
"floor-permissive__car-0.30__bike-0.20","A128","22073","La Harmoye","Département 22","Aucun mode ne permet l’accès",0,0,0,0.01
"floor-permissive__car-0.30__bike-0.20","A128","22126","Le Leslay","Département 22","Aucun mode ne permet l’accès",0,0,0,0.01
"floor-permissive__car-0.30__bike-0.20","A128","22170","Plaine-Haute","Département 22","Aucun mode ne permet l’accès",0,0,0,0.01
"floor-permissive__car-0.30__bike-0.20","A128","22212","Plouëc-du-Trieux","Département 22","Aucun mode ne permet l’accès",0,0,0,0.01
"floor-permissive__car-0.30__bike-0.20","A128","22262","Quintin","Département 22","Aucun mode ne permet l’accès",0,0,0,0.01
"floor-permissive__car-0.30__bike-0.20","A128","22276","Saint-Bihy","Département 22","Aucun mode ne permet l’accès",0,0,0,0.01
"floor-permissive__car-0.30__bike-0.20","A128","22283","Saint-Clet","Département 22","Aucun mode ne permet l’accès",0,0,0,0.01
"floor-permissive__car-0.30__bike-0.20","A128","22291","Saint-Gildas","Département 22","Aucun mode ne permet l’accès",0,0,0,0.01
"floor-permissive__car-0.30__bike-0.20","A128","22294","Saint-Gilles-Pligeaux","Département 22","Aucun mode ne permet l’accès",0,0,0,0.01
"floor-permissive__car-0.30__bike-0.30","A128","22031","Carnoët","Département 22","La voiture ouvre l’accès",1,0,0.01,0
"floor-permissive__car-0.30__bike-0.30","A128","22036","La Chapelle-Blanche","Département 22","La voiture ouvre l’accès",1,0,0.01,0
"floor-permissive__car-0.30__bike-0.30","A128","22224","Ploulec'h","Département 22","La voiture ouvre l’accès",1,0,0.01,0
"floor-permissive__car-0.30__bike-0.30","A128","22335","Senven-Léhart","Département 22","La voiture ouvre l’accès",0.3,0,0,0
"floor-permissive__car-0.30__bike-0.30","A128","22347","Trédarzec","Département 22","La voiture ouvre l’accès",1,0.01,0.22,0
"floor-permissive__car-0.30__bike-0.30","A128","29007","Berrien","Département 29","La voiture ouvre l’accès",1,0,0.01,0
"floor-permissive__car-0.30__bike-0.30","A128","29021","Plounéour-Brignogan-plages","Département 29","La voiture ouvre l’accès",0.95,0,0.01,0
"floor-permissive__car-0.30__bike-0.30","A128","29037","Combrit","Département 29","La voiture ouvre l’accès",0.7,0.01,0.02,0
"floor-permissive__car-0.30__bike-0.30","A128","29045","Dirinon","Département 29","La voiture ouvre l’accès",1,0,0.01,0
"floor-permissive__car-0.30__bike-0.30","A128","29076","Milizac-Guipronvel","Département 29","La voiture ouvre l’accès",1,0.01,0.01,0
"floor-permissive__car-0.30__bike-0.30","A128","29086","Irvillac","Département 29","La voiture ouvre l’accès",1,0.01,0.01,0
"floor-permissive__car-0.30__bike-0.30","A128","29090","Kerlaz","Département 29","La voiture ouvre l’accès",1,0.01,0.08,0
"floor-permissive__car-0.30__bike-0.30","A128","22018","Brélidy","Département 22","Accès à pied ou en TC possible",0.01,0,0,0
"floor-permissive__car-0.30__bike-0.30","A128","29196","Plouguin","Département 29","Accès à pied ou en TC possible",0.01,0,0,0
"floor-permissive__car-0.30__bike-0.30","A128","56105","Lanvénégen","Département 56","Accès à pied ou en TC possible",0.01,0,0,0
"floor-permissive__car-0.30__bike-0.30","A206","29261","Saint-Rivoal","Département 29","Accès à pied ou en TC possible",0.01,0,0,0
"floor-permissive__car-0.30__bike-0.30","A207","22194","Plestin-les-Grèves","Département 22","Accès à pied ou en TC possible",0.01,0,0,0
"floor-permissive__car-0.30__bike-0.30","A207","22220","Plouguernével","Département 22","Accès à pied ou en TC possible",0.01,0,0,0
"floor-permissive__car-0.30__bike-0.30","A207","22226","Ploumilliau","Département 22","Accès à pied ou en TC possible",0.01,0,0,0
"floor-permissive__car-0.30__bike-0.30","A207","22266","Rostrenen","Département 22","Accès à pied ou en TC possible",0.01,0,0,0
"floor-permissive__car-0.30__bike-0.30","A207","29089","Kergloff","Département 29","Accès à pied ou en TC possible",0.01,0,0,0
"floor-permissive__car-0.30__bike-0.30","A207","29195","Plouguerneau","Département 29","Accès à pied ou en TC possible",0.01,0,0,0
"floor-permissive__car-0.30__bike-0.30","A207","56219","Saint-Guyomard","Département 56","Accès à pied ou en TC possible",0.01,0,0,0
"floor-permissive__car-0.30__bike-0.30","A207","56233","Saint-Philibert","Département 56","Accès à pied ou en TC possible",0.01,0,0,0
"floor-permissive__car-0.30__bike-0.30","A128","29055","Le Folgoët","Département 29","Le vélo compense",1,0.01,0.78,0
"floor-permissive__car-0.30__bike-0.30","A128","35021","Beaucé","Département 35","Le vélo compense",1,0.01,0.76,0
"floor-permissive__car-0.30__bike-0.30","A203","22282","Saint-Cast-le-Guildo","Département 22","Le vélo compense",1,0.44,0.74,0
"floor-permissive__car-0.30__bike-0.30","A208","35361","Le Vivier-sur-Mer","Département 35","Le vélo compense",1,0.01,0.97,0
"floor-permissive__car-0.30__bike-0.30","A401","22207","Plouaret","Département 22","Le vélo compense",1,0.42,0.72,0
"floor-permissive__car-0.30__bike-0.30","A401","56124","Malestroit","Département 56","Le vélo compense",1,0.01,0.74,0
"floor-permissive__car-0.30__bike-0.30","A404","56233","Saint-Philibert","Département 56","Le vélo compense",1,0.44,0.74,0
"floor-permissive__car-0.30__bike-0.30","A405","22086","Kerfot","Département 22","Le vélo compense",1,0.46,0.76,0
"floor-permissive__car-0.30__bike-0.30","B103","22215","Ploufragan","Département 22","Le vélo compense",1,0.01,0.72,0
"floor-permissive__car-0.30__bike-0.30","B103","35099","Domloup","Département 35","Le vélo compense",1,0.01,0.78,0
"floor-permissive__car-0.30__bike-0.30","B103","35120","Gévezé","Département 35","Le vélo compense",1,0.01,0.8,0
"floor-permissive__car-0.30__bike-0.30","B104","22389","Yffiniac","Département 22","Le vélo compense",1,0.43,0.73,0
"floor-permissive__car-0.30__bike-0.30","A128","22016","Île-de-Bréhat","Département 22","Aucun mode ne permet l’accès",0,0,0,0.01
"floor-permissive__car-0.30__bike-0.30","A128","22029","Canihuel","Département 22","Aucun mode ne permet l’accès",0,0,0,0.01
"floor-permissive__car-0.30__bike-0.30","A128","22057","Le Faouët","Département 22","Aucun mode ne permet l’accès",0,0,0,0.01
"floor-permissive__car-0.30__bike-0.30","A128","22073","La Harmoye","Département 22","Aucun mode ne permet l’accès",0,0,0,0.01
"floor-permissive__car-0.30__bike-0.30","A128","22126","Le Leslay","Département 22","Aucun mode ne permet l’accès",0,0,0,0.01
"floor-permissive__car-0.30__bike-0.30","A128","22170","Plaine-Haute","Département 22","Aucun mode ne permet l’accès",0,0,0,0.01
"floor-permissive__car-0.30__bike-0.30","A128","22212","Plouëc-du-Trieux","Département 22","Aucun mode ne permet l’accès",0,0,0,0.01
"floor-permissive__car-0.30__bike-0.30","A128","22262","Quintin","Département 22","Aucun mode ne permet l’accès",0,0,0,0.01
"floor-permissive__car-0.30__bike-0.30","A128","22276","Saint-Bihy","Département 22","Aucun mode ne permet l’accès",0,0,0,0.01
"floor-permissive__car-0.30__bike-0.30","A128","22283","Saint-Clet","Département 22","Aucun mode ne permet l’accès",0,0,0,0.01
"floor-permissive__car-0.30__bike-0.30","A128","22291","Saint-Gildas","Département 22","Aucun mode ne permet l’accès",0,0,0,0.01
"floor-permissive__car-0.30__bike-0.30","A128","22294","Saint-Gilles-Pligeaux","Département 22","Aucun mode ne permet l’accès",0,0,0,0.01
"floor-strict__car-0.05__bike-0.05","A128","22127","Lézardrieux","Département 22","La voiture ouvre l’accès",0.83,0,0.05,0
"floor-strict__car-0.05__bike-0.05","A128","22243","Plusquellec","Département 22","La voiture ouvre l’accès",1,0.02,0.07,0
"floor-strict__car-0.05__bike-0.05","A128","22387","Le Vieux-Marché","Département 22","La voiture ouvre l’accès",1,0.06,0.11,0
"floor-strict__car-0.05__bike-0.05","A128","29098","Lampaul-Plouarzel","Département 29","La voiture ouvre l’accès",1,0.2,0.69,0
"floor-strict__car-0.05__bike-0.05","A128","29147","Mellac","Département 29","La voiture ouvre l’accès",1,0,0.05,0
"floor-strict__car-0.05__bike-0.05","A128","29235","Le Relecq-Kerhuon","Département 29","La voiture ouvre l’accès",1,0,0.05,0
"floor-strict__car-0.05__bike-0.05","A128","56031","Camors","Département 56","La voiture ouvre l’accès",1,0.2,0.45,0
"floor-strict__car-0.05__bike-0.05","A129","56119","Locoal-Mendon","Département 56","La voiture ouvre l’accès",1,0.2,0.3,0
"floor-strict__car-0.05__bike-0.05","A203","22204","Ploëzal","Département 22","La voiture ouvre l’accès",1,0.17,0.2,0
"floor-strict__car-0.05__bike-0.05","A203","22289","Saint-Fiacre","Département 22","La voiture ouvre l’accès",0.2,0,0,0
"floor-strict__car-0.05__bike-0.05","A203","35224","Plerguer","Département 35","La voiture ouvre l’accès",1,0,0.05,0
"floor-strict__car-0.05__bike-0.05","A203","56047","Crédin","Département 56","La voiture ouvre l’accès",1,0.19,0.2,0
"floor-strict__car-0.05__bike-0.05","A128","35125","La Guerche-de-Bretagne","Département 35","Accès à pied ou en TC possible",1,0.93,0.98,6.93889390390723e-17
"floor-strict__car-0.05__bike-0.05","A129","35059","La Chapelle-des-Fougeretz","Département 35","Accès à pied ou en TC possible",1,0.92,0.97,6.93889390390723e-17
"floor-strict__car-0.05__bike-0.05","A129","35278","Saint-Grégoire","Département 35","Accès à pied ou en TC possible",1,0.92,0.97,6.93889390390723e-17
"floor-strict__car-0.05__bike-0.05","A129","56124","Malestroit","Département 56","Accès à pied ou en TC possible",1,0.93,0.98,6.93889390390723e-17
"floor-strict__car-0.05__bike-0.05","A203","56178","Pontivy","Département 56","Accès à pied ou en TC possible",1,0.91,0.96,6.93889390390723e-17
"floor-strict__car-0.05__bike-0.05","A401","35059","La Chapelle-des-Fougeretz","Département 35","Accès à pied ou en TC possible",1,0.92,0.97,6.93889390390723e-17
"floor-strict__car-0.05__bike-0.05","A401","35090","Crevin","Département 35","Accès à pied ou en TC possible",1,0.92,0.97,6.93889390390723e-17
"floor-strict__car-0.05__bike-0.05","A401","35325","La Selle-Guerchaise","Département 35","Accès à pied ou en TC possible",1,0.92,0.97,6.93889390390723e-17
"floor-strict__car-0.05__bike-0.05","A404","35067","Chasné-sur-Illet","Département 35","Accès à pied ou en TC possible",1,0.92,0.97,6.93889390390723e-17
"floor-strict__car-0.05__bike-0.05","A404","35095","Dol-de-Bretagne","Département 35","Accès à pied ou en TC possible",1,0.93,0.98,6.93889390390723e-17
"floor-strict__car-0.05__bike-0.05","A404","35360","Vitré","Département 35","Accès à pied ou en TC possible",1,0.92,0.97,6.93889390390723e-17
"floor-strict__car-0.05__bike-0.05","A404","56178","Pontivy","Département 56","Accès à pied ou en TC possible",1,0.93,0.98,6.93889390390723e-17
"floor-strict__car-0.05__bike-0.05","B206","56123","Malansac","Département 56","Le vélo compense",0.2,0.02,0.29,0
"floor-strict__car-0.05__bike-0.05","A129","22262","Quintin","Département 22","Le vélo compense",1,0.95,1,4.16333634234434e-17
"floor-strict__car-0.05__bike-0.05","A129","35081","Clayes","Département 35","Le vélo compense",1,0.94,0.99,4.16333634234434e-17
"floor-strict__car-0.05__bike-0.05","A129","35131","L'Hermitage","Département 35","Le vélo compense",1,0.94,0.99,4.16333634234434e-17
"floor-strict__car-0.05__bike-0.05","A129","56065","Gourhel","Département 56","Le vélo compense",1,0.95,1,4.16333634234434e-17
"floor-strict__car-0.05__bike-0.05","A129","56091","Josselin","Département 56","Le vélo compense",1,0.95,1,4.16333634234434e-17
"floor-strict__car-0.05__bike-0.05","A129","56262","Le Bono","Département 56","Le vélo compense",1,0.94,0.99,4.16333634234434e-17
"floor-strict__car-0.05__bike-0.05","A203","22278","Saint-Brieuc","Département 22","Le vélo compense",1,0.95,1,4.16333634234434e-17
"floor-strict__car-0.05__bike-0.05","A203","35189","Montgermont","Département 35","Le vélo compense",1,0.94,0.99,4.16333634234434e-17
"floor-strict__car-0.05__bike-0.05","A203","35288","Saint-Malo","Département 35","Le vélo compense",1,0.94,0.99,4.16333634234434e-17
"floor-strict__car-0.05__bike-0.05","A401","22153","Moncontour","Département 22","Le vélo compense",1,0.95,1,4.16333634234434e-17
"floor-strict__car-0.05__bike-0.05","A404","29039","Concarneau","Département 29","Le vélo compense",1,0.94,0.99,4.16333634234434e-17
"floor-strict__car-0.05__bike-0.05","A128","22289","Saint-Fiacre","Département 22","Aucun mode ne permet l’accès",0.05,0,0,0
"floor-strict__car-0.05__bike-0.05","A128","22293","Saint-Gilles-les-Bois","Département 22","Aucun mode ne permet l’accès",0.05,0,0,0
"floor-strict__car-0.05__bike-0.05","A128","29195","Plouguerneau","Département 29","Aucun mode ne permet l’accès",0.05,0,0,0
"floor-strict__car-0.05__bike-0.05","A206","22284","Saint-Connan","Département 22","Aucun mode ne permet l’accès",0.05,0,0,0
"floor-strict__car-0.05__bike-0.05","A206","35064","La Chapelle-de-Brain","Département 35","Aucun mode ne permet l’accès",0.05,0,0,0
"floor-strict__car-0.05__bike-0.05","A207","29073","Guimaëc","Département 29","Aucun mode ne permet l’accès",0.05,0,0,0
"floor-strict__car-0.05__bike-0.05","A207","29224","Pouldergat","Département 29","Aucun mode ne permet l’accès",0.05,0,0,0
"floor-strict__car-0.05__bike-0.05","A207","29249","Saint-Goazec","Département 29","Aucun mode ne permet l’accès",0.05,0,0,0
"floor-strict__car-0.05__bike-0.05","A207","56041","Cléguérec","Département 56","Aucun mode ne permet l’accès",0.05,0,0,0
"floor-strict__car-0.05__bike-0.05","A207","56261","La Vraie-Croix","Département 56","Aucun mode ne permet l’accès",0.05,0,0,0
"floor-strict__car-0.05__bike-0.05","A208","35024","Betton","Département 35","Aucun mode ne permet l’accès",0.05,0,0,0
"floor-strict__car-0.05__bike-0.05","B103","22115","Lanrivain","Département 22","Aucun mode ne permet l’accès",0.05,0,0,0
"floor-strict__car-0.05__bike-0.10","A128","29098","Lampaul-Plouarzel","Département 29","La voiture ouvre l’accès",1,0.2,0.69,0
"floor-strict__car-0.05__bike-0.10","A128","35066","Chartres-de-Bretagne","Département 35","La voiture ouvre l’accès",1,0.01,0.11,0
"floor-strict__car-0.05__bike-0.10","A128","56031","Camors","Département 56","La voiture ouvre l’accès",1,0.2,0.45,0
"floor-strict__car-0.05__bike-0.10","A129","22387","Le Vieux-Marché","Département 22","La voiture ouvre l’accès",1,0.07,0.17,0
"floor-strict__car-0.05__bike-0.10","A129","29150","Moëlan-sur-Mer","Département 29","La voiture ouvre l’accès",1,0.22,0.32,0
"floor-strict__car-0.05__bike-0.10","A129","35176","Guipry-Messac","Département 35","La voiture ouvre l’accès",1,0.21,0.31,0
"floor-strict__car-0.05__bike-0.10","A129","56119","Locoal-Mendon","Département 56","La voiture ouvre l’accès",1,0.2,0.3,0
"floor-strict__car-0.05__bike-0.10","A203","22144","La Méaugon","Département 22","La voiture ouvre l’accès",1,0,0.1,0
"floor-strict__car-0.05__bike-0.10","A203","22150","Le Merzer","Département 22","La voiture ouvre l’accès",1,0.16,0.26,0
"floor-strict__car-0.05__bike-0.10","A203","22204","Ploëzal","Département 22","La voiture ouvre l’accès",1,0.17,0.2,0
"floor-strict__car-0.05__bike-0.10","A203","22225","Ploumagoar","Département 22","La voiture ouvre l’accès",1,0.23,0.33,0
"floor-strict__car-0.05__bike-0.10","A203","22289","Saint-Fiacre","Département 22","La voiture ouvre l’accès",0.2,0,0,0
"floor-strict__car-0.05__bike-0.10","A129","35181","Le Minihic-sur-Rance","Département 35","Accès à pied ou en TC possible",1,0.89,0.99,2.77555756156289e-17
"floor-strict__car-0.05__bike-0.10","A129","35281","Saint-Jacques-de-la-Lande","Département 35","Accès à pied ou en TC possible",1,0.9,1,2.77555756156289e-17
"floor-strict__car-0.05__bike-0.10","A129","56098","Lanester","Département 56","Accès à pied ou en TC possible",1,0.88,0.98,2.77555756156289e-17
"floor-strict__car-0.05__bike-0.10","A129","56132","Meucon","Département 56","Accès à pied ou en TC possible",1,0.88,0.98,2.77555756156289e-17
"floor-strict__car-0.05__bike-0.10","A203","35188","Montfort-sur-Meu","Département 35","Accès à pied ou en TC possible",1,0.86,0.96,2.77555756156289e-17
"floor-strict__car-0.05__bike-0.10","A206","56098","Lanester","Département 56","Accès à pied ou en TC possible",1,0.88,0.98,2.77555756156289e-17
"floor-strict__car-0.05__bike-0.10","A207","22278","Saint-Brieuc","Département 22","Accès à pied ou en TC possible",1,0.9,1,2.77555756156289e-17
"floor-strict__car-0.05__bike-0.10","A207","56098","Lanester","Département 56","Accès à pied ou en TC possible",1,0.87,0.97,2.77555756156289e-17
"floor-strict__car-0.05__bike-0.10","A401","22327","Saint-Samson-sur-Rance","Département 22","Accès à pied ou en TC possible",1,0.9,1,2.77555756156289e-17
"floor-strict__car-0.05__bike-0.10","A401","29022","Camaret-sur-Mer","Département 29","Accès à pied ou en TC possible",1,0.86,0.96,2.77555756156289e-17
"floor-strict__car-0.05__bike-0.10","A401","56087","Île-aux-Moines","Département 56","Accès à pied ou en TC possible",1,0.86,0.96,2.77555756156289e-17
"floor-strict__car-0.05__bike-0.10","A404","22016","Île-de-Bréhat","Département 22","Accès à pied ou en TC possible",1,0.86,0.96,2.77555756156289e-17
"floor-strict__car-0.05__bike-0.10","B206","56123","Malansac","Département 56","Le vélo compense",0.2,0.02,0.29,0
"floor-strict__car-0.05__bike-0.10","A128","29105","Landivisiau","Département 29","Le vélo compense",1,0.58,0.96,0.00999999999999997
"floor-strict__car-0.05__bike-0.10","A128","35188","Montfort-sur-Meu","Département 35","Le vélo compense",1,0.77,0.96,0.00999999999999997
"floor-strict__car-0.05__bike-0.10","A128","56186","Quiberon","Département 56","Le vélo compense",1,0.65,0.96,0.00999999999999997
"floor-strict__car-0.05__bike-0.10","A129","22064","Gouarec","Département 22","Le vélo compense",1,0.76,0.96,0.00999999999999997
"floor-strict__car-0.05__bike-0.10","A129","22307","Saint-Julien","Département 22","Le vélo compense",1,0.84,0.96,0.00999999999999997
"floor-strict__car-0.05__bike-0.10","A129","22360","Trégueux","Département 22","Le vélo compense",1,0.76,0.96,0.00999999999999997
"floor-strict__car-0.05__bike-0.10","A129","35047","Bruz","Département 35","Le vélo compense",1,0.73,0.96,0.00999999999999997
"floor-strict__car-0.05__bike-0.10","A129","35051","Cesson-Sévigné","Département 35","Le vélo compense",1,0.7,0.96,0.00999999999999997
"floor-strict__car-0.05__bike-0.10","A129","35188","Montfort-sur-Meu","Département 35","Le vélo compense",1,0.73,0.96,0.00999999999999997
"floor-strict__car-0.05__bike-0.10","A129","56186","Quiberon","Département 56","Le vélo compense",1,0.77,0.96,0.00999999999999997
"floor-strict__car-0.05__bike-0.10","A203","22055","Binic-Étables-sur-Mer","Département 22","Le vélo compense",1,0.76,0.96,0.00999999999999997
"floor-strict__car-0.05__bike-0.10","A128","22289","Saint-Fiacre","Département 22","Aucun mode ne permet l’accès",0.05,0,0,0
"floor-strict__car-0.05__bike-0.10","A128","22293","Saint-Gilles-les-Bois","Département 22","Aucun mode ne permet l’accès",0.05,0,0,0
"floor-strict__car-0.05__bike-0.10","A128","29195","Plouguerneau","Département 29","Aucun mode ne permet l’accès",0.05,0,0,0
"floor-strict__car-0.05__bike-0.10","A206","22284","Saint-Connan","Département 22","Aucun mode ne permet l’accès",0.05,0,0,0
"floor-strict__car-0.05__bike-0.10","A206","35064","La Chapelle-de-Brain","Département 35","Aucun mode ne permet l’accès",0.05,0,0,0
"floor-strict__car-0.05__bike-0.10","A207","29073","Guimaëc","Département 29","Aucun mode ne permet l’accès",0.05,0,0,0
"floor-strict__car-0.05__bike-0.10","A207","29224","Pouldergat","Département 29","Aucun mode ne permet l’accès",0.05,0,0,0
"floor-strict__car-0.05__bike-0.10","A207","29249","Saint-Goazec","Département 29","Aucun mode ne permet l’accès",0.05,0,0,0
"floor-strict__car-0.05__bike-0.10","A207","56041","Cléguérec","Département 56","Aucun mode ne permet l’accès",0.05,0,0,0
"floor-strict__car-0.05__bike-0.10","A207","56261","La Vraie-Croix","Département 56","Aucun mode ne permet l’accès",0.05,0,0,0
"floor-strict__car-0.05__bike-0.10","A208","35024","Betton","Département 35","Aucun mode ne permet l’accès",0.05,0,0,0
"floor-strict__car-0.05__bike-0.10","B103","22115","Lanrivain","Département 22","Aucun mode ne permet l’accès",0.05,0,0,0
"floor-strict__car-0.05__bike-0.20","A128","29098","Lampaul-Plouarzel","Département 29","La voiture ouvre l’accès",1,0.2,0.69,0
"floor-strict__car-0.05__bike-0.20","A128","35228","Pleurtuit","Département 35","La voiture ouvre l’accès",1,0.08,0.28,0
"floor-strict__car-0.05__bike-0.20","A128","56031","Camors","Département 56","La voiture ouvre l’accès",1,0.2,0.45,0
"floor-strict__car-0.05__bike-0.20","A128","56083","Hennebont","Département 56","La voiture ouvre l’accès",0.75,0.02,0.22,0
"floor-strict__car-0.05__bike-0.20","A128","56123","Malansac","Département 56","La voiture ouvre l’accès",1,0.26,0.46,0
"floor-strict__car-0.05__bike-0.20","A129","56119","Locoal-Mendon","Département 56","La voiture ouvre l’accès",1,0.2,0.3,0
"floor-strict__car-0.05__bike-0.20","A203","22204","Ploëzal","Département 22","La voiture ouvre l’accès",1,0.17,0.2,0
"floor-strict__car-0.05__bike-0.20","A203","22289","Saint-Fiacre","Département 22","La voiture ouvre l’accès",0.2,0,0,0
"floor-strict__car-0.05__bike-0.20","A203","56047","Crédin","Département 56","La voiture ouvre l’accès",1,0.19,0.2,0
"floor-strict__car-0.05__bike-0.20","A206","22204","Ploëzal","Département 22","La voiture ouvre l’accès",1,0.17,0.2,0
"floor-strict__car-0.05__bike-0.20","A206","29045","Dirinon","Département 29","La voiture ouvre l’accès",1,0.05,0.2,0
"floor-strict__car-0.05__bike-0.20","A206","35263","Saint-Coulomb","Département 35","La voiture ouvre l’accès",1,0.42,0.62,0
"floor-strict__car-0.05__bike-0.20","A128","22106","Langueux","Département 22","Accès à pied ou en TC possible",1,0.8,1,5.55111512312578e-17
"floor-strict__car-0.05__bike-0.20","A129","22064","Gouarec","Département 22","Accès à pied ou en TC possible",1,0.76,0.96,5.55111512312578e-17
"floor-strict__car-0.05__bike-0.20","A129","22360","Trégueux","Département 22","Accès à pied ou en TC possible",1,0.76,0.96,5.55111512312578e-17
"floor-strict__car-0.05__bike-0.20","A203","22055","Binic-Étables-sur-Mer","Département 22","Accès à pied ou en TC possible",1,0.76,0.96,5.55111512312578e-17
"floor-strict__car-0.05__bike-0.20","A208","22064","Gouarec","Département 22","Accès à pied ou en TC possible",1,0.76,0.96,5.55111512312578e-17
"floor-strict__car-0.05__bike-0.20","A401","29039","Concarneau","Département 29","Accès à pied ou en TC possible",1,0.79,0.99,5.55111512312578e-17
"floor-strict__car-0.05__bike-0.20","A401","56234","Saint-Pierre-Quiberon","Département 56","Accès à pied ou en TC possible",1,0.79,0.99,5.55111512312578e-17
"floor-strict__car-0.05__bike-0.20","A404","56258","La Trinité-sur-Mer","Département 56","Accès à pied ou en TC possible",1,0.78,0.98,5.55111512312578e-17
"floor-strict__car-0.05__bike-0.20","A405","22064","Gouarec","Département 22","Accès à pied ou en TC possible",1,0.76,0.96,5.55111512312578e-17
"floor-strict__car-0.05__bike-0.20","A405","35093","Dinard","Département 35","Accès à pied ou en TC possible",1,0.8,1,5.55111512312578e-17
"floor-strict__car-0.05__bike-0.20","A501","29284","Treffiagat","Département 29","Accès à pied ou en TC possible",1,0.76,0.96,5.55111512312578e-17
"floor-strict__car-0.05__bike-0.20","A501","56252","Le Tour-du-Parc","Département 56","Accès à pied ou en TC possible",1,0.76,0.96,5.55111512312578e-17
"floor-strict__car-0.05__bike-0.20","B206","56123","Malansac","Département 56","Le vélo compense",0.2,0.02,0.29,0
"floor-strict__car-0.05__bike-0.20","A129","29040","Le Conquet","Département 29","Le vélo compense",1,0.78,0.99,0.00999999999999995
"floor-strict__car-0.05__bike-0.20","A129","29103","Landerneau","Département 29","Le vélo compense",1,0.78,0.99,0.00999999999999995
"floor-strict__car-0.05__bike-0.20","A203","29040","Le Conquet","Département 29","Le vélo compense",1,0.77,0.98,0.00999999999999995
"floor-strict__car-0.05__bike-0.20","A207","29040","Le Conquet","Département 29","Le vélo compense",1,0.78,0.99,0.00999999999999995
"floor-strict__car-0.05__bike-0.20","B201","22278","Saint-Brieuc","Département 22","Le vélo compense",1,0.79,1,0.00999999999999995
"floor-strict__car-0.05__bike-0.20","B206","29103","Landerneau","Département 29","Le vélo compense",1,0.79,1,0.00999999999999995
"floor-strict__car-0.05__bike-0.20","B207","29040","Le Conquet","Département 29","Le vélo compense",1,0.77,0.98,0.00999999999999995
"floor-strict__car-0.05__bike-0.20","B209","29105","Landivisiau","Département 29","Le vélo compense",1,0.76,0.97,0.00999999999999995
"floor-strict__car-0.05__bike-0.20","B209","29260","Saint-Renan","Département 29","Le vélo compense",1,0.77,0.98,0.00999999999999995
"floor-strict__car-0.05__bike-0.20","B302","29040","Le Conquet","Département 29","Le vélo compense",1,0.77,0.98,0.00999999999999995
"floor-strict__car-0.05__bike-0.20","B306","29019","Brest","Département 29","Le vélo compense",1,0.76,0.97,0.00999999999999995
"floor-strict__car-0.05__bike-0.20","A128","22289","Saint-Fiacre","Département 22","Aucun mode ne permet l’accès",0.05,0,0,0
"floor-strict__car-0.05__bike-0.20","A128","22293","Saint-Gilles-les-Bois","Département 22","Aucun mode ne permet l’accès",0.05,0,0,0
"floor-strict__car-0.05__bike-0.20","A128","29195","Plouguerneau","Département 29","Aucun mode ne permet l’accès",0.05,0,0,0
"floor-strict__car-0.05__bike-0.20","A206","22284","Saint-Connan","Département 22","Aucun mode ne permet l’accès",0.05,0,0,0
"floor-strict__car-0.05__bike-0.20","A206","35064","La Chapelle-de-Brain","Département 35","Aucun mode ne permet l’accès",0.05,0,0,0
"floor-strict__car-0.05__bike-0.20","A207","29073","Guimaëc","Département 29","Aucun mode ne permet l’accès",0.05,0,0,0
"floor-strict__car-0.05__bike-0.20","A207","29224","Pouldergat","Département 29","Aucun mode ne permet l’accès",0.05,0,0,0
"floor-strict__car-0.05__bike-0.20","A207","29249","Saint-Goazec","Département 29","Aucun mode ne permet l’accès",0.05,0,0,0
"floor-strict__car-0.05__bike-0.20","A207","56041","Cléguérec","Département 56","Aucun mode ne permet l’accès",0.05,0,0,0
"floor-strict__car-0.05__bike-0.20","A207","56261","La Vraie-Croix","Département 56","Aucun mode ne permet l’accès",0.05,0,0,0
"floor-strict__car-0.05__bike-0.20","A208","35024","Betton","Département 35","Aucun mode ne permet l’accès",0.05,0,0,0
"floor-strict__car-0.05__bike-0.20","B103","22115","Lanrivain","Département 22","Aucun mode ne permet l’accès",0.05,0,0,0
"floor-strict__car-0.05__bike-0.30","A128","29098","Lampaul-Plouarzel","Département 29","La voiture ouvre l’accès",1,0.2,0.69,0
"floor-strict__car-0.05__bike-0.30","A128","56031","Camors","Département 56","La voiture ouvre l’accès",1,0.2,0.45,0
"floor-strict__car-0.05__bike-0.30","A129","56119","Locoal-Mendon","Département 56","La voiture ouvre l’accès",1,0.2,0.3,0
"floor-strict__car-0.05__bike-0.30","A203","22204","Ploëzal","Département 22","La voiture ouvre l’accès",1,0.17,0.2,0
"floor-strict__car-0.05__bike-0.30","A203","22282","Saint-Cast-le-Guildo","Département 22","La voiture ouvre l’accès",1,0.44,0.74,0
"floor-strict__car-0.05__bike-0.30","A203","22289","Saint-Fiacre","Département 22","La voiture ouvre l’accès",0.2,0,0,0
"floor-strict__car-0.05__bike-0.30","A203","56047","Crédin","Département 56","La voiture ouvre l’accès",1,0.19,0.2,0
"floor-strict__car-0.05__bike-0.30","A206","22204","Ploëzal","Département 22","La voiture ouvre l’accès",1,0.17,0.2,0
"floor-strict__car-0.05__bike-0.30","A206","29045","Dirinon","Département 29","La voiture ouvre l’accès",1,0.05,0.2,0
"floor-strict__car-0.05__bike-0.30","A206","35001","Acigné","Département 35","La voiture ouvre l’accès",1,0,0.3,0
"floor-strict__car-0.05__bike-0.30","A206","56023","Brech","Département 56","La voiture ouvre l’accès",1,0,0.3,0
"floor-strict__car-0.05__bike-0.30","A206","56040","Cléguer","Département 56","La voiture ouvre l’accès",1,0.1,0.2,0
"floor-strict__car-0.05__bike-0.30","B206","56123","Malansac","Département 56","Accès à pied ou en TC possible",0.2,0.02,0.29,0
"floor-strict__car-0.05__bike-0.30","A129","56260","Vannes","Département 56","Accès à pied ou en TC possible",1,0.67,0.97,5.55111512312578e-17
"floor-strict__car-0.05__bike-0.30","A404","22210","Ploubazlanec","Département 22","Accès à pied ou en TC possible",1,0.66,0.96,5.55111512312578e-17
"floor-strict__car-0.05__bike-0.30","B103","35288","Saint-Malo","Département 35","Accès à pied ou en TC possible",0.99,0.67,0.97,5.55111512312578e-17
"floor-strict__car-0.05__bike-0.30","B104","35051","Cesson-Sévigné","Département 35","Accès à pied ou en TC possible",1,0.66,0.96,5.55111512312578e-17
"floor-strict__car-0.05__bike-0.30","C107","35363","Pont-Péan","Département 35","Accès à pied ou en TC possible",1,0.67,0.97,5.55111512312578e-17
"floor-strict__car-0.05__bike-0.30","C108","56205","Saint-Armel","Département 56","Accès à pied ou en TC possible",1,0.68,0.98,5.55111512312578e-17
"floor-strict__car-0.05__bike-0.30","C302","35281","Saint-Jacques-de-la-Lande","Département 35","Accès à pied ou en TC possible",1,0.68,0.98,5.55111512312578e-17
"floor-strict__car-0.05__bike-0.30","D307","56258","La Trinité-sur-Mer","Département 56","Accès à pied ou en TC possible",1,0.66,0.96,5.55111512312578e-17
"floor-strict__car-0.05__bike-0.30","F116","35125","La Guerche-de-Bretagne","Département 35","Accès à pied ou en TC possible",1,0.67,0.97,5.55111512312578e-17
"floor-strict__car-0.05__bike-0.30","F121","35125","La Guerche-de-Bretagne","Département 35","Accès à pied ou en TC possible",1,0.67,0.97,5.55111512312578e-17
"floor-strict__car-0.05__bike-0.30","A401","29040","Le Conquet","Département 29","Accès à pied ou en TC possible",1,0.69,0.98,0.00999999999999995
"floor-strict__car-0.05__bike-0.30","A206","35241","La Richardais","Département 35","Le vélo compense",1,0.7,1,5.55111512312578e-17
"floor-strict__car-0.05__bike-0.30","A207","29098","Lampaul-Plouarzel","Département 29","Le vélo compense",1,0.7,1,5.55111512312578e-17
"floor-strict__car-0.05__bike-0.30","B303","35093","Dinard","Département 35","Le vélo compense",1,0.7,1,5.55111512312578e-17
"floor-strict__car-0.05__bike-0.30","B307","29235","Le Relecq-Kerhuon","Département 29","Le vélo compense",1,0.7,1,5.55111512312578e-17
"floor-strict__car-0.05__bike-0.30","B318","35093","Dinard","Département 35","Le vélo compense",1,0.7,1,5.55111512312578e-17
"floor-strict__car-0.05__bike-0.30","D267","22278","Saint-Brieuc","Département 22","Le vélo compense",1,0.69,0.99,5.55111512312578e-17
"floor-strict__car-0.05__bike-0.30","F121","29072","Guilvinec","Département 29","Le vélo compense",1,0.7,1,5.55111512312578e-17
"floor-strict__car-0.05__bike-0.30","A128","56186","Quiberon","Département 56","Le vélo compense",1,0.65,0.96,0.00999999999999995
"floor-strict__car-0.05__bike-0.30","B206","22278","Saint-Brieuc","Département 22","Le vélo compense",1,0.67,0.98,0.00999999999999995
"floor-strict__car-0.05__bike-0.30","B210","35281","Saint-Jacques-de-la-Lande","Département 35","Le vélo compense",1,0.68,0.99,0.00999999999999995
"floor-strict__car-0.05__bike-0.30","C107","29260","Saint-Renan","Département 29","Le vélo compense",1,0.67,0.98,0.00999999999999995
"floor-strict__car-0.05__bike-0.30","C201","56263","Sainte-Anne-d'Auray","Département 56","Le vélo compense",1,0.65,0.96,0.00999999999999995
"floor-strict__car-0.05__bike-0.30","A128","22289","Saint-Fiacre","Département 22","Aucun mode ne permet l’accès",0.05,0,0,0
"floor-strict__car-0.05__bike-0.30","A128","22293","Saint-Gilles-les-Bois","Département 22","Aucun mode ne permet l’accès",0.05,0,0,0
"floor-strict__car-0.05__bike-0.30","A128","29195","Plouguerneau","Département 29","Aucun mode ne permet l’accès",0.05,0,0,0
"floor-strict__car-0.05__bike-0.30","A206","22284","Saint-Connan","Département 22","Aucun mode ne permet l’accès",0.05,0,0,0
"floor-strict__car-0.05__bike-0.30","A206","35064","La Chapelle-de-Brain","Département 35","Aucun mode ne permet l’accès",0.05,0,0,0
"floor-strict__car-0.05__bike-0.30","A207","29073","Guimaëc","Département 29","Aucun mode ne permet l’accès",0.05,0,0,0
"floor-strict__car-0.05__bike-0.30","A207","29224","Pouldergat","Département 29","Aucun mode ne permet l’accès",0.05,0,0,0
"floor-strict__car-0.05__bike-0.30","A207","29249","Saint-Goazec","Département 29","Aucun mode ne permet l’accès",0.05,0,0,0
"floor-strict__car-0.05__bike-0.30","A207","56041","Cléguérec","Département 56","Aucun mode ne permet l’accès",0.05,0,0,0
"floor-strict__car-0.05__bike-0.30","A207","56261","La Vraie-Croix","Département 56","Aucun mode ne permet l’accès",0.05,0,0,0
"floor-strict__car-0.05__bike-0.30","A208","35024","Betton","Département 35","Aucun mode ne permet l’accès",0.05,0,0,0
"floor-strict__car-0.05__bike-0.30","B103","22115","Lanrivain","Département 22","Aucun mode ne permet l’accès",0.05,0,0,0
"floor-strict__car-0.10__bike-0.05","A128","22127","Lézardrieux","Département 22","La voiture ouvre l’accès",0.83,0,0.05,0
"floor-strict__car-0.10__bike-0.05","A128","22243","Plusquellec","Département 22","La voiture ouvre l’accès",1,0.02,0.07,0
"floor-strict__car-0.10__bike-0.05","A128","22387","Le Vieux-Marché","Département 22","La voiture ouvre l’accès",1,0.06,0.11,0
"floor-strict__car-0.10__bike-0.05","A128","29098","Lampaul-Plouarzel","Département 29","La voiture ouvre l’accès",1,0.2,0.69,0
"floor-strict__car-0.10__bike-0.05","A128","29147","Mellac","Département 29","La voiture ouvre l’accès",1,0,0.05,0
"floor-strict__car-0.10__bike-0.05","A128","29235","Le Relecq-Kerhuon","Département 29","La voiture ouvre l’accès",1,0,0.05,0
"floor-strict__car-0.10__bike-0.05","A128","56031","Camors","Département 56","La voiture ouvre l’accès",1,0.2,0.45,0
"floor-strict__car-0.10__bike-0.05","A129","56119","Locoal-Mendon","Département 56","La voiture ouvre l’accès",1,0.2,0.3,0
"floor-strict__car-0.10__bike-0.05","A203","22204","Ploëzal","Département 22","La voiture ouvre l’accès",1,0.17,0.2,0
"floor-strict__car-0.10__bike-0.05","A203","22289","Saint-Fiacre","Département 22","La voiture ouvre l’accès",0.2,0,0,0
"floor-strict__car-0.10__bike-0.05","A203","35224","Plerguer","Département 35","La voiture ouvre l’accès",1,0,0.05,0
"floor-strict__car-0.10__bike-0.05","A203","56047","Crédin","Département 56","La voiture ouvre l’accès",1,0.19,0.2,0
"floor-strict__car-0.10__bike-0.05","A128","35072","Châtillon-en-Vendelais","Département 35","Accès à pied ou en TC possible",1,0.87,0.9,2.77555756156289e-17
"floor-strict__car-0.10__bike-0.05","A129","22188","Plerneuf","Département 22","Accès à pied ou en TC possible",1,0.89,0.9,2.77555756156289e-17
"floor-strict__car-0.10__bike-0.05","A129","22315","Saint-Maudez","Département 22","Accès à pied ou en TC possible",1,0.89,0.9,2.77555756156289e-17
"floor-strict__car-0.10__bike-0.05","A129","35072","Châtillon-en-Vendelais","Département 35","Accès à pied ou en TC possible",1,0.87,0.9,2.77555756156289e-17
"floor-strict__car-0.10__bike-0.05","A129","35120","Gévezé","Département 35","Accès à pied ou en TC possible",1,0.86,0.9,2.77555756156289e-17
"floor-strict__car-0.10__bike-0.05","A129","35199","Moussé","Département 35","Accès à pied ou en TC possible",1,0.89,0.9,2.77555756156289e-17
"floor-strict__car-0.10__bike-0.05","A129","56109","Lauzach","Département 56","Accès à pied ou en TC possible",1,0.87,0.9,2.77555756156289e-17
"floor-strict__car-0.10__bike-0.05","A203","29081","Huelgoat","Département 29","Accès à pied ou en TC possible",1,0.87,0.9,2.77555756156289e-17
"floor-strict__car-0.10__bike-0.05","A207","22047","Corlay","Département 22","Accès à pied ou en TC possible",1,0.87,0.9,2.77555756156289e-17
"floor-strict__car-0.10__bike-0.05","A401","22086","Kerfot","Département 22","Accès à pied ou en TC possible",1,0.86,0.9,2.77555756156289e-17
"floor-strict__car-0.10__bike-0.05","A401","29015","Bourg-Blanc","Département 29","Accès à pied ou en TC possible",1,0.87,0.9,2.77555756156289e-17
"floor-strict__car-0.10__bike-0.05","A401","35120","Gévezé","Département 35","Accès à pied ou en TC possible",1,0.88,0.9,2.77555756156289e-17
"floor-strict__car-0.10__bike-0.05","B206","56123","Malansac","Département 56","Le vélo compense",0.2,0.02,0.29,0
"floor-strict__car-0.10__bike-0.05","B306","35240","Le Rheu","Département 35","Le vélo compense",1,0.2,0.93,0
"floor-strict__car-0.10__bike-0.05","A128","35068","Châteaubourg","Département 35","Le vélo compense",1,0.6,0.9,2.77555756156289e-17
"floor-strict__car-0.10__bike-0.05","A128","56098","Lanester","Département 56","Le vélo compense",1,0.43,0.9,2.77555756156289e-17
"floor-strict__car-0.10__bike-0.05","A128","56143","Muzillac","Département 56","Le vélo compense",1,0.74,0.9,2.77555756156289e-17
"floor-strict__car-0.10__bike-0.05","A129","22054","Erquy","Département 22","Le vélo compense",1,0.66,0.9,2.77555756156289e-17
"floor-strict__car-0.10__bike-0.05","A129","29022","Camaret-sur-Mer","Département 29","Le vélo compense",1,0.65,0.9,2.77555756156289e-17
"floor-strict__car-0.10__bike-0.05","A129","29064","Goulven","Département 29","Le vélo compense",1,0.85,0.9,2.77555756156289e-17
"floor-strict__car-0.10__bike-0.05","A129","29134","Locronan","Département 29","Le vélo compense",1,0.79,0.9,2.77555756156289e-17
"floor-strict__car-0.10__bike-0.05","A129","29273","Santec","Département 29","Le vélo compense",1,0.53,0.9,2.77555756156289e-17
"floor-strict__car-0.10__bike-0.05","A129","35287","Saint-Lunaire","Département 35","Le vélo compense",1,0.76,0.9,2.77555756156289e-17
"floor-strict__car-0.10__bike-0.05","A129","35351","Le Verger","Département 35","Le vélo compense",1,0.82,0.9,2.77555756156289e-17
"floor-strict__car-0.10__bike-0.05","A128","56055","Étel","Département 56","Aucun mode ne permet l’accès",0.1,0,0,0
"floor-strict__car-0.10__bike-0.05","A128","56107","Larmor-Plage","Département 56","Aucun mode ne permet l’accès",0.1,0,0,0
"floor-strict__car-0.10__bike-0.05","A207","22035","Les Champs-Géraux","Département 22","Aucun mode ne permet l’accès",0.1,0,0,0
"floor-strict__car-0.10__bike-0.05","A207","22132","Lohuec","Département 22","Aucun mode ne permet l’accès",0.1,0,0,0
"floor-strict__car-0.10__bike-0.05","A207","22299","Saint-Hélen","Département 22","Aucun mode ne permet l’accès",0.1,0,0,0
"floor-strict__car-0.10__bike-0.05","A207","29029","Cléden-Poher","Département 29","Aucun mode ne permet l’accès",0.1,0,0,0
"floor-strict__car-0.10__bike-0.05","A207","29274","Scaër","Département 29","Aucun mode ne permet l’accès",0.1,0,0,0
"floor-strict__car-0.10__bike-0.05","A207","56030","Camoël","Département 56","Aucun mode ne permet l’accès",0.1,0,0,0
"floor-strict__car-0.10__bike-0.05","B103","22128","Locarn","Département 22","Aucun mode ne permet l’accès",0.1,0,0,0
"floor-strict__car-0.10__bike-0.05","B103","29294","Le Tréhou","Département 29","Aucun mode ne permet l’accès",0.1,0,0,0
"floor-strict__car-0.10__bike-0.05","B103","35230","Poilley","Département 35","Aucun mode ne permet l’accès",0.1,0,0,0
"floor-strict__car-0.10__bike-0.05","B103","35357","Villamée","Département 35","Aucun mode ne permet l’accès",0.1,0,0,0
"floor-strict__car-0.10__bike-0.10","A128","29098","Lampaul-Plouarzel","Département 29","La voiture ouvre l’accès",1,0.2,0.69,0
"floor-strict__car-0.10__bike-0.10","A128","35066","Chartres-de-Bretagne","Département 35","La voiture ouvre l’accès",1,0.01,0.11,0
"floor-strict__car-0.10__bike-0.10","A128","56031","Camors","Département 56","La voiture ouvre l’accès",1,0.2,0.45,0
"floor-strict__car-0.10__bike-0.10","A129","22387","Le Vieux-Marché","Département 22","La voiture ouvre l’accès",1,0.07,0.17,0
"floor-strict__car-0.10__bike-0.10","A129","29150","Moëlan-sur-Mer","Département 29","La voiture ouvre l’accès",1,0.22,0.32,0
"floor-strict__car-0.10__bike-0.10","A129","35176","Guipry-Messac","Département 35","La voiture ouvre l’accès",1,0.21,0.31,0
"floor-strict__car-0.10__bike-0.10","A129","56119","Locoal-Mendon","Département 56","La voiture ouvre l’accès",1,0.2,0.3,0
"floor-strict__car-0.10__bike-0.10","A203","22144","La Méaugon","Département 22","La voiture ouvre l’accès",1,0,0.1,0
"floor-strict__car-0.10__bike-0.10","A203","22150","Le Merzer","Département 22","La voiture ouvre l’accès",1,0.16,0.26,0
"floor-strict__car-0.10__bike-0.10","A203","22204","Ploëzal","Département 22","La voiture ouvre l’accès",1,0.17,0.2,0
"floor-strict__car-0.10__bike-0.10","A203","22225","Ploumagoar","Département 22","La voiture ouvre l’accès",1,0.23,0.33,0
"floor-strict__car-0.10__bike-0.10","A203","22289","Saint-Fiacre","Département 22","La voiture ouvre l’accès",0.2,0,0,0
"floor-strict__car-0.10__bike-0.10","A128","35072","Châtillon-en-Vendelais","Département 35","Accès à pied ou en TC possible",1,0.87,0.9,2.77555756156289e-17
"floor-strict__car-0.10__bike-0.10","A129","22188","Plerneuf","Département 22","Accès à pied ou en TC possible",1,0.89,0.9,2.77555756156289e-17
"floor-strict__car-0.10__bike-0.10","A129","22315","Saint-Maudez","Département 22","Accès à pied ou en TC possible",1,0.89,0.9,2.77555756156289e-17
"floor-strict__car-0.10__bike-0.10","A129","29064","Goulven","Département 29","Accès à pied ou en TC possible",1,0.85,0.9,2.77555756156289e-17
"floor-strict__car-0.10__bike-0.10","A129","29133","Locquirec","Département 29","Accès à pied ou en TC possible",1,0.84,0.94,2.77555756156289e-17
"floor-strict__car-0.10__bike-0.10","A129","35072","Châtillon-en-Vendelais","Département 35","Accès à pied ou en TC possible",1,0.87,0.9,2.77555756156289e-17
"floor-strict__car-0.10__bike-0.10","A129","35120","Gévezé","Département 35","Accès à pied ou en TC possible",1,0.86,0.9,2.77555756156289e-17
"floor-strict__car-0.10__bike-0.10","A129","35181","Le Minihic-sur-Rance","Département 35","Accès à pied ou en TC possible",1,0.89,0.99,2.77555756156289e-17
"floor-strict__car-0.10__bike-0.10","A129","35199","Moussé","Département 35","Accès à pied ou en TC possible",1,0.89,0.9,2.77555756156289e-17
"floor-strict__car-0.10__bike-0.10","A129","35281","Saint-Jacques-de-la-Lande","Département 35","Accès à pied ou en TC possible",1,0.9,1,2.77555756156289e-17
"floor-strict__car-0.10__bike-0.10","A129","35351","Le Verger","Département 35","Accès à pied ou en TC possible",1,0.82,0.9,2.77555756156289e-17
"floor-strict__car-0.10__bike-0.10","A129","56098","Lanester","Département 56","Accès à pied ou en TC possible",1,0.88,0.98,2.77555756156289e-17
"floor-strict__car-0.10__bike-0.10","B206","56123","Malansac","Département 56","Le vélo compense",0.2,0.02,0.29,0
"floor-strict__car-0.10__bike-0.10","B306","35240","Le Rheu","Département 35","Le vélo compense",1,0.2,0.93,0
"floor-strict__car-0.10__bike-0.10","A128","35068","Châteaubourg","Département 35","Le vélo compense",1,0.6,0.9,2.77555756156289e-17
"floor-strict__car-0.10__bike-0.10","A128","56098","Lanester","Département 56","Le vélo compense",1,0.43,0.9,2.77555756156289e-17
"floor-strict__car-0.10__bike-0.10","A128","56143","Muzillac","Département 56","Le vélo compense",1,0.74,0.9,2.77555756156289e-17
"floor-strict__car-0.10__bike-0.10","A129","22054","Erquy","Département 22","Le vélo compense",1,0.66,0.9,2.77555756156289e-17
"floor-strict__car-0.10__bike-0.10","A129","29022","Camaret-sur-Mer","Département 29","Le vélo compense",1,0.65,0.9,2.77555756156289e-17
"floor-strict__car-0.10__bike-0.10","A129","29134","Locronan","Département 29","Le vélo compense",1,0.79,0.9,2.77555756156289e-17
"floor-strict__car-0.10__bike-0.10","A129","29273","Santec","Département 29","Le vélo compense",1,0.53,0.9,2.77555756156289e-17
"floor-strict__car-0.10__bike-0.10","A129","35287","Saint-Lunaire","Département 35","Le vélo compense",1,0.76,0.9,2.77555756156289e-17
"floor-strict__car-0.10__bike-0.10","A129","35360","Vitré","Département 35","Le vélo compense",1,0.4,0.9,2.77555756156289e-17
"floor-strict__car-0.10__bike-0.10","A129","56052","Damgan","Département 56","Le vélo compense",1,0.5,0.9,2.77555756156289e-17
"floor-strict__car-0.10__bike-0.10","A128","56055","Étel","Département 56","Aucun mode ne permet l’accès",0.1,0,0,0
"floor-strict__car-0.10__bike-0.10","A128","56107","Larmor-Plage","Département 56","Aucun mode ne permet l’accès",0.1,0,0,0
"floor-strict__car-0.10__bike-0.10","A207","22035","Les Champs-Géraux","Département 22","Aucun mode ne permet l’accès",0.1,0,0,0
"floor-strict__car-0.10__bike-0.10","A207","22132","Lohuec","Département 22","Aucun mode ne permet l’accès",0.1,0,0,0
"floor-strict__car-0.10__bike-0.10","A207","22299","Saint-Hélen","Département 22","Aucun mode ne permet l’accès",0.1,0,0,0
"floor-strict__car-0.10__bike-0.10","A207","29029","Cléden-Poher","Département 29","Aucun mode ne permet l’accès",0.1,0,0,0
"floor-strict__car-0.10__bike-0.10","A207","29274","Scaër","Département 29","Aucun mode ne permet l’accès",0.1,0,0,0
"floor-strict__car-0.10__bike-0.10","A207","56030","Camoël","Département 56","Aucun mode ne permet l’accès",0.1,0,0,0
"floor-strict__car-0.10__bike-0.10","B103","22128","Locarn","Département 22","Aucun mode ne permet l’accès",0.1,0,0,0
"floor-strict__car-0.10__bike-0.10","B103","29294","Le Tréhou","Département 29","Aucun mode ne permet l’accès",0.1,0,0,0
"floor-strict__car-0.10__bike-0.10","B103","35230","Poilley","Département 35","Aucun mode ne permet l’accès",0.1,0,0,0
"floor-strict__car-0.10__bike-0.10","B103","35357","Villamée","Département 35","Aucun mode ne permet l’accès",0.1,0,0,0
"floor-strict__car-0.10__bike-0.20","A128","29098","Lampaul-Plouarzel","Département 29","La voiture ouvre l’accès",1,0.2,0.69,0
"floor-strict__car-0.10__bike-0.20","A128","35228","Pleurtuit","Département 35","La voiture ouvre l’accès",1,0.08,0.28,0
"floor-strict__car-0.10__bike-0.20","A128","56031","Camors","Département 56","La voiture ouvre l’accès",1,0.2,0.45,0
"floor-strict__car-0.10__bike-0.20","A128","56083","Hennebont","Département 56","La voiture ouvre l’accès",0.75,0.02,0.22,0
"floor-strict__car-0.10__bike-0.20","A128","56123","Malansac","Département 56","La voiture ouvre l’accès",1,0.26,0.46,0
"floor-strict__car-0.10__bike-0.20","A129","56119","Locoal-Mendon","Département 56","La voiture ouvre l’accès",1,0.2,0.3,0
"floor-strict__car-0.10__bike-0.20","A203","22204","Ploëzal","Département 22","La voiture ouvre l’accès",1,0.17,0.2,0
"floor-strict__car-0.10__bike-0.20","A203","22289","Saint-Fiacre","Département 22","La voiture ouvre l’accès",0.2,0,0,0
"floor-strict__car-0.10__bike-0.20","A203","56047","Crédin","Département 56","La voiture ouvre l’accès",1,0.19,0.2,0
"floor-strict__car-0.10__bike-0.20","A206","22204","Ploëzal","Département 22","La voiture ouvre l’accès",1,0.17,0.2,0
"floor-strict__car-0.10__bike-0.20","A206","29045","Dirinon","Département 29","La voiture ouvre l’accès",1,0.05,0.2,0
"floor-strict__car-0.10__bike-0.20","A206","35263","Saint-Coulomb","Département 35","La voiture ouvre l’accès",1,0.42,0.62,0
"floor-strict__car-0.10__bike-0.20","A128","35072","Châtillon-en-Vendelais","Département 35","Accès à pied ou en TC possible",1,0.87,0.9,2.77555756156289e-17
"floor-strict__car-0.10__bike-0.20","A128","56143","Muzillac","Département 56","Accès à pied ou en TC possible",1,0.74,0.9,2.77555756156289e-17
"floor-strict__car-0.10__bike-0.20","A129","22188","Plerneuf","Département 22","Accès à pied ou en TC possible",1,0.89,0.9,2.77555756156289e-17
"floor-strict__car-0.10__bike-0.20","A129","22315","Saint-Maudez","Département 22","Accès à pied ou en TC possible",1,0.89,0.9,2.77555756156289e-17
"floor-strict__car-0.10__bike-0.20","A129","29064","Goulven","Département 29","Accès à pied ou en TC possible",1,0.85,0.9,2.77555756156289e-17
"floor-strict__car-0.10__bike-0.20","A129","29134","Locronan","Département 29","Accès à pied ou en TC possible",1,0.79,0.9,2.77555756156289e-17
"floor-strict__car-0.10__bike-0.20","A129","35072","Châtillon-en-Vendelais","Département 35","Accès à pied ou en TC possible",1,0.87,0.9,2.77555756156289e-17
"floor-strict__car-0.10__bike-0.20","A129","35120","Gévezé","Département 35","Accès à pied ou en TC possible",1,0.86,0.9,2.77555756156289e-17
"floor-strict__car-0.10__bike-0.20","A129","35199","Moussé","Département 35","Accès à pied ou en TC possible",1,0.89,0.9,2.77555756156289e-17
"floor-strict__car-0.10__bike-0.20","A129","35287","Saint-Lunaire","Département 35","Accès à pied ou en TC possible",1,0.76,0.9,2.77555756156289e-17
"floor-strict__car-0.10__bike-0.20","A129","35351","Le Verger","Département 35","Accès à pied ou en TC possible",1,0.82,0.9,2.77555756156289e-17
"floor-strict__car-0.10__bike-0.20","A129","56109","Lauzach","Département 56","Accès à pied ou en TC possible",1,0.87,0.9,2.77555756156289e-17
"floor-strict__car-0.10__bike-0.20","B206","56123","Malansac","Département 56","Le vélo compense",0.2,0.02,0.29,0
"floor-strict__car-0.10__bike-0.20","B306","35240","Le Rheu","Département 35","Le vélo compense",1,0.2,0.93,0
"floor-strict__car-0.10__bike-0.20","A128","35068","Châteaubourg","Département 35","Le vélo compense",1,0.6,0.9,2.77555756156289e-17
"floor-strict__car-0.10__bike-0.20","A128","56098","Lanester","Département 56","Le vélo compense",1,0.43,0.9,2.77555756156289e-17
"floor-strict__car-0.10__bike-0.20","A129","22054","Erquy","Département 22","Le vélo compense",1,0.66,0.9,2.77555756156289e-17
"floor-strict__car-0.10__bike-0.20","A129","29022","Camaret-sur-Mer","Département 29","Le vélo compense",1,0.65,0.9,2.77555756156289e-17
"floor-strict__car-0.10__bike-0.20","A129","29273","Santec","Département 29","Le vélo compense",1,0.53,0.9,2.77555756156289e-17
"floor-strict__car-0.10__bike-0.20","A129","35360","Vitré","Département 35","Le vélo compense",1,0.4,0.9,2.77555756156289e-17
"floor-strict__car-0.10__bike-0.20","A129","56052","Damgan","Département 56","Le vélo compense",1,0.5,0.9,2.77555756156289e-17
"floor-strict__car-0.10__bike-0.20","A129","56243","Séné","Département 56","Le vélo compense",1,0.51,0.9,2.77555756156289e-17
"floor-strict__car-0.10__bike-0.20","A129","56258","La Trinité-sur-Mer","Département 56","Le vélo compense",1,0.56,0.9,2.77555756156289e-17
"floor-strict__car-0.10__bike-0.20","A206","22055","Binic-Étables-sur-Mer","Département 22","Le vélo compense",1,0.63,0.9,2.77555756156289e-17
"floor-strict__car-0.10__bike-0.20","A128","56055","Étel","Département 56","Aucun mode ne permet l’accès",0.1,0,0,0
"floor-strict__car-0.10__bike-0.20","A128","56107","Larmor-Plage","Département 56","Aucun mode ne permet l’accès",0.1,0,0,0
"floor-strict__car-0.10__bike-0.20","A207","22035","Les Champs-Géraux","Département 22","Aucun mode ne permet l’accès",0.1,0,0,0
"floor-strict__car-0.10__bike-0.20","A207","22132","Lohuec","Département 22","Aucun mode ne permet l’accès",0.1,0,0,0
"floor-strict__car-0.10__bike-0.20","A207","22299","Saint-Hélen","Département 22","Aucun mode ne permet l’accès",0.1,0,0,0
"floor-strict__car-0.10__bike-0.20","A207","29029","Cléden-Poher","Département 29","Aucun mode ne permet l’accès",0.1,0,0,0
"floor-strict__car-0.10__bike-0.20","A207","29274","Scaër","Département 29","Aucun mode ne permet l’accès",0.1,0,0,0
"floor-strict__car-0.10__bike-0.20","A207","56030","Camoël","Département 56","Aucun mode ne permet l’accès",0.1,0,0,0
"floor-strict__car-0.10__bike-0.20","B103","22128","Locarn","Département 22","Aucun mode ne permet l’accès",0.1,0,0,0
"floor-strict__car-0.10__bike-0.20","B103","29294","Le Tréhou","Département 29","Aucun mode ne permet l’accès",0.1,0,0,0
"floor-strict__car-0.10__bike-0.20","B103","35230","Poilley","Département 35","Aucun mode ne permet l’accès",0.1,0,0,0
"floor-strict__car-0.10__bike-0.20","B103","35357","Villamée","Département 35","Aucun mode ne permet l’accès",0.1,0,0,0
"floor-strict__car-0.10__bike-0.30","A128","29098","Lampaul-Plouarzel","Département 29","La voiture ouvre l’accès",1,0.2,0.69,0
"floor-strict__car-0.10__bike-0.30","A128","56031","Camors","Département 56","La voiture ouvre l’accès",1,0.2,0.45,0
"floor-strict__car-0.10__bike-0.30","A129","56119","Locoal-Mendon","Département 56","La voiture ouvre l’accès",1,0.2,0.3,0
"floor-strict__car-0.10__bike-0.30","A203","22204","Ploëzal","Département 22","La voiture ouvre l’accès",1,0.17,0.2,0
"floor-strict__car-0.10__bike-0.30","A203","22282","Saint-Cast-le-Guildo","Département 22","La voiture ouvre l’accès",1,0.44,0.74,0
"floor-strict__car-0.10__bike-0.30","A203","22289","Saint-Fiacre","Département 22","La voiture ouvre l’accès",0.2,0,0,0
"floor-strict__car-0.10__bike-0.30","A203","56047","Crédin","Département 56","La voiture ouvre l’accès",1,0.19,0.2,0
"floor-strict__car-0.10__bike-0.30","A206","22204","Ploëzal","Département 22","La voiture ouvre l’accès",1,0.17,0.2,0
"floor-strict__car-0.10__bike-0.30","A206","29045","Dirinon","Département 29","La voiture ouvre l’accès",1,0.05,0.2,0
"floor-strict__car-0.10__bike-0.30","A206","35001","Acigné","Département 35","La voiture ouvre l’accès",1,0,0.3,0
"floor-strict__car-0.10__bike-0.30","A206","56023","Brech","Département 56","La voiture ouvre l’accès",1,0,0.3,0
"floor-strict__car-0.10__bike-0.30","A206","56040","Cléguer","Département 56","La voiture ouvre l’accès",1,0.1,0.2,0
"floor-strict__car-0.10__bike-0.30","B206","56123","Malansac","Département 56","Accès à pied ou en TC possible",0.2,0.02,0.29,0
"floor-strict__car-0.10__bike-0.30","A128","35072","Châtillon-en-Vendelais","Département 35","Accès à pied ou en TC possible",1,0.87,0.9,2.77555756156289e-17
"floor-strict__car-0.10__bike-0.30","A128","56143","Muzillac","Département 56","Accès à pied ou en TC possible",1,0.74,0.9,2.77555756156289e-17
"floor-strict__car-0.10__bike-0.30","A129","22054","Erquy","Département 22","Accès à pied ou en TC possible",1,0.66,0.9,2.77555756156289e-17
"floor-strict__car-0.10__bike-0.30","A129","22188","Plerneuf","Département 22","Accès à pied ou en TC possible",1,0.89,0.9,2.77555756156289e-17
"floor-strict__car-0.10__bike-0.30","A129","22315","Saint-Maudez","Département 22","Accès à pied ou en TC possible",1,0.89,0.9,2.77555756156289e-17
"floor-strict__car-0.10__bike-0.30","A129","29022","Camaret-sur-Mer","Département 29","Accès à pied ou en TC possible",1,0.65,0.9,2.77555756156289e-17
"floor-strict__car-0.10__bike-0.30","A129","29064","Goulven","Département 29","Accès à pied ou en TC possible",1,0.85,0.9,2.77555756156289e-17
"floor-strict__car-0.10__bike-0.30","A129","29134","Locronan","Département 29","Accès à pied ou en TC possible",1,0.79,0.9,2.77555756156289e-17
"floor-strict__car-0.10__bike-0.30","A129","35072","Châtillon-en-Vendelais","Département 35","Accès à pied ou en TC possible",1,0.87,0.9,2.77555756156289e-17
"floor-strict__car-0.10__bike-0.30","A129","35120","Gévezé","Département 35","Accès à pied ou en TC possible",1,0.86,0.9,2.77555756156289e-17
"floor-strict__car-0.10__bike-0.30","A129","35199","Moussé","Département 35","Accès à pied ou en TC possible",1,0.89,0.9,2.77555756156289e-17
"floor-strict__car-0.10__bike-0.30","B306","35240","Le Rheu","Département 35","Le vélo compense",1,0.2,0.93,0
"floor-strict__car-0.10__bike-0.30","A128","35068","Châteaubourg","Département 35","Le vélo compense",1,0.6,0.9,2.77555756156289e-17
"floor-strict__car-0.10__bike-0.30","A128","56098","Lanester","Département 56","Le vélo compense",1,0.43,0.9,2.77555756156289e-17
"floor-strict__car-0.10__bike-0.30","A129","29273","Santec","Département 29","Le vélo compense",1,0.53,0.9,2.77555756156289e-17
"floor-strict__car-0.10__bike-0.30","A129","35360","Vitré","Département 35","Le vélo compense",1,0.4,0.9,2.77555756156289e-17
"floor-strict__car-0.10__bike-0.30","A129","56052","Damgan","Département 56","Le vélo compense",1,0.5,0.9,2.77555756156289e-17
"floor-strict__car-0.10__bike-0.30","A129","56243","Séné","Département 56","Le vélo compense",1,0.51,0.9,2.77555756156289e-17
"floor-strict__car-0.10__bike-0.30","A129","56258","La Trinité-sur-Mer","Département 56","Le vélo compense",1,0.56,0.9,2.77555756156289e-17
"floor-strict__car-0.10__bike-0.30","A207","22168","Perros-Guirec","Département 22","Le vélo compense",1,0.34,0.9,2.77555756156289e-17
"floor-strict__car-0.10__bike-0.30","A208","22282","Saint-Cast-le-Guildo","Département 22","Le vélo compense",1,0.45,0.9,2.77555756156289e-17
"floor-strict__car-0.10__bike-0.30","A208","29046","Douarnenez","Département 29","Le vélo compense",1,0.33,0.9,2.77555756156289e-17
"floor-strict__car-0.10__bike-0.30","A208","35188","Montfort-sur-Meu","Département 35","Le vélo compense",1,0.32,0.9,2.77555756156289e-17
"floor-strict__car-0.10__bike-0.30","A128","56055","Étel","Département 56","Aucun mode ne permet l’accès",0.1,0,0,0
"floor-strict__car-0.10__bike-0.30","A128","56107","Larmor-Plage","Département 56","Aucun mode ne permet l’accès",0.1,0,0,0
"floor-strict__car-0.10__bike-0.30","A207","22035","Les Champs-Géraux","Département 22","Aucun mode ne permet l’accès",0.1,0,0,0
"floor-strict__car-0.10__bike-0.30","A207","22132","Lohuec","Département 22","Aucun mode ne permet l’accès",0.1,0,0,0
"floor-strict__car-0.10__bike-0.30","A207","22299","Saint-Hélen","Département 22","Aucun mode ne permet l’accès",0.1,0,0,0
"floor-strict__car-0.10__bike-0.30","A207","29029","Cléden-Poher","Département 29","Aucun mode ne permet l’accès",0.1,0,0,0
"floor-strict__car-0.10__bike-0.30","A207","29274","Scaër","Département 29","Aucun mode ne permet l’accès",0.1,0,0,0
"floor-strict__car-0.10__bike-0.30","A207","56030","Camoël","Département 56","Aucun mode ne permet l’accès",0.1,0,0,0
"floor-strict__car-0.10__bike-0.30","B103","22128","Locarn","Département 22","Aucun mode ne permet l’accès",0.1,0,0,0
"floor-strict__car-0.10__bike-0.30","B103","29294","Le Tréhou","Département 29","Aucun mode ne permet l’accès",0.1,0,0,0
"floor-strict__car-0.10__bike-0.30","B103","35230","Poilley","Département 35","Aucun mode ne permet l’accès",0.1,0,0,0
"floor-strict__car-0.10__bike-0.30","B103","35357","Villamée","Département 35","Aucun mode ne permet l’accès",0.1,0,0,0
"floor-strict__car-0.20__bike-0.05","A128","22127","Lézardrieux","Département 22","La voiture ouvre l’accès",0.83,0,0.05,0
"floor-strict__car-0.20__bike-0.05","A128","22243","Plusquellec","Département 22","La voiture ouvre l’accès",1,0.02,0.07,0
"floor-strict__car-0.20__bike-0.05","A128","22387","Le Vieux-Marché","Département 22","La voiture ouvre l’accès",1,0.06,0.11,0
"floor-strict__car-0.20__bike-0.05","A128","29098","Lampaul-Plouarzel","Département 29","La voiture ouvre l’accès",1,0.2,0.69,0
"floor-strict__car-0.20__bike-0.05","A128","29147","Mellac","Département 29","La voiture ouvre l’accès",1,0,0.05,0
"floor-strict__car-0.20__bike-0.05","A128","29235","Le Relecq-Kerhuon","Département 29","La voiture ouvre l’accès",1,0,0.05,0
"floor-strict__car-0.20__bike-0.05","A128","56031","Camors","Département 56","La voiture ouvre l’accès",1,0.2,0.45,0
"floor-strict__car-0.20__bike-0.05","A129","56119","Locoal-Mendon","Département 56","La voiture ouvre l’accès",1,0.2,0.3,0
"floor-strict__car-0.20__bike-0.05","A203","22204","Ploëzal","Département 22","La voiture ouvre l’accès",1,0.17,0.2,0
"floor-strict__car-0.20__bike-0.05","A203","22289","Saint-Fiacre","Département 22","La voiture ouvre l’accès",0.2,0,0,0
"floor-strict__car-0.20__bike-0.05","A203","35224","Plerguer","Département 35","La voiture ouvre l’accès",1,0,0.05,0
"floor-strict__car-0.20__bike-0.05","A203","56047","Crédin","Département 56","La voiture ouvre l’accès",1,0.19,0.2,0
"floor-strict__car-0.20__bike-0.05","C107","35312","Saint-Senoux","Département 35","Accès à pied ou en TC possible",0.2,0,0.01,0
"floor-strict__car-0.20__bike-0.05","C301","35068","Châteaubourg","Département 35","Accès à pied ou en TC possible",0.25,0.01,0.06,6.93889390390723e-18
"floor-strict__car-0.20__bike-0.05","A129","22068","Grâce-Uzel","Département 22","Accès à pied ou en TC possible",1,0.77,0.8,5.55111512312578e-17
"floor-strict__car-0.20__bike-0.05","A129","22141","Mantallot","Département 22","Accès à pied ou en TC possible",1,0.8,0.8,5.55111512312578e-17
"floor-strict__car-0.20__bike-0.05","A129","22269","Runan","Département 22","Accès à pied ou en TC possible",1,0.77,0.8,5.55111512312578e-17
"floor-strict__car-0.20__bike-0.05","A129","22378","Trévérec","Département 22","Accès à pied ou en TC possible",1,0.8,0.8,5.55111512312578e-17
"floor-strict__car-0.20__bike-0.05","A129","29005","Baye","Département 29","Accès à pied ou en TC possible",1,0.76,0.8,5.55111512312578e-17
"floor-strict__car-0.20__bike-0.05","A129","29017","Brélès","Département 29","Accès à pied ou en TC possible",1,0.78,0.8,5.55111512312578e-17
"floor-strict__car-0.20__bike-0.05","A129","29111","Lanhouarneau","Département 29","Accès à pied ou en TC possible",1,0.78,0.8,5.55111512312578e-17
"floor-strict__car-0.20__bike-0.05","A129","35058","La Chapelle-Chaussée","Département 35","Accès à pied ou en TC possible",1,0.76,0.8,5.55111512312578e-17
"floor-strict__car-0.20__bike-0.05","A129","35088","Corps-Nuds","Département 35","Accès à pied ou en TC possible",1,0.78,0.8,5.55111512312578e-17
"floor-strict__car-0.20__bike-0.05","A129","56210","Saint-Caradec-Trégomel","Département 56","Accès à pied ou en TC possible",1,0.76,0.8,5.55111512312578e-17
"floor-strict__car-0.20__bike-0.05","A404","29119","Lanrivoaré","Département 29","Le vélo compense",1,0.2,0.83,0
"floor-strict__car-0.20__bike-0.05","A405","29126","Loc-Brévalaire","Département 29","Le vélo compense",1,0.2,0.86,0
"floor-strict__car-0.20__bike-0.05","A405","29133","Locquirec","Département 29","Le vélo compense",1,0.2,0.8,0
"floor-strict__car-0.20__bike-0.05","B103","35360","Vitré","Département 35","Le vélo compense",1,0.2,0.81,0
"floor-strict__car-0.20__bike-0.05","B105","35241","La Richardais","Département 35","Le vélo compense",1,0.2,0.85,0
"floor-strict__car-0.20__bike-0.05","B105","56193","Riantec","Département 56","Le vélo compense",1,0.2,0.87,0
"floor-strict__car-0.20__bike-0.05","B206","56123","Malansac","Département 56","Le vélo compense",0.2,0.02,0.29,0
"floor-strict__car-0.20__bike-0.05","B303","35066","Chartres-de-Bretagne","Département 35","Le vélo compense",1,0.2,0.83,0
"floor-strict__car-0.20__bike-0.05","B306","35240","Le Rheu","Département 35","Le vélo compense",1,0.2,0.93,0
"floor-strict__car-0.20__bike-0.05","C302","56107","Larmor-Plage","Département 56","Le vélo compense",1,0.2,0.85,0
"floor-strict__car-0.20__bike-0.05","D270","56107","Larmor-Plage","Département 56","Le vélo compense",1,0.2,0.85,0
"floor-strict__car-0.20__bike-0.05","D403","29119","Lanrivoaré","Département 29","Le vélo compense",1,0.2,0.84,0
"floor-strict__car-0.20__bike-0.05","F303","56233","Saint-Philibert","Département 56","Aucun mode ne permet l’accès",0.16,0,0.06,0.01
"floor-strict__car-0.20__bike-0.10","A128","29098","Lampaul-Plouarzel","Département 29","La voiture ouvre l’accès",1,0.2,0.69,0
"floor-strict__car-0.20__bike-0.10","A128","35066","Chartres-de-Bretagne","Département 35","La voiture ouvre l’accès",1,0.01,0.11,0
"floor-strict__car-0.20__bike-0.10","A128","56031","Camors","Département 56","La voiture ouvre l’accès",1,0.2,0.45,0
"floor-strict__car-0.20__bike-0.10","A129","22387","Le Vieux-Marché","Département 22","La voiture ouvre l’accès",1,0.07,0.17,0
"floor-strict__car-0.20__bike-0.10","A129","29150","Moëlan-sur-Mer","Département 29","La voiture ouvre l’accès",1,0.22,0.32,0
"floor-strict__car-0.20__bike-0.10","A129","35176","Guipry-Messac","Département 35","La voiture ouvre l’accès",1,0.21,0.31,0
"floor-strict__car-0.20__bike-0.10","A129","56119","Locoal-Mendon","Département 56","La voiture ouvre l’accès",1,0.2,0.3,0
"floor-strict__car-0.20__bike-0.10","A203","22144","La Méaugon","Département 22","La voiture ouvre l’accès",1,0,0.1,0
"floor-strict__car-0.20__bike-0.10","A203","22150","Le Merzer","Département 22","La voiture ouvre l’accès",1,0.16,0.26,0
"floor-strict__car-0.20__bike-0.10","A203","22204","Ploëzal","Département 22","La voiture ouvre l’accès",1,0.17,0.2,0
"floor-strict__car-0.20__bike-0.10","A203","22225","Ploumagoar","Département 22","La voiture ouvre l’accès",1,0.23,0.33,0
"floor-strict__car-0.20__bike-0.10","A203","22289","Saint-Fiacre","Département 22","La voiture ouvre l’accès",0.2,0,0,0
"floor-strict__car-0.20__bike-0.10","C107","35312","Saint-Senoux","Département 35","Accès à pied ou en TC possible",0.2,0,0.01,0
"floor-strict__car-0.20__bike-0.10","A128","22109","Lanloup","Département 22","Accès à pied ou en TC possible",1,0.75,0.85,2.77555756156289e-17
"floor-strict__car-0.20__bike-0.10","A129","29133","Locquirec","Département 29","Accès à pied ou en TC possible",1,0.84,0.94,2.77555756156289e-17
"floor-strict__car-0.20__bike-0.10","A129","29181","Plouédern","Département 29","Accès à pied ou en TC possible",1,0.72,0.82,2.77555756156289e-17
"floor-strict__car-0.20__bike-0.10","A129","35181","Le Minihic-sur-Rance","Département 35","Accès à pied ou en TC possible",1,0.89,0.99,2.77555756156289e-17
"floor-strict__car-0.20__bike-0.10","A129","35206","Noyal-Châtillon-sur-Seiche","Département 35","Accès à pied ou en TC possible",1,0.76,0.86,2.77555756156289e-17
"floor-strict__car-0.20__bike-0.10","A129","35281","Saint-Jacques-de-la-Lande","Département 35","Accès à pied ou en TC possible",1,0.9,1,2.77555756156289e-17
"floor-strict__car-0.20__bike-0.10","A129","56098","Lanester","Département 56","Accès à pied ou en TC possible",1,0.88,0.98,2.77555756156289e-17
"floor-strict__car-0.20__bike-0.10","A129","56132","Meucon","Département 56","Accès à pied ou en TC possible",1,0.88,0.98,2.77555756156289e-17
"floor-strict__car-0.20__bike-0.10","A129","56223","Saint-Jean-la-Poterie","Département 56","Accès à pied ou en TC possible",1,0.77,0.87,2.77555756156289e-17
"floor-strict__car-0.20__bike-0.10","A203","35188","Montfort-sur-Meu","Département 35","Accès à pied ou en TC possible",1,0.86,0.96,2.77555756156289e-17
"floor-strict__car-0.20__bike-0.10","A203","56158","Plescop","Département 56","Accès à pied ou en TC possible",1,0.78,0.88,2.77555756156289e-17
"floor-strict__car-0.20__bike-0.10","A404","29119","Lanrivoaré","Département 29","Le vélo compense",1,0.2,0.83,0
"floor-strict__car-0.20__bike-0.10","A405","29126","Loc-Brévalaire","Département 29","Le vélo compense",1,0.2,0.86,0
"floor-strict__car-0.20__bike-0.10","A405","29133","Locquirec","Département 29","Le vélo compense",1,0.2,0.8,0
"floor-strict__car-0.20__bike-0.10","B103","35360","Vitré","Département 35","Le vélo compense",1,0.2,0.81,0
"floor-strict__car-0.20__bike-0.10","B105","35241","La Richardais","Département 35","Le vélo compense",1,0.2,0.85,0
"floor-strict__car-0.20__bike-0.10","B105","56193","Riantec","Département 56","Le vélo compense",1,0.2,0.87,0
"floor-strict__car-0.20__bike-0.10","B206","56123","Malansac","Département 56","Le vélo compense",0.2,0.02,0.29,0
"floor-strict__car-0.20__bike-0.10","B303","35066","Chartres-de-Bretagne","Département 35","Le vélo compense",1,0.2,0.83,0
"floor-strict__car-0.20__bike-0.10","B306","35240","Le Rheu","Département 35","Le vélo compense",1,0.2,0.93,0
"floor-strict__car-0.20__bike-0.10","C302","56107","Larmor-Plage","Département 56","Le vélo compense",1,0.2,0.85,0
"floor-strict__car-0.20__bike-0.10","D270","56107","Larmor-Plage","Département 56","Le vélo compense",1,0.2,0.85,0
"floor-strict__car-0.20__bike-0.10","D403","29119","Lanrivoaré","Département 29","Le vélo compense",1,0.2,0.84,0
"floor-strict__car-0.20__bike-0.20","A128","29098","Lampaul-Plouarzel","Département 29","La voiture ouvre l’accès",1,0.2,0.69,0
"floor-strict__car-0.20__bike-0.20","A128","35228","Pleurtuit","Département 35","La voiture ouvre l’accès",1,0.08,0.28,0
"floor-strict__car-0.20__bike-0.20","A128","56031","Camors","Département 56","La voiture ouvre l’accès",1,0.2,0.45,0
"floor-strict__car-0.20__bike-0.20","A128","56083","Hennebont","Département 56","La voiture ouvre l’accès",0.75,0.02,0.22,0
"floor-strict__car-0.20__bike-0.20","A128","56123","Malansac","Département 56","La voiture ouvre l’accès",1,0.26,0.46,0
"floor-strict__car-0.20__bike-0.20","A129","56119","Locoal-Mendon","Département 56","La voiture ouvre l’accès",1,0.2,0.3,0
"floor-strict__car-0.20__bike-0.20","A203","22204","Ploëzal","Département 22","La voiture ouvre l’accès",1,0.17,0.2,0
"floor-strict__car-0.20__bike-0.20","A203","22289","Saint-Fiacre","Département 22","La voiture ouvre l’accès",0.2,0,0,0
"floor-strict__car-0.20__bike-0.20","A203","56047","Crédin","Département 56","La voiture ouvre l’accès",1,0.19,0.2,0
"floor-strict__car-0.20__bike-0.20","A206","22204","Ploëzal","Département 22","La voiture ouvre l’accès",1,0.17,0.2,0
"floor-strict__car-0.20__bike-0.20","A206","29045","Dirinon","Département 29","La voiture ouvre l’accès",1,0.05,0.2,0
"floor-strict__car-0.20__bike-0.20","A206","35263","Saint-Coulomb","Département 35","La voiture ouvre l’accès",1,0.42,0.62,0
"floor-strict__car-0.20__bike-0.20","C107","35312","Saint-Senoux","Département 35","Accès à pied ou en TC possible",0.2,0,0.01,0
"floor-strict__car-0.20__bike-0.20","A128","22055","Binic-Étables-sur-Mer","Département 22","Accès à pied ou en TC possible",1,0.64,0.84,5.55111512312578e-17
"floor-strict__car-0.20__bike-0.20","A128","22106","Langueux","Département 22","Accès à pied ou en TC possible",1,0.8,1,5.55111512312578e-17
"floor-strict__car-0.20__bike-0.20","A128","22266","Rostrenen","Département 22","Accès à pied ou en TC possible",1,0.65,0.85,5.55111512312578e-17
"floor-strict__car-0.20__bike-0.20","A129","22021","Brusvily","Département 22","Accès à pied ou en TC possible",1,0.75,0.8,5.55111512312578e-17
"floor-strict__car-0.20__bike-0.20","A129","22064","Gouarec","Département 22","Accès à pied ou en TC possible",1,0.76,0.96,5.55111512312578e-17
"floor-strict__car-0.20__bike-0.20","A129","22068","Grâce-Uzel","Département 22","Accès à pied ou en TC possible",1,0.77,0.8,5.55111512312578e-17
"floor-strict__car-0.20__bike-0.20","A129","22141","Mantallot","Département 22","Accès à pied ou en TC possible",1,0.8,0.8,5.55111512312578e-17
"floor-strict__car-0.20__bike-0.20","A129","22242","Plurien","Département 22","Accès à pied ou en TC possible",1,0.68,0.8,5.55111512312578e-17
"floor-strict__car-0.20__bike-0.20","A129","22266","Rostrenen","Département 22","Accès à pied ou en TC possible",1,0.65,0.85,5.55111512312578e-17
"floor-strict__car-0.20__bike-0.20","A129","22269","Runan","Département 22","Accès à pied ou en TC possible",1,0.77,0.8,5.55111512312578e-17
"floor-strict__car-0.20__bike-0.20","A129","22360","Trégueux","Département 22","Accès à pied ou en TC possible",1,0.76,0.96,5.55111512312578e-17
"floor-strict__car-0.20__bike-0.20","A404","29119","Lanrivoaré","Département 29","Le vélo compense",1,0.2,0.83,0
"floor-strict__car-0.20__bike-0.20","A405","29126","Loc-Brévalaire","Département 29","Le vélo compense",1,0.2,0.86,0
"floor-strict__car-0.20__bike-0.20","A405","29133","Locquirec","Département 29","Le vélo compense",1,0.2,0.8,0
"floor-strict__car-0.20__bike-0.20","B103","35360","Vitré","Département 35","Le vélo compense",1,0.2,0.81,0
"floor-strict__car-0.20__bike-0.20","B105","35241","La Richardais","Département 35","Le vélo compense",1,0.2,0.85,0
"floor-strict__car-0.20__bike-0.20","B105","56193","Riantec","Département 56","Le vélo compense",1,0.2,0.87,0
"floor-strict__car-0.20__bike-0.20","B206","56123","Malansac","Département 56","Le vélo compense",0.2,0.02,0.29,0
"floor-strict__car-0.20__bike-0.20","B303","35066","Chartres-de-Bretagne","Département 35","Le vélo compense",1,0.2,0.83,0
"floor-strict__car-0.20__bike-0.20","B306","35240","Le Rheu","Département 35","Le vélo compense",1,0.2,0.93,0
"floor-strict__car-0.20__bike-0.20","C302","56107","Larmor-Plage","Département 56","Le vélo compense",1,0.2,0.85,0
"floor-strict__car-0.20__bike-0.20","D270","56107","Larmor-Plage","Département 56","Le vélo compense",1,0.2,0.85,0
"floor-strict__car-0.20__bike-0.20","D403","29119","Lanrivoaré","Département 29","Le vélo compense",1,0.2,0.84,0
"floor-strict__car-0.20__bike-0.30","A128","29098","Lampaul-Plouarzel","Département 29","La voiture ouvre l’accès",1,0.2,0.69,0
"floor-strict__car-0.20__bike-0.30","A128","56031","Camors","Département 56","La voiture ouvre l’accès",1,0.2,0.45,0
"floor-strict__car-0.20__bike-0.30","A129","56119","Locoal-Mendon","Département 56","La voiture ouvre l’accès",1,0.2,0.3,0
"floor-strict__car-0.20__bike-0.30","A203","22204","Ploëzal","Département 22","La voiture ouvre l’accès",1,0.17,0.2,0
"floor-strict__car-0.20__bike-0.30","A203","22282","Saint-Cast-le-Guildo","Département 22","La voiture ouvre l’accès",1,0.44,0.74,0
"floor-strict__car-0.20__bike-0.30","A203","22289","Saint-Fiacre","Département 22","La voiture ouvre l’accès",0.2,0,0,0
"floor-strict__car-0.20__bike-0.30","A203","56047","Crédin","Département 56","La voiture ouvre l’accès",1,0.19,0.2,0
"floor-strict__car-0.20__bike-0.30","A206","22204","Ploëzal","Département 22","La voiture ouvre l’accès",1,0.17,0.2,0
"floor-strict__car-0.20__bike-0.30","A206","29045","Dirinon","Département 29","La voiture ouvre l’accès",1,0.05,0.2,0
"floor-strict__car-0.20__bike-0.30","A206","35001","Acigné","Département 35","La voiture ouvre l’accès",1,0,0.3,0
"floor-strict__car-0.20__bike-0.30","A206","56023","Brech","Département 56","La voiture ouvre l’accès",1,0,0.3,0
"floor-strict__car-0.20__bike-0.30","A206","56040","Cléguer","Département 56","La voiture ouvre l’accès",1,0.1,0.2,0
"floor-strict__car-0.20__bike-0.30","B206","56123","Malansac","Département 56","Accès à pied ou en TC possible",0.2,0.02,0.29,0
"floor-strict__car-0.20__bike-0.30","C107","35312","Saint-Senoux","Département 35","Accès à pied ou en TC possible",0.2,0,0.01,0
"floor-strict__car-0.20__bike-0.30","A129","22021","Brusvily","Département 22","Accès à pied ou en TC possible",1,0.75,0.8,5.55111512312578e-17
"floor-strict__car-0.20__bike-0.30","A129","22068","Grâce-Uzel","Département 22","Accès à pied ou en TC possible",1,0.77,0.8,5.55111512312578e-17
"floor-strict__car-0.20__bike-0.30","A129","22118","Lanvallay","Département 22","Accès à pied ou en TC possible",1,0.56,0.8,5.55111512312578e-17
"floor-strict__car-0.20__bike-0.30","A129","22141","Mantallot","Département 22","Accès à pied ou en TC possible",1,0.8,0.8,5.55111512312578e-17
"floor-strict__car-0.20__bike-0.30","A129","22242","Plurien","Département 22","Accès à pied ou en TC possible",1,0.68,0.8,5.55111512312578e-17
"floor-strict__car-0.20__bike-0.30","A129","22269","Runan","Département 22","Accès à pied ou en TC possible",1,0.77,0.8,5.55111512312578e-17
"floor-strict__car-0.20__bike-0.30","A129","22378","Trévérec","Département 22","Accès à pied ou en TC possible",1,0.8,0.8,5.55111512312578e-17
"floor-strict__car-0.20__bike-0.30","A129","22380","Trévron","Département 22","Accès à pied ou en TC possible",1,0.61,0.8,5.55111512312578e-17
"floor-strict__car-0.20__bike-0.30","A129","29005","Baye","Département 29","Accès à pied ou en TC possible",1,0.76,0.8,5.55111512312578e-17
"floor-strict__car-0.20__bike-0.30","A129","29017","Brélès","Département 29","Accès à pied ou en TC possible",1,0.78,0.8,5.55111512312578e-17
"floor-strict__car-0.20__bike-0.30","A404","29119","Lanrivoaré","Département 29","Le vélo compense",1,0.2,0.83,0
"floor-strict__car-0.20__bike-0.30","A405","29126","Loc-Brévalaire","Département 29","Le vélo compense",1,0.2,0.86,0
"floor-strict__car-0.20__bike-0.30","A405","29133","Locquirec","Département 29","Le vélo compense",1,0.2,0.8,0
"floor-strict__car-0.20__bike-0.30","B103","35360","Vitré","Département 35","Le vélo compense",1,0.2,0.81,0
"floor-strict__car-0.20__bike-0.30","B105","35241","La Richardais","Département 35","Le vélo compense",1,0.2,0.85,0
"floor-strict__car-0.20__bike-0.30","B105","56193","Riantec","Département 56","Le vélo compense",1,0.2,0.87,0
"floor-strict__car-0.20__bike-0.30","B303","35066","Chartres-de-Bretagne","Département 35","Le vélo compense",1,0.2,0.83,0
"floor-strict__car-0.20__bike-0.30","B306","35240","Le Rheu","Département 35","Le vélo compense",1,0.2,0.93,0
"floor-strict__car-0.20__bike-0.30","C302","56107","Larmor-Plage","Département 56","Le vélo compense",1,0.2,0.85,0
"floor-strict__car-0.20__bike-0.30","D270","56107","Larmor-Plage","Département 56","Le vélo compense",1,0.2,0.85,0
"floor-strict__car-0.20__bike-0.30","D403","29119","Lanrivoaré","Département 29","Le vélo compense",1,0.2,0.84,0
"floor-strict__car-0.20__bike-0.30","A128","22187","Plérin","Département 22","Le vélo compense",1,0.32,0.8,5.55111512312578e-17
"floor-strict__car-0.30__bike-0.05","A128","22127","Lézardrieux","Département 22","La voiture ouvre l’accès",0.83,0,0.05,0
"floor-strict__car-0.30__bike-0.05","A128","22243","Plusquellec","Département 22","La voiture ouvre l’accès",1,0.02,0.07,0
"floor-strict__car-0.30__bike-0.05","A128","22335","Senven-Léhart","Département 22","La voiture ouvre l’accès",0.3,0,0,0
"floor-strict__car-0.30__bike-0.05","A128","22387","Le Vieux-Marché","Département 22","La voiture ouvre l’accès",1,0.06,0.11,0
"floor-strict__car-0.30__bike-0.05","A128","29098","Lampaul-Plouarzel","Département 29","La voiture ouvre l’accès",1,0.2,0.69,0
"floor-strict__car-0.30__bike-0.05","A128","29147","Mellac","Département 29","La voiture ouvre l’accès",1,0,0.05,0
"floor-strict__car-0.30__bike-0.05","A128","29235","Le Relecq-Kerhuon","Département 29","La voiture ouvre l’accès",1,0,0.05,0
"floor-strict__car-0.30__bike-0.05","A128","56031","Camors","Département 56","La voiture ouvre l’accès",1,0.2,0.45,0
"floor-strict__car-0.30__bike-0.05","A129","56119","Locoal-Mendon","Département 56","La voiture ouvre l’accès",1,0.2,0.3,0
"floor-strict__car-0.30__bike-0.05","A203","22204","Ploëzal","Département 22","La voiture ouvre l’accès",1,0.17,0.2,0
"floor-strict__car-0.30__bike-0.05","A203","35224","Plerguer","Département 35","La voiture ouvre l’accès",1,0,0.05,0
"floor-strict__car-0.30__bike-0.05","A203","56047","Crédin","Département 56","La voiture ouvre l’accès",1,0.19,0.2,0
"floor-strict__car-0.30__bike-0.05","A203","22289","Saint-Fiacre","Département 22","Accès à pied ou en TC possible",0.2,0,0,0
"floor-strict__car-0.30__bike-0.05","A207","29125","Leuhan","Département 29","Accès à pied ou en TC possible",0.2,0,0,0
"floor-strict__car-0.30__bike-0.05","A207","56147","Nivillac","Département 56","Accès à pied ou en TC possible",0.2,0,0,0
"floor-strict__car-0.30__bike-0.05","A208","56243","Séné","Département 56","Accès à pied ou en TC possible",0.2,0,0,0
"floor-strict__car-0.30__bike-0.05","B103","22243","Plusquellec","Département 22","Accès à pied ou en TC possible",0.2,0,0,0
"floor-strict__car-0.30__bike-0.05","B103","22348","Trédias","Département 22","Accès à pied ou en TC possible",0.2,0,0,0
"floor-strict__car-0.30__bike-0.05","B103","35316","Saint-Sulpice-des-Landes","Département 35","Accès à pied ou en TC possible",0.2,0,0,0
"floor-strict__car-0.30__bike-0.05","B103","56211","Saint-Congard","Département 56","Accès à pied ou en TC possible",0.2,0,0,0
"floor-strict__car-0.30__bike-0.05","B103","56236","Saint-Servant","Département 56","Accès à pied ou en TC possible",0.2,0,0,0
"floor-strict__car-0.30__bike-0.05","B104","56057","Le Faouët","Département 56","Accès à pied ou en TC possible",0.2,0,0,0
"floor-strict__car-0.30__bike-0.05","B104","56060","Les Fougerêts","Département 56","Accès à pied ou en TC possible",0.2,0,0,0
"floor-strict__car-0.30__bike-0.05","B105","29249","Saint-Goazec","Département 29","Accès à pied ou en TC possible",0.2,0,0,0
"floor-strict__car-0.30__bike-0.05","A404","29119","Lanrivoaré","Département 29","Le vélo compense",1,0.2,0.83,0
"floor-strict__car-0.30__bike-0.05","A405","29126","Loc-Brévalaire","Département 29","Le vélo compense",1,0.2,0.86,0
"floor-strict__car-0.30__bike-0.05","A405","29133","Locquirec","Département 29","Le vélo compense",1,0.2,0.8,0
"floor-strict__car-0.30__bike-0.05","B103","35360","Vitré","Département 35","Le vélo compense",1,0.2,0.81,0
"floor-strict__car-0.30__bike-0.05","B103","56062","Gâvres","Département 56","Le vélo compense",0.45,0,0.2,0
"floor-strict__car-0.30__bike-0.05","B104","29037","Combrit","Département 29","Le vélo compense",1,0.2,0.72,0
"floor-strict__car-0.30__bike-0.05","B105","35241","La Richardais","Département 35","Le vélo compense",1,0.2,0.85,0
"floor-strict__car-0.30__bike-0.05","B105","56193","Riantec","Département 56","Le vélo compense",1,0.2,0.87,0
"floor-strict__car-0.30__bike-0.05","B206","56123","Malansac","Département 56","Le vélo compense",0.2,0.02,0.29,0
"floor-strict__car-0.30__bike-0.05","B209","35088","Corps-Nuds","Département 35","Le vélo compense",1,0.2,0.76,0
"floor-strict__car-0.30__bike-0.05","B210","29161","Pleuven","Département 29","Le vélo compense",1,0.2,0.73,0
"floor-strict__car-0.30__bike-0.05","B303","35066","Chartres-de-Bretagne","Département 35","Le vélo compense",1,0.2,0.83,0
"floor-strict__car-0.30__bike-0.05","F303","56233","Saint-Philibert","Département 56","Aucun mode ne permet l’accès",0.16,0,0.06,0.01
"floor-strict__car-0.30__bike-0.10","A128","22335","Senven-Léhart","Département 22","La voiture ouvre l’accès",0.3,0,0,0
"floor-strict__car-0.30__bike-0.10","A128","29098","Lampaul-Plouarzel","Département 29","La voiture ouvre l’accès",1,0.2,0.69,0
"floor-strict__car-0.30__bike-0.10","A128","35066","Chartres-de-Bretagne","Département 35","La voiture ouvre l’accès",1,0.01,0.11,0
"floor-strict__car-0.30__bike-0.10","A128","56031","Camors","Département 56","La voiture ouvre l’accès",1,0.2,0.45,0
"floor-strict__car-0.30__bike-0.10","A129","22387","Le Vieux-Marché","Département 22","La voiture ouvre l’accès",1,0.07,0.17,0
"floor-strict__car-0.30__bike-0.10","A129","29150","Moëlan-sur-Mer","Département 29","La voiture ouvre l’accès",1,0.22,0.32,0
"floor-strict__car-0.30__bike-0.10","A129","35176","Guipry-Messac","Département 35","La voiture ouvre l’accès",1,0.21,0.31,0
"floor-strict__car-0.30__bike-0.10","A129","56119","Locoal-Mendon","Département 56","La voiture ouvre l’accès",1,0.2,0.3,0
"floor-strict__car-0.30__bike-0.10","A203","22144","La Méaugon","Département 22","La voiture ouvre l’accès",1,0,0.1,0
"floor-strict__car-0.30__bike-0.10","A203","22150","Le Merzer","Département 22","La voiture ouvre l’accès",1,0.16,0.26,0
"floor-strict__car-0.30__bike-0.10","A203","22204","Ploëzal","Département 22","La voiture ouvre l’accès",1,0.17,0.2,0
"floor-strict__car-0.30__bike-0.10","A203","22225","Ploumagoar","Département 22","La voiture ouvre l’accès",1,0.23,0.33,0
"floor-strict__car-0.30__bike-0.10","A203","22289","Saint-Fiacre","Département 22","Accès à pied ou en TC possible",0.2,0,0,0
"floor-strict__car-0.30__bike-0.10","A207","29125","Leuhan","Département 29","Accès à pied ou en TC possible",0.2,0,0,0
"floor-strict__car-0.30__bike-0.10","A207","56147","Nivillac","Département 56","Accès à pied ou en TC possible",0.2,0,0,0
"floor-strict__car-0.30__bike-0.10","A208","56243","Séné","Département 56","Accès à pied ou en TC possible",0.2,0,0,0
"floor-strict__car-0.30__bike-0.10","B103","22243","Plusquellec","Département 22","Accès à pied ou en TC possible",0.2,0,0,0
"floor-strict__car-0.30__bike-0.10","B103","22348","Trédias","Département 22","Accès à pied ou en TC possible",0.2,0,0,0
"floor-strict__car-0.30__bike-0.10","B103","35316","Saint-Sulpice-des-Landes","Département 35","Accès à pied ou en TC possible",0.2,0,0,0
"floor-strict__car-0.30__bike-0.10","B103","56211","Saint-Congard","Département 56","Accès à pied ou en TC possible",0.2,0,0,0
"floor-strict__car-0.30__bike-0.10","B103","56236","Saint-Servant","Département 56","Accès à pied ou en TC possible",0.2,0,0,0
"floor-strict__car-0.30__bike-0.10","B104","56057","Le Faouët","Département 56","Accès à pied ou en TC possible",0.2,0,0,0
"floor-strict__car-0.30__bike-0.10","B104","56060","Les Fougerêts","Département 56","Accès à pied ou en TC possible",0.2,0,0,0
"floor-strict__car-0.30__bike-0.10","B105","29249","Saint-Goazec","Département 29","Accès à pied ou en TC possible",0.2,0,0,0
"floor-strict__car-0.30__bike-0.10","A404","29119","Lanrivoaré","Département 29","Le vélo compense",1,0.2,0.83,0
"floor-strict__car-0.30__bike-0.10","A405","29126","Loc-Brévalaire","Département 29","Le vélo compense",1,0.2,0.86,0
"floor-strict__car-0.30__bike-0.10","A405","29133","Locquirec","Département 29","Le vélo compense",1,0.2,0.8,0
"floor-strict__car-0.30__bike-0.10","B103","35360","Vitré","Département 35","Le vélo compense",1,0.2,0.81,0
"floor-strict__car-0.30__bike-0.10","B103","56062","Gâvres","Département 56","Le vélo compense",0.45,0,0.2,0
"floor-strict__car-0.30__bike-0.10","B104","29037","Combrit","Département 29","Le vélo compense",1,0.2,0.72,0
"floor-strict__car-0.30__bike-0.10","B105","35241","La Richardais","Département 35","Le vélo compense",1,0.2,0.85,0
"floor-strict__car-0.30__bike-0.10","B105","56193","Riantec","Département 56","Le vélo compense",1,0.2,0.87,0
"floor-strict__car-0.30__bike-0.10","B206","56123","Malansac","Département 56","Le vélo compense",0.2,0.02,0.29,0
"floor-strict__car-0.30__bike-0.10","B209","35088","Corps-Nuds","Département 35","Le vélo compense",1,0.2,0.76,0
"floor-strict__car-0.30__bike-0.10","B210","29161","Pleuven","Département 29","Le vélo compense",1,0.2,0.73,0
"floor-strict__car-0.30__bike-0.10","B303","35066","Chartres-de-Bretagne","Département 35","Le vélo compense",1,0.2,0.83,0
"floor-strict__car-0.30__bike-0.20","A128","22335","Senven-Léhart","Département 22","La voiture ouvre l’accès",0.3,0,0,0
"floor-strict__car-0.30__bike-0.20","A128","29098","Lampaul-Plouarzel","Département 29","La voiture ouvre l’accès",1,0.2,0.69,0
"floor-strict__car-0.30__bike-0.20","A128","35228","Pleurtuit","Département 35","La voiture ouvre l’accès",1,0.08,0.28,0
"floor-strict__car-0.30__bike-0.20","A128","56031","Camors","Département 56","La voiture ouvre l’accès",1,0.2,0.45,0
"floor-strict__car-0.30__bike-0.20","A128","56083","Hennebont","Département 56","La voiture ouvre l’accès",0.75,0.02,0.22,0
"floor-strict__car-0.30__bike-0.20","A128","56123","Malansac","Département 56","La voiture ouvre l’accès",1,0.26,0.46,0
"floor-strict__car-0.30__bike-0.20","A129","56119","Locoal-Mendon","Département 56","La voiture ouvre l’accès",1,0.2,0.3,0
"floor-strict__car-0.30__bike-0.20","A203","22204","Ploëzal","Département 22","La voiture ouvre l’accès",1,0.17,0.2,0
"floor-strict__car-0.30__bike-0.20","A203","56047","Crédin","Département 56","La voiture ouvre l’accès",1,0.19,0.2,0
"floor-strict__car-0.30__bike-0.20","A206","22204","Ploëzal","Département 22","La voiture ouvre l’accès",1,0.17,0.2,0
"floor-strict__car-0.30__bike-0.20","A206","29045","Dirinon","Département 29","La voiture ouvre l’accès",1,0.05,0.2,0
"floor-strict__car-0.30__bike-0.20","A206","35263","Saint-Coulomb","Département 35","La voiture ouvre l’accès",1,0.42,0.62,0
"floor-strict__car-0.30__bike-0.20","A203","22289","Saint-Fiacre","Département 22","Accès à pied ou en TC possible",0.2,0,0,0
"floor-strict__car-0.30__bike-0.20","A207","29125","Leuhan","Département 29","Accès à pied ou en TC possible",0.2,0,0,0
"floor-strict__car-0.30__bike-0.20","A207","56147","Nivillac","Département 56","Accès à pied ou en TC possible",0.2,0,0,0
"floor-strict__car-0.30__bike-0.20","A208","56243","Séné","Département 56","Accès à pied ou en TC possible",0.2,0,0,0
"floor-strict__car-0.30__bike-0.20","B103","22243","Plusquellec","Département 22","Accès à pied ou en TC possible",0.2,0,0,0
"floor-strict__car-0.30__bike-0.20","B103","22348","Trédias","Département 22","Accès à pied ou en TC possible",0.2,0,0,0
"floor-strict__car-0.30__bike-0.20","B103","35316","Saint-Sulpice-des-Landes","Département 35","Accès à pied ou en TC possible",0.2,0,0,0
"floor-strict__car-0.30__bike-0.20","B103","56211","Saint-Congard","Département 56","Accès à pied ou en TC possible",0.2,0,0,0
"floor-strict__car-0.30__bike-0.20","B103","56236","Saint-Servant","Département 56","Accès à pied ou en TC possible",0.2,0,0,0
"floor-strict__car-0.30__bike-0.20","B104","56057","Le Faouët","Département 56","Accès à pied ou en TC possible",0.2,0,0,0
"floor-strict__car-0.30__bike-0.20","B104","56060","Les Fougerêts","Département 56","Accès à pied ou en TC possible",0.2,0,0,0
"floor-strict__car-0.30__bike-0.20","B105","29249","Saint-Goazec","Département 29","Accès à pied ou en TC possible",0.2,0,0,0
"floor-strict__car-0.30__bike-0.20","A404","29119","Lanrivoaré","Département 29","Le vélo compense",1,0.2,0.83,0
"floor-strict__car-0.30__bike-0.20","A405","29126","Loc-Brévalaire","Département 29","Le vélo compense",1,0.2,0.86,0
"floor-strict__car-0.30__bike-0.20","A405","29133","Locquirec","Département 29","Le vélo compense",1,0.2,0.8,0
"floor-strict__car-0.30__bike-0.20","B103","35360","Vitré","Département 35","Le vélo compense",1,0.2,0.81,0
"floor-strict__car-0.30__bike-0.20","B103","56062","Gâvres","Département 56","Le vélo compense",0.45,0,0.2,0
"floor-strict__car-0.30__bike-0.20","B104","29037","Combrit","Département 29","Le vélo compense",1,0.2,0.72,0
"floor-strict__car-0.30__bike-0.20","B105","35241","La Richardais","Département 35","Le vélo compense",1,0.2,0.85,0
"floor-strict__car-0.30__bike-0.20","B105","56193","Riantec","Département 56","Le vélo compense",1,0.2,0.87,0
"floor-strict__car-0.30__bike-0.20","B206","56123","Malansac","Département 56","Le vélo compense",0.2,0.02,0.29,0
"floor-strict__car-0.30__bike-0.20","B209","35088","Corps-Nuds","Département 35","Le vélo compense",1,0.2,0.76,0
"floor-strict__car-0.30__bike-0.20","B210","29161","Pleuven","Département 29","Le vélo compense",1,0.2,0.73,0
"floor-strict__car-0.30__bike-0.20","B303","35066","Chartres-de-Bretagne","Département 35","Le vélo compense",1,0.2,0.83,0
"floor-strict__car-0.30__bike-0.30","A128","22335","Senven-Léhart","Département 22","La voiture ouvre l’accès",0.3,0,0,0
"floor-strict__car-0.30__bike-0.30","A128","29098","Lampaul-Plouarzel","Département 29","La voiture ouvre l’accès",1,0.2,0.69,0
"floor-strict__car-0.30__bike-0.30","A128","56031","Camors","Département 56","La voiture ouvre l’accès",1,0.2,0.45,0
"floor-strict__car-0.30__bike-0.30","A129","56119","Locoal-Mendon","Département 56","La voiture ouvre l’accès",1,0.2,0.3,0
"floor-strict__car-0.30__bike-0.30","A203","22204","Ploëzal","Département 22","La voiture ouvre l’accès",1,0.17,0.2,0
"floor-strict__car-0.30__bike-0.30","A203","56047","Crédin","Département 56","La voiture ouvre l’accès",1,0.19,0.2,0
"floor-strict__car-0.30__bike-0.30","A206","22204","Ploëzal","Département 22","La voiture ouvre l’accès",1,0.17,0.2,0
"floor-strict__car-0.30__bike-0.30","A206","29045","Dirinon","Département 29","La voiture ouvre l’accès",1,0.05,0.2,0
"floor-strict__car-0.30__bike-0.30","A206","35001","Acigné","Département 35","La voiture ouvre l’accès",1,0,0.3,0
"floor-strict__car-0.30__bike-0.30","A206","56023","Brech","Département 56","La voiture ouvre l’accès",1,0,0.3,0
"floor-strict__car-0.30__bike-0.30","A206","56040","Cléguer","Département 56","La voiture ouvre l’accès",1,0.1,0.2,0
"floor-strict__car-0.30__bike-0.30","A206","56140","Moréac","Département 56","La voiture ouvre l’accès",1,0.13,0.43,0
"floor-strict__car-0.30__bike-0.30","A203","22289","Saint-Fiacre","Département 22","Accès à pied ou en TC possible",0.2,0,0,0
"floor-strict__car-0.30__bike-0.30","A207","29125","Leuhan","Département 29","Accès à pied ou en TC possible",0.2,0,0,0
"floor-strict__car-0.30__bike-0.30","A207","56147","Nivillac","Département 56","Accès à pied ou en TC possible",0.2,0,0,0
"floor-strict__car-0.30__bike-0.30","A208","56243","Séné","Département 56","Accès à pied ou en TC possible",0.2,0,0,0
"floor-strict__car-0.30__bike-0.30","B103","22243","Plusquellec","Département 22","Accès à pied ou en TC possible",0.2,0,0,0
"floor-strict__car-0.30__bike-0.30","B103","22348","Trédias","Département 22","Accès à pied ou en TC possible",0.2,0,0,0
"floor-strict__car-0.30__bike-0.30","B103","35316","Saint-Sulpice-des-Landes","Département 35","Accès à pied ou en TC possible",0.2,0,0,0
"floor-strict__car-0.30__bike-0.30","B103","56062","Gâvres","Département 56","Accès à pied ou en TC possible",0.45,0,0.2,0
"floor-strict__car-0.30__bike-0.30","B103","56211","Saint-Congard","Département 56","Accès à pied ou en TC possible",0.2,0,0,0
"floor-strict__car-0.30__bike-0.30","B103","56236","Saint-Servant","Département 56","Accès à pied ou en TC possible",0.2,0,0,0
"floor-strict__car-0.30__bike-0.30","B104","56057","Le Faouët","Département 56","Accès à pied ou en TC possible",0.2,0,0,0
"floor-strict__car-0.30__bike-0.30","B104","56060","Les Fougerêts","Département 56","Accès à pied ou en TC possible",0.2,0,0,0
"floor-strict__car-0.30__bike-0.30","A203","22282","Saint-Cast-le-Guildo","Département 22","Le vélo compense",1,0.44,0.74,0
"floor-strict__car-0.30__bike-0.30","A401","22207","Plouaret","Département 22","Le vélo compense",1,0.42,0.72,0
"floor-strict__car-0.30__bike-0.30","A404","29119","Lanrivoaré","Département 29","Le vélo compense",1,0.2,0.83,0
"floor-strict__car-0.30__bike-0.30","A404","56233","Saint-Philibert","Département 56","Le vélo compense",1,0.44,0.74,0
"floor-strict__car-0.30__bike-0.30","A405","22086","Kerfot","Département 22","Le vélo compense",1,0.46,0.76,0
"floor-strict__car-0.30__bike-0.30","A405","29126","Loc-Brévalaire","Département 29","Le vélo compense",1,0.2,0.86,0
"floor-strict__car-0.30__bike-0.30","A405","29133","Locquirec","Département 29","Le vélo compense",1,0.2,0.8,0
"floor-strict__car-0.30__bike-0.30","B103","35360","Vitré","Département 35","Le vélo compense",1,0.2,0.81,0
"floor-strict__car-0.30__bike-0.30","B104","22389","Yffiniac","Département 22","Le vélo compense",1,0.43,0.73,0
"floor-strict__car-0.30__bike-0.30","B104","29037","Combrit","Département 29","Le vélo compense",1,0.2,0.72,0
"floor-strict__car-0.30__bike-0.30","B105","35241","La Richardais","Département 35","Le vélo compense",1,0.2,0.85,0
"floor-strict__car-0.30__bike-0.30","B105","56193","Riantec","Département 56","Le vélo compense",1,0.2,0.87,0
