{"type":"FeatureCollection","features":[{"type":"Feature","properties":{"territoire":"22003","nom":"Aucaleuc","type":"commune"},"geometry":{"type":"MultiPolygon","coordinates":[[[[-2.1306,48.4401],[-2.145,48.4386],[-2.1439,48.453],[-2.1462,48.4551],[-2.14,48.4606],[-2.1419,48.4631],[-2.1403,48.465],[-2.1234,48.4652],[-2.1057,48.4537],[-2.1067,48.4522],[-2.1013,48.4462],[-2.1306,48.4401]]]]}},{"type":"Feature","properties":{"territoire":"22004","nom":"Bégard","type":"commune"},"geometry":{"type":"MultiPolygon","coordinates":[[[[-3.2452,48.642],[-3.2511,48.6318],[-3.2471,48.63],[-3.2492,48.6244],[-3.2469,48.6173],[-3.2558,48.6184],[-3.2561,48.6144],[-3.2593,48.614],[-3.2684,48.6179],[-3.2683,48.6127],[-3.2764,48.6104],[-3.2745,48.6078],[-3.281,48.6015],[-3.2878,48.6063],[-3.2977,48.6086],[-3.2934,48.6115],[-3.2989,48.6142],[-3.3075,48.6126],[-3.3144,48.6054],[-3.3153,48.6004],[-3.3214,48.6036],[-3.3293,48.6027],[-3.3289,48.6064],[-3.3419,48.6177],[-3.3423,48.6243],[-3.3388,48.6228],[-3.3335,48.6244],[-3.334,48.6449],[-3.3261,48.651],[-3.3287,48.654],[-3.307,48.6567],[-3.2894,48.6726],[-3.2836,48.6701],[-3.2789,48.6631],[-3.2697,48.6641],[-3.2657,48.6601],[-3.2621,48.6624],[-3.2596,48.658],[-3.2551,48.6578],[-3.2539,48.6549],[-3.2418,48.654],[-3.2452,48.642]]]]}},{"type":"Feature","properties":{"territoire":"22005","nom":"Belle-Isle-en-Terre","type":"commune"},"geometry":{"type":"MultiPolygon","coordinates":[[[[-3.4015,48.5192],[-3.3986,48.5225],[-3.3994,48.5255],[-3.395,48.5279],[-3.3925,48.5364],[-3.398,48.539],[-3.3971,48.5426],[-3.3993,48.5455],[-3.3957,48.551],[-3.3988,48.5558],[-3.3957,48.5606],[-3.4043,48.5632],[-3.4052,48.567],[-3.3908,48.5729],[-3.3845,48.5596],[-3.3817,48.5587],[-3.3823,48.5538],[-3.3784,48.5525],[-3.3755,48.5457],[-3.3818,48.5419],[-3.3774,48.5382],[-3.3743,48.5397],[-3.3719,48.5377],[-3.3737,48.5357],[-3.3679,48.534],[-3.3677,48.5296],[-3.357,48.5241],[-3.3535,48.5121],[-3.3562,48.5124],[-3.3573,48.5077],[-3.3601,48.508],[-3.3588,48.5047],[-3.3554,48.5055],[-3.3539,48.5034],[-3.3624,48.5055],[-3.3675,48.5042],[-3.3728,48.5074],[-3.3851,48.5053],[-3.3956,48.5086],[-3.3993,48.5105],[-3.3983,48.5145],[-3.4015,48.5192]]]]}},{"type":"Feature","properties":{"territoire":"22020","nom":"Broons","type":"commune"},"geometry":{"type":"MultiPolygon","coordinates":[[[[-2.2206,48.281],[-2.2411,48.2735],[-2.2454,48.2774],[-2.2608,48.2797],[-2.2638,48.282],[-2.2668,48.2794],[-2.2753,48.2842],[-2.2863,48.2849],[-2.2861,48.289],[-2.2817,48.2911],[-2.2822,48.295],[-2.2771,48.2954],[-2.2775,48.2984],[-2.2746,48.3011],[-2.2793,48.3093],[-2.2851,48.3138],[-2.2849,48.32],[-2.2799,48.3216],[-2.2664,48.333],[-2.256,48.3318],[-2.2562,48.3342],[-2.2491,48.339],[-2.2317,48.3412],[-2.2302,48.3396],[-2.2285,48.3426],[-2.23,48.3459],[-2.205,48.3535],[-2.2058,48.3489],[-2.2095,48.3461],[-2.1997,48.3439],[-2.1969,48.3405],[-2.1995,48.339],[-2.2036,48.3241],[-2.2093,48.3208],[-2.2086,48.317],[-2.2037,48.3132],[-2.2072,48.3069],[-2.2052,48.303],[-2.2136,48.298],[-2.2144,48.2922],[-2.2205,48.2887],[-2.2206,48.281]]]]}},{"type":"Feature","properties":{"territoire":"22042","nom":"Coatréven","type":"commune"},"geometry":{"type":"MultiPolygon","coordinates":[[[[-3.2919,48.7647],[-3.2951,48.7622],[-3.2943,48.7592],[-3.3009,48.7552],[-3.3426,48.7498],[-3.3445,48.7559],[-3.3528,48.7579],[-3.3552,48.7662],[-3.352,48.7712],[-3.3453,48.7718],[-3.346,48.7752],[-3.3384,48.7732],[-3.3206,48.7784],[-3.3119,48.7749],[-3.303,48.7662],[-3.2919,48.7647]]]]}},{"type":"Feature","properties":{"territoire":"22044","nom":"Coëtmieux","type":"commune"},"geometry":{"type":"MultiPolygon","coordinates":[[[[-2.5931,48.5033],[-2.5855,48.4993],[-2.5852,48.4965],[-2.5798,48.4947],[-2.5789,48.4922],[-2.5727,48.4933],[-2.5769,48.4871],[-2.5667,48.4838],[-2.5678,48.4812],[-2.5741,48.4813],[-2.5705,48.4779],[-2.5792,48.4719],[-2.5955,48.4687],[-2.6011,48.472],[-2.6044,48.4804],[-2.6117,48.484],[-2.6108,48.4873],[-2.6059,48.4901],[-2.613,48.498],[-2.6141,48.5048],[-2.5989,48.5016],[-2.5931,48.5033]]]]}},{"type":"Feature","properties":{"territoire":"22045","nom":"Cohiniac","type":"commune"},"geometry":{"type":"MultiPolygon","coordinates":[[[[-2.9682,48.436],[-2.9707,48.4401],[-2.972,48.4567],[-2.9669,48.4638],[-2.9551,48.4619],[-2.9491,48.4664],[-2.9487,48.4742],[-2.9366,48.4697],[-2.9288,48.4721],[-2.9219,48.4701],[-2.9221,48.4564],[-2.9317,48.4502],[-2.9288,48.4459],[-2.9404,48.4285],[-2.9682,48.436]]]]}},{"type":"Feature","properties":{"territoire":"22046","nom":"Le Mené","type":"commune"},"geometry":{"type":"MultiPolygon","coordinates":[[[[-2.5767,48.2259],[-2.5846,48.2263],[-2.6054,48.2149],[-2.6121,48.2148],[-2.6164,48.2206],[-2.6305,48.2154],[-2.6344,48.2176],[-2.6325,48.2276],[-2.6418,48.2357],[-2.6458,48.2363],[-2.6414,48.2437],[-2.6447,48.2494],[-2.6486,48.2498],[-2.6455,48.257],[-2.6517,48.261],[-2.6466,48.2619],[-2.6461,48.2707],[-2.6399,48.2726],[-2.6408,48.2758],[-2.6379,48.2778],[-2.6264,48.2759],[-2.6223,48.279],[-2.631,48.288],[-2.6295,48.2911],[-2.6331,48.2994],[-2.6334,48.3069],[-2.6382,48.3057],[-2.6373,48.3113],[-2.6478,48.3111],[-2.6481,48.3143],[-2.6397,48.3186],[-2.6361,48.3173],[-2.6162,48.3224],[-2.6205,48.3249],[-2.5877,48.3239],[-2.5758,48.318],[-2.5695,48.3174],[-2.5708,48.313],[-2.566,48.3122],[-2.5614,48.3077],[-2.5412,48.3056],[-2.5382,48.3084],[-2.5392,48.3125],[-2.5311,48.3284],[-2.5268,48.3284],[-2.5263,48.332],[-2.5233,48.3337],[-2.5109,48.3363],[-2.5084,48.3385],[-2.5082,48.344],[-2.5025,48.349],[-2.4872,48.3533],[-2.4847,48.3499],[-2.4692,48.3509],[-2.4623,48.349],[-2.4607,48.34],[-2.4575,48.3377],[-2.4582,48.3278],[-2.4606,48.3242],[-2.4598,48.3198],[-2.4553,48.3189],[-2.4558,48.3167],[-2.4447,48.3173],[-2.4429,48.309],[-2.4362,48.3109],[-2.4279,48.3087],[-2.4061,48.3169],[-2.4076,48.3114],[-2.3935,48.3007],[-2.3945,48.2943],[-2.3856,48.2878],[-2.377,48.2863],[-2.3817,48.2716],[-2.395,48.2693],[-2.4143,48.2601],[-2.4163,48.2532],[-2.4197,48.2568],[-2.4275,48.2573],[-2.4353,48.2632],[-2.4365,48.2685],[-2.4438,48.2713],[-2.4437,48.2754],[-2.4522,48.2758],[-2.4659,48.2709],[-2.4719,48.2627],[-2.5237,48.2445],[-2.5643,48.2195],[-2.5767,48.2259]]]]}},{"type":"Feature","properties":{"territoire":"22047","nom":"Corlay","type":"commune"},"geometry":{"type":"MultiPolygon","coordinates":[[[[-3.0867,48.3034],[-3.0808,48.309],[-3.0625,48.3173],[-3.0637,48.3227],[-3.0606,48.3194],[-3.0554,48.3198],[-3.046,48.3258],[-3.0233,48.3265],[-3.0229,48.3242],[-3.014,48.3203],[-3.0102,48.3226],[-2.997,48.3172],[-3,48.3118],[-3.0094,48.3091],[-3.0074,48.3039],[-3.004,48.3022],[-3.0063,48.2993],[-3.0155,48.3019],[-3.0234,48.2952],[-3.0248,48.2904],[-3.0315,48.2874],[-3.0344,48.2939],[-3.0408,48.2938],[-3.0422,48.2968],[-3.0396,48.2999],[-3.0423,48.3034],[-3.0585,48.3006],[-3.0638,48.3035],[-3.067,48.2986],[-3.0867,48.3034]]]]}},{"type":"Feature","properties":{"territoire":"22048","nom":"Corseul","type":"commune"},"geometry":{"type":"MultiPolygon","coordinates":[[[[-2.1938,48.4624],[-2.1923,48.4674],[-2.2005,48.4667],[-2.2118,48.474],[-2.2237,48.4737],[-2.2259,48.4766],[-2.2388,48.4761],[-2.2351,48.4705],[-2.2407,48.4701],[-2.2426,48.4667],[-2.2397,48.466],[-2.2468,48.461],[-2.2502,48.4618],[-2.2515,48.4661],[-2.2482,48.4735],[-2.2425,48.4782],[-2.238,48.4889],[-2.2314,48.4912],[-2.2292,48.4963],[-2.2175,48.4939],[-2.2067,48.495],[-2.204,48.4958],[-2.2025,48.5025],[-2.1924,48.5014],[-2.1921,48.5044],[-2.1985,48.5101],[-2.198,48.5148],[-2.1883,48.5207],[-2.1732,48.5149],[-2.1727,48.5084],[-2.1546,48.5034],[-2.1539,48.4967],[-2.1494,48.495],[-2.133,48.4957],[-2.1261,48.4914],[-2.1167,48.4944],[-2.1125,48.4923],[-2.1059,48.4968],[-2.1017,48.4951],[-2.1019,48.5022],[-2.0964,48.5011],[-2.0947,48.4942],[-2.0835,48.4931],[-2.0919,48.4853],[-2.1012,48.482],[-2.1014,48.4778],[-2.1062,48.4733],[-2.1006,48.4702],[-2.1063,48.4655],[-2.1038,48.464],[-2.1063,48.4618],[-2.113,48.4606],[-2.1132,48.4575],[-2.1234,48.4652],[-2.1403,48.465],[-2.1419,48.4631],[-2.14,48.4606],[-2.1462,48.4551],[-2.144,48.4488],[-2.1459,48.4489],[-2.1472,48.454],[-2.1511,48.4507],[-2.1559,48.4561],[-2.1669,48.4552],[-2.1703,48.4575],[-2.1687,48.4621],[-2.18,48.4646],[-2.1849,48.468],[-2.1938,48.4624]]]]}},{"type":"Feature","properties":{"territoire":"22049","nom":"Créhen","type":"commune"},"geometry":{"type":"MultiPolygon","coordinates":[[[[-2.1499,48.5326],[-2.1539,48.5301],[-2.161,48.5175],[-2.1662,48.5148],[-2.1716,48.5138],[-2.1883,48.5207],[-2.1953,48.515],[-2.2017,48.5144],[-2.2003,48.5197],[-2.2049,48.5214],[-2.2052,48.5263],[-2.2093,48.5283],[-2.2091,48.5337],[-2.2135,48.5346],[-2.2145,48.541],[-2.2206,48.541],[-2.2184,48.545],[-2.2238,48.5473],[-2.2227,48.5519],[-2.2152,48.5542],[-2.2198,48.5603],[-2.2151,48.5631],[-2.2163,48.5648],[-2.2134,48.5683],[-2.2172,48.5715],[-2.2058,48.5756],[-2.2015,48.5749],[-2.1987,48.5719],[-2.201,48.5703],[-2.1979,48.5638],[-2.2021,48.5585],[-2.1954,48.5554],[-2.1913,48.5492],[-2.1875,48.5486],[-2.1852,48.5541],[-2.1797,48.5577],[-2.175,48.5571],[-2.1671,48.5401],[-2.1613,48.5395],[-2.1604,48.5348],[-2.1499,48.5326]]]]}},{"type":"Feature","properties":{"territoire":"22129","nom":"Loc-Envel","type":"commune"},"geometry":{"type":"MultiPolygon","coordinates":[[[[-3.4206,48.5017],[-3.4188,48.5043],[-3.4246,48.508],[-3.4206,48.5112],[-3.4206,48.5168],[-3.4146,48.5203],[-3.4007,48.5188],[-3.3983,48.5145],[-3.3993,48.5105],[-3.397,48.5091],[-3.3984,48.501],[-3.4062,48.4986],[-3.4111,48.5016],[-3.4206,48.5017]]]]}},{"type":"Feature","properties":{"territoire":"22131","nom":"Loguivy-Plougras","type":"commune"},"geometry":{"type":"MultiPolygon","coordinates":[[[[-3.4206,48.5168],[-3.4206,48.5112],[-3.4244,48.5063],[-3.4222,48.5073],[-3.4185,48.5037],[-3.4209,48.5013],[-3.4273,48.5022],[-3.4377,48.4942],[-3.442,48.4977],[-3.4447,48.4962],[-3.4424,48.4932],[-3.4462,48.4914],[-3.4451,48.4876],[-3.4585,48.4857],[-3.4745,48.4891],[-3.4795,48.484],[-3.4796,48.478],[-3.4838,48.4795],[-3.49,48.4777],[-3.4923,48.4819],[-3.4972,48.4814],[-3.5039,48.4799],[-3.5034,48.4778],[-3.5086,48.475],[-3.5204,48.4772],[-3.5254,48.4734],[-3.5296,48.4738],[-3.5316,48.4699],[-3.5339,48.4699],[-3.5351,48.4732],[-3.5391,48.471],[-3.5464,48.4778],[-3.5395,48.4774],[-3.5383,48.4814],[-3.5424,48.4812],[-3.5425,48.486],[-3.5357,48.4874],[-3.5396,48.4957],[-3.5302,48.5073],[-3.532,48.5107],[-3.536,48.5117],[-3.5395,48.5094],[-3.5428,48.5114],[-3.5386,48.5143],[-3.5401,48.5168],[-3.5363,48.5188],[-3.5368,48.5212],[-3.5261,48.5248],[-3.5234,48.5279],[-3.5317,48.53],[-3.5362,48.5382],[-3.5333,48.542],[-3.535,48.5434],[-3.529,48.5483],[-3.5237,48.5484],[-3.5176,48.5522],[-3.5123,48.5488],[-3.5029,48.5504],[-3.4921,48.548],[-3.4882,48.5439],[-3.4684,48.5386],[-3.4661,48.5297],[-3.4577,48.5233],[-3.4206,48.5168]]]]}},{"type":"Feature","properties":{"territoire":"22001","nom":"Allineuc","type":"commune"},"geometry":{"type":"MultiPolygon","coordinates":[[[[-2.8955,48.3361],[-2.8894,48.3338],[-2.8871,48.3348],[-2.887,48.3394],[-2.8823,48.3394],[-2.8781,48.3384],[-2.8805,48.3359],[-2.8768,48.3335],[-2.8735,48.3339],[-2.8723,48.3382],[-2.8693,48.3373],[-2.8662,48.3401],[-2.8656,48.3435],[-2.8692,48.3431],[-2.8595,48.3445],[-2.8539,48.3356],[-2.862,48.3317],[-2.8619,48.3249],[-2.8465,48.3236],[-2.8401,48.3264],[-2.8373,48.324],[-2.8392,48.3219],[-2.8351,48.3219],[-2.8365,48.3196],[-2.8288,48.3198],[-2.8255,48.309],[-2.8298,48.3061],[-2.828,48.2989],[-2.8306,48.2976],[-2.8271,48.292],[-2.8707,48.2881],[-2.8763,48.284],[-2.8818,48.2871],[-2.8814,48.2893],[-2.8859,48.2935],[-2.8848,48.2957],[-2.8894,48.2986],[-2.8908,48.3029],[-2.9014,48.2998],[-2.9042,48.3049],[-2.9131,48.3088],[-2.9077,48.3138],[-2.9083,48.3205],[-2.8917,48.3274],[-2.8908,48.3312],[-2.8955,48.3361]]]]}},{"type":"Feature","properties":{"territoire":"22002","nom":"Andel","type":"commune"},"geometry":{"type":"MultiPolygon","coordinates":[[[[-2.5667,48.4838],[-2.5765,48.4866],[-2.5727,48.4933],[-2.5789,48.4922],[-2.5798,48.4947],[-2.5852,48.4965],[-2.5855,48.4993],[-2.5929,48.5028],[-2.5914,48.5056],[-2.5838,48.508],[-2.562,48.5089],[-2.5459,48.5009],[-2.53,48.5025],[-2.5215,48.5071],[-2.519,48.5016],[-2.5167,48.4918],[-2.5256,48.4788],[-2.5451,48.479],[-2.5485,48.4771],[-2.5547,48.4791],[-2.5538,48.4826],[-2.5567,48.485],[-2.5626,48.4827],[-2.5667,48.4838]]]]}},{"type":"Feature","properties":{"territoire":"22006","nom":"Berhet","type":"commune"},"geometry":{"type":"MultiPolygon","coordinates":[[[[-3.296,48.7051],[-3.2941,48.6916],[-3.2998,48.6916],[-3.2996,48.6893],[-3.3033,48.6876],[-3.3165,48.6882],[-3.3175,48.6958],[-3.3231,48.6979],[-3.3227,48.7048],[-3.3146,48.7077],[-3.3101,48.7086],[-3.3087,48.7015],[-3.3114,48.6993],[-3.3038,48.7041],[-3.296,48.7051]]]]}},{"type":"Feature","properties":{"territoire":"22068","nom":"Grâce-Uzel","type":"commune"},"geometry":{"type":"MultiPolygon","coordinates":[[[[-2.8137,48.2371],[-2.811,48.2406],[-2.8187,48.2553],[-2.8146,48.259],[-2.7866,48.264],[-2.7852,48.2653],[-2.787,48.2675],[-2.7718,48.2642],[-2.7763,48.2624],[-2.7789,48.2581],[-2.7749,48.2447],[-2.7714,48.2409],[-2.7836,48.2373],[-2.8137,48.2371]]]]}},{"type":"Feature","properties":{"territoire":"22008","nom":"Bobital","type":"commune"},"geometry":{"type":"MultiPolygon","coordinates":[[[[-2.0785,48.4268],[-2.0798,48.4107],[-2.0816,48.4117],[-2.0913,48.4062],[-2.0928,48.4016],[-2.0967,48.4],[-2.1066,48.4047],[-2.1101,48.4128],[-2.1159,48.4142],[-2.1175,48.4168],[-2.1132,48.4223],[-2.1059,48.4257],[-2.1023,48.4239],[-2.0947,48.426],[-2.0874,48.4227],[-2.086,48.4187],[-2.0785,48.4268]]]]}},{"type":"Feature","properties":{"territoire":"22153","nom":"Moncontour","type":"commune"},"geometry":{"type":"MultiPolygon","coordinates":[[[[-2.6288,48.3627],[-2.6299,48.3571],[-2.6278,48.3542],[-2.6372,48.3546],[-2.6378,48.3574],[-2.6418,48.3549],[-2.6382,48.3603],[-2.6288,48.3627]]]]}},{"type":"Feature","properties":{"territoire":"22155","nom":"La Motte","type":"commune"},"geometry":{"type":"MultiPolygon","coordinates":[[[[-2.7727,48.2654],[-2.758,48.2631],[-2.7543,48.2554],[-2.7382,48.2569],[-2.7322,48.2604],[-2.7284,48.2559],[-2.7294,48.2491],[-2.7224,48.2459],[-2.7116,48.2492],[-2.7014,48.245],[-2.6871,48.2512],[-2.66,48.2444],[-2.6431,48.2478],[-2.6414,48.2436],[-2.6458,48.2363],[-2.6418,48.2357],[-2.6325,48.2276],[-2.6331,48.2171],[-2.6348,48.2145],[-2.6447,48.2145],[-2.6566,48.2111],[-2.6606,48.203],[-2.6658,48.2058],[-2.6888,48.2038],[-2.7008,48.2098],[-2.717,48.2058],[-2.7295,48.2125],[-2.7294,48.2145],[-2.7352,48.2116],[-2.7445,48.2165],[-2.7545,48.2143],[-2.7575,48.231],[-2.7744,48.2439],[-2.7787,48.2544],[-2.7786,48.2601],[-2.7714,48.2633],[-2.7727,48.2654]]]]}},{"type":"Feature","properties":{"territoire":"22009","nom":"Le Bodéo","type":"commune"},"geometry":{"type":"MultiPolygon","coordinates":[[[[-2.8955,48.3361],[-2.8908,48.3312],[-2.8914,48.3279],[-2.8969,48.3237],[-2.9083,48.3205],[-2.9077,48.3138],[-2.9128,48.3097],[-2.9125,48.307],[-2.9235,48.3063],[-2.9262,48.3107],[-2.9336,48.3112],[-2.9342,48.3149],[-2.9428,48.3153],[-2.9406,48.3173],[-2.9456,48.3177],[-2.9446,48.3196],[-2.9484,48.3217],[-2.9457,48.3254],[-2.9424,48.325],[-2.9442,48.3276],[-2.9393,48.331],[-2.9408,48.3339],[-2.9348,48.3357],[-2.9364,48.3417],[-2.9348,48.3414],[-2.9335,48.3468],[-2.9231,48.3461],[-2.9181,48.3426],[-2.9179,48.3394],[-2.9119,48.3398],[-2.9138,48.3382],[-2.8992,48.3341],[-2.9004,48.3323],[-2.8967,48.333],[-2.8955,48.3361]]]]}},{"type":"Feature","properties":{"territoire":"22011","nom":"Boqueho","type":"commune"},"geometry":{"type":"MultiPolygon","coordinates":[[[[-2.9677,48.5015],[-2.9649,48.4975],[-2.9575,48.5009],[-2.9495,48.4981],[-2.951,48.4944],[-2.9491,48.4904],[-2.9514,48.4882],[-2.9494,48.4841],[-2.9537,48.4791],[-2.9471,48.4756],[-2.9498,48.4654],[-2.9574,48.4614],[-2.9659,48.4642],[-2.972,48.4567],[-2.9687,48.4348],[-2.9921,48.4313],[-2.9952,48.44],[-2.9996,48.4407],[-2.9994,48.4434],[-3.0077,48.4443],[-3.0087,48.4472],[-3.0158,48.4455],[-3.0219,48.4477],[-3.0208,48.4528],[-3.0249,48.4634],[-3.0225,48.4689],[-3.0241,48.4723],[-3.0172,48.4748],[-3.0155,48.4781],[-3.0008,48.4834],[-2.9923,48.4925],[-2.9916,48.4979],[-2.9677,48.5015]]]]}},{"type":"Feature","properties":{"territoire":"22168","nom":"Perros-Guirec","type":"commune"},"geometry":{"type":"MultiPolygon","coordinates":[[[[-3.4659,48.7869],[-3.4715,48.7887],[-3.4704,48.7909],[-3.4748,48.7904],[-3.4793,48.7936],[-3.4844,48.7921],[-3.4877,48.7967],[-3.4906,48.7955],[-3.4934,48.7976],[-3.4918,48.8052],[-3.4939,48.8101],[-3.4898,48.8163],[-3.4903,48.8257],[-3.4855,48.8265],[-3.4865,48.8293],[-3.4912,48.8311],[-3.4862,48.8323],[-3.4881,48.8356],[-3.4833,48.838],[-3.4813,48.8363],[-3.4762,48.8379],[-3.4742,48.8331],[-3.4764,48.8325],[-3.4725,48.8309],[-3.473,48.8283],[-3.4678,48.8231],[-3.4596,48.8197],[-3.4607,48.8172],[-3.4578,48.8159],[-3.4508,48.8159],[-3.441,48.8204],[-3.4304,48.8191],[-3.429,48.8219],[-3.4266,48.8193],[-3.4271,48.8168],[-3.4375,48.8112],[-3.4359,48.8065],[-3.4385,48.8032],[-3.4388,48.8062],[-3.4427,48.8051],[-3.4405,48.7981],[-3.4491,48.7979],[-3.4564,48.7886],[-3.4659,48.7869]]],[[[-3.4949,48.879],[-3.488,48.8788],[-3.4916,48.8774],[-3.4949,48.879]]],[[[-3.486,48.8823],[-3.482,48.8846],[-3.4764,48.8841],[-3.475,48.8817],[-3.486,48.8823]]],[[[-3.4127,48.8428],[-3.4081,48.8429],[-3.4086,48.8403],[-3.4051,48.8361],[-3.4057,48.8308],[-3.4086,48.8327],[-3.4096,48.8416],[-3.4127,48.8428]]],[[[-3.4396,48.8991],[-3.4353,48.8998],[-3.4385,48.8974],[-3.4396,48.8991]]]]}},{"type":"Feature","properties":{"territoire":"22169","nom":"Peumerit-Quintin","type":"commune"},"geometry":{"type":"MultiPolygon","coordinates":[[[[-3.3166,48.3719],[-3.3107,48.3684],[-3.2971,48.3713],[-3.2881,48.3668],[-3.2767,48.3678],[-3.2759,48.3716],[-3.2716,48.3739],[-3.2718,48.3771],[-3.2752,48.3791],[-3.2701,48.382],[-3.2654,48.3813],[-3.26,48.3933],[-3.2552,48.3926],[-3.2496,48.3876],[-3.2543,48.3831],[-3.2528,48.3796],[-3.2551,48.3755],[-3.2528,48.37],[-3.2561,48.3669],[-3.2543,48.3627],[-3.2582,48.3615],[-3.2554,48.3586],[-3.2551,48.3491],[-3.2675,48.3452],[-3.2703,48.3451],[-3.2718,48.3481],[-3.275,48.346],[-3.2757,48.35],[-3.2981,48.3463],[-3.304,48.3537],[-3.3253,48.3524],[-3.3316,48.3596],[-3.3295,48.3598],[-3.3327,48.362],[-3.3329,48.3671],[-3.323,48.3717],[-3.3166,48.3719]]]]}},{"type":"Feature","properties":{"territoire":"22170","nom":"Plaine-Haute","type":"commune"},"geometry":{"type":"MultiPolygon","coordinates":[[[[-2.8865,48.4431],[-2.8773,48.4487],[-2.8752,48.4579],[-2.8488,48.4656],[-2.8482,48.4698],[-2.8434,48.4722],[-2.8411,48.472],[-2.8405,48.468],[-2.8373,48.4682],[-2.837,48.4632],[-2.8319,48.46],[-2.8327,48.4566],[-2.8274,48.4547],[-2.8298,48.4507],[-2.8348,48.4502],[-2.8332,48.4467],[-2.8406,48.4424],[-2.8414,48.4391],[-2.8377,48.4365],[-2.839,48.4335],[-2.8466,48.4323],[-2.8413,48.4288],[-2.8422,48.4242],[-2.848,48.4228],[-2.8508,48.4196],[-2.8615,48.4196],[-2.8709,48.4264],[-2.8834,48.4243],[-2.8946,48.4256],[-2.8905,48.4305],[-2.8915,48.4346],[-2.8865,48.4431]]]]}},{"type":"Feature","properties":{"territoire":"22171","nom":"Plaintel","type":"commune"},"geometry":{"type":"MultiPolygon","coordinates":[[[[-2.7731,48.39],[-2.7795,48.3861],[-2.7805,48.3893],[-2.7788,48.3904],[-2.7811,48.3924],[-2.7731,48.39]]],[[[-2.7704,48.3957],[-2.7678,48.3945],[-2.77,48.3912],[-2.7704,48.3957]]],[[[-2.7943,48.4424],[-2.7778,48.4382],[-2.7868,48.4289],[-2.7823,48.425],[-2.7847,48.4212],[-2.7801,48.4127],[-2.7735,48.411],[-2.7782,48.4063],[-2.7745,48.4036],[-2.7788,48.4011],[-2.7706,48.3959],[-2.7896,48.3968],[-2.7906,48.3926],[-2.7876,48.3907],[-2.8043,48.3819],[-2.8056,48.378],[-2.8155,48.378],[-2.8143,48.3706],[-2.8193,48.372],[-2.8268,48.3677],[-2.8305,48.3734],[-2.8304,48.3784],[-2.8379,48.3801],[-2.8364,48.3854],[-2.8295,48.3898],[-2.8273,48.3986],[-2.831,48.4003],[-2.8307,48.4052],[-2.8405,48.4103],[-2.839,48.4126],[-2.8444,48.4196],[-2.8417,48.4223],[-2.8413,48.4288],[-2.8466,48.4323],[-2.8406,48.4321],[-2.8378,48.4366],[-2.8308,48.4377],[-2.8252,48.4426],[-2.8187,48.4365],[-2.8138,48.4367],[-2.8053,48.4424],[-2.7943,48.4424]]]]}},{"type":"Feature","properties":{"territoire":"22172","nom":"Plancoët","type":"commune"},"geometry":{"type":"MultiPolygon","coordinates":[[[[-2.2292,48.4963],[-2.2318,48.4978],[-2.2315,48.5034],[-2.2363,48.5074],[-2.2426,48.5079],[-2.2448,48.5139],[-2.2421,48.5151],[-2.2443,48.5183],[-2.2384,48.5281],[-2.2304,48.525],[-2.2247,48.5289],[-2.2229,48.5325],[-2.2266,48.5343],[-2.2256,48.5394],[-2.2147,48.5411],[-2.2135,48.5346],[-2.2091,48.5337],[-2.2093,48.5283],[-2.2052,48.5263],[-2.2049,48.5214],[-2.2007,48.5204],[-2.202,48.5148],[-2.1978,48.5146],[-2.1985,48.5101],[-2.1921,48.5044],[-2.1922,48.5019],[-2.2025,48.5025],[-2.204,48.4958],[-2.2067,48.495],[-2.2175,48.4939],[-2.2292,48.4963]]]]}},{"type":"Feature","properties":{"territoire":"22174","nom":"Pléboulle","type":"commune"},"geometry":{"type":"MultiPolygon","coordinates":[[[[-2.3582,48.5987],[-2.3587,48.6011],[-2.3528,48.6048],[-2.354,48.6066],[-2.3496,48.6087],[-2.3503,48.6117],[-2.3446,48.6128],[-2.3465,48.6143],[-2.3402,48.6159],[-2.341,48.6182],[-2.3309,48.6198],[-2.321,48.6177],[-2.3202,48.614],[-2.3237,48.6108],[-2.3206,48.6098],[-2.32,48.6028],[-2.3176,48.6014],[-2.3078,48.6036],[-2.3035,48.5938],[-2.3136,48.5931],[-2.3144,48.5899],[-2.3109,48.5833],[-2.3031,48.5843],[-2.3,48.5783],[-2.2937,48.5783],[-2.2944,48.5723],[-2.3134,48.575],[-2.3178,48.5846],[-2.332,48.5899],[-2.3369,48.5874],[-2.3355,48.579],[-2.3379,48.5765],[-2.347,48.5762],[-2.3473,48.572],[-2.3513,48.5705],[-2.3507,48.5747],[-2.3563,48.5794],[-2.365,48.5812],[-2.3663,48.5855],[-2.3662,48.5877],[-2.3594,48.5917],[-2.3605,48.5945],[-2.3582,48.5987]]]]}},{"type":"Feature","properties":{"territoire":"22175","nom":"Plédéliac","type":"commune"},"geometry":{"type":"MultiPolygon","coordinates":[[[[-2.3974,48.5063],[-2.391,48.5035],[-2.3902,48.5056],[-2.3764,48.5073],[-2.3748,48.5099],[-2.365,48.5104],[-2.349,48.5097],[-2.3434,48.5058],[-2.3332,48.5056],[-2.3307,48.5015],[-2.3354,48.499],[-2.3336,48.4949],[-2.3474,48.4877],[-2.3472,48.4843],[-2.3522,48.4818],[-2.341,48.478],[-2.3371,48.4727],[-2.3094,48.4773],[-2.3086,48.4752],[-2.3139,48.4715],[-2.3126,48.4692],[-2.3144,48.4664],[-2.3105,48.4642],[-2.3114,48.4605],[-2.3173,48.4601],[-2.3192,48.4617],[-2.3179,48.464],[-2.322,48.4635],[-2.324,48.4604],[-2.3201,48.4563],[-2.3278,48.4524],[-2.3259,48.4475],[-2.3355,48.4437],[-2.3378,48.4391],[-2.3467,48.4376],[-2.3579,48.4312],[-2.3611,48.4276],[-2.359,48.4225],[-2.3622,48.4206],[-2.3683,48.4185],[-2.3742,48.4217],[-2.3887,48.4227],[-2.3934,48.4265],[-2.3914,48.4305],[-2.3927,48.4325],[-2.402,48.4347],[-2.3995,48.4387],[-2.4032,48.4459],[-2.3991,48.4479],[-2.4002,48.4523],[-2.4093,48.4525],[-2.4093,48.4489],[-2.4117,48.4488],[-2.4208,48.4534],[-2.4061,48.4651],[-2.4119,48.4676],[-2.4152,48.4738],[-2.4224,48.4783],[-2.4265,48.4944],[-2.4229,48.4969],[-2.4212,48.4926],[-2.4185,48.4936],[-2.4162,48.4964],[-2.4176,48.5001],[-2.4062,48.5031],[-2.4067,48.5058],[-2.3974,48.5063]]]]}},{"type":"Feature","properties":{"territoire":"22176","nom":"Plédran","type":"commune"},"geometry":{"type":"MultiPolygon","coordinates":[[[[-2.6843,48.4505],[-2.6983,48.4479],[-2.7035,48.4368],[-2.7095,48.433],[-2.7027,48.43],[-2.7047,48.4226],[-2.7108,48.4161],[-2.7191,48.4149],[-2.7245,48.4204],[-2.7335,48.4171],[-2.7331,48.4227],[-2.7374,48.4197],[-2.7409,48.4218],[-2.7485,48.4195],[-2.759,48.4214],[-2.7667,48.4207],[-2.7659,48.4154],[-2.7774,48.4116],[-2.7838,48.4184],[-2.7823,48.425],[-2.7868,48.4289],[-2.7778,48.4382],[-2.794,48.442],[-2.7938,48.4449],[-2.7981,48.4477],[-2.7946,48.4498],[-2.7943,48.4528],[-2.8025,48.4553],[-2.7605,48.4711],[-2.7489,48.4673],[-2.7386,48.4727],[-2.7304,48.4736],[-2.7264,48.4699],[-2.7268,48.4632],[-2.7198,48.4556],[-2.7159,48.4556],[-2.7147,48.4521],[-2.6972,48.4534],[-2.6925,48.4603],[-2.6762,48.4652],[-2.674,48.4622],[-2.6843,48.4505]]]]}},{"type":"Feature","properties":{"territoire":"22012","nom":"La Bouillie","type":"commune"},"geometry":{"type":"MultiPolygon","coordinates":[[[[-2.4101,48.5846],[-2.4158,48.5778],[-2.4283,48.571],[-2.4577,48.5664],[-2.4697,48.5675],[-2.4652,48.5769],[-2.4672,48.5809],[-2.4638,48.5876],[-2.4601,48.5916],[-2.4527,48.5927],[-2.4459,48.5977],[-2.4391,48.6087],[-2.4289,48.605],[-2.431,48.5928],[-2.4206,48.592],[-2.4207,48.5883],[-2.4101,48.5846]]]]}},{"type":"Feature","properties":{"territoire":"22013","nom":"Bourbriac","type":"commune"},"geometry":{"type":"MultiPolygon","coordinates":[[[[-3.1831,48.417],[-3.2025,48.4171],[-3.218,48.4208],[-3.2331,48.4328],[-3.2443,48.4332],[-3.2547,48.4306],[-3.2584,48.4338],[-3.2556,48.4352],[-3.2557,48.4378],[-3.2614,48.4433],[-3.2618,48.45],[-3.2648,48.4546],[-3.2623,48.4576],[-3.2491,48.4624],[-3.2533,48.4759],[-3.253,48.4826],[-3.24,48.4919],[-3.2496,48.4994],[-3.2491,48.5046],[-3.2441,48.5087],[-3.2372,48.511],[-3.2246,48.5107],[-3.2236,48.5144],[-3.217,48.518],[-3.2063,48.5175],[-3.2026,48.5096],[-3.2071,48.5039],[-3.2061,48.5004],[-3.2029,48.4991],[-3.1959,48.502],[-3.1945,48.5004],[-3.1862,48.502],[-3.1878,48.5003],[-3.1855,48.4993],[-3.1757,48.5037],[-3.1738,48.5077],[-3.1682,48.5111],[-3.1477,48.5086],[-3.1437,48.511],[-3.1466,48.5053],[-3.1424,48.4996],[-3.1457,48.4972],[-3.1445,48.4917],[-3.1481,48.4901],[-3.1471,48.4881],[-3.1497,48.4884],[-3.1489,48.4855],[-3.1516,48.4833],[-3.1482,48.4761],[-3.142,48.4718],[-3.1355,48.4688],[-3.1299,48.4692],[-3.1365,48.4636],[-3.1361,48.4577],[-3.1421,48.4485],[-3.1499,48.4496],[-3.1584,48.4451],[-3.1621,48.4457],[-3.171,48.4362],[-3.1655,48.4252],[-3.1648,48.4214],[-3.1669,48.4191],[-3.1802,48.4119],[-3.1831,48.417]]]]}},{"type":"Feature","properties":{"territoire":"22014","nom":"Bourseul","type":"commune"},"geometry":{"type":"MultiPolygon","coordinates":[[[[-2.2837,48.4883],[-2.2745,48.495],[-2.2704,48.4931],[-2.2647,48.4944],[-2.2637,48.4991],[-2.2582,48.5012],[-2.2631,48.5026],[-2.2624,48.5051],[-2.2573,48.506],[-2.2576,48.5084],[-2.2515,48.5116],[-2.2474,48.5111],[-2.2466,48.5139],[-2.2431,48.5126],[-2.2424,48.5077],[-2.2363,48.5074],[-2.2308,48.5027],[-2.2318,48.4978],[-2.2292,48.4963],[-2.2314,48.4912],[-2.238,48.4889],[-2.2515,48.4655],[-2.268,48.4631],[-2.2722,48.4562],[-2.2698,48.4539],[-2.2634,48.4543],[-2.2655,48.4503],[-2.2559,48.4495],[-2.2588,48.4414],[-2.2563,48.4349],[-2.2652,48.433],[-2.2607,48.4272],[-2.2661,48.4235],[-2.265,48.4215],[-2.2843,48.4184],[-2.2902,48.4228],[-2.2844,48.4258],[-2.292,48.4337],[-2.2888,48.4397],[-2.2905,48.4489],[-2.2851,48.4534],[-2.2909,48.4632],[-2.2805,48.4682],[-2.2807,48.4707],[-2.2754,48.471],[-2.2734,48.4769],[-2.2792,48.4763],[-2.2774,48.4804],[-2.2787,48.4832],[-2.2842,48.4836],[-2.2837,48.4883]]]]}},{"type":"Feature","properties":{"territoire":"22015","nom":"Bréhand","type":"commune"},"geometry":{"type":"MultiPolygon","coordinates":[[[[-2.6282,48.3726],[-2.6308,48.3812],[-2.6255,48.3865],[-2.6243,48.3933],[-2.6198,48.3941],[-2.6096,48.4041],[-2.6083,48.4084],[-2.6116,48.4151],[-2.5941,48.4155],[-2.5899,48.4193],[-2.5943,48.4266],[-2.593,48.429],[-2.5758,48.4291],[-2.5746,48.4212],[-2.5658,48.4213],[-2.5628,48.4098],[-2.5637,48.404],[-2.5553,48.402],[-2.5506,48.3948],[-2.5514,48.3868],[-2.5492,48.3797],[-2.5614,48.3777],[-2.5662,48.3804],[-2.5682,48.3765],[-2.5753,48.3789],[-2.5748,48.3719],[-2.5836,48.3693],[-2.586,48.3673],[-2.5849,48.3645],[-2.5903,48.3617],[-2.5929,48.3615],[-2.5916,48.3701],[-2.603,48.3665],[-2.6143,48.3726],[-2.6222,48.3699],[-2.6282,48.3726]]]]}},{"type":"Feature","properties":{"territoire":"22016","nom":"Île-de-Bréhat","type":"commune"},"geometry":{"type":"MultiPolygon","coordinates":[[[[-3.0214,48.8373],[-3.0178,48.8363],[-3.0199,48.8346],[-3.0214,48.8373]]],[[[-3.0218,48.8431],[-3.0155,48.8446],[-3.0172,48.8417],[-3.0152,48.8406],[-3.0202,48.8392],[-3.0196,48.8425],[-3.0218,48.8431]]],[[[-3.0139,48.8503],[-3.0056,48.8515],[-2.9996,48.8494],[-2.9981,48.8507],[-2.9999,48.8544],[-3.0093,48.8537],[-3.0134,48.8574],[-3.0065,48.8602],[-2.9996,48.8598],[-2.9987,48.8631],[-2.9952,48.8644],[-2.9894,48.8635],[-2.9857,48.8655],[-2.9846,48.862],[-2.9868,48.8592],[-2.9912,48.8597],[-2.991,48.8637],[-2.9956,48.8597],[-2.9938,48.8551],[-2.9982,48.8506],[-2.9933,48.8482],[-2.9987,48.8457],[-2.9962,48.8385],[-3.0024,48.8363],[-3.0038,48.8408],[-3.0081,48.8366],[-3.0113,48.837],[-3.009,48.8402],[-3.0107,48.8443],[-3.0076,48.8473],[-3.0139,48.8503]]],[[[-2.9936,48.8386],[-2.9921,48.842],[-2.9881,48.84],[-2.9936,48.8386]]],[[[-2.9825,48.847],[-2.9805,48.8484],[-2.9783,48.8459],[-2.9825,48.847]]],[[[-2.9916,48.8461],[-2.9864,48.8487],[-2.9876,48.8459],[-2.9916,48.8461]]],[[[-2.9832,48.8594],[-2.9804,48.861],[-2.9812,48.8585],[-2.9832,48.8594]]]]}},{"type":"Feature","properties":{"territoire":"22018","nom":"Brélidy","type":"commune"},"geometry":{"type":"MultiPolygon","coordinates":[[[[-3.2418,48.654],[-3.2342,48.662],[-3.235,48.6753],[-3.2295,48.6742],[-3.2214,48.6662],[-3.2163,48.6663],[-3.2144,48.6615],[-3.2109,48.6618],[-3.2163,48.6552],[-3.2122,48.6516],[-3.21,48.6436],[-3.2174,48.64],[-3.2254,48.6253],[-3.2326,48.6261],[-3.2333,48.6298],[-3.2407,48.6328],[-3.237,48.6393],[-3.2454,48.6424],[-3.2418,48.654]]]]}},{"type":"Feature","properties":{"territoire":"22019","nom":"Bringolo","type":"commune"},"geometry":{"type":"MultiPolygon","coordinates":[[[[-3.0038,48.5636],[-3.0122,48.5665],[-3.0162,48.5715],[-3.0373,48.5697],[-3.0474,48.5651],[-3.0492,48.5755],[-3.0435,48.5768],[-3.0359,48.5744],[-3.0294,48.5843],[-3.0262,48.5824],[-3.0128,48.587],[-3.0079,48.5841],[-2.9983,48.5838],[-2.9882,48.5893],[-2.9878,48.5977],[-2.986,48.5941],[-2.9773,48.5888],[-2.9781,48.5816],[-2.9707,48.5741],[-2.9854,48.5682],[-2.993,48.5742],[-2.9952,48.5682],[-3.0038,48.5636]]]]}},{"type":"Feature","properties":{"territoire":"22021","nom":"Brusvily","type":"commune"},"geometry":{"type":"MultiPolygon","coordinates":[[[[-2.1445,48.3889],[-2.1476,48.3916],[-2.1505,48.4044],[-2.1368,48.4065],[-2.1165,48.4143],[-2.1101,48.4128],[-2.1074,48.4054],[-2.0978,48.3999],[-2.0946,48.3918],[-2.0842,48.3905],[-2.0953,48.3742],[-2.0958,48.3702],[-2.1026,48.3722],[-2.1009,48.3729],[-2.1021,48.3763],[-2.106,48.3762],[-2.1072,48.3812],[-2.1217,48.3795],[-2.1294,48.385],[-2.136,48.3847],[-2.1392,48.3896],[-2.1445,48.3889]]]]}},{"type":"Feature","properties":{"territoire":"22023","nom":"Bulat-Pestivien","type":"commune"},"geometry":{"type":"MultiPolygon","coordinates":[[[[-3.3266,48.4667],[-3.323,48.4583],[-3.3125,48.4582],[-3.3041,48.4516],[-3.2901,48.453],[-3.2859,48.4347],[-3.2947,48.4249],[-3.3003,48.4254],[-3.3089,48.4156],[-3.3157,48.4142],[-3.3161,48.4081],[-3.322,48.4079],[-3.3287,48.3977],[-3.338,48.3967],[-3.3479,48.4094],[-3.3614,48.4144],[-3.3655,48.4199],[-3.3751,48.4216],[-3.3825,48.4193],[-3.3828,48.4222],[-3.3746,48.4305],[-3.3694,48.4324],[-3.3675,48.4435],[-3.3605,48.4485],[-3.3748,48.4568],[-3.3266,48.4667]]]]}},{"type":"Feature","properties":{"territoire":"22024","nom":"Calanhel","type":"commune"},"geometry":{"type":"MultiPolygon","coordinates":[[[[-3.4975,48.4571],[-3.4929,48.4543],[-3.4866,48.4568],[-3.4836,48.4551],[-3.4781,48.4567],[-3.4716,48.4538],[-3.4629,48.4566],[-3.4484,48.4554],[-3.4294,48.4482],[-3.4317,48.4476],[-3.4312,48.4457],[-3.4509,48.4393],[-3.4665,48.4252],[-3.4709,48.4265],[-3.478,48.4225],[-3.4963,48.4219],[-3.497,48.4183],[-3.5064,48.4283],[-3.5044,48.4335],[-3.5055,48.4448],[-3.4975,48.4571]]]]}},{"type":"Feature","properties":{"territoire":"22025","nom":"Callac","type":"commune"},"geometry":{"type":"MultiPolygon","coordinates":[[[[-3.3805,48.4571],[-3.3748,48.4564],[-3.3605,48.4485],[-3.3675,48.4435],[-3.3699,48.4318],[-3.3744,48.4307],[-3.3828,48.4222],[-3.3863,48.4101],[-3.393,48.4061],[-3.404,48.4047],[-3.4099,48.4005],[-3.41,48.3932],[-3.4132,48.3919],[-3.4131,48.3882],[-3.4195,48.3826],[-3.4512,48.382],[-3.4468,48.3836],[-3.4436,48.3905],[-3.4348,48.3933],[-3.4357,48.399],[-3.4535,48.406],[-3.4615,48.4219],[-3.4671,48.4251],[-3.4509,48.4393],[-3.4312,48.4457],[-3.4305,48.4481],[-3.4024,48.4426],[-3.3911,48.4502],[-3.3872,48.45],[-3.3805,48.4571]]]]}},{"type":"Feature","properties":{"territoire":"22179","nom":"Fréhel","type":"commune"},"geometry":{"type":"MultiPolygon","coordinates":[[[[-2.3503,48.6613],[-2.3465,48.6608],[-2.3402,48.6539],[-2.3395,48.6473],[-2.3343,48.6408],[-2.3339,48.6341],[-2.3252,48.6277],[-2.341,48.6182],[-2.3398,48.6163],[-2.3422,48.6146],[-2.3461,48.6148],[-2.3446,48.6128],[-2.3503,48.6117],[-2.3514,48.6064],[-2.3682,48.6066],[-2.3755,48.6125],[-2.3735,48.6148],[-2.3756,48.6224],[-2.3817,48.632],[-2.3929,48.6324],[-2.3966,48.6366],[-2.4032,48.6385],[-2.4093,48.6368],[-2.4174,48.6413],[-2.3973,48.6423],[-2.3856,48.6532],[-2.3782,48.652],[-2.3698,48.6579],[-2.3626,48.655],[-2.3503,48.6613]]]]}},{"type":"Feature","properties":{"territoire":"22180","nom":"Plélan-le-Petit","type":"commune"},"geometry":{"type":"MultiPolygon","coordinates":[[[[-2.2342,48.3997],[-2.2425,48.4056],[-2.2542,48.4076],[-2.259,48.4144],[-2.2588,48.4242],[-2.2517,48.4285],[-2.2492,48.4478],[-2.2351,48.4476],[-2.2056,48.4559],[-2.2063,48.4538],[-2.202,48.4526],[-2.1992,48.4478],[-2.1956,48.448],[-2.1934,48.4436],[-2.1951,48.4424],[-2.193,48.4417],[-2.1987,48.4318],[-2.1919,48.4206],[-2.2014,48.413],[-2.1954,48.4059],[-2.1993,48.4045],[-2.2016,48.4075],[-2.2014,48.4038],[-2.2098,48.3982],[-2.2129,48.4025],[-2.2221,48.4045],[-2.2258,48.4091],[-2.2322,48.4099],[-2.2343,48.4077],[-2.2317,48.4046],[-2.2342,48.3997]]]]}},{"type":"Feature","properties":{"territoire":"22181","nom":"Plélauff","type":"commune"},"geometry":{"type":"MultiPolygon","coordinates":[[[[-3.2557,48.1954],[-3.2451,48.1929],[-3.2364,48.2014],[-3.2371,48.2054],[-3.2347,48.2077],[-3.2189,48.2061],[-3.2069,48.2174],[-3.1879,48.2264],[-3.1733,48.225],[-3.169,48.219],[-3.1615,48.2201],[-3.1606,48.2154],[-3.1571,48.2123],[-3.1437,48.2146],[-3.1299,48.2124],[-3.1531,48.206],[-3.1509,48.2034],[-3.1535,48.2018],[-3.162,48.2017],[-3.1634,48.1986],[-3.1612,48.1961],[-3.1685,48.1972],[-3.1731,48.1903],[-3.186,48.1897],[-3.193,48.1869],[-3.1942,48.184],[-3.2092,48.186],[-3.2059,48.1796],[-3.2137,48.1787],[-3.2162,48.1808],[-3.2189,48.1788],[-3.224,48.1823],[-3.2296,48.1762],[-3.2303,48.171],[-3.244,48.1694],[-3.242,48.1644],[-3.2565,48.1676],[-3.2545,48.1705],[-3.2553,48.1794],[-3.2499,48.1837],[-3.2566,48.1932],[-3.2557,48.1954]]]]}},{"type":"Feature","properties":{"territoire":"22182","nom":"Plélo","type":"commune"},"geometry":{"type":"MultiPolygon","coordinates":[[[[-2.9783,48.5892],[-2.9734,48.591],[-2.9758,48.5952],[-2.9718,48.597],[-2.9703,48.5946],[-2.9635,48.5953],[-2.963,48.593],[-2.955,48.5965],[-2.951,48.5901],[-2.9432,48.591],[-2.9347,48.5847],[-2.9082,48.5926],[-2.9028,48.5889],[-2.9016,48.5846],[-2.8967,48.5822],[-2.9033,48.575],[-2.9023,48.5686],[-2.9088,48.5596],[-2.9063,48.5549],[-2.8892,48.555],[-2.8884,48.5453],[-2.8815,48.5429],[-2.8778,48.5454],[-2.8743,48.542],[-2.8684,48.5417],[-2.8675,48.539],[-2.8586,48.537],[-2.8583,48.5349],[-2.8613,48.5337],[-2.8577,48.5329],[-2.86,48.5303],[-2.8721,48.5315],[-2.8692,48.5224],[-2.8922,48.5253],[-2.8915,48.5218],[-2.9006,48.5211],[-2.9017,48.5178],[-2.9094,48.5163],[-2.919,48.5198],[-2.9226,48.5247],[-2.9337,48.5213],[-2.9432,48.5233],[-2.9495,48.5204],[-2.9518,48.5258],[-2.956,48.5284],[-2.9547,48.5317],[-2.9595,48.5312],[-2.9702,48.5384],[-2.9698,48.5404],[-2.9641,48.5401],[-2.963,48.5419],[-2.9671,48.5453],[-2.9731,48.5429],[-2.9771,48.5475],[-2.9778,48.5516],[-2.9752,48.5544],[-2.9645,48.5558],[-2.9583,48.5599],[-2.9609,48.561],[-2.9587,48.5665],[-2.9701,48.5716],[-2.9781,48.5816],[-2.9783,48.5892]]]]}},{"type":"Feature","properties":{"territoire":"22183","nom":"Plémet","type":"commune"},"geometry":{"type":"MultiPolygon","coordinates":[[[[-2.6348,48.2145],[-2.6331,48.2171],[-2.6305,48.2154],[-2.6164,48.2206],[-2.6121,48.2148],[-2.6054,48.2149],[-2.584,48.2265],[-2.5767,48.2259],[-2.5643,48.2195],[-2.5593,48.2145],[-2.5588,48.2057],[-2.5497,48.194],[-2.5512,48.1912],[-2.5379,48.1737],[-2.5408,48.1675],[-2.5341,48.157],[-2.539,48.1588],[-2.5509,48.1539],[-2.5566,48.1569],[-2.5643,48.1552],[-2.5646,48.1516],[-2.5823,48.151],[-2.5929,48.1468],[-2.5937,48.1408],[-2.5983,48.1396],[-2.5976,48.1364],[-2.6099,48.1334],[-2.6146,48.1352],[-2.6212,48.1338],[-2.6281,48.1251],[-2.6519,48.12],[-2.6563,48.1245],[-2.6566,48.1285],[-2.6543,48.1304],[-2.6522,48.1273],[-2.648,48.1269],[-2.6484,48.131],[-2.643,48.1344],[-2.6525,48.134],[-2.6506,48.1361],[-2.6557,48.1359],[-2.6579,48.1427],[-2.6496,48.1492],[-2.6471,48.1538],[-2.6495,48.157],[-2.6475,48.1605],[-2.6377,48.1637],[-2.6389,48.1734],[-2.6274,48.1769],[-2.6248,48.1828],[-2.6263,48.1897],[-2.6198,48.1912],[-2.6185,48.1957],[-2.6218,48.2018],[-2.626,48.2022],[-2.6246,48.2103],[-2.6348,48.2145]]]]}},{"type":"Feature","properties":{"territoire":"22184","nom":"Plémy","type":"commune"},"geometry":{"type":"MultiPolygon","coordinates":[[[[-2.724,48.3672],[-2.7129,48.3686],[-2.7045,48.3644],[-2.7045,48.3671],[-2.6975,48.3677],[-2.6937,48.3615],[-2.6816,48.3596],[-2.6713,48.3627],[-2.6689,48.3657],[-2.6372,48.3616],[-2.6418,48.3549],[-2.6378,48.3574],[-2.6372,48.3546],[-2.631,48.3555],[-2.6272,48.3536],[-2.6258,48.3508],[-2.6277,48.3454],[-2.6242,48.3423],[-2.6296,48.3359],[-2.6162,48.3224],[-2.6361,48.3173],[-2.6414,48.318],[-2.6481,48.3143],[-2.6482,48.3094],[-2.6509,48.3119],[-2.6544,48.3099],[-2.6711,48.3158],[-2.6822,48.3102],[-2.7002,48.3055],[-2.7031,48.311],[-2.7187,48.3119],[-2.7252,48.316],[-2.7196,48.3271],[-2.7113,48.3323],[-2.721,48.3391],[-2.7209,48.3426],[-2.7254,48.3438],[-2.7242,48.3515],[-2.727,48.3541],[-2.724,48.3672]]]]}},{"type":"Feature","properties":{"territoire":"22185","nom":"Plénée-Jugon","type":"commune"},"geometry":{"type":"MultiPolygon","coordinates":[[[[-2.341,48.3677],[-2.3483,48.3605],[-2.3723,48.3485],[-2.3733,48.3395],[-2.3811,48.3347],[-2.3804,48.3292],[-2.3884,48.3251],[-2.3884,48.3176],[-2.399,48.3153],[-2.4058,48.3174],[-2.4279,48.3087],[-2.4362,48.3109],[-2.4429,48.309],[-2.4447,48.3173],[-2.4558,48.3167],[-2.4553,48.3189],[-2.4598,48.3198],[-2.4575,48.3377],[-2.4607,48.34],[-2.4623,48.349],[-2.4692,48.3509],[-2.4847,48.3499],[-2.4871,48.3533],[-2.476,48.3556],[-2.4676,48.3653],[-2.4631,48.3662],[-2.472,48.3788],[-2.4789,48.379],[-2.4842,48.3822],[-2.4783,48.3881],[-2.4604,48.3836],[-2.4492,48.3884],[-2.4379,48.3871],[-2.4227,48.3922],[-2.4229,48.395],[-2.4177,48.3988],[-2.4158,48.3938],[-2.41,48.3888],[-2.4019,48.3902],[-2.3957,48.3864],[-2.3778,48.3881],[-2.3704,48.3923],[-2.3597,48.3896],[-2.3576,48.3911],[-2.3571,48.3858],[-2.364,48.3832],[-2.3612,48.3787],[-2.3632,48.3762],[-2.3502,48.3779],[-2.337,48.3716],[-2.341,48.3677]]]]}},{"type":"Feature","properties":{"territoire":"22026","nom":"Calorguen","type":"commune"},"geometry":{"type":"MultiPolygon","coordinates":[[[[-2.0365,48.3826],[-2.0425,48.3858],[-2.0416,48.4041],[-2.0441,48.4091],[-2.0395,48.4095],[-2.0366,48.4165],[-2.0283,48.4189],[-2.0236,48.4289],[-2.014,48.4291],[-2.0146,48.4198],[-2.0053,48.4046],[-2.0099,48.4026],[-2.0134,48.393],[-2.0246,48.394],[-2.027,48.3854],[-2.0296,48.3851],[-2.0283,48.383],[-2.0348,48.3849],[-2.0365,48.3826]]]]}},{"type":"Feature","properties":{"territoire":"22069","nom":"Guenroc","type":"commune"},"geometry":{"type":"MultiPolygon","coordinates":[[[[-2.0983,48.3188],[-2.0909,48.3208],[-2.0846,48.3267],[-2.0697,48.3283],[-2.0645,48.3227],[-2.0605,48.3225],[-2.0606,48.3161],[-2.0558,48.3122],[-2.0635,48.3046],[-2.0728,48.3],[-2.0807,48.3042],[-2.0854,48.3006],[-2.0899,48.3028],[-2.0922,48.3083],[-2.0966,48.3086],[-2.1007,48.3024],[-2.1072,48.3023],[-2.1089,48.3034],[-2.1037,48.3123],[-2.1065,48.3151],[-2.0983,48.3188]]]]}},{"type":"Feature","properties":{"territoire":"22186","nom":"Pléneuf-Val-André","type":"commune"},"geometry":{"type":"MultiPolygon","coordinates":[[[[-2.4989,48.585],[-2.499,48.5805],[-2.5039,48.5748],[-2.5161,48.5677],[-2.5315,48.5641],[-2.5351,48.5662],[-2.5383,48.5638],[-2.5493,48.5644],[-2.5607,48.5709],[-2.5611,48.5743],[-2.5686,48.5729],[-2.5757,48.5765],[-2.5713,48.5789],[-2.5637,48.5761],[-2.563,48.5789],[-2.57,48.5793],[-2.5699,48.5837],[-2.5662,48.5826],[-2.5662,48.5845],[-2.563,48.5843],[-2.5535,48.5909],[-2.5509,48.5947],[-2.5554,48.5975],[-2.5532,48.6],[-2.5476,48.5977],[-2.5314,48.5974],[-2.4987,48.6073],[-2.4951,48.6025],[-2.4973,48.5986],[-2.4945,48.5918],[-2.4989,48.585]]]]}},{"type":"Feature","properties":{"territoire":"22028","nom":"Camlez","type":"commune"},"geometry":{"type":"MultiPolygon","coordinates":[[[[-3.3494,48.7856],[-3.3528,48.7864],[-3.3519,48.7911],[-3.3475,48.7936],[-3.3431,48.7929],[-3.3415,48.7969],[-3.3361,48.7968],[-3.3339,48.8009],[-3.3299,48.7957],[-3.3208,48.7956],[-3.3179,48.7927],[-3.3071,48.7931],[-3.306,48.7965],[-3.2886,48.7951],[-3.2852,48.7915],[-3.2889,48.7773],[-3.282,48.7746],[-3.2904,48.7646],[-3.3011,48.7657],[-3.3119,48.7749],[-3.3206,48.7784],[-3.3384,48.7732],[-3.3485,48.7753],[-3.3494,48.7856]]]]}},{"type":"Feature","properties":{"territoire":"22029","nom":"Canihuel","type":"commune"},"geometry":{"type":"MultiPolygon","coordinates":[[[[-3.1172,48.2982],[-3.1122,48.3045],[-3.1269,48.3057],[-3.1289,48.3177],[-3.1352,48.3178],[-3.1325,48.3244],[-3.1369,48.3287],[-3.134,48.3337],[-3.1365,48.3352],[-3.1365,48.3399],[-3.132,48.3419],[-3.1375,48.3483],[-3.1317,48.3503],[-3.1385,48.3575],[-3.1416,48.3575],[-3.1412,48.3617],[-3.1368,48.3601],[-3.1321,48.3619],[-3.1318,48.36],[-3.116,48.3573],[-3.1072,48.3622],[-3.11,48.3578],[-3.0964,48.3538],[-3.0926,48.3493],[-3.0903,48.3537],[-3.083,48.3563],[-3.0771,48.3632],[-3.0659,48.3678],[-3.0562,48.3759],[-3.0442,48.3802],[-3.0457,48.3783],[-3.0431,48.3789],[-3.0395,48.3742],[-3.0462,48.3692],[-3.0388,48.3665],[-3.0343,48.3682],[-3.0307,48.363],[-3.048,48.3587],[-3.0522,48.3513],[-3.0724,48.3419],[-3.0819,48.334],[-3.0851,48.3281],[-3.0701,48.3128],[-3.0818,48.3084],[-3.0842,48.3038],[-3.0958,48.3028],[-3.1037,48.2988],[-3.1064,48.2949],[-3.1123,48.2937],[-3.1147,48.2948],[-3.1142,48.2976],[-3.1172,48.2982]]]]}},{"type":"Feature","properties":{"territoire":"22030","nom":"Caouënnec-Lanvézéac","type":"commune"},"geometry":{"type":"MultiPolygon","coordinates":[[[[-3.3419,48.7106],[-3.34,48.7045],[-3.3471,48.7043],[-3.3451,48.7032],[-3.3475,48.6993],[-3.3666,48.6947],[-3.3892,48.6958],[-3.388,48.7029],[-3.396,48.7082],[-3.3875,48.7143],[-3.3752,48.7152],[-3.3706,48.7134],[-3.3608,48.7153],[-3.359,48.7187],[-3.3521,48.7152],[-3.3457,48.7155],[-3.3419,48.7106]]]]}},{"type":"Feature","properties":{"territoire":"22031","nom":"Carnoët","type":"commune"},"geometry":{"type":"MultiPolygon","coordinates":[[[[-3.478,48.3653],[-3.4787,48.3609],[-3.4769,48.3606],[-3.4801,48.3531],[-3.4786,48.3511],[-3.4841,48.3491],[-3.4853,48.3446],[-3.4893,48.3416],[-3.4984,48.3392],[-3.5119,48.3193],[-3.5183,48.3185],[-3.5251,48.3235],[-3.5411,48.3114],[-3.5414,48.3138],[-3.5487,48.3121],[-3.5523,48.3164],[-3.5485,48.3214],[-3.5517,48.3231],[-3.5531,48.3318],[-3.5571,48.3361],[-3.5553,48.3448],[-3.5632,48.3472],[-3.5616,48.3516],[-3.5586,48.3523],[-3.5594,48.3553],[-3.5556,48.3564],[-3.5588,48.3591],[-3.5558,48.3635],[-3.5594,48.3659],[-3.5517,48.3712],[-3.5542,48.3724],[-3.5541,48.3785],[-3.567,48.3794],[-3.5677,48.3767],[-3.5709,48.3801],[-3.5828,48.3821],[-3.5868,48.3807],[-3.594,48.3863],[-3.6038,48.3861],[-3.608,48.3885],[-3.6011,48.3934],[-3.604,48.3956],[-3.603,48.4003],[-3.6001,48.4023],[-3.58,48.3997],[-3.5749,48.3957],[-3.5585,48.3915],[-3.5448,48.3837],[-3.5425,48.3869],[-3.5206,48.3918],[-3.5109,48.383],[-3.4962,48.379],[-3.4898,48.3704],[-3.4843,48.3705],[-3.482,48.3661],[-3.478,48.3653]]]]}},{"type":"Feature","properties":{"territoire":"22032","nom":"Caulnes","type":"commune"},"geometry":{"type":"MultiPolygon","coordinates":[[[[-2.2065,48.3074],[-2.1819,48.3102],[-2.157,48.3292],[-2.1494,48.3278],[-2.1476,48.3241],[-2.1281,48.3332],[-2.1072,48.3272],[-2.0983,48.3188],[-2.1065,48.3151],[-2.1037,48.3123],[-2.1061,48.311],[-2.1072,48.3039],[-2.1166,48.3048],[-2.1433,48.2912],[-2.1446,48.2858],[-2.1507,48.2837],[-2.1491,48.2787],[-2.1508,48.2771],[-2.1744,48.2732],[-2.1871,48.278],[-2.2063,48.2765],[-2.2206,48.281],[-2.2205,48.2887],[-2.2144,48.2922],[-2.2136,48.298],[-2.2053,48.3028],[-2.2065,48.3074]]]]}},{"type":"Feature","properties":{"territoire":"22099","nom":"Lanfains","type":"commune"},"geometry":{"type":"MultiPolygon","coordinates":[[[[-2.9266,48.3858],[-2.921,48.3814],[-2.9131,48.386],[-2.9052,48.3863],[-2.8847,48.3978],[-2.8875,48.3931],[-2.8858,48.3898],[-2.8872,48.3865],[-2.8958,48.3833],[-2.8972,48.3801],[-2.8856,48.3786],[-2.88,48.3739],[-2.8784,48.365],[-2.8712,48.3585],[-2.8698,48.3543],[-2.8756,48.3546],[-2.8774,48.353],[-2.8754,48.3506],[-2.8778,48.3517],[-2.8849,48.3482],[-2.8882,48.3444],[-2.8869,48.3418],[-2.894,48.3454],[-2.8945,48.3426],[-2.9006,48.3421],[-2.9337,48.3467],[-2.9383,48.3508],[-2.9362,48.3521],[-2.9486,48.3555],[-2.9542,48.3628],[-2.9499,48.3704],[-2.9519,48.3729],[-2.9488,48.3764],[-2.9377,48.3783],[-2.9321,48.3853],[-2.9266,48.3858]]]]}},{"type":"Feature","properties":{"territoire":"22101","nom":"Langoat","type":"commune"},"geometry":{"type":"MultiPolygon","coordinates":[[[[-3.2679,48.7489],[-3.2628,48.7428],[-3.2704,48.7355],[-3.2776,48.7335],[-3.2746,48.7302],[-3.2774,48.7233],[-3.2741,48.7206],[-3.2707,48.7266],[-3.2675,48.7264],[-3.2621,48.7162],[-3.2641,48.712],[-3.2688,48.7152],[-3.2759,48.7147],[-3.2751,48.7163],[-3.2831,48.7144],[-3.2856,48.7167],[-3.2992,48.717],[-3.3051,48.7147],[-3.3101,48.7086],[-3.3224,48.7049],[-3.3242,48.7071],[-3.3217,48.7115],[-3.3229,48.7142],[-3.3108,48.723],[-3.3156,48.7285],[-3.3131,48.7328],[-3.3221,48.7363],[-3.3256,48.7337],[-3.3382,48.7426],[-3.3379,48.7471],[-3.3299,48.7519],[-3.3079,48.7532],[-3.2979,48.7564],[-3.2948,48.7602],[-3.2679,48.7489]]]]}},{"type":"Feature","properties":{"territoire":"22103","nom":"Langrolay-sur-Rance","type":"commune"},"geometry":{"type":"MultiPolygon","coordinates":[[[[-2.0386,48.542],[-2.0365,48.5503],[-2.0307,48.5551],[-2.0224,48.5533],[-2.0172,48.5619],[-2.0069,48.5656],[-2.0045,48.569],[-2.0008,48.5678],[-1.9976,48.5603],[-1.9928,48.5595],[-1.9921,48.5531],[-2.0006,48.549],[-2.0079,48.5492],[-2.0197,48.5413],[-2.0386,48.542]]]]}},{"type":"Feature","properties":{"territoire":"22104","nom":"Languédias","type":"commune"},"geometry":{"type":"MultiPolygon","coordinates":[[[[-2.2282,48.3875],[-2.2279,48.3926],[-2.2342,48.3994],[-2.2317,48.4046],[-2.2343,48.4077],[-2.2322,48.4099],[-2.2258,48.4091],[-2.2221,48.4045],[-2.2129,48.4025],[-2.2098,48.3982],[-2.2014,48.4038],[-2.2016,48.4075],[-2.1993,48.4045],[-2.1906,48.4072],[-2.1903,48.3996],[-2.1786,48.3947],[-2.1793,48.3853],[-2.1862,48.3838],[-2.1877,48.3804],[-2.194,48.3782],[-2.2061,48.3774],[-2.2124,48.381],[-2.218,48.388],[-2.2282,48.3875]]]]}},{"type":"Feature","properties":{"territoire":"22187","nom":"Plérin","type":"commune"},"geometry":{"type":"MultiPolygon","coordinates":[[[[-2.8214,48.5272],[-2.8264,48.5321],[-2.8344,48.5317],[-2.8392,48.5345],[-2.8474,48.5315],[-2.8484,48.5331],[-2.8459,48.5345],[-2.8511,48.5355],[-2.8449,48.535],[-2.8403,48.5384],[-2.8332,48.5394],[-2.8358,48.542],[-2.8336,48.5426],[-2.8225,48.5415],[-2.8027,48.548],[-2.8032,48.5525],[-2.7983,48.5553],[-2.796,48.5603],[-2.7722,48.5704],[-2.7556,48.5638],[-2.7403,48.5603],[-2.7326,48.5613],[-2.7258,48.5566],[-2.7124,48.5539],[-2.725,48.5471],[-2.7179,48.5399],[-2.7186,48.5354],[-2.7267,48.5296],[-2.7369,48.529],[-2.7411,48.5249],[-2.7652,48.5231],[-2.7813,48.5269],[-2.7828,48.5282],[-2.7813,48.5303],[-2.7865,48.5343],[-2.7951,48.5299],[-2.798,48.5332],[-2.8008,48.5306],[-2.8057,48.5332],[-2.8099,48.5282],[-2.8139,48.5297],[-2.8214,48.5272]]]]}},{"type":"Feature","properties":{"territoire":"22033","nom":"Caurel","type":"commune"},"geometry":{"type":"MultiPolygon","coordinates":[[[[-3.0158,48.1982],[-3.029,48.1959],[-3.0359,48.2037],[-3.048,48.2027],[-3.055,48.2071],[-3.0713,48.2053],[-3.0772,48.2098],[-3.0723,48.2129],[-3.0688,48.2229],[-3.0623,48.2222],[-3.0552,48.2257],[-3.0568,48.2291],[-3.0534,48.2311],[-3.0569,48.2437],[-3.05,48.2429],[-3.042,48.2371],[-3.0439,48.2366],[-3.0434,48.2338],[-3.0395,48.2332],[-3.0403,48.2259],[-3.0384,48.2255],[-3.0113,48.2305],[-3.0023,48.2344],[-2.9979,48.2271],[-2.9996,48.2209],[-3.0192,48.2256],[-3.0221,48.2254],[-3.0205,48.224],[-3.0253,48.2209],[-3.0187,48.2074],[-3.0141,48.2062],[-3.0158,48.1982]]]]}},{"type":"Feature","properties":{"territoire":"22034","nom":"Cavan","type":"commune"},"geometry":{"type":"MultiPolygon","coordinates":[[[[-3.3892,48.6958],[-3.3666,48.6947],[-3.3488,48.6985],[-3.3453,48.7022],[-3.3471,48.7043],[-3.34,48.7045],[-3.3419,48.7106],[-3.3291,48.7148],[-3.3224,48.7146],[-3.3231,48.6983],[-3.3389,48.6951],[-3.336,48.6897],[-3.3391,48.6882],[-3.3293,48.6815],[-3.3312,48.6766],[-3.3277,48.676],[-3.3365,48.6741],[-3.335,48.6719],[-3.3381,48.6665],[-3.3355,48.6649],[-3.3383,48.6627],[-3.3376,48.6551],[-3.3462,48.6515],[-3.36,48.6537],[-3.3633,48.6568],[-3.3633,48.6601],[-3.3702,48.6647],[-3.3706,48.6686],[-3.376,48.6698],[-3.375,48.6762],[-3.3779,48.6843],[-3.3889,48.6873],[-3.391,48.691],[-3.3892,48.6958]]]]}},{"type":"Feature","properties":{"territoire":"22108","nom":"Lanleff","type":"commune"},"geometry":{"type":"MultiPolygon","coordinates":[[[[-3.0455,48.6855],[-3.0493,48.6872],[-3.0524,48.6854],[-3.0605,48.6893],[-3.0548,48.6984],[-3.0491,48.6976],[-3.0469,48.7002],[-3.0391,48.6972],[-3.0297,48.6987],[-3.029,48.6961],[-3.0389,48.6924],[-3.0388,48.6855],[-3.0422,48.688],[-3.0455,48.6855]]]]}},{"type":"Feature","properties":{"territoire":"22035","nom":"Les Champs-Géraux","type":"commune"},"geometry":{"type":"MultiPolygon","coordinates":[[[[-1.9635,48.4485],[-1.9487,48.4464],[-1.9518,48.4392],[-1.9487,48.4367],[-1.9492,48.4345],[-1.9524,48.4304],[-1.9442,48.4222],[-1.9363,48.4198],[-1.9372,48.4116],[-1.9504,48.4069],[-1.955,48.4097],[-1.9581,48.4081],[-1.9616,48.4119],[-1.9742,48.4091],[-1.9746,48.4059],[-1.9856,48.4057],[-1.9907,48.4096],[-1.9969,48.4086],[-2.0018,48.4107],[-2.0086,48.4081],[-2.0157,48.4236],[-2.0108,48.4365],[-2.003,48.4407],[-2,48.4454],[-1.9847,48.444],[-1.9774,48.4471],[-1.9667,48.4438],[-1.9628,48.4468],[-1.9635,48.4485]]]]}},{"type":"Feature","properties":{"territoire":"22197","nom":"Pleudihen-sur-Rance","type":"commune"},"geometry":{"type":"MultiPolygon","coordinates":[[[[-1.9318,48.5509],[-1.9223,48.5448],[-1.9269,48.5384],[-1.923,48.5374],[-1.9228,48.5349],[-1.9186,48.5355],[-1.9159,48.5235],[-1.911,48.517],[-1.9116,48.5061],[-1.9227,48.5052],[-1.9236,48.5012],[-1.9208,48.4921],[-1.9177,48.4932],[-1.914,48.4908],[-1.909,48.4816],[-1.9271,48.4767],[-1.9334,48.4797],[-1.9417,48.4799],[-1.9413,48.4856],[-1.9617,48.4823],[-1.963,48.4875],[-1.9656,48.4885],[-1.9657,48.4932],[-1.9708,48.4961],[-1.9735,48.495],[-1.9763,48.4992],[-1.9803,48.4991],[-1.9812,48.5098],[-1.9723,48.513],[-1.9645,48.511],[-1.9691,48.5134],[-1.9682,48.5194],[-1.9704,48.5219],[-1.9639,48.5265],[-1.9576,48.5252],[-1.9573,48.522],[-1.9523,48.5185],[-1.9424,48.5197],[-1.9366,48.5171],[-1.9385,48.5208],[-1.9477,48.5189],[-1.9548,48.5228],[-1.9497,48.5282],[-1.9488,48.5366],[-1.9386,48.5352],[-1.9479,48.5376],[-1.9455,48.5416],[-1.9318,48.5509]]]]}},{"type":"Feature","properties":{"territoire":"22198","nom":"Pleumeur-Bodou","type":"commune"},"geometry":{"type":"MultiPolygon","coordinates":[[[[-3.612,48.7955],[-3.61,48.7963],[-3.611,48.7982],[-3.6051,48.7944],[-3.612,48.7955]]],[[[-3.6024,48.8],[-3.5995,48.7987],[-3.5937,48.8016],[-3.5929,48.799],[-3.5949,48.7981],[-3.5902,48.7971],[-3.5997,48.7968],[-3.6024,48.8]]],[[[-3.591,48.8018],[-3.5851,48.8024],[-3.5871,48.8065],[-3.5831,48.8048],[-3.5792,48.8064],[-3.5764,48.8035],[-3.5752,48.8059],[-3.5675,48.8081],[-3.5624,48.803],[-3.5656,48.7987],[-3.5673,48.8002],[-3.5731,48.7963],[-3.5819,48.7983],[-3.5835,48.7941],[-3.5858,48.7953],[-3.5856,48.8003],[-3.591,48.8018]]],[[[-3.491,48.7958],[-3.4877,48.7967],[-3.4844,48.7921],[-3.4793,48.7936],[-3.4748,48.7904],[-3.4704,48.7909],[-3.4715,48.7887],[-3.4658,48.7867],[-3.4711,48.7819],[-3.4888,48.7759],[-3.4888,48.769],[-3.4795,48.7615],[-3.4987,48.7519],[-3.5207,48.754],[-3.5345,48.7674],[-3.5347,48.7708],[-3.5374,48.772],[-3.5355,48.7734],[-3.5372,48.778],[-3.5444,48.7794],[-3.5476,48.7874],[-3.5522,48.7879],[-3.5551,48.793],[-3.5433,48.797],[-3.5409,48.7992],[-3.5425,48.8018],[-3.535,48.8019],[-3.5339,48.8073],[-3.5376,48.8081],[-3.5359,48.8115],[-3.5412,48.8136],[-3.5396,48.81],[-3.5468,48.8094],[-3.5481,48.8122],[-3.548,48.815],[-3.5396,48.8166],[-3.5418,48.8229],[-3.5381,48.825],[-3.5342,48.8243],[-3.53,48.8157],[-3.5189,48.8132],[-3.5184,48.8101],[-3.514,48.8139],[-3.5061,48.8126],[-3.5036,48.8081],[-3.5064,48.8036],[-3.5094,48.8037],[-3.5084,48.8001],[-3.5048,48.7986],[-3.506,48.7956],[-3.4958,48.7929],[-3.491,48.7958]]],[[[-3.5582,48.8037],[-3.556,48.8046],[-3.554,48.8024],[-3.5559,48.8009],[-3.5582,48.8037]]]]}},{"type":"Feature","properties":{"territoire":"22199","nom":"Pleumeur-Gautier","type":"commune"},"geometry":{"type":"MultiPolygon","coordinates":[[[[-3.1015,48.8305],[-3.1011,48.8259],[-3.1096,48.8188],[-3.1117,48.8117],[-3.1205,48.8118],[-3.1219,48.8108],[-3.1188,48.8071],[-3.129,48.8054],[-3.1325,48.802],[-3.1359,48.8032],[-3.1352,48.8015],[-3.139,48.8006],[-3.1342,48.7995],[-3.1397,48.8001],[-3.1333,48.792],[-3.1343,48.787],[-3.138,48.7864],[-3.1376,48.7838],[-3.1511,48.7843],[-3.1537,48.7812],[-3.1659,48.7786],[-3.1672,48.775],[-3.1714,48.7763],[-3.1778,48.7726],[-3.1785,48.7675],[-3.1846,48.7667],[-3.1877,48.7695],[-3.1944,48.7668],[-3.1942,48.7704],[-3.1904,48.7729],[-3.1927,48.773],[-3.1911,48.7762],[-3.1949,48.7777],[-3.1777,48.7922],[-3.1802,48.7929],[-3.1774,48.7986],[-3.1785,48.804],[-3.1743,48.8083],[-3.1683,48.8071],[-3.1706,48.812],[-3.1691,48.8154],[-3.14,48.8208],[-3.1168,48.8289],[-3.1015,48.8305]]]]}},{"type":"Feature","properties":{"territoire":"22201","nom":"Plévenon","type":"commune"},"geometry":{"type":"MultiPolygon","coordinates":[[[[-2.3252,48.6277],[-2.3339,48.6341],[-2.3343,48.6408],[-2.3395,48.6473],[-2.3402,48.6539],[-2.3465,48.6608],[-2.3505,48.6615],[-2.3426,48.6677],[-2.3282,48.6729],[-2.3283,48.6765],[-2.3258,48.6779],[-2.3276,48.6826],[-2.3234,48.6819],[-2.318,48.6862],[-2.3181,48.6885],[-2.3131,48.6807],[-2.3107,48.6808],[-2.3148,48.6748],[-2.3108,48.6704],[-2.2985,48.6674],[-2.2837,48.6688],[-2.2868,48.6669],[-2.2864,48.6635],[-2.2945,48.6599],[-2.2934,48.6583],[-2.2978,48.6555],[-2.2983,48.6509],[-2.3098,48.6436],[-2.3079,48.6402],[-2.3122,48.634],[-2.3204,48.6304],[-2.3201,48.6278],[-2.3252,48.6277]]]]}},{"type":"Feature","properties":{"territoire":"22202","nom":"Plévin","type":"commune"},"geometry":{"type":"MultiPolygon","coordinates":[[[[-3.5213,48.1976],[-3.522,48.2039],[-3.5395,48.2066],[-3.5445,48.214],[-3.5542,48.2212],[-3.5531,48.2257],[-3.5574,48.2251],[-3.5546,48.2279],[-3.5579,48.2286],[-3.5575,48.2302],[-3.5525,48.2345],[-3.556,48.242],[-3.5491,48.2418],[-3.5494,48.2442],[-3.5418,48.2434],[-3.5408,48.2529],[-3.5364,48.2557],[-3.5317,48.2559],[-3.5285,48.252],[-3.5244,48.2568],[-3.5217,48.2551],[-3.5146,48.257],[-3.5006,48.2562],[-3.4988,48.254],[-3.4995,48.2443],[-3.4956,48.2413],[-3.4976,48.2366],[-3.4935,48.2338],[-3.4942,48.2283],[-3.4874,48.2262],[-3.4839,48.218],[-3.4859,48.2118],[-3.4818,48.2067],[-3.485,48.2042],[-3.4829,48.2004],[-3.4848,48.1946],[-3.4803,48.1862],[-3.4968,48.1829],[-3.5026,48.1964],[-3.5213,48.1976]]]]}},{"type":"Feature","properties":{"territoire":"22203","nom":"Plœuc-L'Hermitage","type":"commune"},"geometry":{"type":"MultiPolygon","coordinates":[[[[-2.7369,48.3092],[-2.7469,48.3166],[-2.7631,48.3155],[-2.7744,48.3179],[-2.7753,48.3146],[-2.7816,48.3104],[-2.7775,48.3091],[-2.7792,48.3022],[-2.7847,48.2992],[-2.7907,48.3008],[-2.7936,48.2991],[-2.7919,48.2971],[-2.7969,48.2946],[-2.7884,48.2942],[-2.7798,48.2892],[-2.7808,48.288],[-2.7719,48.285],[-2.7885,48.2729],[-2.7926,48.2749],[-2.8043,48.2915],[-2.8109,48.2968],[-2.819,48.2955],[-2.8234,48.2915],[-2.8288,48.2936],[-2.8298,48.3061],[-2.8255,48.3091],[-2.8295,48.3206],[-2.8365,48.3196],[-2.8351,48.3219],[-2.8392,48.3219],[-2.8373,48.324],[-2.8401,48.3264],[-2.8465,48.3236],[-2.8624,48.3254],[-2.862,48.3317],[-2.8539,48.3356],[-2.8595,48.3445],[-2.8692,48.3431],[-2.8656,48.3435],[-2.8662,48.3401],[-2.8693,48.3373],[-2.8723,48.3382],[-2.8735,48.3339],[-2.8805,48.3359],[-2.8781,48.3384],[-2.887,48.3394],[-2.8878,48.3342],[-2.8961,48.336],[-2.8991,48.3322],[-2.9044,48.3363],[-2.9093,48.3355],[-2.9138,48.3382],[-2.9119,48.3398],[-2.9179,48.3394],[-2.9188,48.3435],[-2.9232,48.345],[-2.9006,48.3421],[-2.8945,48.3426],[-2.894,48.3454],[-2.8869,48.3418],[-2.8882,48.3444],[-2.8849,48.3482],[-2.8778,48.3517],[-2.8754,48.3506],[-2.8774,48.353],[-2.8756,48.3546],[-2.8698,48.3543],[-2.8712,48.3585],[-2.8785,48.3653],[-2.8683,48.3674],[-2.869,48.3702],[-2.8657,48.3713],[-2.8622,48.3708],[-2.8624,48.3669],[-2.8577,48.3673],[-2.8539,48.3624],[-2.8476,48.3639],[-2.8395,48.3609],[-2.838,48.3571],[-2.8313,48.3585],[-2.8293,48.3628],[-2.8206,48.3632],[-2.8268,48.3675],[-2.8237,48.37],[-2.8193,48.372],[-2.814,48.3709],[-2.8159,48.3723],[-2.8151,48.3783],[-2.8056,48.378],[-2.8043,48.3819],[-2.7876,48.3907],[-2.7906,48.3926],[-2.7896,48.3968],[-2.7706,48.3959],[-2.769,48.3942],[-2.7726,48.3901],[-2.7811,48.3924],[-2.7788,48.3904],[-2.7797,48.3862],[-2.7739,48.3865],[-2.7743,48.3849],[-2.7627,48.3821],[-2.7636,48.3806],[-2.7609,48.3821],[-2.7527,48.3781],[-2.7508,48.3719],[-2.7355,48.3733],[-2.7236,48.3691],[-2.727,48.3541],[-2.7242,48.3515],[-2.7254,48.3438],[-2.7209,48.3426],[-2.721,48.3391],[-2.7113,48.3323],[-2.7196,48.3271],[-2.725,48.3153],[-2.7361,48.3122],[-2.7369,48.3092]]]]}},{"type":"Feature","properties":{"territoire":"22204","nom":"Ploëzal","type":"commune"},"geometry":{"type":"MultiPolygon","coordinates":[[[[-3.1552,48.7074],[-3.1604,48.7044],[-3.1618,48.6989],[-3.1662,48.7011],[-3.1696,48.6978],[-3.1665,48.6961],[-3.1731,48.6956],[-3.1762,48.6908],[-3.2003,48.6924],[-3.2186,48.7004],[-3.2215,48.6982],[-3.2312,48.7075],[-3.2143,48.7217],[-3.2148,48.727],[-3.2087,48.7318],[-3.198,48.7322],[-3.1929,48.7365],[-3.194,48.7411],[-3.1878,48.745],[-3.1836,48.7401],[-3.17,48.7412],[-3.1609,48.7376],[-3.1501,48.7391],[-3.1475,48.7378],[-3.1495,48.7342],[-3.1413,48.7349],[-3.1326,48.732],[-3.1328,48.7247],[-3.1299,48.7214],[-3.138,48.7143],[-3.1367,48.7104],[-3.1552,48.7074]]]]}},{"type":"Feature","properties":{"territoire":"22036","nom":"La Chapelle-Blanche","type":"commune"},"geometry":{"type":"MultiPolygon","coordinates":[[[[-2.1527,48.2621],[-2.1487,48.2668],[-2.1545,48.2727],[-2.1491,48.2787],[-2.1507,48.2833],[-2.1347,48.281],[-2.1349,48.2781],[-2.1321,48.2768],[-2.1256,48.2803],[-2.1205,48.2802],[-2.1113,48.277],[-2.1116,48.2724],[-2.1145,48.2708],[-2.1099,48.2679],[-2.0957,48.2664],[-2.1036,48.2583],[-2.111,48.2577],[-2.1065,48.2519],[-2.1254,48.26],[-2.1507,48.2582],[-2.1527,48.2621]]]]}},{"type":"Feature","properties":{"territoire":"22037","nom":"La Chapelle-Neuve","type":"commune"},"geometry":{"type":"MultiPolygon","coordinates":[[[[-3.4294,48.4482],[-3.4484,48.4554],[-3.4629,48.4566],[-3.4716,48.4538],[-3.4781,48.4567],[-3.4836,48.4551],[-3.4866,48.4568],[-3.4929,48.4543],[-3.4975,48.4573],[-3.4918,48.4683],[-3.4792,48.4729],[-3.4795,48.484],[-3.4748,48.489],[-3.4585,48.4857],[-3.4526,48.4872],[-3.4432,48.4837],[-3.438,48.4864],[-3.4307,48.4806],[-3.3992,48.4735],[-3.3993,48.4683],[-3.3975,48.4675],[-3.3989,48.459],[-3.3908,48.4598],[-3.389,48.4569],[-3.3803,48.4567],[-3.3872,48.45],[-3.3911,48.4502],[-3.4024,48.4426],[-3.4294,48.4482]]]]}},{"type":"Feature","properties":{"territoire":"22207","nom":"Plouaret","type":"commune"},"geometry":{"type":"MultiPolygon","coordinates":[[[[-3.493,48.5781],[-3.4978,48.5846],[-3.4957,48.586],[-3.4987,48.5903],[-3.5054,48.5946],[-3.5014,48.6005],[-3.5133,48.6053],[-3.5124,48.6086],[-3.5175,48.6253],[-3.5147,48.6255],[-3.5129,48.6309],[-3.5191,48.633],[-3.5185,48.6398],[-3.5104,48.6461],[-3.4929,48.6449],[-3.4862,48.6499],[-3.4833,48.6557],[-3.4756,48.6578],[-3.4738,48.6541],[-3.4683,48.6543],[-3.4682,48.652],[-3.4464,48.6502],[-3.4543,48.6384],[-3.4498,48.6328],[-3.4504,48.6207],[-3.459,48.6118],[-3.463,48.6123],[-3.4618,48.6085],[-3.465,48.6042],[-3.4651,48.5966],[-3.471,48.5894],[-3.466,48.5894],[-3.4645,48.5815],[-3.4731,48.5793],[-3.4742,48.5755],[-3.4771,48.577],[-3.4791,48.5743],[-3.493,48.5781]]]]}},{"type":"Feature","properties":{"territoire":"22208","nom":"Plouasne","type":"commune"},"geometry":{"type":"MultiPolygon","coordinates":[[[[-2.0141,48.2797],[-2.0143,48.2819],[-2.0248,48.2811],[-2.0278,48.2848],[-2.0508,48.2906],[-2.0468,48.2944],[-2.0545,48.2995],[-2.0509,48.3011],[-2.0564,48.3056],[-2.058,48.31],[-2.0559,48.3127],[-2.0606,48.3161],[-2.0605,48.3225],[-2.0645,48.3227],[-2.0664,48.3264],[-2.0589,48.3289],[-2.0608,48.3299],[-2.0591,48.3321],[-2.0513,48.3313],[-2.048,48.3351],[-2.0438,48.3357],[-2.0395,48.3335],[-2.0442,48.3293],[-2.0418,48.327],[-2.0339,48.3271],[-2.0331,48.3248],[-2.0262,48.3234],[-2.007,48.332],[-1.9913,48.3348],[-1.9853,48.3388],[-1.9805,48.3355],[-1.9756,48.3382],[-1.9756,48.3419],[-1.9671,48.3432],[-1.9539,48.3157],[-1.959,48.3146],[-1.9566,48.307],[-1.9683,48.3033],[-1.9579,48.2983],[-1.9572,48.2937],[-1.9667,48.2911],[-1.9722,48.2948],[-1.9751,48.3017],[-1.9887,48.2977],[-1.9936,48.299],[-1.9983,48.2973],[-1.9976,48.2902],[-2.0052,48.2921],[-2.0021,48.2807],[-2.0141,48.2797]]]]}},{"type":"Feature","properties":{"territoire":"22209","nom":"Beaussais-sur-Mer","type":"commune"},"geometry":{"type":"MultiPolygon","coordinates":[[[[-2.1755,48.5573],[-2.1834,48.5554],[-2.1892,48.5485],[-2.1954,48.5554],[-2.2021,48.5585],[-2.1979,48.5638],[-2.201,48.5703],[-2.1969,48.5779],[-2.1864,48.5815],[-2.1805,48.5765],[-2.1758,48.5764],[-2.1714,48.5794],[-2.1661,48.579],[-2.1674,48.577],[-2.1658,48.577],[-2.1643,48.5798],[-2.1662,48.582],[-2.1609,48.5865],[-2.1545,48.5874],[-2.1529,48.5855],[-2.1438,48.588],[-2.1385,48.5911],[-2.1359,48.5959],[-2.129,48.598],[-2.1248,48.5962],[-2.1244,48.5891],[-2.1147,48.5839],[-2.1095,48.5839],[-2.1018,48.5758],[-2.0979,48.5768],[-2.0946,48.5708],[-2.0811,48.5686],[-2.0823,48.5661],[-2.0791,48.5642],[-2.0788,48.5598],[-2.075,48.5588],[-2.0745,48.5519],[-2.0836,48.5525],[-2.0879,48.5463],[-2.0859,48.5451],[-2.0878,48.5416],[-2.1014,48.5401],[-2.1044,48.5309],[-2.1108,48.5323],[-2.1123,48.529],[-2.1288,48.5286],[-2.1312,48.5291],[-2.1323,48.5328],[-2.1419,48.53],[-2.1433,48.5274],[-2.1475,48.5278],[-2.1474,48.5341],[-2.1499,48.5326],[-2.1604,48.5348],[-2.1613,48.5395],[-2.1671,48.5401],[-2.1741,48.5523],[-2.1752,48.5553],[-2.1733,48.5564],[-2.1755,48.5573]]]]}},{"type":"Feature","properties":{"territoire":"22210","nom":"Ploubazlanec","type":"commune"},"geometry":{"type":"MultiPolygon","coordinates":[[[[-2.9856,48.797],[-2.981,48.7997],[-2.9759,48.7979],[-2.9856,48.797]]],[[[-3.0855,48.8105],[-3.0732,48.8202],[-3.0663,48.8223],[-3.0622,48.822],[-3.063,48.82],[-3.06,48.8205],[-3.0601,48.8229],[-3.0545,48.8223],[-3.0574,48.818],[-3.0532,48.815],[-3.0387,48.8193],[-3.0137,48.8218],[-3.0082,48.8183],[-3.017,48.8122],[-3.0164,48.81],[-3.0105,48.8048],[-3.0021,48.803],[-3.0065,48.7983],[-3.0103,48.8002],[-3.0208,48.7978],[-3.0255,48.7911],[-3.0423,48.7897],[-3.0547,48.7859],[-3.069,48.7899],[-3.0723,48.7958],[-3.0706,48.7974],[-3.0718,48.8007],[-3.0766,48.8064],[-3.0855,48.8105]]]]}},{"type":"Feature","properties":{"territoire":"22211","nom":"Ploubezre","type":"commune"},"geometry":{"type":"MultiPolygon","coordinates":[[[[-3.4171,48.7042],[-3.4262,48.698],[-3.4127,48.6791],[-3.4136,48.6749],[-3.4202,48.6685],[-3.4204,48.6649],[-3.4273,48.6609],[-3.4209,48.6515],[-3.422,48.65],[-3.4263,48.652],[-3.4352,48.6486],[-3.4549,48.6497],[-3.4738,48.6541],[-3.4756,48.6578],[-3.4833,48.6556],[-3.4815,48.6595],[-3.4617,48.6692],[-3.4601,48.6768],[-3.4691,48.678],[-3.4753,48.6762],[-3.4871,48.6865],[-3.4861,48.6894],[-3.489,48.6933],[-3.4826,48.7023],[-3.4717,48.7052],[-3.4722,48.7076],[-3.4683,48.711],[-3.461,48.7138],[-3.4634,48.719],[-3.4626,48.7213],[-3.4584,48.7212],[-3.4587,48.726],[-3.4238,48.7155],[-3.4171,48.7042]]]]}},{"type":"Feature","properties":{"territoire":"22212","nom":"Plouëc-du-Trieux","type":"commune"},"geometry":{"type":"MultiPolygon","coordinates":[[[[-3.1684,48.6949],[-3.1669,48.6894],[-3.1623,48.6886],[-3.1628,48.6864],[-3.1595,48.6853],[-3.1618,48.6797],[-3.1557,48.6794],[-3.1605,48.6747],[-3.1576,48.6713],[-3.1508,48.6702],[-3.16,48.6636],[-3.1607,48.6614],[-3.1567,48.6576],[-3.1617,48.6527],[-3.183,48.6537],[-3.1927,48.6477],[-3.1946,48.6533],[-3.2131,48.6561],[-3.2109,48.6618],[-3.2144,48.6615],[-3.2163,48.6663],[-3.2202,48.6657],[-3.2269,48.6701],[-3.2183,48.6782],[-3.2119,48.6787],[-3.2167,48.6907],[-3.2141,48.6927],[-3.2131,48.6911],[-3.2038,48.6936],[-3.1757,48.6908],[-3.1731,48.6956],[-3.1684,48.6949]]]]}},{"type":"Feature","properties":{"territoire":"22213","nom":"Plouër-sur-Rance","type":"commune"},"geometry":{"type":"MultiPolygon","coordinates":[[[[-2.035,48.5109],[-2.027,48.5185],[-2.04,48.5248],[-2.0403,48.5304],[-2.0373,48.5311],[-2.0407,48.5366],[-2.0386,48.542],[-2.0197,48.5413],[-2.0079,48.5492],[-1.9926,48.5519],[-1.9867,48.5503],[-1.9897,48.5444],[-1.9736,48.5449],[-1.9745,48.5407],[-1.9721,48.5348],[-1.9751,48.5318],[-1.9846,48.526],[-1.9976,48.5229],[-1.9854,48.5249],[-1.984,48.5225],[-1.9866,48.5167],[-1.979,48.5157],[-1.986,48.5114],[-1.9825,48.5028],[-1.9833,48.4993],[-1.9941,48.5008],[-1.9961,48.4993],[-1.9993,48.5017],[-2.0243,48.5003],[-2.025,48.504],[-2.035,48.5109]]]]}},{"type":"Feature","properties":{"territoire":"22214","nom":"Plouézec","type":"commune"},"geometry":{"type":"MultiPolygon","coordinates":[[[[-3.0148,48.7204],[-3.017,48.7224],[-3.0153,48.7331],[-3.0208,48.7365],[-3.0236,48.742],[-3.0189,48.7501],[-3.0213,48.7547],[-3.0187,48.7603],[-3.0027,48.7475],[-3.0004,48.753],[-2.9931,48.7558],[-2.9895,48.7548],[-2.9905,48.7627],[-2.9624,48.7627],[-2.9571,48.7644],[-2.9518,48.7717],[-2.949,48.7692],[-2.9524,48.7658],[-2.9438,48.7577],[-2.9331,48.7574],[-2.9283,48.7545],[-2.9425,48.7445],[-2.9413,48.7399],[-2.9341,48.7382],[-2.9376,48.734],[-2.9372,48.7308],[-2.9459,48.7266],[-2.9579,48.726],[-2.9661,48.7164],[-2.9776,48.7103],[-2.9962,48.71],[-3.0095,48.7124],[-3.0148,48.7204]]]]}},{"type":"Feature","properties":{"territoire":"22039","nom":"La Chèze","type":"commune"},"geometry":{"type":"MultiPolygon","coordinates":[[[[-2.6519,48.12],[-2.6578,48.1222],[-2.6621,48.1276],[-2.6609,48.1308],[-2.6677,48.133],[-2.676,48.1316],[-2.6807,48.1354],[-2.6709,48.144],[-2.6612,48.139],[-2.6566,48.1406],[-2.6557,48.1359],[-2.6506,48.1361],[-2.6525,48.134],[-2.643,48.1344],[-2.6484,48.131],[-2.648,48.1269],[-2.6522,48.1273],[-2.6543,48.1304],[-2.6566,48.1285],[-2.6563,48.1245],[-2.6519,48.12]]]]}},{"type":"Feature","properties":{"territoire":"22040","nom":"Coadout","type":"commune"},"geometry":{"type":"MultiPolygon","coordinates":[[[[-3.2063,48.5175],[-3.2038,48.5189],[-3.2053,48.5218],[-3.2026,48.5273],[-3.193,48.5243],[-3.181,48.5251],[-3.1708,48.5274],[-3.1652,48.5317],[-3.1614,48.5287],[-3.1624,48.5228],[-3.1594,48.5206],[-3.1517,48.5221],[-3.1383,48.5178],[-3.1477,48.5086],[-3.167,48.5114],[-3.1839,48.4995],[-3.1878,48.5003],[-3.1862,48.502],[-3.1942,48.5004],[-3.1959,48.502],[-3.2029,48.4991],[-3.2073,48.5023],[-3.2026,48.5096],[-3.2063,48.5175]]]]}},{"type":"Feature","properties":{"territoire":"22215","nom":"Ploufragan","type":"commune"},"geometry":{"type":"MultiPolygon","coordinates":[[[[-2.8419,48.4903],[-2.8348,48.4942],[-2.8313,48.5026],[-2.8287,48.5039],[-2.827,48.5112],[-2.829,48.514],[-2.8253,48.5167],[-2.8286,48.5216],[-2.8257,48.5229],[-2.8238,48.5285],[-2.8117,48.5199],[-2.8114,48.5166],[-2.8034,48.5179],[-2.8018,48.5141],[-2.7964,48.5128],[-2.7868,48.5038],[-2.7775,48.5041],[-2.7704,48.4979],[-2.7646,48.5014],[-2.7575,48.5006],[-2.7618,48.4949],[-2.771,48.4946],[-2.7718,48.4967],[-2.7794,48.4887],[-2.7736,48.4846],[-2.7805,48.4744],[-2.7772,48.4686],[-2.7854,48.4672],[-2.786,48.4625],[-2.8032,48.4602],[-2.8011,48.4561],[-2.8079,48.4546],[-2.8249,48.4607],[-2.8321,48.4587],[-2.837,48.4632],[-2.8373,48.4682],[-2.8405,48.468],[-2.842,48.4723],[-2.8396,48.475],[-2.8419,48.4903]]]]}},{"type":"Feature","properties":{"territoire":"22216","nom":"Plougonver","type":"commune"},"geometry":{"type":"MultiPolygon","coordinates":[[[[-3.3748,48.4564],[-3.3886,48.4568],[-3.3908,48.4598],[-3.3989,48.459],[-3.3975,48.4675],[-3.3999,48.4739],[-3.4307,48.4806],[-3.438,48.4864],[-3.4432,48.4837],[-3.4519,48.4869],[-3.4451,48.4876],[-3.4462,48.4914],[-3.4424,48.4932],[-3.4447,48.4962],[-3.442,48.4977],[-3.4377,48.4942],[-3.4269,48.5023],[-3.4111,48.5016],[-3.4034,48.4989],[-3.3982,48.5012],[-3.397,48.5091],[-3.3851,48.5053],[-3.3728,48.5074],[-3.3675,48.5042],[-3.3624,48.5055],[-3.3544,48.5031],[-3.3554,48.5055],[-3.3592,48.505],[-3.3601,48.508],[-3.3556,48.5092],[-3.3562,48.5124],[-3.3362,48.5135],[-3.3292,48.5096],[-3.3276,48.5063],[-3.3276,48.5019],[-3.3299,48.5002],[-3.3286,48.4981],[-3.3326,48.4908],[-3.3257,48.4867],[-3.3205,48.4705],[-3.3255,48.4695],[-3.3263,48.4669],[-3.3319,48.4643],[-3.3748,48.4564]]]]}},{"type":"Feature","properties":{"territoire":"22217","nom":"Plougras","type":"commune"},"geometry":{"type":"MultiPolygon","coordinates":[[[[-3.5785,48.463],[-3.5814,48.4648],[-3.5929,48.4639],[-3.5943,48.4703],[-3.5997,48.4707],[-3.5975,48.4729],[-3.6,48.4785],[-3.6075,48.4773],[-3.6013,48.4848],[-3.6045,48.4962],[-3.583,48.5052],[-3.5742,48.5157],[-3.5634,48.5221],[-3.5585,48.5286],[-3.5403,48.5374],[-3.535,48.5434],[-3.5333,48.542],[-3.5362,48.5382],[-3.5317,48.53],[-3.5234,48.5279],[-3.5261,48.5248],[-3.5368,48.5212],[-3.5363,48.5188],[-3.5401,48.5168],[-3.5386,48.5143],[-3.5428,48.5114],[-3.5395,48.5094],[-3.536,48.5117],[-3.5303,48.5099],[-3.531,48.5056],[-3.5397,48.4953],[-3.5357,48.4874],[-3.5412,48.4867],[-3.5431,48.4841],[-3.5424,48.4812],[-3.5383,48.4814],[-3.5395,48.4774],[-3.5593,48.4752],[-3.554,48.4717],[-3.5623,48.466],[-3.5612,48.4647],[-3.5705,48.4667],[-3.5746,48.4627],[-3.5785,48.463]]]]}},{"type":"Feature","properties":{"territoire":"22218","nom":"Plougrescant","type":"commune"},"geometry":{"type":"MultiPolygon","coordinates":[[[[-3.2648,48.8091],[-3.2725,48.8129],[-3.2749,48.8192],[-3.2696,48.8339],[-3.2632,48.8346],[-3.2555,48.8425],[-3.2567,48.8403],[-3.2547,48.8408],[-3.2539,48.8431],[-3.2571,48.8476],[-3.2508,48.8488],[-3.2479,48.8524],[-3.251,48.8522],[-3.2446,48.8585],[-3.2343,48.8624],[-3.2323,48.8672],[-3.2357,48.8666],[-3.2343,48.8647],[-3.2383,48.8656],[-3.2385,48.8677],[-3.2277,48.8671],[-3.2247,48.8701],[-3.2239,48.8672],[-3.2178,48.8658],[-3.2155,48.8586],[-3.211,48.8546],[-3.2118,48.8497],[-3.206,48.8468],[-3.2106,48.8487],[-3.2139,48.8435],[-3.2132,48.8399],[-3.2188,48.8363],[-3.2198,48.8301],[-3.2228,48.8276],[-3.2296,48.8296],[-3.2358,48.8277],[-3.2496,48.8195],[-3.2554,48.8127],[-3.2648,48.8091]]],[[[-3.2046,48.8521],[-3.2048,48.854],[-3.202,48.8537],[-3.2019,48.8503],[-3.2046,48.8521]]],[[[-3.2614,48.8506],[-3.2593,48.8529],[-3.2597,48.8496],[-3.2614,48.8506]]],[[[-3.1982,48.8642],[-3.1957,48.868],[-3.1919,48.867],[-3.1955,48.8664],[-3.1951,48.8631],[-3.1982,48.8642]]],[[[-3.1949,48.8741],[-3.182,48.8743],[-3.1806,48.871],[-3.1829,48.8694],[-3.1801,48.8656],[-3.1837,48.8636],[-3.1878,48.8647],[-3.1823,48.8655],[-3.1838,48.8723],[-3.1913,48.8744],[-3.1896,48.8725],[-3.1917,48.8715],[-3.1949,48.8741]]]]}},{"type":"Feature","properties":{"territoire":"22219","nom":"Plouguenast-Langast","type":"commune"},"geometry":{"type":"MultiPolygon","coordinates":[[[[-2.6745,48.2485],[-2.6871,48.2512],[-2.7014,48.245],[-2.7116,48.2492],[-2.7238,48.2461],[-2.7294,48.2491],[-2.7284,48.2559],[-2.7322,48.2604],[-2.7382,48.2569],[-2.7543,48.2554],[-2.758,48.2631],[-2.7642,48.265],[-2.7497,48.2783],[-2.7434,48.2806],[-2.7419,48.2841],[-2.744,48.2884],[-2.7261,48.2906],[-2.7325,48.2973],[-2.7334,48.3065],[-2.7377,48.3084],[-2.7325,48.3138],[-2.7252,48.316],[-2.7161,48.311],[-2.7031,48.311],[-2.7002,48.3055],[-2.6822,48.3102],[-2.6711,48.3158],[-2.6544,48.3099],[-2.6509,48.3119],[-2.6482,48.3094],[-2.6472,48.3115],[-2.6375,48.3114],[-2.6382,48.3057],[-2.6334,48.3069],[-2.6319,48.3023],[-2.6331,48.2994],[-2.6295,48.2911],[-2.631,48.288],[-2.6261,48.285],[-2.6224,48.278],[-2.6264,48.2759],[-2.6379,48.2778],[-2.6408,48.2758],[-2.6399,48.2726],[-2.6461,48.2707],[-2.6466,48.2619],[-2.6517,48.2608],[-2.6455,48.257],[-2.6486,48.2498],[-2.643,48.2477],[-2.66,48.2444],[-2.6745,48.2485]]]]}},{"type":"Feature","properties":{"territoire":"22220","nom":"Plouguernével","type":"commune"},"geometry":{"type":"MultiPolygon","coordinates":[[[[-3.2045,48.2184],[-3.2189,48.2061],[-3.2352,48.2074],[-3.2364,48.2014],[-3.2451,48.1929],[-3.2575,48.1961],[-3.2612,48.194],[-3.2724,48.1965],[-3.2708,48.2004],[-3.2782,48.202],[-3.2817,48.2062],[-3.2724,48.2125],[-3.2753,48.219],[-3.2818,48.2213],[-3.282,48.2245],[-3.2891,48.2248],[-3.2868,48.2289],[-3.289,48.232],[-3.3014,48.2367],[-3.2992,48.2386],[-3.2999,48.2437],[-3.3027,48.2456],[-3.2945,48.254],[-3.2991,48.2575],[-3.2918,48.2635],[-3.2836,48.2646],[-3.2805,48.2601],[-3.2714,48.2631],[-3.2626,48.256],[-3.2464,48.2549],[-3.2366,48.26],[-3.2305,48.2592],[-3.2216,48.2663],[-3.2054,48.2631],[-3.1865,48.2656],[-3.1768,48.2616],[-3.1806,48.2569],[-3.1858,48.2577],[-3.19,48.2535],[-3.2064,48.2502],[-3.2072,48.2462],[-3.2022,48.2437],[-3.208,48.2427],[-3.2078,48.2373],[-3.2101,48.2375],[-3.2138,48.2259],[-3.2079,48.2235],[-3.2045,48.2184]]]]}},{"type":"Feature","properties":{"territoire":"22221","nom":"Plouguiel","type":"commune"},"geometry":{"type":"MultiPolygon","coordinates":[[[[-3.2882,48.7954],[-3.2896,48.7968],[-3.2856,48.7994],[-3.2755,48.8014],[-3.2639,48.8074],[-3.2616,48.8113],[-3.2554,48.8127],[-3.2496,48.8195],[-3.2358,48.8277],[-3.2296,48.8296],[-3.2228,48.8276],[-3.2166,48.8357],[-3.2071,48.8383],[-3.2035,48.8346],[-3.2034,48.8245],[-3.2066,48.8194],[-3.2028,48.8188],[-3.2024,48.8151],[-3.2175,48.8016],[-3.2246,48.7984],[-3.2253,48.7924],[-3.2348,48.789],[-3.2375,48.7907],[-3.2427,48.785],[-3.2423,48.7881],[-3.25,48.7863],[-3.2493,48.7903],[-3.2584,48.7801],[-3.2597,48.7832],[-3.2695,48.7835],[-3.2692,48.7784],[-3.2771,48.7789],[-3.2778,48.7756],[-3.2834,48.7747],[-3.2889,48.7773],[-3.2852,48.7915],[-3.2882,48.7954]]]]}},{"type":"Feature","properties":{"territoire":"22222","nom":"Plouha","type":"commune"},"geometry":{"type":"MultiPolygon","coordinates":[[[[-2.9879,48.6835],[-2.9855,48.6866],[-2.9793,48.6883],[-2.981,48.6882],[-2.9814,48.6922],[-2.9743,48.6947],[-2.9754,48.7033],[-2.9555,48.7065],[-2.9572,48.7099],[-2.955,48.7165],[-2.9636,48.7204],[-2.9579,48.726],[-2.9488,48.7275],[-2.9458,48.7213],[-2.9416,48.719],[-2.9345,48.7185],[-2.9299,48.7211],[-2.9324,48.7166],[-2.9242,48.7073],[-2.9143,48.7051],[-2.9041,48.6991],[-2.8893,48.7],[-2.8899,48.694],[-2.8835,48.6904],[-2.8873,48.6846],[-2.8822,48.6786],[-2.8842,48.6766],[-2.8806,48.6744],[-2.8866,48.6674],[-2.8868,48.6615],[-2.8963,48.6528],[-2.8946,48.652],[-2.9084,48.6434],[-2.9301,48.6514],[-2.951,48.6546],[-2.9573,48.6625],[-2.9694,48.6649],[-2.972,48.672],[-2.977,48.6705],[-2.9785,48.6762],[-2.9724,48.6772],[-2.9733,48.6797],[-2.9879,48.6835]]]]}},{"type":"Feature","properties":{"territoire":"22223","nom":"Plouisy","type":"commune"},"geometry":{"type":"MultiPolygon","coordinates":[[[[-3.1902,48.6076],[-3.19,48.6032],[-3.1745,48.6087],[-3.1713,48.6078],[-3.1718,48.6058],[-3.1668,48.6087],[-3.1656,48.6052],[-3.1568,48.6027],[-3.151,48.6037],[-3.1457,48.5972],[-3.1481,48.5951],[-3.1489,48.5884],[-3.1641,48.5843],[-3.1659,48.5802],[-3.1619,48.5713],[-3.1688,48.5673],[-3.1806,48.5708],[-3.1816,48.5656],[-3.188,48.5632],[-3.1875,48.56],[-3.195,48.5544],[-3.1952,48.5511],[-3.2066,48.5521],[-3.225,48.5463],[-3.2264,48.5489],[-3.2191,48.5505],[-3.2077,48.561],[-3.2153,48.5682],[-3.2116,48.5702],[-3.2216,48.5731],[-3.2229,48.5843],[-3.228,48.5894],[-3.2274,48.5934],[-3.2304,48.5954],[-3.2311,48.5995],[-3.2229,48.603],[-3.2125,48.5997],[-3.2064,48.6049],[-3.1902,48.6076]]]]}},{"type":"Feature","properties":{"territoire":"22224","nom":"Ploulec'h","type":"commune"},"geometry":{"type":"MultiPolygon","coordinates":[[[[-3.4626,48.7213],[-3.4634,48.719],[-3.4606,48.7155],[-3.4625,48.7128],[-3.4735,48.7092],[-3.483,48.7103],[-3.488,48.705],[-3.4995,48.7036],[-3.5055,48.7003],[-3.5161,48.7038],[-3.5146,48.7088],[-3.5192,48.7097],[-3.5129,48.7145],[-3.5178,48.7162],[-3.5177,48.7196],[-3.5238,48.7248],[-3.5351,48.7272],[-3.5397,48.732],[-3.523,48.7306],[-3.5117,48.7339],[-3.5043,48.7315],[-3.4985,48.7362],[-3.4932,48.728],[-3.4952,48.725],[-3.4914,48.7222],[-3.4914,48.7187],[-3.4781,48.7228],[-3.4761,48.7203],[-3.4771,48.7173],[-3.4732,48.717],[-3.4626,48.7213]]]]}},{"type":"Feature","properties":{"territoire":"22225","nom":"Ploumagoar","type":"commune"},"geometry":{"type":"MultiPolygon","coordinates":[[[[-3.06,48.5552],[-3.0607,48.5532],[-3.0539,48.5465],[-3.0626,48.5382],[-3.0639,48.5208],[-3.067,48.5208],[-3.071,48.5167],[-3.0651,48.5162],[-3.0652,48.5138],[-3.0799,48.5121],[-3.0893,48.5038],[-3.108,48.5065],[-3.1159,48.4989],[-3.1189,48.4994],[-3.1308,48.5112],[-3.131,48.5138],[-3.1364,48.5168],[-3.1517,48.5221],[-3.1555,48.5203],[-3.1617,48.522],[-3.1613,48.5285],[-3.1654,48.5319],[-3.1641,48.5357],[-3.1603,48.5352],[-3.1508,48.5427],[-3.1519,48.5484],[-3.1466,48.5491],[-3.1493,48.5529],[-3.1369,48.5536],[-3.1383,48.5573],[-3.135,48.5577],[-3.1364,48.5597],[-3.1274,48.5597],[-3.1269,48.5559],[-3.1236,48.5572],[-3.1214,48.5529],[-3.116,48.5537],[-3.1082,48.5466],[-3.0918,48.5487],[-3.0758,48.5463],[-3.0693,48.5477],[-3.06,48.5552]]]]}},{"type":"Feature","properties":{"territoire":"22041","nom":"Coatascorn","type":"commune"},"geometry":{"type":"MultiPolygon","coordinates":[[[[-3.2345,48.6754],[-3.2342,48.662],[-3.2426,48.6537],[-3.2539,48.6549],[-3.2551,48.6578],[-3.2596,48.658],[-3.2621,48.6624],[-3.2657,48.6601],[-3.2697,48.6641],[-3.2789,48.6631],[-3.2865,48.6718],[-3.2782,48.6748],[-3.2778,48.678],[-3.2522,48.6808],[-3.2454,48.6848],[-3.2375,48.6823],[-3.2345,48.6754]]]]}},{"type":"Feature","properties":{"territoire":"22050","nom":"Dinan","type":"commune"},"geometry":{"type":"MultiPolygon","coordinates":[[[[-2.033,48.4619],[-2.0387,48.4554],[-2.0349,48.4524],[-2.0407,48.4497],[-2.038,48.4484],[-2.0399,48.4443],[-2.0367,48.4425],[-2.0399,48.4372],[-2.0358,48.4343],[-2.0345,48.4298],[-2.0406,48.4293],[-2.0418,48.4257],[-2.0492,48.4264],[-2.0724,48.4384],[-2.0742,48.4441],[-2.0703,48.4443],[-2.0694,48.4495],[-2.0656,48.4524],[-2.0659,48.4564],[-2.0394,48.4686],[-2.0344,48.4669],[-2.033,48.4619]]]]}},{"type":"Feature","properties":{"territoire":"22052","nom":"Duault","type":"commune"},"geometry":{"type":"MultiPolygon","coordinates":[[[[-3.4821,48.3496],[-3.4786,48.3511],[-3.4801,48.3531],[-3.4769,48.3606],[-3.4787,48.3609],[-3.4783,48.3652],[-3.475,48.3687],[-3.4786,48.3719],[-3.4684,48.3805],[-3.4333,48.383],[-3.4255,48.3813],[-3.4187,48.3832],[-3.399,48.3808],[-3.3968,48.379],[-3.3983,48.3764],[-3.3921,48.3726],[-3.3972,48.3682],[-3.3948,48.364],[-3.3975,48.3631],[-3.39,48.3579],[-3.3956,48.3489],[-3.3953,48.3445],[-3.4062,48.3503],[-3.4239,48.3527],[-3.4515,48.3493],[-3.4579,48.3461],[-3.4821,48.3496]]]]}},{"type":"Feature","properties":{"territoire":"22053","nom":"Éréac","type":"commune"},"geometry":{"type":"MultiPolygon","coordinates":[[[[-2.3032,48.2935],[-2.3102,48.2864],[-2.3113,48.281],[-2.3095,48.2772],[-2.3162,48.272],[-2.3176,48.2607],[-2.3143,48.2592],[-2.3306,48.2557],[-2.3322,48.2527],[-2.3471,48.2451],[-2.3495,48.2447],[-2.3579,48.2511],[-2.3573,48.2528],[-2.3616,48.2548],[-2.3595,48.2577],[-2.3623,48.2595],[-2.3683,48.2573],[-2.3711,48.263],[-2.3801,48.2637],[-2.3821,48.2727],[-2.3798,48.2822],[-2.3769,48.2865],[-2.367,48.2917],[-2.3607,48.2939],[-2.3596,48.2917],[-2.3319,48.2943],[-2.3216,48.2981],[-2.3032,48.2935]]]]}},{"type":"Feature","properties":{"territoire":"22054","nom":"Erquy","type":"commune"},"geometry":{"type":"MultiPolygon","coordinates":[[[[-2.4691,48.5835],[-2.478,48.5845],[-2.4767,48.5868],[-2.4795,48.5878],[-2.4989,48.585],[-2.4945,48.5918],[-2.4973,48.5986],[-2.4951,48.6025],[-2.4986,48.6073],[-2.4934,48.6096],[-2.4897,48.6147],[-2.4837,48.6157],[-2.4733,48.6223],[-2.4719,48.6247],[-2.4744,48.6256],[-2.4737,48.6291],[-2.469,48.6294],[-2.4669,48.6323],[-2.4685,48.6362],[-2.4789,48.6366],[-2.4794,48.6337],[-2.4883,48.6453],[-2.4775,48.6443],[-2.4677,48.65],[-2.4529,48.6477],[-2.4384,48.6527],[-2.4185,48.6471],[-2.4215,48.6455],[-2.42,48.6425],[-2.4215,48.6398],[-2.4154,48.6369],[-2.4204,48.6332],[-2.4187,48.6305],[-2.4232,48.6281],[-2.4307,48.6166],[-2.4385,48.6119],[-2.4426,48.6007],[-2.4527,48.5927],[-2.4611,48.591],[-2.4661,48.5834],[-2.4691,48.5835]]]]}},{"type":"Feature","properties":{"territoire":"22055","nom":"Binic-Étables-sur-Mer","type":"commune"},"geometry":{"type":"MultiPolygon","coordinates":[[[[-2.861,48.6065],[-2.8646,48.6075],[-2.8625,48.6167],[-2.8662,48.6203],[-2.8574,48.623],[-2.8575,48.6315],[-2.8445,48.6414],[-2.8478,48.6436],[-2.8468,48.6456],[-2.8418,48.6429],[-2.836,48.647],[-2.8335,48.6428],[-2.8227,48.6444],[-2.8269,48.6368],[-2.8204,48.6316],[-2.82,48.6283],[-2.8234,48.6246],[-2.8143,48.615],[-2.8161,48.6132],[-2.8139,48.6102],[-2.8196,48.607],[-2.8193,48.603],[-2.8152,48.6011],[-2.819,48.6029],[-2.827,48.6008],[-2.8169,48.601],[-2.8245,48.6],[-2.8215,48.5946],[-2.8083,48.592],[-2.8225,48.5863],[-2.8308,48.5891],[-2.8373,48.5885],[-2.8399,48.6023],[-2.8486,48.6041],[-2.853,48.6006],[-2.8576,48.6006],[-2.8609,48.6024],[-2.861,48.6065]]]]}},{"type":"Feature","properties":{"territoire":"22056","nom":"Évran","type":"commune"},"geometry":{"type":"MultiPolygon","coordinates":[[[[-1.9302,48.3944],[-1.9399,48.3931],[-1.9368,48.3898],[-1.9398,48.3862],[-1.9741,48.3834],[-1.975,48.382],[-1.9683,48.3752],[-1.9738,48.3752],[-1.9703,48.3699],[-1.9671,48.3432],[-1.9716,48.344],[-1.9723,48.3505],[-1.9765,48.3529],[-1.9819,48.3516],[-1.9784,48.3472],[-1.9803,48.3423],[-1.9845,48.3484],[-1.9936,48.3476],[-2.0015,48.3533],[-1.9973,48.3583],[-2.0019,48.3598],[-2.0016,48.3637],[-1.9965,48.3655],[-2.0011,48.3676],[-2.0022,48.3721],[-1.9899,48.3784],[-1.9973,48.3842],[-2.0029,48.3796],[-2.0168,48.3799],[-2.0246,48.394],[-2.0134,48.393],[-2.0099,48.4026],[-2.0053,48.4046],[-2.0086,48.4081],[-2.002,48.4107],[-1.9969,48.4086],[-1.9907,48.4096],[-1.9856,48.4057],[-1.9746,48.4059],[-1.9742,48.4091],[-1.9624,48.4119],[-1.9581,48.4081],[-1.955,48.4097],[-1.9504,48.4069],[-1.9409,48.4105],[-1.9364,48.4067],[-1.9431,48.4009],[-1.9302,48.3944]]]]}},{"type":"Feature","properties":{"territoire":"22226","nom":"Ploumilliau","type":"commune"},"geometry":{"type":"MultiPolygon","coordinates":[[[[-3.5395,48.6646],[-3.5428,48.672],[-3.5413,48.6748],[-3.5454,48.6769],[-3.5444,48.68],[-3.5463,48.682],[-3.5589,48.6829],[-3.5631,48.6853],[-3.561,48.6895],[-3.552,48.6927],[-3.5526,48.6943],[-3.5398,48.697],[-3.5424,48.708],[-3.5545,48.7173],[-3.5465,48.7169],[-3.5441,48.719],[-3.5561,48.726],[-3.5555,48.7279],[-3.5396,48.729],[-3.5238,48.7248],[-3.5177,48.7196],[-3.5178,48.7162],[-3.5129,48.7145],[-3.5192,48.7097],[-3.5146,48.7088],[-3.5161,48.7038],[-3.5055,48.7003],[-3.4995,48.7036],[-3.488,48.705],[-3.483,48.7103],[-3.4689,48.71],[-3.4722,48.7076],[-3.4717,48.7052],[-3.4826,48.7023],[-3.489,48.6926],[-3.4861,48.6894],[-3.4871,48.6865],[-3.4753,48.6762],[-3.4691,48.678],[-3.4601,48.6768],[-3.461,48.6703],[-3.4815,48.6595],[-3.4862,48.6499],[-3.4929,48.6449],[-3.5098,48.6452],[-3.5128,48.6466],[-3.512,48.6498],[-3.5282,48.6549],[-3.5255,48.6592],[-3.5395,48.6646]]]]}},{"type":"Feature","properties":{"territoire":"22227","nom":"Plounérin","type":"commune"},"geometry":{"type":"MultiPolygon","coordinates":[[[[-3.594,48.5857],[-3.5903,48.5938],[-3.5741,48.5891],[-3.5728,48.5825],[-3.564,48.5818],[-3.5483,48.5939],[-3.5416,48.5951],[-3.5398,48.5881],[-3.5257,48.5864],[-3.5278,48.5779],[-3.5199,48.5766],[-3.5188,48.5726],[-3.5062,48.5754],[-3.5072,48.5709],[-3.5018,48.5622],[-3.5018,48.5572],[-3.4951,48.5488],[-3.5029,48.5504],[-3.5123,48.5488],[-3.5176,48.5522],[-3.5237,48.5484],[-3.529,48.5483],[-3.54,48.5382],[-3.5539,48.5409],[-3.5577,48.5477],[-3.5699,48.5546],[-3.5713,48.5584],[-3.5789,48.553],[-3.5855,48.5554],[-3.5961,48.5551],[-3.5989,48.561],[-3.5951,48.5641],[-3.5907,48.5635],[-3.5839,48.5744],[-3.5886,48.5827],[-3.5917,48.5826],[-3.594,48.5857]]]]}},{"type":"Feature","properties":{"territoire":"22228","nom":"Plounévez-Moëdec","type":"commune"},"geometry":{"type":"MultiPolygon","coordinates":[[[[-3.4052,48.567],[-3.4043,48.5632],[-3.3957,48.5606],[-3.3988,48.5562],[-3.3957,48.551],[-3.3993,48.5455],[-3.3971,48.5426],[-3.398,48.539],[-3.3925,48.5364],[-3.3948,48.5283],[-3.3994,48.5255],[-3.3986,48.5225],[-3.4019,48.5189],[-3.4136,48.5204],[-3.4256,48.5167],[-3.4309,48.5199],[-3.4389,48.5188],[-3.4577,48.5233],[-3.4661,48.5297],[-3.468,48.5384],[-3.4882,48.5439],[-3.4908,48.5474],[-3.4966,48.5494],[-3.4958,48.552],[-3.5018,48.5572],[-3.5018,48.5622],[-3.5073,48.5729],[-3.5062,48.5754],[-3.5034,48.5741],[-3.4983,48.5779],[-3.4891,48.5782],[-3.4791,48.5743],[-3.4657,48.5817],[-3.4634,48.5777],[-3.4539,48.5813],[-3.443,48.5795],[-3.4325,48.5834],[-3.4321,48.578],[-3.4271,48.5773],[-3.4254,48.5735],[-3.4103,48.5694],[-3.4097,48.5647],[-3.4052,48.567]]]]}},{"type":"Feature","properties":{"territoire":"22229","nom":"Plounévez-Quintin","type":"commune"},"geometry":{"type":"MultiPolygon","coordinates":[[[[-3.1768,48.2878],[-3.1788,48.2836],[-3.1958,48.2785],[-3.1885,48.2734],[-3.1891,48.2657],[-3.2054,48.2631],[-3.2216,48.2663],[-3.2305,48.2592],[-3.2366,48.26],[-3.2457,48.2549],[-3.2626,48.256],[-3.2714,48.2631],[-3.2805,48.2601],[-3.2836,48.2646],[-3.2918,48.2635],[-3.295,48.2606],[-3.3008,48.2774],[-3.2989,48.2843],[-3.2918,48.2877],[-3.2922,48.2905],[-3.288,48.289],[-3.2895,48.2947],[-3.2877,48.2964],[-3.2939,48.3015],[-3.2919,48.3059],[-3.2727,48.3088],[-3.2651,48.3022],[-3.2538,48.3034],[-3.2508,48.3088],[-3.2448,48.312],[-3.2468,48.3137],[-3.2455,48.3169],[-3.2418,48.3207],[-3.2373,48.3215],[-3.2371,48.3248],[-3.2292,48.3207],[-3.229,48.3168],[-3.2245,48.3135],[-3.2154,48.31],[-3.2151,48.3067],[-3.2046,48.3063],[-3.1951,48.3016],[-3.1826,48.3035],[-3.1812,48.2925],[-3.1768,48.2878]]]]}},{"type":"Feature","properties":{"territoire":"22231","nom":"Plourac'h","type":"commune"},"geometry":{"type":"MultiPolygon","coordinates":[[[[-3.5064,48.4283],[-3.5143,48.4218],[-3.5186,48.4135],[-3.5235,48.4114],[-3.5219,48.4093],[-3.5299,48.4074],[-3.5229,48.4023],[-3.5264,48.3967],[-3.5223,48.3916],[-3.5425,48.3869],[-3.5448,48.3837],[-3.5585,48.3915],[-3.5749,48.3957],[-3.58,48.3997],[-3.6002,48.4024],[-3.5986,48.4054],[-3.6018,48.4174],[-3.6003,48.422],[-3.5861,48.4328],[-3.5642,48.4392],[-3.5503,48.448],[-3.5397,48.4434],[-3.5215,48.4478],[-3.5055,48.4446],[-3.5044,48.4335],[-3.5064,48.4283]]]]}},{"type":"Feature","properties":{"territoire":"22057","nom":"Le Faouët","type":"commune"},"geometry":{"type":"MultiPolygon","coordinates":[[[[-3.0485,48.6758],[-3.0543,48.6706],[-3.0618,48.6747],[-3.0692,48.6749],[-3.0734,48.6719],[-3.0735,48.6666],[-3.0789,48.665],[-3.0885,48.6688],[-3.0983,48.6678],[-3.1018,48.6728],[-3.1006,48.6805],[-3.0958,48.684],[-3.0819,48.6882],[-3.0715,48.688],[-3.0668,48.6928],[-3.0605,48.6946],[-3.0581,48.6938],[-3.0603,48.6891],[-3.0449,48.6849],[-3.0439,48.6779],[-3.0485,48.6758]]]]}},{"type":"Feature","properties":{"territoire":"22059","nom":"Le Fœil","type":"commune"},"geometry":{"type":"MultiPolygon","coordinates":[[[[-2.9321,48.3853],[-2.9386,48.3871],[-2.9395,48.396],[-2.9442,48.3982],[-2.95,48.3941],[-2.9551,48.3958],[-2.9514,48.4019],[-2.9527,48.4039],[-2.9482,48.408],[-2.9535,48.4123],[-2.9521,48.4146],[-2.956,48.419],[-2.9404,48.4285],[-2.9288,48.4459],[-2.9217,48.4382],[-2.9134,48.4353],[-2.8987,48.4423],[-2.8865,48.4431],[-2.8915,48.4346],[-2.8905,48.4305],[-2.8946,48.4256],[-2.8834,48.4243],[-2.8709,48.4264],[-2.8615,48.4196],[-2.855,48.4196],[-2.869,48.4076],[-2.8742,48.4112],[-2.8971,48.4092],[-2.8978,48.4113],[-2.904,48.4123],[-2.9302,48.4056],[-2.9316,48.4011],[-2.9295,48.3986],[-2.9225,48.4003],[-2.9185,48.3919],[-2.9161,48.3913],[-2.9179,48.3886],[-2.9321,48.3853]]]]}},{"type":"Feature","properties":{"territoire":"22060","nom":"Gausson","type":"commune"},"geometry":{"type":"MultiPolygon","coordinates":[[[[-2.7369,48.3092],[-2.7334,48.3065],[-2.7325,48.2973],[-2.7263,48.2904],[-2.744,48.2884],[-2.7419,48.2841],[-2.7434,48.2806],[-2.7497,48.2783],[-2.7638,48.265],[-2.7827,48.2669],[-2.7806,48.2687],[-2.7885,48.2729],[-2.7719,48.285],[-2.7808,48.288],[-2.7798,48.2892],[-2.7884,48.2942],[-2.7969,48.2946],[-2.7919,48.2971],[-2.7936,48.2991],[-2.7907,48.3008],[-2.7847,48.2992],[-2.7792,48.3022],[-2.7775,48.3091],[-2.7816,48.3104],[-2.7753,48.3146],[-2.7744,48.3179],[-2.7631,48.3155],[-2.7469,48.3166],[-2.7369,48.3092]]]]}},{"type":"Feature","properties":{"territoire":"22061","nom":"Glomel","type":"commune"},"geometry":{"type":"MultiPolygon","coordinates":[[[[-3.4393,48.2611],[-3.4198,48.2589],[-3.4085,48.2634],[-3.3925,48.2574],[-3.3839,48.2588],[-3.3857,48.2654],[-3.3769,48.2629],[-3.3681,48.2644],[-3.369,48.2608],[-3.3625,48.2591],[-3.3644,48.2553],[-3.362,48.247],[-3.3503,48.2445],[-3.347,48.2392],[-3.349,48.2381],[-3.3474,48.2363],[-3.3577,48.2353],[-3.3528,48.2291],[-3.3533,48.2222],[-3.346,48.2239],[-3.3295,48.2113],[-3.3209,48.2109],[-3.3186,48.2081],[-3.3277,48.2019],[-3.3181,48.1959],[-3.3166,48.1925],[-3.3265,48.1867],[-3.33,48.1875],[-3.3338,48.1798],[-3.3421,48.178],[-3.3371,48.1719],[-3.3439,48.171],[-3.3497,48.1648],[-3.3739,48.1646],[-3.3755,48.1606],[-3.3933,48.1517],[-3.3967,48.1558],[-3.4025,48.157],[-3.4066,48.1502],[-3.4136,48.146],[-3.4181,48.1458],[-3.427,48.1522],[-3.4352,48.1542],[-3.4384,48.1627],[-3.4296,48.1701],[-3.4238,48.1703],[-3.42,48.174],[-3.445,48.1871],[-3.442,48.2035],[-3.435,48.2053],[-3.4419,48.2157],[-3.4266,48.2187],[-3.4217,48.2377],[-3.4251,48.242],[-3.4248,48.2457],[-3.4416,48.2556],[-3.4393,48.2611]]]]}},{"type":"Feature","properties":{"territoire":"22062","nom":"Gomené","type":"commune"},"geometry":{"type":"MultiPolygon","coordinates":[[[[-2.447,48.1725],[-2.4543,48.1694],[-2.4532,48.1635],[-2.4692,48.1625],[-2.4718,48.1598],[-2.4794,48.1677],[-2.4872,48.1669],[-2.4891,48.16],[-2.4841,48.1568],[-2.4893,48.1551],[-2.4964,48.1587],[-2.5091,48.1601],[-2.5342,48.1569],[-2.5408,48.1675],[-2.5379,48.1709],[-2.5394,48.1757],[-2.535,48.1812],[-2.5258,48.1833],[-2.5211,48.1883],[-2.4973,48.1974],[-2.487,48.2066],[-2.4865,48.2099],[-2.4807,48.2097],[-2.4792,48.212],[-2.4595,48.21],[-2.4647,48.191],[-2.4524,48.1871],[-2.4543,48.1817],[-2.4534,48.1796],[-2.4497,48.1803],[-2.45,48.1762],[-2.447,48.1725]]]]}},{"type":"Feature","properties":{"territoire":"22240","nom":"Plumaugat","type":"commune"},"geometry":{"type":"MultiPolygon","coordinates":[[[[-2.2063,48.2765],[-2.2088,48.2687],[-2.2066,48.2643],[-2.1959,48.2614],[-2.1777,48.2511],[-2.187,48.2476],[-2.1882,48.2408],[-2.186,48.2361],[-2.1908,48.2263],[-2.1904,48.2219],[-2.1849,48.2197],[-2.1839,48.2103],[-2.2014,48.2067],[-2.2128,48.2142],[-2.2285,48.2109],[-2.2333,48.2145],[-2.2488,48.2053],[-2.2555,48.2101],[-2.2547,48.2176],[-2.2621,48.2344],[-2.2749,48.242],[-2.269,48.2484],[-2.2729,48.25],[-2.2712,48.2532],[-2.2731,48.2602],[-2.2704,48.2627],[-2.2723,48.2676],[-2.2829,48.2695],[-2.2865,48.2775],[-2.2863,48.2849],[-2.2753,48.2842],[-2.2668,48.2794],[-2.2638,48.282],[-2.2608,48.2797],[-2.2454,48.2774],[-2.2411,48.2735],[-2.2206,48.281],[-2.2063,48.2765]]]]}},{"type":"Feature","properties":{"territoire":"22241","nom":"Plumieux","type":"commune"},"geometry":{"type":"MultiPolygon","coordinates":[[[[-2.6525,48.1197],[-2.6281,48.1251],[-2.6212,48.1338],[-2.6146,48.1352],[-2.6099,48.1334],[-2.5976,48.1364],[-2.5983,48.1396],[-2.5937,48.1408],[-2.5929,48.1468],[-2.5823,48.151],[-2.5646,48.1516],[-2.5643,48.1552],[-2.5566,48.1569],[-2.5502,48.154],[-2.539,48.1588],[-2.5343,48.157],[-2.5317,48.1505],[-2.5231,48.1436],[-2.5165,48.1425],[-2.5176,48.1405],[-2.5138,48.1335],[-2.5166,48.1311],[-2.5161,48.1274],[-2.5213,48.125],[-2.5214,48.1216],[-2.5255,48.1197],[-2.5318,48.1092],[-2.536,48.1086],[-2.5344,48.1066],[-2.551,48.0981],[-2.5549,48.0991],[-2.554,48.095],[-2.5481,48.0936],[-2.5517,48.0918],[-2.5487,48.0868],[-2.5494,48.0825],[-2.5521,48.0813],[-2.5475,48.0764],[-2.5612,48.0745],[-2.5638,48.0715],[-2.5618,48.0686],[-2.5644,48.0673],[-2.5785,48.0719],[-2.5814,48.0646],[-2.5899,48.0562],[-2.6099,48.0465],[-2.6284,48.0338],[-2.636,48.0378],[-2.641,48.0347],[-2.6455,48.0355],[-2.6438,48.0423],[-2.6489,48.0378],[-2.6541,48.0378],[-2.6563,48.0351],[-2.6553,48.0327],[-2.6572,48.0328],[-2.6616,48.0386],[-2.6574,48.042],[-2.6632,48.0465],[-2.6566,48.0495],[-2.6549,48.0482],[-2.6543,48.0513],[-2.6435,48.0491],[-2.6376,48.0946],[-2.6301,48.0956],[-2.634,48.0963],[-2.6301,48.1027],[-2.6278,48.1047],[-2.608,48.104],[-2.6052,48.1095],[-2.6,48.1087],[-2.6004,48.1132],[-2.6091,48.1184],[-2.6276,48.119],[-2.6401,48.1115],[-2.6434,48.1129],[-2.651,48.1104],[-2.6515,48.1133],[-2.6572,48.1152],[-2.6525,48.1197]]]]}},{"type":"Feature","properties":{"territoire":"22242","nom":"Plurien","type":"commune"},"geometry":{"type":"MultiPolygon","coordinates":[[[[-2.3538,48.6068],[-2.3528,48.6048],[-2.3587,48.6011],[-2.3582,48.5987],[-2.3617,48.5989],[-2.3677,48.5943],[-2.3736,48.5954],[-2.3823,48.5888],[-2.3877,48.5871],[-2.3923,48.5893],[-2.4131,48.5846],[-2.4207,48.5883],[-2.4206,48.592],[-2.431,48.5928],[-2.4289,48.605],[-2.439,48.6093],[-2.4187,48.6322],[-2.412,48.6325],[-2.4097,48.6369],[-2.4032,48.6385],[-2.3964,48.6365],[-2.3929,48.6324],[-2.3817,48.632],[-2.3756,48.6224],[-2.3735,48.6148],[-2.3755,48.6125],[-2.3686,48.6068],[-2.3605,48.6053],[-2.3538,48.6068]]]]}},{"type":"Feature","properties":{"territoire":"22063","nom":"Gommenec'h","type":"commune"},"geometry":{"type":"MultiPolygon","coordinates":[[[[-3.0827,48.6454],[-3.0761,48.6512],[-3.0623,48.6481],[-3.0385,48.6562],[-3.0382,48.6519],[-3.0349,48.6489],[-3.0273,48.6499],[-3.0218,48.6444],[-3.0152,48.6446],[-3.0135,48.6397],[-3.0147,48.6369],[-3.0234,48.6375],[-3.0294,48.6339],[-3.0226,48.63],[-3.0238,48.6276],[-3.0439,48.6193],[-3.0446,48.6168],[-3.0502,48.6161],[-3.0559,48.6218],[-3.055,48.6243],[-3.0686,48.6243],[-3.0657,48.6259],[-3.0675,48.631],[-3.0827,48.6454]]]]}},{"type":"Feature","properties":{"territoire":"22064","nom":"Gouarec","type":"commune"},"geometry":{"type":"MultiPolygon","coordinates":[[[[-3.19,48.2535],[-3.1895,48.2477],[-3.1768,48.2356],[-3.1789,48.2321],[-3.1779,48.227],[-3.1736,48.225],[-3.1879,48.2264],[-3.2045,48.2184],[-3.2079,48.2235],[-3.2138,48.2259],[-3.2101,48.2375],[-3.2078,48.2373],[-3.208,48.2427],[-3.2022,48.2437],[-3.2072,48.2462],[-3.2064,48.2502],[-3.19,48.2535]]]]}},{"type":"Feature","properties":{"territoire":"22065","nom":"Goudelin","type":"commune"},"geometry":{"type":"MultiPolygon","coordinates":[[[[-3.0147,48.6369],[-3.01,48.6305],[-3.01,48.6264],[-2.9991,48.6267],[-2.9989,48.62],[-2.9941,48.62],[-2.9866,48.6139],[-2.9868,48.6111],[-2.9905,48.6094],[-2.988,48.6063],[-2.9905,48.6009],[-2.9868,48.5983],[-2.989,48.5963],[-2.9882,48.5893],[-2.9983,48.5838],[-3.0079,48.5841],[-3.0128,48.587],[-3.0262,48.5824],[-3.0294,48.5843],[-3.0295,48.5815],[-3.0333,48.5807],[-3.0367,48.5743],[-3.0435,48.5768],[-3.0492,48.5755],[-3.0482,48.5812],[-3.0569,48.579],[-3.0598,48.5811],[-3.0627,48.5883],[-3.0561,48.5957],[-3.0542,48.6016],[-3.0444,48.604],[-3.0501,48.6115],[-3.0535,48.6113],[-3.055,48.6167],[-3.0444,48.6169],[-3.0439,48.6193],[-3.0378,48.6203],[-3.0227,48.6287],[-3.0291,48.6342],[-3.0234,48.6375],[-3.0147,48.6369]]]]}},{"type":"Feature","properties":{"territoire":"22067","nom":"Grâces","type":"commune"},"geometry":{"type":"MultiPolygon","coordinates":[[[[-3.2189,48.5478],[-3.2059,48.5522],[-3.1952,48.5511],[-3.195,48.5544],[-3.1875,48.56],[-3.188,48.5632],[-3.1816,48.5656],[-3.1816,48.5701],[-3.1794,48.5712],[-3.1711,48.5686],[-3.1707,48.565],[-3.1641,48.5623],[-3.1657,48.5559],[-3.1572,48.5585],[-3.158,48.553],[-3.1506,48.5457],[-3.1508,48.5427],[-3.1603,48.5352],[-3.1646,48.5353],[-3.1664,48.5294],[-3.193,48.5243],[-3.1993,48.5257],[-3.2023,48.5308],[-3.2004,48.532],[-3.2015,48.5348],[-3.2126,48.5348],[-3.2189,48.5478]]]]}},{"type":"Feature","properties":{"territoire":"22109","nom":"Lanloup","type":"commune"},"geometry":{"type":"MultiPolygon","coordinates":[[[[-2.9745,48.6991],[-2.9779,48.6988],[-2.9823,48.7022],[-2.9859,48.7088],[-2.9697,48.7144],[-2.9636,48.7204],[-2.9566,48.7187],[-2.9555,48.7065],[-2.9734,48.7043],[-2.9761,48.7023],[-2.9745,48.6991]]]]}},{"type":"Feature","properties":{"territoire":"22110","nom":"Lanmérin","type":"commune"},"geometry":{"type":"MultiPolygon","coordinates":[[[[-3.3382,48.7428],[-3.3439,48.7381],[-3.3546,48.7348],[-3.3595,48.7285],[-3.3655,48.7275],[-3.3674,48.73],[-3.3747,48.7309],[-3.3761,48.7337],[-3.3732,48.7451],[-3.347,48.7477],[-3.3355,48.7512],[-3.3315,48.7502],[-3.3379,48.7471],[-3.3382,48.7428]]]]}},{"type":"Feature","properties":{"territoire":"22070","nom":"Guingamp","type":"commune"},"geometry":{"type":"MultiPolygon","coordinates":[[[[-3.1705,48.5675],[-3.1624,48.5708],[-3.1625,48.5732],[-3.1598,48.5705],[-3.1543,48.572],[-3.1531,48.5693],[-3.1499,48.569],[-3.1489,48.5644],[-3.1418,48.563],[-3.135,48.5577],[-3.1383,48.5573],[-3.1369,48.5536],[-3.1493,48.5529],[-3.1469,48.5489],[-3.1547,48.5487],[-3.1582,48.5534],[-3.1572,48.5585],[-3.1657,48.5559],[-3.1641,48.5623],[-3.1707,48.565],[-3.1705,48.5675]]]]}},{"type":"Feature","properties":{"territoire":"22071","nom":"Guitté","type":"commune"},"geometry":{"type":"MultiPolygon","coordinates":[[[[-2.1507,48.2833],[-2.1446,48.2858],[-2.1433,48.2912],[-2.1348,48.2969],[-2.1273,48.2977],[-2.1166,48.3048],[-2.1007,48.3024],[-2.0969,48.3086],[-2.0922,48.3083],[-2.0899,48.3028],[-2.0854,48.3006],[-2.0807,48.3042],[-2.0728,48.3],[-2.0579,48.3091],[-2.0509,48.3011],[-2.0545,48.3],[-2.0539,48.2977],[-2.0665,48.294],[-2.0801,48.2933],[-2.075,48.2849],[-2.0783,48.2831],[-2.0808,48.2771],[-2.0879,48.2753],[-2.1051,48.2743],[-2.1205,48.2802],[-2.1256,48.2803],[-2.1321,48.2768],[-2.1349,48.2781],[-2.1347,48.281],[-2.1507,48.2833]]]]}},{"type":"Feature","properties":{"territoire":"22072","nom":"Gurunhuel","type":"commune"},"geometry":{"type":"MultiPolygon","coordinates":[[[[-3.2496,48.4994],[-3.2632,48.4943],[-3.2964,48.4923],[-3.3051,48.488],[-3.319,48.4911],[-3.3283,48.4891],[-3.3326,48.4908],[-3.3276,48.5019],[-3.3292,48.5096],[-3.3221,48.5121],[-3.3199,48.5175],[-3.3038,48.5226],[-3.3053,48.5241],[-3.2971,48.5212],[-3.2911,48.5251],[-3.2816,48.5269],[-3.282,48.5291],[-3.27,48.5315],[-3.2713,48.5343],[-3.2623,48.5348],[-3.2586,48.5328],[-3.2617,48.5313],[-3.2568,48.5265],[-3.2606,48.5136],[-3.249,48.5114],[-3.2439,48.508],[-3.2491,48.5046],[-3.2496,48.4994]]]]}},{"type":"Feature","properties":{"territoire":"22111","nom":"Lanmodez","type":"commune"},"geometry":{"type":"MultiPolygon","coordinates":[[[[-3.1019,48.8305],[-3.1127,48.8406],[-3.1114,48.8518],[-3.0969,48.853],[-3.0941,48.8587],[-3.0883,48.8575],[-3.0879,48.8549],[-3.0905,48.8539],[-3.0838,48.8483],[-3.0848,48.845],[-3.0929,48.8359],[-3.0984,48.834],[-3.0978,48.8316],[-3.1019,48.8305]]],[[[-3.0453,48.8591],[-3.0376,48.864],[-3.0317,48.8629],[-3.0453,48.8591]]]]}},{"type":"Feature","properties":{"territoire":"22243","nom":"Plusquellec","type":"commune"},"geometry":{"type":"MultiPolygon","coordinates":[[[[-3.4671,48.4251],[-3.4615,48.4219],[-3.4535,48.406],[-3.437,48.4007],[-3.4342,48.3943],[-3.4436,48.3905],[-3.4448,48.386],[-3.4495,48.3823],[-3.4684,48.3805],[-3.4786,48.3719],[-3.475,48.369],[-3.4769,48.3658],[-3.482,48.3661],[-3.4843,48.3705],[-3.4898,48.3704],[-3.4962,48.379],[-3.5109,48.383],[-3.5192,48.3913],[-3.5252,48.3937],[-3.5264,48.3978],[-3.5229,48.4023],[-3.5299,48.4074],[-3.5219,48.4093],[-3.5235,48.4114],[-3.5186,48.4135],[-3.5143,48.4218],[-3.5064,48.4283],[-3.497,48.4183],[-3.4963,48.4219],[-3.478,48.4225],[-3.4709,48.4265],[-3.4671,48.4251]]]]}},{"type":"Feature","properties":{"territoire":"22244","nom":"Plussulien","type":"commune"},"geometry":{"type":"MultiPolygon","coordinates":[[[[-3.1034,48.2975],[-3.0907,48.3042],[-3.0671,48.2986],[-3.0638,48.3035],[-3.0585,48.3006],[-3.0423,48.3034],[-3.0396,48.2999],[-3.0422,48.2968],[-3.0407,48.2937],[-3.0344,48.2939],[-3.0277,48.2831],[-3.0178,48.2817],[-3.0178,48.2798],[-3.0186,48.2781],[-3.0271,48.2797],[-3.0236,48.2757],[-3.028,48.2756],[-3.0282,48.2782],[-3.0321,48.2794],[-3.0316,48.2768],[-3.0414,48.2767],[-3.047,48.2688],[-3.0444,48.2587],[-3.0517,48.2568],[-3.0504,48.2497],[-3.0845,48.2488],[-3.0909,48.2507],[-3.0879,48.2519],[-3.0892,48.2568],[-3.0856,48.2568],[-3.0921,48.2602],[-3.0913,48.263],[-3.0839,48.2663],[-3.093,48.2755],[-3.0932,48.2832],[-3.0893,48.2846],[-3.0981,48.2911],[-3.0992,48.2965],[-3.1034,48.2975]]]]}},{"type":"Feature","properties":{"territoire":"22245","nom":"Pluzunet","type":"commune"},"geometry":{"type":"MultiPolygon","coordinates":[[[[-3.3402,48.6164],[-3.3456,48.6138],[-3.3458,48.6162],[-3.3541,48.6142],[-3.3618,48.6166],[-3.3639,48.614],[-3.3761,48.6123],[-3.3806,48.6193],[-3.3926,48.6222],[-3.3968,48.6273],[-3.4,48.6276],[-3.4093,48.6209],[-3.4128,48.6346],[-3.423,48.6394],[-3.4206,48.643],[-3.427,48.6499],[-3.4243,48.6503],[-3.4213,48.6461],[-3.3969,48.6484],[-3.3936,48.65],[-3.3944,48.6517],[-3.3893,48.6515],[-3.378,48.6587],[-3.3652,48.6615],[-3.3597,48.6536],[-3.3462,48.6515],[-3.34,48.6538],[-3.3389,48.651],[-3.3287,48.654],[-3.3261,48.651],[-3.334,48.6449],[-3.3335,48.6244],[-3.3424,48.6241],[-3.3402,48.6164]]]]}},{"type":"Feature","properties":{"territoire":"22246","nom":"Pommeret","type":"commune"},"geometry":{"type":"MultiPolygon","coordinates":[[[[-2.6489,48.458],[-2.6467,48.4633],[-2.6495,48.4665],[-2.6446,48.4749],[-2.6235,48.4722],[-2.6187,48.4806],[-2.6117,48.484],[-2.6044,48.4804],[-2.6011,48.472],[-2.5981,48.4704],[-2.6024,48.4666],[-2.6098,48.4681],[-2.6108,48.4654],[-2.6075,48.4604],[-2.5994,48.4566],[-2.5999,48.4533],[-2.5969,48.449],[-2.5933,48.4482],[-2.5991,48.4457],[-2.6025,48.4427],[-2.6014,48.4409],[-2.606,48.4384],[-2.6274,48.4358],[-2.6413,48.4506],[-2.6493,48.4538],[-2.6489,48.458]]]]}},{"type":"Feature","properties":{"territoire":"22248","nom":"Pommerit-le-Vicomte","type":"commune"},"geometry":{"type":"MultiPolygon","coordinates":[[[[-3.0553,48.5997],[-3.0693,48.5994],[-3.0798,48.6036],[-3.0963,48.5954],[-3.0972,48.5921],[-3.1094,48.5856],[-3.111,48.5824],[-3.1172,48.5843],[-3.1172,48.5867],[-3.1239,48.5828],[-3.1271,48.5862],[-3.1273,48.5905],[-3.1371,48.5995],[-3.1383,48.6046],[-3.144,48.6101],[-3.1379,48.6226],[-3.1404,48.6247],[-3.1393,48.6298],[-3.1454,48.6302],[-3.1474,48.634],[-3.1427,48.6377],[-3.1454,48.6417],[-3.1419,48.6444],[-3.1363,48.6439],[-3.1351,48.6494],[-3.1275,48.654],[-3.1196,48.6497],[-3.1225,48.6472],[-3.1185,48.6425],[-3.1041,48.6387],[-3.0899,48.6467],[-3.0807,48.6449],[-3.0675,48.631],[-3.0657,48.6259],[-3.0686,48.6243],[-3.055,48.6243],[-3.0535,48.6113],[-3.0501,48.6115],[-3.0444,48.604],[-3.0553,48.5997]]]]}},{"type":"Feature","properties":{"territoire":"22249","nom":"Pont-Melvez","type":"commune"},"geometry":{"type":"MultiPolygon","coordinates":[[[[-3.3272,48.4892],[-3.319,48.4911],[-3.3051,48.488],[-3.2964,48.4923],[-3.2632,48.4943],[-3.2505,48.4994],[-3.24,48.4923],[-3.253,48.4826],[-3.2533,48.4759],[-3.2491,48.4624],[-3.2623,48.4576],[-3.2648,48.4546],[-3.2635,48.4519],[-3.2678,48.4506],[-3.2729,48.4534],[-3.3041,48.4516],[-3.3125,48.4582],[-3.323,48.4583],[-3.3269,48.4678],[-3.3206,48.4704],[-3.32,48.4738],[-3.3272,48.4892]]]]}},{"type":"Feature","properties":{"territoire":"22073","nom":"La Harmoye","type":"commune"},"geometry":{"type":"MultiPolygon","coordinates":[[[[-2.9464,48.325],[-2.9499,48.3266],[-2.9612,48.324],[-2.9637,48.3254],[-2.9654,48.3226],[-2.9823,48.3254],[-2.9861,48.3283],[-2.9914,48.3473],[-2.997,48.3517],[-3.0009,48.3588],[-3.0108,48.3596],[-3.0069,48.3618],[-3.013,48.3625],[-3.0131,48.3664],[-3.0015,48.3649],[-2.9935,48.3674],[-2.9927,48.3718],[-2.9914,48.3676],[-2.9816,48.3691],[-2.9806,48.3655],[-2.9563,48.3604],[-2.9542,48.3628],[-2.9518,48.3621],[-2.9489,48.3557],[-2.9376,48.353],[-2.9362,48.3518],[-2.9383,48.3508],[-2.9337,48.3467],[-2.9348,48.3414],[-2.9364,48.3417],[-2.9348,48.3357],[-2.9408,48.3339],[-2.9393,48.331],[-2.9442,48.3276],[-2.9424,48.325],[-2.9464,48.325]]]]}},{"type":"Feature","properties":{"territoire":"22074","nom":"Le Haut-Corlay","type":"commune"},"geometry":{"type":"MultiPolygon","coordinates":[[[[-3.0701,48.3136],[-3.0851,48.3276],[-3.0819,48.334],[-3.0747,48.3401],[-3.0527,48.3509],[-3.048,48.3587],[-3.0307,48.363],[-3.0343,48.3682],[-3.0234,48.3672],[-3.0062,48.3725],[-3.0028,48.3693],[-3.0032,48.3665],[-3.0131,48.3664],[-3.0137,48.3637],[-3.0073,48.3628],[-3.0108,48.3596],[-3.0009,48.3588],[-2.997,48.3517],[-2.9914,48.3473],[-2.991,48.3409],[-2.9889,48.34],[-2.9843,48.3269],[-3.014,48.3203],[-3.0229,48.3242],[-3.0233,48.3265],[-3.046,48.3258],[-3.0554,48.3198],[-3.0606,48.3194],[-3.0637,48.3227],[-3.0624,48.3174],[-3.0701,48.3136]]]]}},{"type":"Feature","properties":{"territoire":"22075","nom":"Hémonstoir","type":"commune"},"geometry":{"type":"MultiPolygon","coordinates":[[[[-2.8917,48.1649],[-2.8879,48.169],[-2.8784,48.1694],[-2.8767,48.1734],[-2.8714,48.1702],[-2.8557,48.1738],[-2.8404,48.1673],[-2.826,48.1684],[-2.8191,48.1667],[-2.8183,48.1647],[-2.823,48.1627],[-2.8168,48.1601],[-2.8163,48.1555],[-2.8082,48.1523],[-2.8103,48.1466],[-2.8212,48.1468],[-2.8427,48.1406],[-2.8511,48.1413],[-2.8824,48.153],[-2.883,48.1578],[-2.8917,48.1649]]]]}},{"type":"Feature","properties":{"territoire":"22076","nom":"Hénanbihen","type":"commune"},"geometry":{"type":"MultiPolygon","coordinates":[[[[-2.4003,48.5348],[-2.4089,48.5391],[-2.4069,48.5456],[-2.4139,48.5475],[-2.4084,48.5534],[-2.4303,48.5667],[-2.431,48.5709],[-2.4158,48.5778],[-2.4094,48.5866],[-2.3923,48.5893],[-2.3877,48.5871],[-2.3756,48.5924],[-2.3736,48.5954],[-2.3677,48.5943],[-2.3617,48.5989],[-2.3582,48.5987],[-2.3605,48.5945],[-2.3594,48.5917],[-2.3662,48.5877],[-2.3663,48.5855],[-2.365,48.5812],[-2.3563,48.5794],[-2.3505,48.5744],[-2.3515,48.5668],[-2.3581,48.565],[-2.3582,48.5572],[-2.35,48.55],[-2.3518,48.5477],[-2.3477,48.5415],[-2.3505,48.5371],[-2.3438,48.5368],[-2.3404,48.5296],[-2.3417,48.5267],[-2.3494,48.5223],[-2.35,48.5188],[-2.3783,48.5232],[-2.3825,48.5326],[-2.3892,48.5311],[-2.3962,48.5352],[-2.4003,48.5348]]]]}},{"type":"Feature","properties":{"territoire":"22077","nom":"Hénansal","type":"commune"},"geometry":{"type":"MultiPolygon","coordinates":[[[[-2.431,48.5709],[-2.4303,48.5667],[-2.4084,48.5534],[-2.4139,48.5475],[-2.4069,48.5456],[-2.4089,48.5391],[-2.4001,48.535],[-2.4094,48.5282],[-2.4195,48.5285],[-2.4205,48.5252],[-2.441,48.5111],[-2.4497,48.511],[-2.4529,48.5054],[-2.4693,48.5038],[-2.476,48.5104],[-2.4746,48.5152],[-2.4795,48.5198],[-2.5019,48.5284],[-2.4961,48.5325],[-2.4954,48.5363],[-2.4875,48.5334],[-2.4814,48.5364],[-2.4719,48.5357],[-2.4681,48.5429],[-2.4748,48.5544],[-2.4693,48.5582],[-2.4652,48.5668],[-2.431,48.5709]]]]}},{"type":"Feature","properties":{"territoire":"22079","nom":"Hénon","type":"commune"},"geometry":{"type":"MultiPolygon","coordinates":[[[[-2.6367,48.3603],[-2.6418,48.3635],[-2.6689,48.3657],[-2.6713,48.3627],[-2.6816,48.3596],[-2.6937,48.3615],[-2.6975,48.3677],[-2.7045,48.3671],[-2.7051,48.3644],[-2.7129,48.3686],[-2.724,48.3672],[-2.7236,48.3691],[-2.7355,48.3733],[-2.7508,48.3719],[-2.7525,48.378],[-2.7563,48.3786],[-2.761,48.3837],[-2.7259,48.3952],[-2.7267,48.4056],[-2.717,48.4081],[-2.7149,48.4147],[-2.7098,48.4174],[-2.706,48.4146],[-2.7021,48.4164],[-2.6996,48.4145],[-2.6915,48.4155],[-2.6885,48.4117],[-2.6855,48.4126],[-2.6736,48.4071],[-2.6662,48.4085],[-2.6624,48.4056],[-2.6531,48.4133],[-2.6521,48.411],[-2.6414,48.4095],[-2.637,48.404],[-2.6186,48.3963],[-2.6243,48.3933],[-2.6255,48.3865],[-2.6308,48.3812],[-2.6277,48.3755],[-2.6292,48.3712],[-2.6272,48.3637],[-2.6367,48.3603]]]]}},{"type":"Feature","properties":{"territoire":"22081","nom":"Hillion","type":"commune"},"geometry":{"type":"MultiPolygon","coordinates":[[[[-2.6134,48.5036],[-2.613,48.498],[-2.6059,48.4896],[-2.6108,48.4873],[-2.6124,48.4823],[-2.6187,48.4806],[-2.6235,48.4722],[-2.6485,48.4765],[-2.6448,48.479],[-2.646,48.4807],[-2.6431,48.4846],[-2.6724,48.4852],[-2.6753,48.491],[-2.672,48.4926],[-2.6777,48.4921],[-2.6847,48.4978],[-2.6753,48.5095],[-2.6778,48.5121],[-2.6753,48.5133],[-2.6766,48.52],[-2.6823,48.5321],[-2.6689,48.5361],[-2.6672,48.5338],[-2.6629,48.5337],[-2.6633,48.5312],[-2.6586,48.5299],[-2.6591,48.5275],[-2.6545,48.5252],[-2.6396,48.5235],[-2.6297,48.5259],[-2.6275,48.524],[-2.6293,48.521],[-2.6246,48.5219],[-2.6202,48.519],[-2.6204,48.515],[-2.6121,48.5067],[-2.6154,48.5049],[-2.6134,48.5036]]]]}},{"type":"Feature","properties":{"territoire":"22082","nom":"Le Hinglé","type":"commune"},"geometry":{"type":"MultiPolygon","coordinates":[[[[-2.0874,48.3873],[-2.0842,48.3905],[-2.0946,48.3918],[-2.0986,48.3988],[-2.0928,48.4016],[-2.0913,48.4062],[-2.0802,48.4119],[-2.0751,48.4068],[-2.0791,48.3988],[-2.0696,48.3982],[-2.0643,48.3938],[-2.0692,48.389],[-2.0814,48.3908],[-2.0824,48.3867],[-2.0874,48.3873]]]]}},{"type":"Feature","properties":{"territoire":"22083","nom":"Illifaut","type":"commune"},"geometry":{"type":"MultiPolygon","coordinates":[[[[-2.3622,48.1138],[-2.3757,48.1266],[-2.3742,48.1339],[-2.3763,48.1428],[-2.369,48.1503],[-2.3685,48.1556],[-2.3647,48.1584],[-2.3608,48.1671],[-2.3535,48.1725],[-2.3441,48.1683],[-2.3223,48.1698],[-2.3053,48.1562],[-2.287,48.1533],[-2.2897,48.1482],[-2.283,48.1456],[-2.2876,48.1338],[-2.2963,48.1319],[-2.2963,48.1351],[-2.3169,48.1356],[-2.3211,48.1331],[-2.3204,48.128],[-2.3237,48.1254],[-2.3211,48.1233],[-2.323,48.122],[-2.3367,48.1193],[-2.336,48.1231],[-2.3381,48.1256],[-2.3489,48.1267],[-2.3519,48.1252],[-2.3528,48.117],[-2.3578,48.1111],[-2.3622,48.1138]]]]}},{"type":"Feature","properties":{"territoire":"22084","nom":"Jugon-les-Lacs","type":"commune"},"geometry":{"type":"MultiPolygon","coordinates":[[[[-2.3022,48.3778],[-2.3074,48.3761],[-2.3067,48.3728],[-2.3166,48.3637],[-2.3184,48.358],[-2.3307,48.3611],[-2.341,48.3677],[-2.337,48.3716],[-2.3435,48.3752],[-2.3502,48.3779],[-2.3632,48.3762],[-2.3612,48.3787],[-2.364,48.3832],[-2.3572,48.3857],[-2.3566,48.3885],[-2.3598,48.3924],[-2.3593,48.396],[-2.3698,48.4027],[-2.3664,48.4062],[-2.3707,48.4163],[-2.3591,48.4223],[-2.3611,48.4276],[-2.3583,48.4309],[-2.3467,48.4376],[-2.3378,48.4391],[-2.3333,48.4448],[-2.3257,48.444],[-2.3097,48.4366],[-2.2924,48.4392],[-2.2902,48.4361],[-2.2909,48.4307],[-2.2844,48.4258],[-2.2902,48.4228],[-2.2853,48.4185],[-2.2747,48.4198],[-2.2728,48.4173],[-2.2747,48.4121],[-2.281,48.4077],[-2.2896,48.4066],[-2.2968,48.4001],[-2.3047,48.3985],[-2.3119,48.4006],[-2.3159,48.3988],[-2.3148,48.3941],[-2.3072,48.3878],[-2.3082,48.385],[-2.2998,48.3809],[-2.2995,48.3782],[-2.3022,48.3778]]]]}},{"type":"Feature","properties":{"territoire":"22085","nom":"Kerbors","type":"commune"},"geometry":{"type":"MultiPolygon","coordinates":[[[[-3.1691,48.8154],[-3.1706,48.812],[-3.1683,48.8071],[-3.1932,48.8077],[-3.1948,48.8113],[-3.1922,48.8113],[-3.1918,48.8137],[-3.1995,48.8202],[-3.1995,48.8233],[-3.1907,48.8341],[-3.1913,48.8361],[-3.1825,48.8434],[-3.1745,48.843],[-3.1704,48.8375],[-3.1704,48.8281],[-3.1673,48.8284],[-3.1659,48.8241],[-3.1691,48.8154]]]]}},{"type":"Feature","properties":{"territoire":"22250","nom":"Pontrieux","type":"commune"},"geometry":{"type":"MultiPolygon","coordinates":[[[[-3.1695,48.6955],[-3.1665,48.6961],[-3.1696,48.6978],[-3.1662,48.7011],[-3.1618,48.6989],[-3.1587,48.7059],[-3.1552,48.7074],[-3.1508,48.7052],[-3.1513,48.6998],[-3.1563,48.699],[-3.1547,48.6982],[-3.1569,48.6967],[-3.1518,48.6949],[-3.1556,48.6938],[-3.1593,48.696],[-3.1632,48.6927],[-3.1657,48.6956],[-3.1695,48.6955]]]]}},{"type":"Feature","properties":{"territoire":"22251","nom":"Pordic","type":"commune"},"geometry":{"type":"MultiPolygon","coordinates":[[[[-2.8778,48.5454],[-2.8643,48.5605],[-2.8674,48.5654],[-2.8626,48.5783],[-2.8664,48.5881],[-2.8631,48.5893],[-2.8631,48.5927],[-2.8573,48.5945],[-2.8576,48.6007],[-2.853,48.6006],[-2.8493,48.604],[-2.839,48.6014],[-2.8373,48.5885],[-2.8308,48.5891],[-2.8225,48.5863],[-2.8076,48.5925],[-2.7925,48.5847],[-2.7795,48.5852],[-2.7735,48.5768],[-2.7755,48.5732],[-2.7722,48.5702],[-2.7734,48.5684],[-2.796,48.5603],[-2.7983,48.5553],[-2.8032,48.5525],[-2.8023,48.5484],[-2.8112,48.5443],[-2.8264,48.5412],[-2.8336,48.5426],[-2.8358,48.542],[-2.8332,48.5394],[-2.8403,48.5384],[-2.8449,48.535],[-2.8583,48.5349],[-2.8586,48.537],[-2.8675,48.539],[-2.868,48.5415],[-2.8743,48.542],[-2.8778,48.5454]]]]}},{"type":"Feature","properties":{"territoire":"22086","nom":"Kerfot","type":"commune"},"geometry":{"type":"MultiPolygon","coordinates":[[[[-3.021,48.752],[-3.0189,48.7501],[-3.0236,48.742],[-3.0208,48.7365],[-3.0153,48.7331],[-3.017,48.7224],[-3.0145,48.7199],[-3.0187,48.7179],[-3.0204,48.7209],[-3.024,48.7197],[-3.0253,48.7241],[-3.0292,48.7243],[-3.0296,48.7272],[-3.0436,48.7263],[-3.0464,48.7311],[-3.0433,48.7349],[-3.0437,48.7397],[-3.0488,48.7381],[-3.0515,48.7414],[-3.0452,48.7433],[-3.0449,48.7535],[-3.0379,48.7519],[-3.0367,48.7492],[-3.021,48.752]]]]}},{"type":"Feature","properties":{"territoire":"22087","nom":"Kergrist-Moëlou","type":"commune"},"geometry":{"type":"MultiPolygon","coordinates":[[[[-3.3754,48.3121],[-3.3662,48.3108],[-3.3619,48.3146],[-3.3536,48.313],[-3.3486,48.3177],[-3.3409,48.3186],[-3.3389,48.3221],[-3.3409,48.3252],[-3.3403,48.3319],[-3.337,48.332],[-3.3372,48.3356],[-3.3229,48.3333],[-3.3138,48.3395],[-3.305,48.339],[-3.2991,48.342],[-3.2986,48.3357],[-3.2928,48.3275],[-3.2646,48.3126],[-3.2631,48.3029],[-3.2651,48.3022],[-3.2727,48.3088],[-3.2919,48.3059],[-3.2939,48.3015],[-3.2877,48.2964],[-3.2895,48.2947],[-3.288,48.289],[-3.2922,48.2905],[-3.2918,48.2877],[-3.2989,48.2843],[-3.3008,48.2774],[-3.295,48.2606],[-3.3004,48.2553],[-3.3225,48.2625],[-3.3229,48.2556],[-3.3299,48.2579],[-3.3321,48.2526],[-3.3368,48.2524],[-3.3375,48.2496],[-3.3485,48.2552],[-3.348,48.2537],[-3.3561,48.2517],[-3.3546,48.2508],[-3.3561,48.2481],[-3.362,48.247],[-3.3644,48.2553],[-3.3625,48.2591],[-3.369,48.2608],[-3.3686,48.2738],[-3.365,48.2788],[-3.3675,48.2922],[-3.3634,48.2972],[-3.3684,48.2993],[-3.3684,48.3013],[-3.3642,48.3043],[-3.3655,48.3064],[-3.3745,48.3082],[-3.3754,48.3121]]]]}},{"type":"Feature","properties":{"territoire":"22088","nom":"Kerien","type":"commune"},"geometry":{"type":"MultiPolygon","coordinates":[[[[-3.1987,48.3895],[-3.2115,48.3857],[-3.2179,48.3891],[-3.2293,48.3897],[-3.2499,48.3873],[-3.2571,48.3994],[-3.2548,48.4029],[-3.2633,48.4058],[-3.2661,48.4128],[-3.2688,48.4139],[-3.2684,48.4236],[-3.2716,48.4261],[-3.2703,48.4295],[-3.2679,48.432],[-3.2584,48.4338],[-3.2547,48.4306],[-3.2443,48.4332],[-3.2331,48.4328],[-3.218,48.4208],[-3.2025,48.4171],[-3.1831,48.417],[-3.1908,48.4108],[-3.1865,48.4051],[-3.1941,48.3993],[-3.1987,48.3895]]]]}},{"type":"Feature","properties":{"territoire":"22254","nom":"Prat","type":"commune"},"geometry":{"type":"MultiPolygon","coordinates":[[[[-3.3231,48.6983],[-3.3175,48.6958],[-3.3165,48.6882],[-3.3033,48.6876],[-3.2996,48.6893],[-3.2998,48.6916],[-3.2941,48.6916],[-3.296,48.7051],[-3.2719,48.7098],[-3.2703,48.706],[-3.251,48.6962],[-3.25,48.6913],[-3.2529,48.6892],[-3.2444,48.6858],[-3.2522,48.6808],[-3.2778,48.678],[-3.2782,48.6748],[-3.2821,48.6724],[-3.2931,48.6705],[-3.295,48.666],[-3.307,48.6567],[-3.3182,48.6566],[-3.3202,48.6541],[-3.3399,48.651],[-3.3376,48.6551],[-3.3383,48.6627],[-3.3355,48.6649],[-3.3381,48.6665],[-3.3356,48.6687],[-3.3365,48.6741],[-3.3277,48.676],[-3.3312,48.6766],[-3.3293,48.6815],[-3.3391,48.6882],[-3.336,48.6897],[-3.3388,48.6954],[-3.3231,48.6983]]]]}},{"type":"Feature","properties":{"territoire":"22255","nom":"La Prénessaye","type":"commune"},"geometry":{"type":"MultiPolygon","coordinates":[[[[-2.6763,48.1649],[-2.6735,48.1768],[-2.6772,48.1803],[-2.674,48.1857],[-2.6677,48.1872],[-2.6684,48.1899],[-2.6594,48.1957],[-2.6602,48.1977],[-2.6509,48.1995],[-2.6597,48.2034],[-2.658,48.2102],[-2.6447,48.2145],[-2.6348,48.2145],[-2.6246,48.2103],[-2.626,48.2022],[-2.6225,48.2024],[-2.6191,48.1987],[-2.6193,48.1919],[-2.6262,48.1899],[-2.6248,48.1828],[-2.6279,48.1764],[-2.6389,48.1734],[-2.6378,48.1636],[-2.6442,48.1627],[-2.6494,48.1577],[-2.6483,48.1563],[-2.6536,48.1559],[-2.6763,48.1649]]]]}},{"type":"Feature","properties":{"territoire":"22256","nom":"Quemper-Guézennec","type":"commune"},"geometry":{"type":"MultiPolygon","coordinates":[[[[-3.101,48.6775],[-3.1328,48.6755],[-3.1348,48.677],[-3.1301,48.6834],[-3.1401,48.6913],[-3.1405,48.6941],[-3.1569,48.6966],[-3.1547,48.6982],[-3.1563,48.699],[-3.1513,48.6998],[-3.1508,48.7052],[-3.1552,48.7074],[-3.1411,48.7111],[-3.1371,48.7101],[-3.138,48.7143],[-3.1299,48.7214],[-3.1324,48.7271],[-3.1224,48.7267],[-3.1205,48.7246],[-3.1139,48.726],[-3.1116,48.7215],[-3.1062,48.7221],[-3.0979,48.717],[-3.0898,48.7157],[-3.0848,48.7181],[-3.0864,48.7134],[-3.073,48.7113],[-3.0768,48.7065],[-3.0741,48.7013],[-3.071,48.7013],[-3.0717,48.7043],[-3.0685,48.7061],[-3.0697,48.7023],[-3.0651,48.6995],[-3.0586,48.7029],[-3.0481,48.6994],[-3.0491,48.6976],[-3.0548,48.6984],[-3.0581,48.6938],[-3.0668,48.6928],[-3.0715,48.688],[-3.0819,48.6882],[-3.0958,48.684],[-3.1006,48.6805],[-3.101,48.6775]]]]}},{"type":"Feature","properties":{"territoire":"22257","nom":"Quemperven","type":"commune"},"geometry":{"type":"MultiPolygon","coordinates":[[[[-3.3224,48.7146],[-3.3429,48.7107],[-3.3457,48.7155],[-3.3521,48.7152],[-3.3588,48.7186],[-3.3595,48.7286],[-3.3546,48.7348],[-3.3439,48.7381],[-3.3384,48.7428],[-3.3256,48.7337],[-3.3224,48.7363],[-3.318,48.7357],[-3.3178,48.7336],[-3.3132,48.733],[-3.3156,48.7285],[-3.3108,48.723],[-3.3224,48.7146]]]]}},{"type":"Feature","properties":{"territoire":"22258","nom":"Quessoy","type":"commune"},"geometry":{"type":"MultiPolygon","coordinates":[[[[-2.7097,48.4174],[-2.7047,48.4226],[-2.7027,48.43],[-2.7095,48.433],[-2.7035,48.4368],[-2.6983,48.4479],[-2.6827,48.4506],[-2.6637,48.4475],[-2.6641,48.4499],[-2.6582,48.4494],[-2.65,48.4579],[-2.6485,48.4581],[-2.6492,48.4537],[-2.6413,48.4506],[-2.6274,48.4358],[-2.6131,48.4387],[-2.6077,48.4366],[-2.6089,48.4323],[-2.6146,48.4274],[-2.6089,48.4228],[-2.6079,48.4194],[-2.6117,48.4148],[-2.6083,48.4083],[-2.6096,48.4041],[-2.6181,48.3965],[-2.6266,48.3986],[-2.6373,48.4042],[-2.6412,48.4094],[-2.6521,48.411],[-2.6531,48.4133],[-2.6624,48.4056],[-2.6662,48.4085],[-2.6736,48.4071],[-2.6855,48.4126],[-2.6885,48.4117],[-2.6915,48.4155],[-2.6996,48.4145],[-2.7021,48.4164],[-2.706,48.4146],[-2.7097,48.4174]]]]}},{"type":"Feature","properties":{"territoire":"22090","nom":"Kermaria-Sulard","type":"commune"},"geometry":{"type":"MultiPolygon","coordinates":[[[[-3.3494,48.7856],[-3.3479,48.7785],[-3.3496,48.777],[-3.346,48.7754],[-3.3453,48.7718],[-3.3523,48.7708],[-3.3524,48.7678],[-3.3552,48.7662],[-3.3534,48.7602],[-3.3689,48.7636],[-3.3797,48.7587],[-3.3846,48.7601],[-3.3849,48.7635],[-3.3901,48.7637],[-3.3961,48.7592],[-3.4037,48.7615],[-3.4044,48.7633],[-3.3978,48.7709],[-3.4007,48.7738],[-3.3932,48.7744],[-3.3947,48.7758],[-3.3923,48.7791],[-3.3783,48.7869],[-3.3778,48.7918],[-3.3689,48.7905],[-3.3683,48.7887],[-3.3708,48.7884],[-3.3693,48.7868],[-3.3615,48.7848],[-3.3494,48.7856]]]]}},{"type":"Feature","properties":{"territoire":"22091","nom":"Kermoroc'h","type":"commune"},"geometry":{"type":"MultiPolygon","coordinates":[[[[-3.1881,48.6284],[-3.1829,48.6207],[-3.1829,48.6169],[-3.1834,48.6141],[-3.189,48.6123],[-3.1879,48.6104],[-3.1902,48.6076],[-3.2064,48.6049],[-3.2125,48.5997],[-3.2204,48.6024],[-3.223,48.6138],[-3.2187,48.6215],[-3.2134,48.622],[-3.2116,48.6253],[-3.2003,48.6253],[-3.1972,48.6273],[-3.1951,48.6255],[-3.1881,48.6284]]]]}},{"type":"Feature","properties":{"territoire":"22092","nom":"Kerpert","type":"commune"},"geometry":{"type":"MultiPolygon","coordinates":[[[[-3.1248,48.419],[-3.1236,48.4171],[-3.1254,48.4157],[-3.1231,48.4139],[-3.1259,48.4119],[-3.1255,48.4077],[-3.1202,48.4094],[-3.1155,48.4147],[-3.1117,48.415],[-3.1053,48.4113],[-3.1065,48.4087],[-3.104,48.4077],[-3.1028,48.4022],[-3.1112,48.3938],[-3.1108,48.3907],[-3.1164,48.3885],[-3.1153,48.3735],[-3.1206,48.3677],[-3.1173,48.3585],[-3.1318,48.36],[-3.1321,48.3619],[-3.1384,48.3601],[-3.1539,48.3694],[-3.1599,48.3685],[-3.159,48.3722],[-3.1653,48.3755],[-3.1645,48.379],[-3.1681,48.379],[-3.169,48.3813],[-3.1633,48.3973],[-3.1662,48.3999],[-3.1585,48.4066],[-3.1456,48.4117],[-3.1461,48.4172],[-3.1248,48.419]]]]}},{"type":"Feature","properties":{"territoire":"22093","nom":"Lamballe-Armor","type":"commune"},"geometry":{"type":"MultiPolygon","coordinates":[[[[-2.5215,48.5071],[-2.53,48.5025],[-2.5459,48.5009],[-2.562,48.5089],[-2.5838,48.508],[-2.5983,48.5016],[-2.6083,48.505],[-2.615,48.5036],[-2.6121,48.5067],[-2.6204,48.515],[-2.62,48.5191],[-2.6241,48.5223],[-2.6279,48.5219],[-2.6263,48.5245],[-2.6341,48.5295],[-2.6318,48.533],[-2.6329,48.5368],[-2.6265,48.5422],[-2.6058,48.5507],[-2.6004,48.5551],[-2.6004,48.5582],[-2.593,48.5604],[-2.5866,48.5677],[-2.5805,48.5694],[-2.5807,48.5722],[-2.5743,48.5756],[-2.5684,48.5729],[-2.5696,48.57],[-2.5651,48.5616],[-2.5561,48.5588],[-2.5563,48.5547],[-2.5516,48.5494],[-2.5502,48.5419],[-2.5407,48.5385],[-2.5445,48.5343],[-2.5425,48.5331],[-2.5089,48.5236],[-2.5019,48.5285],[-2.4882,48.5245],[-2.4746,48.5152],[-2.476,48.5104],[-2.4693,48.5038],[-2.4457,48.5054],[-2.4378,48.5082],[-2.4344,48.507],[-2.4323,48.502],[-2.4349,48.4955],[-2.4256,48.4925],[-2.4224,48.4783],[-2.4152,48.4738],[-2.4119,48.4676],[-2.4061,48.465],[-2.4208,48.4534],[-2.4285,48.4509],[-2.4403,48.4555],[-2.4428,48.4619],[-2.4684,48.4643],[-2.4759,48.4549],[-2.4864,48.455],[-2.4892,48.4523],[-2.4898,48.447],[-2.4868,48.4415],[-2.4874,48.4377],[-2.4827,48.4363],[-2.4809,48.4301],[-2.4777,48.4278],[-2.4813,48.4158],[-2.4788,48.4126],[-2.4909,48.4077],[-2.5007,48.4074],[-2.5022,48.4044],[-2.5113,48.402],[-2.5136,48.396],[-2.5174,48.3973],[-2.5169,48.4005],[-2.5207,48.4048],[-2.5155,48.4172],[-2.5124,48.4188],[-2.5168,48.4288],[-2.5228,48.4327],[-2.5295,48.4325],[-2.5289,48.4354],[-2.539,48.4378],[-2.5432,48.4373],[-2.5441,48.4346],[-2.5489,48.4367],[-2.5489,48.4405],[-2.562,48.4395],[-2.5758,48.4291],[-2.593,48.429],[-2.5943,48.4266],[-2.5899,48.4193],[-2.5941,48.4155],[-2.6109,48.4153],[-2.6079,48.4194],[-2.6089,48.4228],[-2.6146,48.4274],[-2.6089,48.4323],[-2.6077,48.4366],[-2.6095,48.4386],[-2.6023,48.44],[-2.6018,48.4436],[-2.5933,48.4482],[-2.5983,48.4506],[-2.6002,48.4575],[-2.6075,48.4604],[-2.6108,48.4654],[-2.6098,48.4681],[-2.6024,48.4666],[-2.5979,48.4705],[-2.5952,48.4687],[-2.5794,48.4718],[-2.5705,48.4779],[-2.5746,48.4799],[-2.5735,48.4818],[-2.5678,48.4812],[-2.5667,48.4838],[-2.562,48.4828],[-2.5605,48.485],[-2.5546,48.4841],[-2.5547,48.4791],[-2.5485,48.4771],[-2.5451,48.479],[-2.5251,48.479],[-2.5167,48.4918],[-2.5215,48.5071]]]]}},{"type":"Feature","properties":{"territoire":"22094","nom":"Lancieux","type":"commune"},"geometry":{"type":"MultiPolygon","coordinates":[[[[-2.1238,48.6044],[-2.1248,48.5987],[-2.1272,48.5983],[-2.1251,48.5978],[-2.1347,48.5967],[-2.1385,48.5911],[-2.1495,48.586],[-2.1529,48.5856],[-2.1722,48.596],[-2.1677,48.5974],[-2.1646,48.6073],[-2.1531,48.6094],[-2.153,48.6163],[-2.1449,48.62],[-2.1448,48.6179],[-2.1411,48.6168],[-2.1424,48.6109],[-2.1294,48.6046],[-2.1238,48.6044]]]]}},{"type":"Feature","properties":{"territoire":"22126","nom":"Le Leslay","type":"commune"},"geometry":{"type":"MultiPolygon","coordinates":[[[[-2.9535,48.4123],[-2.9597,48.4137],[-2.9641,48.4124],[-2.9668,48.4083],[-2.9727,48.4091],[-2.9694,48.413],[-2.9744,48.4154],[-2.9755,48.4211],[-2.983,48.4228],[-2.9791,48.4277],[-2.9837,48.4283],[-2.9833,48.4319],[-2.9682,48.436],[-2.955,48.4309],[-2.942,48.4291],[-2.956,48.419],[-2.9521,48.4146],[-2.9535,48.4123]]]]}},{"type":"Feature","properties":{"territoire":"22127","nom":"Lézardrieux","type":"commune"},"geometry":{"type":"MultiPolygon","coordinates":[[[[-3.1377,48.7845],[-3.1379,48.7865],[-3.1343,48.787],[-3.1333,48.792],[-3.1397,48.8001],[-3.1342,48.7995],[-3.139,48.8006],[-3.1352,48.8015],[-3.1359,48.8032],[-3.1325,48.802],[-3.129,48.8054],[-3.1188,48.8071],[-3.1219,48.8108],[-3.1205,48.8118],[-3.1117,48.8117],[-3.1096,48.8188],[-3.1011,48.8259],[-3.1015,48.8305],[-3.089,48.8334],[-3.0897,48.831],[-3.0879,48.8306],[-3.0814,48.8333],[-3.0825,48.8309],[-3.078,48.8296],[-3.0715,48.8331],[-3.0757,48.8278],[-3.0794,48.8296],[-3.084,48.827],[-3.0839,48.8213],[-3.088,48.8164],[-3.0879,48.8123],[-3.0985,48.8049],[-3.0954,48.8047],[-3.0997,48.8],[-3.0973,48.7944],[-3.1003,48.7917],[-3.0984,48.7902],[-3.1028,48.7882],[-3.0991,48.7833],[-3.1055,48.7834],[-3.1159,48.7756],[-3.1241,48.7765],[-3.1213,48.7788],[-3.1213,48.7811],[-3.1243,48.7812],[-3.1225,48.7845],[-3.1377,48.7845]]]]}},{"type":"Feature","properties":{"territoire":"22128","nom":"Locarn","type":"commune"},"geometry":{"type":"MultiPolygon","coordinates":[[[[-3.3374,48.3355],[-3.337,48.332],[-3.3403,48.3319],[-3.3402,48.3191],[-3.3486,48.3177],[-3.3536,48.313],[-3.3619,48.3146],[-3.3689,48.3108],[-3.3896,48.3157],[-3.3995,48.3154],[-3.4023,48.313],[-3.416,48.3142],[-3.4334,48.3219],[-3.4498,48.3223],[-3.4563,48.3272],[-3.4659,48.3279],[-3.471,48.3321],[-3.482,48.3327],[-3.487,48.3373],[-3.4985,48.3391],[-3.4865,48.3434],[-3.4833,48.3495],[-3.4579,48.3461],[-3.4515,48.3493],[-3.4239,48.3527],[-3.4062,48.3503],[-3.3882,48.3422],[-3.3838,48.3447],[-3.3746,48.3431],[-3.3674,48.3459],[-3.3601,48.3425],[-3.3553,48.3348],[-3.3484,48.3373],[-3.3374,48.3355]]]]}},{"type":"Feature","properties":{"territoire":"22095","nom":"Landebaëron","type":"commune"},"geometry":{"type":"MultiPolygon","coordinates":[[[[-3.2187,48.6215],[-3.2183,48.6234],[-3.2253,48.625],[-3.2242,48.6304],[-3.2188,48.6343],[-3.2171,48.6403],[-3.21,48.6436],[-3.2122,48.6516],[-3.2162,48.6559],[-3.2141,48.6572],[-3.2109,48.655],[-3.1946,48.6533],[-3.1879,48.6401],[-3.1881,48.6284],[-3.1951,48.6255],[-3.1972,48.6273],[-3.2003,48.6253],[-3.2116,48.6253],[-3.2134,48.622],[-3.2187,48.6215]]]]}},{"type":"Feature","properties":{"territoire":"22096","nom":"Landébia","type":"commune"},"geometry":{"type":"MultiPolygon","coordinates":[[[[-2.3415,48.5279],[-2.3373,48.5287],[-2.3363,48.5214],[-2.3275,48.5203],[-2.3229,48.5145],[-2.3192,48.5152],[-2.3223,48.5098],[-2.325,48.5104],[-2.328,48.5056],[-2.3398,48.5051],[-2.3491,48.5086],[-2.3499,48.5218],[-2.3415,48.5279]]]]}},{"type":"Feature","properties":{"territoire":"22097","nom":"La Landec","type":"commune"},"geometry":{"type":"MultiPolygon","coordinates":[[[[-2.1904,48.4071],[-2.1954,48.4059],[-2.2014,48.413],[-2.1919,48.4206],[-2.1987,48.4318],[-2.1943,48.4413],[-2.1844,48.4428],[-2.1786,48.4476],[-2.1785,48.4407],[-2.1734,48.4412],[-2.1651,48.4346],[-2.1604,48.4348],[-2.1618,48.4309],[-2.1684,48.4266],[-2.17,48.4198],[-2.1816,48.4161],[-2.1747,48.4062],[-2.1834,48.4035],[-2.1904,48.4071]]]]}},{"type":"Feature","properties":{"territoire":"22098","nom":"Landéhen","type":"commune"},"geometry":{"type":"MultiPolygon","coordinates":[[[[-2.5646,48.4195],[-2.5665,48.4216],[-2.5746,48.4212],[-2.5758,48.4297],[-2.5622,48.4394],[-2.5535,48.4409],[-2.5489,48.4405],[-2.5489,48.4367],[-2.5441,48.4346],[-2.5432,48.4373],[-2.5395,48.4379],[-2.5289,48.4354],[-2.5295,48.4325],[-2.5198,48.4312],[-2.5124,48.4188],[-2.5155,48.4172],[-2.5194,48.4067],[-2.5233,48.4047],[-2.5322,48.4056],[-2.5312,48.4025],[-2.5338,48.3972],[-2.5392,48.3967],[-2.5425,48.3972],[-2.541,48.3986],[-2.5436,48.4018],[-2.5426,48.4078],[-2.5468,48.4143],[-2.5646,48.4195]]]]}},{"type":"Feature","properties":{"territoire":"22105","nom":"Languenan","type":"commune"},"geometry":{"type":"MultiPolygon","coordinates":[[[[-2.0987,48.5084],[-2.1032,48.507],[-2.0999,48.5021],[-2.1019,48.5022],[-2.1017,48.4951],[-2.1059,48.4968],[-2.1116,48.4925],[-2.1167,48.4944],[-2.1261,48.4914],[-2.1306,48.4953],[-2.1454,48.4943],[-2.1535,48.4965],[-2.1546,48.5034],[-2.1684,48.5063],[-2.1732,48.5104],[-2.1724,48.5141],[-2.161,48.5175],[-2.1539,48.5301],[-2.1474,48.5341],[-2.1475,48.5278],[-2.1421,48.5277],[-2.1419,48.53],[-2.1323,48.5328],[-2.1312,48.5291],[-2.1288,48.5286],[-2.1123,48.529],[-2.1093,48.5242],[-2.1143,48.5219],[-2.1116,48.5172],[-2.0957,48.5118],[-2.0987,48.5084]]]]}},{"type":"Feature","properties":{"territoire":"22106","nom":"Langueux","type":"commune"},"geometry":{"type":"MultiPolygon","coordinates":[[[[-2.7317,48.5039],[-2.7257,48.5159],[-2.7195,48.516],[-2.7102,48.5203],[-2.7029,48.514],[-2.7032,48.511],[-2.6972,48.5041],[-2.6809,48.4911],[-2.68,48.4869],[-2.6883,48.4838],[-2.6911,48.4861],[-2.698,48.4841],[-2.713,48.4869],[-2.7186,48.4914],[-2.728,48.4919],[-2.7368,48.4969],[-2.7376,48.4994],[-2.7317,48.5039]]]]}},{"type":"Feature","properties":{"territoire":"22107","nom":"Bon Repos sur Blavet","type":"commune"},"geometry":{"type":"MultiPolygon","coordinates":[[[[-3.0772,48.2098],[-3.0837,48.2094],[-3.0855,48.2043],[-3.0917,48.2021],[-3.0979,48.2062],[-3.1063,48.2054],[-3.1079,48.2085],[-3.1106,48.2055],[-3.1166,48.2063],[-3.1162,48.2032],[-3.1204,48.2004],[-3.1305,48.2003],[-3.1306,48.1957],[-3.1368,48.19],[-3.137,48.1817],[-3.1302,48.1769],[-3.1343,48.1684],[-3.1401,48.1667],[-3.1392,48.1641],[-3.1551,48.1585],[-3.1593,48.168],[-3.1656,48.1616],[-3.1753,48.1588],[-3.1781,48.1612],[-3.1772,48.1661],[-3.1597,48.169],[-3.1703,48.1785],[-3.1548,48.19],[-3.1656,48.197],[-3.1612,48.1961],[-3.1634,48.1986],[-3.162,48.2017],[-3.1535,48.2018],[-3.1509,48.2034],[-3.1531,48.206],[-3.1299,48.2124],[-3.1437,48.2146],[-3.1571,48.2123],[-3.1606,48.2154],[-3.161,48.2198],[-3.17,48.2193],[-3.1726,48.2246],[-3.1779,48.227],[-3.1789,48.2321],[-3.1768,48.2356],[-3.1787,48.2385],[-3.166,48.2415],[-3.1654,48.2456],[-3.1573,48.2479],[-3.1582,48.252],[-3.1523,48.2544],[-3.1549,48.2595],[-3.1519,48.2632],[-3.1522,48.267],[-3.146,48.2677],[-3.1489,48.27],[-3.1258,48.2701],[-3.1263,48.2617],[-3.1167,48.2619],[-3.1169,48.2574],[-3.0905,48.2601],[-3.0856,48.2568],[-3.0892,48.2568],[-3.0879,48.2519],[-3.0909,48.2507],[-3.0792,48.2485],[-3.0712,48.2498],[-3.0728,48.2482],[-3.0684,48.2472],[-3.0662,48.2421],[-3.0569,48.2437],[-3.0534,48.2311],[-3.0568,48.2291],[-3.0552,48.2257],[-3.0623,48.2222],[-3.0688,48.2229],[-3.0723,48.2129],[-3.0772,48.2098]]]]}},{"type":"Feature","properties":{"territoire":"22112","nom":"Lannebert","type":"commune"},"geometry":{"type":"MultiPolygon","coordinates":[[[[-3.0118,48.6333],[-3.0148,48.6371],[-3.0152,48.6446],[-3.0218,48.6444],[-3.0298,48.6507],[-3.0349,48.6489],[-3.0382,48.6519],[-3.0374,48.6549],[-3.0186,48.6603],[-3.0165,48.6664],[-3.0099,48.6626],[-3.0059,48.6642],[-3.0008,48.6598],[-2.9916,48.6587],[-2.9928,48.6557],[-2.9853,48.6524],[-2.9911,48.6418],[-3.0118,48.6333]]]]}},{"type":"Feature","properties":{"territoire":"22113","nom":"Lannion","type":"commune"},"geometry":{"type":"MultiPolygon","coordinates":[[[[-3.3944,48.7102],[-3.4002,48.7103],[-3.406,48.7063],[-3.4089,48.7091],[-3.4171,48.7042],[-3.4238,48.7155],[-3.4571,48.7268],[-3.4584,48.7212],[-3.4667,48.7208],[-3.4732,48.717],[-3.4771,48.7173],[-3.4761,48.7203],[-3.4781,48.7228],[-3.4914,48.7187],[-3.4914,48.7222],[-3.4952,48.725],[-3.4932,48.728],[-3.4981,48.7363],[-3.4854,48.7359],[-3.4745,48.7392],[-3.465,48.7314],[-3.4728,48.7399],[-3.4855,48.737],[-3.497,48.738],[-3.5033,48.733],[-3.513,48.7359],[-3.525,48.7321],[-3.5351,48.735],[-3.5506,48.7332],[-3.5518,48.735],[-3.5495,48.7375],[-3.5515,48.7401],[-3.5494,48.746],[-3.5428,48.7482],[-3.5331,48.7571],[-3.5297,48.7546],[-3.4987,48.7519],[-3.485,48.7576],[-3.4796,48.7622],[-3.4888,48.769],[-3.4877,48.7714],[-3.4902,48.7743],[-3.4709,48.782],[-3.4658,48.7867],[-3.4611,48.7756],[-3.4566,48.7758],[-3.4528,48.773],[-3.4569,48.7692],[-3.4541,48.7671],[-3.4573,48.7597],[-3.4533,48.7593],[-3.4465,48.7701],[-3.4424,48.7698],[-3.4421,48.7679],[-3.4305,48.7703],[-3.4235,48.766],[-3.4156,48.7684],[-3.4153,48.7615],[-3.4072,48.7603],[-3.4054,48.7548],[-3.4024,48.7556],[-3.4002,48.7441],[-3.4033,48.7435],[-3.4015,48.7423],[-3.403,48.7401],[-3.411,48.7395],[-3.4142,48.7289],[-3.4134,48.7267],[-3.407,48.7267],[-3.4051,48.721],[-3.3966,48.7219],[-3.3951,48.7161],[-3.3877,48.7143],[-3.3894,48.7114],[-3.3944,48.7102]]]]}},{"type":"Feature","properties":{"territoire":"22114","nom":"Lanrelas","type":"commune"},"geometry":{"type":"MultiPolygon","coordinates":[[[[-2.3372,48.2508],[-2.3306,48.2557],[-2.3143,48.2592],[-2.3176,48.2607],[-2.3167,48.2696],[-2.3095,48.2772],[-2.3113,48.281],[-2.3086,48.2894],[-2.3048,48.2902],[-2.3032,48.2935],[-2.2912,48.2893],[-2.2906,48.2854],[-2.2857,48.284],[-2.2865,48.2775],[-2.2829,48.2695],[-2.2723,48.2676],[-2.2703,48.262],[-2.2731,48.2602],[-2.2712,48.2532],[-2.2729,48.25],[-2.269,48.2484],[-2.2749,48.242],[-2.2621,48.2344],[-2.2547,48.2176],[-2.2555,48.2101],[-2.2649,48.2101],[-2.2737,48.2147],[-2.2814,48.2129],[-2.3147,48.2235],[-2.3265,48.2205],[-2.3259,48.2241],[-2.3293,48.227],[-2.3245,48.2339],[-2.332,48.2472],[-2.3372,48.2508]]]]}},{"type":"Feature","properties":{"territoire":"22115","nom":"Lanrivain","type":"commune"},"geometry":{"type":"MultiPolygon","coordinates":[[[[-3.2499,48.3873],[-3.2293,48.3897],[-3.2179,48.3891],[-3.2115,48.3857],[-3.1987,48.3895],[-3.1969,48.3879],[-3.1983,48.3813],[-3.1908,48.3833],[-3.1899,48.386],[-3.1731,48.3852],[-3.1744,48.3872],[-3.1723,48.3875],[-3.1673,48.3854],[-3.169,48.3813],[-3.1681,48.379],[-3.1645,48.379],[-3.1653,48.3755],[-3.1589,48.372],[-3.1603,48.3688],[-3.1705,48.3653],[-3.1786,48.359],[-3.1791,48.3554],[-3.1823,48.3548],[-3.1808,48.3513],[-3.1859,48.3507],[-3.1898,48.3473],[-3.1883,48.3446],[-3.1947,48.3436],[-3.1969,48.3368],[-3.1879,48.3302],[-3.1902,48.328],[-3.1895,48.3253],[-3.2018,48.3318],[-3.2078,48.3293],[-3.2106,48.3304],[-3.214,48.3291],[-3.2125,48.3269],[-3.2153,48.3276],[-3.2134,48.3258],[-3.2154,48.3226],[-3.2186,48.3226],[-3.2162,48.313],[-3.2228,48.3129],[-3.229,48.3168],[-3.2312,48.3224],[-3.2421,48.3273],[-3.2462,48.3359],[-3.2454,48.3403],[-3.2516,48.345],[-3.2518,48.3489],[-3.2559,48.3502],[-3.2554,48.3586],[-3.2582,48.3615],[-3.2543,48.3627],[-3.2561,48.3666],[-3.2528,48.37],[-3.2551,48.3755],[-3.2528,48.3796],[-3.2543,48.3831],[-3.2499,48.3873]]]]}},{"type":"Feature","properties":{"territoire":"22116","nom":"Lanrodec","type":"commune"},"geometry":{"type":"MultiPolygon","coordinates":[[[[-3.0893,48.5038],[-3.0799,48.5121],[-3.0652,48.5138],[-3.0651,48.5162],[-3.071,48.5167],[-3.0637,48.5212],[-3.0629,48.5335],[-3.0569,48.5312],[-3.0432,48.5395],[-3.0392,48.5359],[-3.0248,48.5368],[-3.0249,48.5336],[-3.0147,48.5295],[-3.0209,48.5186],[-3.0211,48.5057],[-3.0164,48.4974],[-2.9975,48.4884],[-3.0008,48.4834],[-3.0155,48.4781],[-3.0172,48.4748],[-3.0241,48.4723],[-3.0225,48.4689],[-3.0249,48.4634],[-3.0225,48.456],[-3.0283,48.4564],[-3.0309,48.459],[-3.0352,48.4571],[-3.0366,48.4686],[-3.0558,48.4692],[-3.0658,48.4799],[-3.0737,48.4805],[-3.0726,48.485],[-3.082,48.4873],[-3.0819,48.4903],[-3.0757,48.4908],[-3.0743,48.4933],[-3.082,48.4956],[-3.0827,48.4993],[-3.0893,48.5038]]]]}},{"type":"Feature","properties":{"territoire":"22117","nom":"Lantic","type":"commune"},"geometry":{"type":"MultiPolygon","coordinates":[[[[-2.8576,48.6006],[-2.8573,48.5945],[-2.8631,48.5927],[-2.8636,48.5895],[-2.8692,48.5895],[-2.8785,48.5844],[-2.8969,48.582],[-2.909,48.5928],[-2.9261,48.5864],[-2.9275,48.5925],[-2.9223,48.5959],[-2.9204,48.6012],[-2.9229,48.6039],[-2.9274,48.6041],[-2.9256,48.6072],[-2.9323,48.6062],[-2.9362,48.609],[-2.9305,48.6125],[-2.9333,48.6133],[-2.9314,48.6141],[-2.9234,48.6134],[-2.9259,48.6235],[-2.9193,48.6253],[-2.9211,48.6313],[-2.9076,48.6341],[-2.8964,48.6235],[-2.8985,48.6142],[-2.9037,48.6092],[-2.9027,48.6068],[-2.8939,48.6041],[-2.88,48.6088],[-2.8707,48.6062],[-2.8639,48.6073],[-2.8609,48.6064],[-2.8609,48.6024],[-2.8576,48.6006]]]]}},{"type":"Feature","properties":{"territoire":"22118","nom":"Lanvallay","type":"commune"},"geometry":{"type":"MultiPolygon","coordinates":[[[[-2.004,48.4797],[-2.0016,48.4733],[-1.9878,48.467],[-1.9851,48.4626],[-1.9916,48.4611],[-1.9883,48.4594],[-1.9864,48.4527],[-1.9637,48.4486],[-1.9628,48.4468],[-1.9667,48.4438],[-1.9774,48.4471],[-1.9847,48.444],[-2,48.4454],[-2.003,48.4407],[-2.013,48.4345],[-2.0144,48.4292],[-2.0317,48.4275],[-2.0399,48.4372],[-2.0367,48.4425],[-2.0399,48.4443],[-2.038,48.4484],[-2.0407,48.4497],[-2.0349,48.4524],[-2.0386,48.4556],[-2.0333,48.461],[-2.0291,48.4618],[-2.0251,48.4686],[-2.0095,48.471],[-2.004,48.4797]]]]}},{"type":"Feature","properties":{"territoire":"22119","nom":"Lanvellec","type":"commune"},"geometry":{"type":"MultiPolygon","coordinates":[[[[-3.5531,48.6412],[-3.5497,48.6396],[-3.5476,48.6348],[-3.5375,48.6306],[-3.5285,48.6362],[-3.5218,48.6373],[-3.5197,48.6368],[-3.5191,48.633],[-3.5135,48.6318],[-3.5147,48.6255],[-3.5175,48.6252],[-3.5124,48.6086],[-3.5133,48.6053],[-3.5014,48.6005],[-3.5054,48.5946],[-3.4987,48.5903],[-3.4957,48.586],[-3.4978,48.5846],[-3.493,48.5781],[-3.4989,48.5777],[-3.5034,48.5741],[-3.5062,48.5754],[-3.5188,48.5726],[-3.5199,48.5766],[-3.5278,48.5779],[-3.5269,48.5875],[-3.5387,48.5876],[-3.5418,48.5906],[-3.5414,48.595],[-3.5483,48.5939],[-3.5476,48.5961],[-3.5523,48.6031],[-3.5485,48.6107],[-3.5478,48.6187],[-3.5581,48.6305],[-3.5639,48.6339],[-3.563,48.639],[-3.5531,48.6412]]]]}},{"type":"Feature","properties":{"territoire":"22121","nom":"Lanvollon","type":"commune"},"geometry":{"type":"MultiPolygon","coordinates":[[[[-2.9862,48.6487],[-2.9755,48.6443],[-2.9777,48.6391],[-2.9737,48.6351],[-2.9715,48.6278],[-2.9861,48.625],[-2.9938,48.6197],[-2.9989,48.62],[-2.9991,48.6267],[-3.01,48.6264],[-3.0118,48.6333],[-2.9924,48.6409],[-2.9862,48.6487]]]]}},{"type":"Feature","properties":{"territoire":"22122","nom":"Laurenan","type":"commune"},"geometry":{"type":"MultiPolygon","coordinates":[[[[-2.505,48.252],[-2.5007,48.2471],[-2.4989,48.2356],[-2.4949,48.2291],[-2.4857,48.2282],[-2.4834,48.2304],[-2.4678,48.2181],[-2.4637,48.2177],[-2.4541,48.211],[-2.4606,48.2096],[-2.4792,48.212],[-2.4807,48.2097],[-2.4865,48.2099],[-2.487,48.2066],[-2.4973,48.1974],[-2.5213,48.1882],[-2.5251,48.1837],[-2.535,48.1812],[-2.5405,48.1757],[-2.5431,48.1827],[-2.5512,48.1912],[-2.5497,48.194],[-2.5593,48.2067],[-2.5593,48.2145],[-2.5643,48.2195],[-2.5261,48.2432],[-2.505,48.252]]]]}},{"type":"Feature","properties":{"territoire":"22124","nom":"Lescouët-Gouarec","type":"commune"},"geometry":{"type":"MultiPolygon","coordinates":[[[[-3.1781,48.1612],[-3.1923,48.165],[-3.2052,48.1601],[-3.2081,48.1539],[-3.2153,48.1535],[-3.2156,48.1484],[-3.2115,48.1425],[-3.2251,48.1464],[-3.2245,48.1488],[-3.2287,48.1497],[-3.2332,48.1468],[-3.235,48.1504],[-3.2411,48.1516],[-3.2497,48.1483],[-3.2562,48.1496],[-3.2579,48.1538],[-3.257,48.1589],[-3.254,48.1604],[-3.2551,48.166],[-3.242,48.1644],[-3.244,48.1694],[-3.2303,48.171],[-3.2296,48.1762],[-3.224,48.1823],[-3.2189,48.1788],[-3.2162,48.1808],[-3.2137,48.1787],[-3.2059,48.1796],[-3.2092,48.186],[-3.1942,48.184],[-3.193,48.1869],[-3.186,48.1897],[-3.1731,48.1903],[-3.1714,48.1949],[-3.1666,48.1976],[-3.1548,48.19],[-3.1703,48.1785],[-3.1597,48.169],[-3.1772,48.1661],[-3.1781,48.1612]]]]}},{"type":"Feature","properties":{"territoire":"22132","nom":"Lohuec","type":"commune"},"geometry":{"type":"MultiPolygon","coordinates":[[[[-3.5508,48.4478],[-3.5536,48.4535],[-3.5681,48.4525],[-3.5795,48.4596],[-3.5785,48.463],[-3.5746,48.4627],[-3.5705,48.4667],[-3.5612,48.4647],[-3.5623,48.466],[-3.554,48.4717],[-3.5593,48.4752],[-3.5441,48.4758],[-3.5391,48.471],[-3.5351,48.4732],[-3.5328,48.4698],[-3.5296,48.4738],[-3.5254,48.4734],[-3.5204,48.4772],[-3.5086,48.475],[-3.5034,48.4778],[-3.5039,48.4799],[-3.4972,48.4814],[-3.4923,48.4819],[-3.49,48.4777],[-3.4838,48.4795],[-3.4796,48.478],[-3.4798,48.4722],[-3.4918,48.4683],[-3.5001,48.4506],[-3.5055,48.4446],[-3.5215,48.4478],[-3.5397,48.4434],[-3.5508,48.4478]]]]}},{"type":"Feature","properties":{"territoire":"22133","nom":"Loscouët-sur-Meu","type":"commune"},"geometry":{"type":"MultiPolygon","coordinates":[[[[-2.2249,48.1706],[-2.2312,48.1634],[-2.2405,48.1629],[-2.2486,48.1594],[-2.2485,48.1527],[-2.2355,48.1489],[-2.2361,48.1445],[-2.2526,48.1442],[-2.2558,48.1454],[-2.2591,48.1513],[-2.2665,48.1518],[-2.2712,48.1514],[-2.2706,48.1495],[-2.2741,48.1468],[-2.2777,48.1485],[-2.2785,48.1459],[-2.2838,48.1456],[-2.2897,48.1482],[-2.287,48.1533],[-2.2936,48.1542],[-2.2856,48.1602],[-2.2845,48.1629],[-2.287,48.1662],[-2.2814,48.1683],[-2.2789,48.1742],[-2.275,48.1767],[-2.2779,48.1799],[-2.2628,48.1853],[-2.2562,48.1924],[-2.2524,48.2023],[-2.2333,48.2145],[-2.227,48.2083],[-2.2242,48.2083],[-2.2242,48.204],[-2.2182,48.2043],[-2.2215,48.2004],[-2.2194,48.1933],[-2.2215,48.1926],[-2.2223,48.185],[-2.2246,48.1846],[-2.2226,48.1792],[-2.2249,48.1706]]]]}},{"type":"Feature","properties":{"territoire":"22134","nom":"Louannec","type":"commune"},"geometry":{"type":"MultiPolygon","coordinates":[[[[-3.4037,48.7613],[-3.4023,48.756],[-3.4054,48.7548],[-3.4072,48.7603],[-3.4156,48.7618],[-3.4156,48.7684],[-3.4235,48.766],[-3.4305,48.7703],[-3.4394,48.7691],[-3.4387,48.7735],[-3.4429,48.7754],[-3.4429,48.7798],[-3.4397,48.7826],[-3.4398,48.7856],[-3.4327,48.7899],[-3.4403,48.7931],[-3.4416,48.7974],[-3.3878,48.8027],[-3.3867,48.7973],[-3.378,48.7922],[-3.3783,48.7869],[-3.3923,48.7791],[-3.3947,48.7758],[-3.3932,48.7744],[-3.4007,48.7738],[-3.3978,48.7709],[-3.4044,48.7633],[-3.4037,48.7613]]]]}},{"type":"Feature","properties":{"territoire":"22135","nom":"Louargat","type":"commune"},"geometry":{"type":"MultiPolygon","coordinates":[[[[-3.2965,48.5602],[-3.2941,48.5509],[-3.2868,48.5524],[-3.2883,48.5457],[-3.2861,48.5381],[-3.2833,48.5362],[-3.2852,48.5335],[-3.2816,48.5269],[-3.2911,48.5251],[-3.2971,48.5212],[-3.3053,48.5241],[-3.3038,48.5226],[-3.3085,48.5225],[-3.3078,48.5209],[-3.3182,48.5187],[-3.3221,48.5121],[-3.3261,48.5101],[-3.3321,48.5097],[-3.3362,48.5135],[-3.3535,48.5121],[-3.3573,48.5245],[-3.3677,48.5296],[-3.3679,48.534],[-3.3737,48.5357],[-3.3719,48.5377],[-3.3743,48.5397],[-3.3774,48.5382],[-3.3818,48.5419],[-3.3755,48.5457],[-3.3784,48.5525],[-3.3823,48.5538],[-3.3817,48.5587],[-3.3845,48.5596],[-3.3907,48.5726],[-3.3877,48.5733],[-3.389,48.5744],[-3.3818,48.5869],[-3.3827,48.5952],[-3.3793,48.5968],[-3.3818,48.5959],[-3.3828,48.6004],[-3.3781,48.6084],[-3.3809,48.6096],[-3.3766,48.6123],[-3.3633,48.6142],[-3.3618,48.6166],[-3.3541,48.6142],[-3.3458,48.6162],[-3.3456,48.6138],[-3.3401,48.6164],[-3.3289,48.6064],[-3.3294,48.5971],[-3.3206,48.5943],[-3.3186,48.5903],[-3.3253,48.5848],[-3.3091,48.5782],[-3.3058,48.5706],[-3.3077,48.5642],[-3.3012,48.5599],[-3.2965,48.5602]]]]}},{"type":"Feature","properties":{"territoire":"22136","nom":"Loudéac","type":"commune"},"geometry":{"type":"MultiPolygon","coordinates":[[[[-2.826,48.1684],[-2.8229,48.1745],[-2.8325,48.1752],[-2.8326,48.1781],[-2.8375,48.1815],[-2.8349,48.1864],[-2.8184,48.1906],[-2.8121,48.1968],[-2.8014,48.1994],[-2.7943,48.2059],[-2.7859,48.2009],[-2.7769,48.2095],[-2.7709,48.2061],[-2.7665,48.208],[-2.7643,48.2177],[-2.7559,48.225],[-2.7545,48.2143],[-2.7445,48.2165],[-2.7352,48.2116],[-2.7294,48.2145],[-2.7295,48.2125],[-2.717,48.2058],[-2.7034,48.2098],[-2.6888,48.2038],[-2.6658,48.2058],[-2.6509,48.1996],[-2.6602,48.1977],[-2.6594,48.1957],[-2.6684,48.1899],[-2.6677,48.1872],[-2.6742,48.1854],[-2.6772,48.1803],[-2.6735,48.1768],[-2.6737,48.172],[-2.6781,48.1581],[-2.682,48.1582],[-2.6878,48.1627],[-2.6937,48.157],[-2.6995,48.155],[-2.7191,48.1562],[-2.7234,48.1544],[-2.7289,48.1513],[-2.7298,48.1448],[-2.747,48.1239],[-2.7602,48.1278],[-2.7688,48.1224],[-2.7797,48.1275],[-2.7857,48.1261],[-2.7847,48.1226],[-2.7877,48.1232],[-2.7895,48.1313],[-2.8052,48.1398],[-2.8038,48.1451],[-2.8103,48.1466],[-2.8083,48.1526],[-2.8163,48.1555],[-2.8168,48.1601],[-2.823,48.1627],[-2.8186,48.1664],[-2.826,48.1684]]]]}},{"type":"Feature","properties":{"territoire":"22137","nom":"Maël-Carhaix","type":"commune"},"geometry":{"type":"MultiPolygon","coordinates":[[[[-3.3681,48.2644],[-3.3769,48.2629],[-3.3857,48.2654],[-3.3839,48.2588],[-3.3925,48.2574],[-3.4085,48.2634],[-3.4198,48.2589],[-3.4338,48.2597],[-3.4395,48.2613],[-3.4413,48.2694],[-3.4456,48.2711],[-3.4661,48.2704],[-3.4689,48.2736],[-3.4629,48.2749],[-3.4702,48.2774],[-3.4697,48.28],[-3.4615,48.2805],[-3.4601,48.2827],[-3.4578,48.2808],[-3.4512,48.2821],[-3.4457,48.2869],[-3.444,48.2893],[-3.4491,48.2925],[-3.4457,48.2935],[-3.4462,48.2972],[-3.4442,48.2974],[-3.4444,48.3064],[-3.4473,48.3065],[-3.4443,48.3077],[-3.442,48.3148],[-3.4485,48.3191],[-3.447,48.3221],[-3.4366,48.3227],[-3.4138,48.3138],[-3.3861,48.3153],[-3.3758,48.3125],[-3.3738,48.3078],[-3.3655,48.3064],[-3.3642,48.3042],[-3.3685,48.2996],[-3.3634,48.2972],[-3.3675,48.2922],[-3.365,48.2788],[-3.3686,48.2738],[-3.3681,48.2644]]]]}},{"type":"Feature","properties":{"territoire":"22138","nom":"Maël-Pestivien","type":"commune"},"geometry":{"type":"MultiPolygon","coordinates":[[[[-3.2516,48.3905],[-3.26,48.3933],[-3.2654,48.3813],[-3.2701,48.382],[-3.2752,48.3791],[-3.2718,48.3771],[-3.2716,48.3739],[-3.2759,48.3716],[-3.2767,48.3678],[-3.2881,48.3668],[-3.2971,48.3713],[-3.3107,48.3684],[-3.322,48.3756],[-3.3206,48.3783],[-3.3279,48.3824],[-3.339,48.3967],[-3.3287,48.3977],[-3.322,48.4079],[-3.3161,48.4081],[-3.3157,48.4142],[-3.3089,48.4156],[-3.3003,48.4254],[-3.2947,48.4249],[-3.29,48.4291],[-3.2859,48.435],[-3.2901,48.453],[-3.2803,48.4515],[-3.2729,48.4534],[-3.2687,48.4506],[-3.2626,48.4515],[-3.2614,48.4433],[-3.2557,48.4378],[-3.2575,48.4339],[-3.2679,48.432],[-3.2716,48.4261],[-3.2684,48.4236],[-3.2688,48.4139],[-3.2661,48.4128],[-3.2633,48.4058],[-3.2548,48.4029],[-3.2571,48.3994],[-3.2516,48.3905]]]]}},{"type":"Feature","properties":{"territoire":"22139","nom":"Magoar","type":"commune"},"geometry":{"type":"MultiPolygon","coordinates":[[[[-3.1673,48.3854],[-3.1723,48.3875],[-3.1744,48.3872],[-3.1731,48.3852],[-3.1866,48.3867],[-3.1987,48.3813],[-3.1969,48.3863],[-3.1987,48.3895],[-3.1941,48.3993],[-3.1865,48.4051],[-3.1908,48.4108],[-3.1831,48.417],[-3.1796,48.412],[-3.1607,48.4221],[-3.1532,48.4181],[-3.1601,48.4134],[-3.1622,48.4088],[-3.1585,48.4066],[-3.1665,48.3994],[-3.1633,48.3973],[-3.1659,48.3944],[-3.1652,48.3897],[-3.1682,48.3877],[-3.1661,48.3866],[-3.1673,48.3854]]]]}},{"type":"Feature","properties":{"territoire":"22140","nom":"La Malhoure","type":"commune"},"geometry":{"type":"MultiPolygon","coordinates":[[[[-2.4842,48.3822],[-2.4928,48.3789],[-2.494,48.3876],[-2.5081,48.3885],[-2.5136,48.396],[-2.5113,48.402],[-2.5022,48.4044],[-2.5007,48.4074],[-2.4909,48.4077],[-2.4781,48.4124],[-2.4845,48.398],[-2.4832,48.3908],[-2.4798,48.3867],[-2.4842,48.3822]]]]}},{"type":"Feature","properties":{"territoire":"22262","nom":"Quintin","type":"commune"},"geometry":{"type":"MultiPolygon","coordinates":[[[[-2.9178,48.3939],[-2.9225,48.4003],[-2.9295,48.3986],[-2.9316,48.4011],[-2.9302,48.4056],[-2.904,48.4123],[-2.8978,48.4113],[-2.8951,48.4056],[-2.903,48.3958],[-2.9078,48.3941],[-2.912,48.3995],[-2.9178,48.3939]]]]}},{"type":"Feature","properties":{"territoire":"22141","nom":"Mantallot","type":"commune"},"geometry":{"type":"MultiPolygon","coordinates":[[[[-3.3101,48.7086],[-3.3051,48.7147],[-3.2992,48.717],[-3.2701,48.7145],[-3.2716,48.7097],[-3.3022,48.7046],[-3.3114,48.6993],[-3.3087,48.7015],[-3.3101,48.7086]]]]}},{"type":"Feature","properties":{"territoire":"22143","nom":"Matignon","type":"commune"},"geometry":{"type":"MultiPolygon","coordinates":[[[[-2.2637,48.5904],[-2.275,48.5824],[-2.2864,48.5809],[-2.2906,48.5773],[-2.3,48.5783],[-2.3031,48.5843],[-2.3109,48.5833],[-2.3144,48.5899],[-2.3135,48.5932],[-2.3035,48.5938],[-2.3062,48.6014],[-2.3122,48.604],[-2.318,48.6014],[-2.3233,48.6125],[-2.3199,48.6134],[-2.3138,48.6099],[-2.2979,48.6262],[-2.2945,48.6266],[-2.2942,48.6197],[-2.2926,48.6254],[-2.2878,48.6273],[-2.2816,48.6263],[-2.2785,48.625],[-2.2789,48.6202],[-2.274,48.6159],[-2.2729,48.6111],[-2.2754,48.6095],[-2.2716,48.6058],[-2.2639,48.6049],[-2.265,48.6006],[-2.2596,48.5952],[-2.2637,48.5904]]]]}},{"type":"Feature","properties":{"territoire":"22316","nom":"Saint-Mayeux","type":"commune"},"geometry":{"type":"MultiPolygon","coordinates":[[[[-3.031,48.2882],[-3.0248,48.2904],[-3.0234,48.2952],[-3.0155,48.3019],[-3.0063,48.2993],[-3.0049,48.3018],[-2.9996,48.3028],[-2.9947,48.2979],[-2.9811,48.2953],[-2.9833,48.2936],[-2.9818,48.2907],[-2.9715,48.2937],[-2.9758,48.2893],[-2.9691,48.2844],[-2.985,48.2811],[-2.9798,48.2737],[-2.9751,48.2724],[-2.9918,48.2684],[-2.9899,48.2651],[-2.9845,48.2648],[-2.9884,48.2631],[-2.9846,48.254],[-2.9885,48.2492],[-2.9963,48.2512],[-2.9968,48.2474],[-3.0027,48.2468],[-2.9957,48.2458],[-2.9964,48.2437],[-3.0089,48.2429],[-3.0023,48.2344],[-3.0365,48.2253],[-3.0403,48.2259],[-3.0395,48.2332],[-3.0434,48.2338],[-3.0439,48.236],[-3.042,48.2371],[-3.0498,48.2428],[-3.0662,48.2421],[-3.0684,48.2472],[-3.0728,48.2482],[-3.0665,48.2507],[-3.0504,48.2497],[-3.0517,48.2568],[-3.0444,48.2587],[-3.047,48.2688],[-3.0414,48.2767],[-3.0316,48.2768],[-3.0321,48.2794],[-3.0282,48.2782],[-3.028,48.2756],[-3.0236,48.2757],[-3.0265,48.2798],[-3.0186,48.2781],[-3.0178,48.2817],[-3.0277,48.2831],[-3.031,48.2882]]]]}},{"type":"Feature","properties":{"territoire":"22341","nom":"Tramain","type":"commune"},"geometry":{"type":"MultiPolygon","coordinates":[[[[-2.358,48.3911],[-2.3597,48.3896],[-2.3704,48.3923],[-2.3778,48.3881],[-2.3957,48.3864],[-2.4019,48.3902],[-2.41,48.3888],[-2.4158,48.3938],[-2.4176,48.3989],[-2.4118,48.4089],[-2.4063,48.411],[-2.4021,48.4099],[-2.3867,48.4138],[-2.3732,48.4109],[-2.3722,48.4127],[-2.367,48.4101],[-2.3669,48.4036],[-2.3698,48.4027],[-2.3593,48.396],[-2.358,48.3911]]]]}},{"type":"Feature","properties":{"territoire":"22144","nom":"La Méaugon","type":"commune"},"geometry":{"type":"MultiPolygon","coordinates":[[[[-2.8275,48.5189],[-2.8253,48.5167],[-2.829,48.514],[-2.827,48.5112],[-2.8287,48.5039],[-2.8385,48.4908],[-2.854,48.4883],[-2.8604,48.4966],[-2.869,48.4956],[-2.8598,48.5052],[-2.8686,48.5123],[-2.8497,48.5175],[-2.8438,48.5142],[-2.8355,48.5151],[-2.8275,48.5189]]]]}},{"type":"Feature","properties":{"territoire":"22145","nom":"Mégrit","type":"commune"},"geometry":{"type":"MultiPolygon","coordinates":[[[[-2.2342,48.3997],[-2.2275,48.3916],[-2.2299,48.3846],[-2.2269,48.3797],[-2.2362,48.3762],[-2.2429,48.3775],[-2.2437,48.3726],[-2.239,48.3708],[-2.2474,48.3645],[-2.2604,48.3692],[-2.2656,48.3729],[-2.2651,48.3755],[-2.2677,48.3751],[-2.2708,48.3696],[-2.2756,48.3703],[-2.2755,48.3736],[-2.2778,48.3748],[-2.2854,48.3731],[-2.2905,48.3779],[-2.3,48.377],[-2.2998,48.3809],[-2.3082,48.385],[-2.3072,48.3878],[-2.3148,48.3941],[-2.3159,48.3985],[-2.3119,48.4006],[-2.3047,48.3985],[-2.2968,48.4001],[-2.2896,48.4066],[-2.281,48.4077],[-2.2747,48.4121],[-2.2616,48.4091],[-2.258,48.412],[-2.2542,48.4076],[-2.2425,48.4056],[-2.2342,48.3997]]]]}},{"type":"Feature","properties":{"territoire":"22146","nom":"Mellionnec","type":"commune"},"geometry":{"type":"MultiPolygon","coordinates":[[[[-3.3184,48.1487],[-3.3254,48.1502],[-3.3265,48.1539],[-3.3239,48.1607],[-3.3339,48.1655],[-3.3421,48.178],[-3.3338,48.1798],[-3.33,48.1875],[-3.311,48.1833],[-3.3073,48.1851],[-3.2893,48.1821],[-3.2843,48.186],[-3.2875,48.1885],[-3.2817,48.1893],[-3.2806,48.1873],[-3.2731,48.1862],[-3.2699,48.1933],[-3.2663,48.1945],[-3.2634,48.1922],[-3.2585,48.196],[-3.2556,48.1953],[-3.2566,48.1932],[-3.2499,48.1837],[-3.2553,48.1794],[-3.2545,48.1705],[-3.2567,48.1683],[-3.2539,48.1613],[-3.2578,48.1565],[-3.2571,48.1499],[-3.2525,48.1489],[-3.2566,48.1481],[-3.2594,48.1432],[-3.2661,48.1459],[-3.2722,48.14],[-3.2751,48.1436],[-3.2827,48.1414],[-3.2891,48.1495],[-3.293,48.1499],[-3.2879,48.153],[-3.2973,48.1515],[-3.298,48.1557],[-3.2991,48.154],[-3.3159,48.1557],[-3.3184,48.1487]]]]}},{"type":"Feature","properties":{"territoire":"22147","nom":"Merdrignac","type":"commune"},"geometry":{"type":"MultiPolygon","coordinates":[[[[-2.3761,48.1414],[-2.3999,48.1543],[-2.4061,48.1678],[-2.4261,48.1742],[-2.4468,48.1723],[-2.45,48.1762],[-2.4497,48.1803],[-2.4534,48.1796],[-2.4543,48.1817],[-2.4524,48.1871],[-2.4647,48.191],[-2.4608,48.2077],[-2.4559,48.211],[-2.4422,48.2098],[-2.4437,48.219],[-2.4356,48.221],[-2.4245,48.2284],[-2.4005,48.2312],[-2.4045,48.2345],[-2.3855,48.2328],[-2.384,48.2431],[-2.3644,48.241],[-2.3348,48.2503],[-2.3245,48.2339],[-2.3293,48.227],[-2.3259,48.2241],[-2.3263,48.2202],[-2.3374,48.2121],[-2.3354,48.2108],[-2.3392,48.2076],[-2.3368,48.2022],[-2.34,48.1966],[-2.3399,48.1865],[-2.3438,48.1831],[-2.3463,48.1754],[-2.3608,48.1671],[-2.3647,48.1584],[-2.3685,48.1556],[-2.369,48.1503],[-2.3738,48.1471],[-2.3761,48.1414]]]]}},{"type":"Feature","properties":{"territoire":"22148","nom":"Mérillac","type":"commune"},"geometry":{"type":"MultiPolygon","coordinates":[[[[-2.4005,48.2312],[-2.4158,48.2305],[-2.4249,48.2378],[-2.4245,48.2416],[-2.4148,48.2486],[-2.413,48.2519],[-2.4163,48.2532],[-2.4143,48.2601],[-2.3885,48.2712],[-2.3815,48.2715],[-2.3801,48.2637],[-2.3711,48.263],[-2.3683,48.2573],[-2.3623,48.2595],[-2.3595,48.2577],[-2.3616,48.2548],[-2.3495,48.2447],[-2.3644,48.241],[-2.3828,48.2435],[-2.3858,48.2396],[-2.3855,48.2328],[-2.4045,48.2345],[-2.4005,48.2312]]]]}},{"type":"Feature","properties":{"territoire":"22149","nom":"Merléac","type":"commune"},"geometry":{"type":"MultiPolygon","coordinates":[[[[-2.8642,48.2601],[-2.8769,48.2635],[-2.8863,48.258],[-2.8866,48.2557],[-2.8938,48.2531],[-2.8963,48.2492],[-2.9264,48.2491],[-2.9284,48.2455],[-2.9321,48.2452],[-2.9433,48.2369],[-2.947,48.2424],[-2.9519,48.2419],[-2.9619,48.2529],[-2.9519,48.2552],[-2.9502,48.2575],[-2.947,48.2556],[-2.9438,48.2576],[-2.9451,48.2619],[-2.9493,48.2646],[-2.9491,48.268],[-2.9396,48.273],[-2.94,48.2774],[-2.9372,48.2803],[-2.9402,48.2818],[-2.9392,48.2854],[-2.9289,48.2895],[-2.9283,48.2927],[-2.9327,48.3],[-2.9252,48.3072],[-2.9066,48.3066],[-2.9014,48.2998],[-2.8908,48.3029],[-2.8894,48.2986],[-2.8848,48.2957],[-2.8859,48.2935],[-2.8814,48.2893],[-2.8818,48.2871],[-2.8622,48.2746],[-2.8626,48.2672],[-2.8605,48.2656],[-2.8631,48.2645],[-2.8642,48.2601]]]]}},{"type":"Feature","properties":{"territoire":"22150","nom":"Le Merzer","type":"commune"},"geometry":{"type":"MultiPolygon","coordinates":[[[[-3.1091,48.5846],[-3.1021,48.5878],[-3.0963,48.5954],[-3.087,48.6016],[-3.0771,48.6035],[-3.0699,48.5995],[-3.0553,48.5997],[-3.0627,48.5879],[-3.0569,48.579],[-3.0482,48.5812],[-3.0494,48.5703],[-3.0459,48.5608],[-3.0524,48.5593],[-3.053,48.5573],[-3.0583,48.558],[-3.0585,48.5621],[-3.0714,48.5676],[-3.0807,48.5649],[-3.0804,48.5682],[-3.0846,48.5675],[-3.089,48.5712],[-3.0937,48.5695],[-3.096,48.5761],[-3.0996,48.5755],[-3.1022,48.5814],[-3.1091,48.5846]]]]}},{"type":"Feature","properties":{"territoire":"22152","nom":"Minihy-Tréguier","type":"commune"},"geometry":{"type":"MultiPolygon","coordinates":[[[[-3.295,48.76],[-3.2951,48.7622],[-3.2883,48.7658],[-3.282,48.7752],[-3.2778,48.7756],[-3.2773,48.7788],[-3.2692,48.7784],[-3.2695,48.7835],[-3.2597,48.7832],[-3.2584,48.7801],[-3.2493,48.7903],[-3.2479,48.7896],[-3.2505,48.7871],[-3.2485,48.7857],[-3.2421,48.788],[-3.2445,48.7823],[-3.2413,48.7795],[-3.2304,48.7772],[-3.2273,48.7803],[-3.2206,48.7811],[-3.2226,48.7723],[-3.2336,48.7662],[-3.2351,48.7604],[-3.2491,48.758],[-3.254,48.7552],[-3.2527,48.7521],[-3.2599,48.7508],[-3.2648,48.7525],[-3.2687,48.7488],[-3.295,48.76]]]]}},{"type":"Feature","properties":{"territoire":"22332","nom":"Saint-Trimoël","type":"commune"},"geometry":{"type":"MultiPolygon","coordinates":[[[[-2.5201,48.402],[-2.5269,48.3942],[-2.5216,48.3833],[-2.5292,48.3747],[-2.5293,48.367],[-2.5365,48.3661],[-2.5405,48.3747],[-2.5503,48.3791],[-2.5506,48.3948],[-2.5546,48.4012],[-2.5637,48.404],[-2.5647,48.4194],[-2.5468,48.4143],[-2.5426,48.4078],[-2.5424,48.3971],[-2.5338,48.3972],[-2.5312,48.4025],[-2.5322,48.4056],[-2.5304,48.4061],[-2.5204,48.406],[-2.5201,48.402]]]]}},{"type":"Feature","properties":{"territoire":"22333","nom":"Saint-Vran","type":"commune"},"geometry":{"type":"MultiPolygon","coordinates":[[[[-2.4541,48.211],[-2.4637,48.2177],[-2.4678,48.2181],[-2.4834,48.2304],[-2.4857,48.2282],[-2.4949,48.2291],[-2.4989,48.2356],[-2.5007,48.2471],[-2.505,48.252],[-2.471,48.2631],[-2.4659,48.2709],[-2.4562,48.2747],[-2.4445,48.2757],[-2.4438,48.2713],[-2.4365,48.2685],[-2.4354,48.2633],[-2.4279,48.2576],[-2.4199,48.2569],[-2.413,48.2519],[-2.4251,48.2391],[-2.4158,48.2305],[-2.4437,48.219],[-2.4422,48.2098],[-2.4541,48.211]]]]}},{"type":"Feature","properties":{"territoire":"22334","nom":"Saint-Igeaux","type":"commune"},"geometry":{"type":"MultiPolygon","coordinates":[[[[-3.149,48.2699],[-3.152,48.2725],[-3.1426,48.2757],[-3.1415,48.281],[-3.1435,48.2818],[-3.1383,48.2889],[-3.128,48.2895],[-3.1188,48.2986],[-3.1142,48.2976],[-3.1147,48.2948],[-3.1123,48.2937],[-3.1018,48.2979],[-3.0983,48.2952],[-3.0981,48.2911],[-3.0893,48.2846],[-3.0932,48.2832],[-3.093,48.2755],[-3.0839,48.2663],[-3.0901,48.2644],[-3.0921,48.2602],[-3.1169,48.2574],[-3.1167,48.2619],[-3.1263,48.2617],[-3.1258,48.2701],[-3.149,48.2699]]]]}},{"type":"Feature","properties":{"territoire":"22156","nom":"Moustéru","type":"commune"},"geometry":{"type":"MultiPolygon","coordinates":[[[[-3.2,48.5268],[-3.2037,48.5266],[-3.2053,48.5218],[-3.2038,48.5189],[-3.206,48.5176],[-3.217,48.518],[-3.2236,48.5144],[-3.2246,48.5107],[-3.2372,48.511],[-3.2438,48.5086],[-3.2606,48.5136],[-3.2568,48.5265],[-3.2617,48.5313],[-3.2594,48.5338],[-3.2661,48.5345],[-3.2663,48.5429],[-3.2609,48.5456],[-3.2398,48.5436],[-3.2189,48.5478],[-3.2126,48.5348],[-3.2015,48.5348],[-3.2004,48.532],[-3.2023,48.5308],[-3.2,48.5268]]]]}},{"type":"Feature","properties":{"territoire":"22335","nom":"Senven-Léhart","type":"commune"},"geometry":{"type":"MultiPolygon","coordinates":[[[[-3.0883,48.4542],[-3.0802,48.4498],[-3.0764,48.4524],[-3.0721,48.4518],[-3.0695,48.4464],[-3.0588,48.4411],[-3.0462,48.4452],[-3.028,48.4426],[-3.0303,48.4374],[-3.0269,48.4364],[-3.0354,48.4305],[-3.028,48.4271],[-3.0256,48.423],[-3.0324,48.422],[-3.0348,48.4191],[-3.0366,48.4228],[-3.045,48.4269],[-3.0491,48.423],[-3.0665,48.4235],[-3.0723,48.4176],[-3.077,48.4174],[-3.0812,48.4219],[-3.0883,48.4233],[-3.0901,48.4304],[-3.0959,48.4349],[-3.0949,48.4513],[-3.0883,48.4542]]]]}},{"type":"Feature","properties":{"territoire":"22337","nom":"Sévignac","type":"commune"},"geometry":{"type":"MultiPolygon","coordinates":[[[[-2.38,48.3298],[-2.3811,48.3347],[-2.3733,48.3395],[-2.3721,48.3487],[-2.3483,48.3605],[-2.341,48.3677],[-2.3307,48.3611],[-2.3184,48.358],[-2.3166,48.3637],[-2.3067,48.3728],[-2.3073,48.3762],[-2.2923,48.3781],[-2.289,48.3768],[-2.2819,48.3646],[-2.2878,48.3524],[-2.3044,48.3468],[-2.3022,48.3402],[-2.3034,48.3364],[-2.2978,48.3328],[-2.2905,48.3351],[-2.2896,48.3401],[-2.283,48.3353],[-2.2781,48.3362],[-2.2675,48.3318],[-2.2849,48.32],[-2.2851,48.3138],[-2.2793,48.3093],[-2.2746,48.3011],[-2.2775,48.2984],[-2.2771,48.2954],[-2.2822,48.295],[-2.2817,48.2911],[-2.2861,48.289],[-2.2875,48.2842],[-2.2906,48.2854],[-2.291,48.2892],[-2.3009,48.2932],[-2.3196,48.298],[-2.3245,48.2963],[-2.327,48.2998],[-2.3308,48.2997],[-2.3312,48.3058],[-2.3498,48.3145],[-2.3611,48.3247],[-2.3744,48.3259],[-2.38,48.3298]]]]}},{"type":"Feature","properties":{"territoire":"22157","nom":"Le Moustoir","type":"commune"},"geometry":{"type":"MultiPolygon","coordinates":[[[[-3.4491,48.2925],[-3.444,48.2893],[-3.4499,48.2828],[-3.4697,48.28],[-3.4702,48.2772],[-3.4629,48.2749],[-3.4682,48.2726],[-3.4602,48.2693],[-3.4796,48.2655],[-3.4819,48.2597],[-3.4879,48.2566],[-3.487,48.2548],[-3.4975,48.2532],[-3.5035,48.2571],[-3.5224,48.2552],[-3.527,48.2618],[-3.5244,48.2663],[-3.5262,48.2743],[-3.5203,48.2742],[-3.518,48.2823],[-3.4945,48.2866],[-3.4837,48.2909],[-3.4614,48.29],[-3.4491,48.2925]]]]}},{"type":"Feature","properties":{"territoire":"22158","nom":"Guerlédan","type":"commune"},"geometry":{"type":"MultiPolygon","coordinates":[[[[-2.963,48.1695],[-2.9822,48.1604],[-2.9999,48.1606],[-3.0006,48.1643],[-2.9953,48.1708],[-3.0116,48.1719],[-3.0118,48.1837],[-3.0204,48.1922],[-3.0142,48.1968],[-3.0158,48.1982],[-3.0139,48.2056],[-3.0187,48.2074],[-3.0253,48.2175],[-3.025,48.2216],[-3.0205,48.224],[-3.0221,48.2254],[-3.0008,48.2206],[-2.9979,48.2267],[-2.9857,48.2268],[-2.9788,48.2321],[-2.9729,48.2284],[-2.9768,48.2215],[-2.9718,48.2106],[-2.9594,48.2202],[-2.9433,48.2262],[-2.9281,48.2243],[-2.9117,48.2254],[-2.8887,48.2323],[-2.8851,48.2311],[-2.8873,48.2276],[-2.8799,48.2265],[-2.8862,48.2253],[-2.8864,48.2223],[-2.8793,48.2206],[-2.8737,48.2225],[-2.8675,48.2193],[-2.8883,48.2069],[-2.894,48.1877],[-2.9063,48.1856],[-2.9088,48.1933],[-2.9127,48.1957],[-2.9229,48.1944],[-2.9293,48.1967],[-2.9347,48.1902],[-2.9366,48.1915],[-2.9334,48.2016],[-2.9473,48.1981],[-2.9511,48.196],[-2.9481,48.1955],[-2.9443,48.1878],[-2.9546,48.1842],[-2.9518,48.1792],[-2.9468,48.1779],[-2.9508,48.1761],[-2.9493,48.1744],[-2.9606,48.1739],[-2.963,48.1695]]]]}},{"type":"Feature","properties":{"territoire":"22160","nom":"Noyal","type":"commune"},"geometry":{"type":"MultiPolygon","coordinates":[[[[-2.4384,48.4548],[-2.448,48.4426],[-2.4554,48.4432],[-2.466,48.4383],[-2.4707,48.4406],[-2.4746,48.4387],[-2.4802,48.4433],[-2.4871,48.4416],[-2.4898,48.447],[-2.4892,48.4523],[-2.4864,48.455],[-2.4759,48.4549],[-2.4684,48.4643],[-2.4428,48.4619],[-2.4384,48.4548]]]]}},{"type":"Feature","properties":{"territoire":"22161","nom":"Pabu","type":"commune"},"geometry":{"type":"MultiPolygon","coordinates":[[[[-3.1478,48.602],[-3.1454,48.6084],[-3.1424,48.6098],[-3.1371,48.5995],[-3.1273,48.5905],[-3.1228,48.578],[-3.1278,48.5723],[-3.1373,48.5723],[-3.1376,48.5633],[-3.1407,48.5621],[-3.1489,48.5644],[-3.1499,48.569],[-3.1531,48.5693],[-3.1543,48.572],[-3.1598,48.5705],[-3.1659,48.5802],[-3.1635,48.5846],[-3.1489,48.5884],[-3.1481,48.5951],[-3.1457,48.5971],[-3.1478,48.602]]]]}},{"type":"Feature","properties":{"territoire":"22162","nom":"Paimpol","type":"commune"},"geometry":{"type":"MultiPolygon","coordinates":[[[[-3.0211,48.7519],[-3.0367,48.7492],[-3.0379,48.7519],[-3.0449,48.7535],[-3.0442,48.7559],[-3.0504,48.7584],[-3.0537,48.7629],[-3.0807,48.7621],[-3.0898,48.7592],[-3.0911,48.763],[-3.0994,48.7631],[-3.1025,48.7655],[-3.0983,48.7696],[-3.1015,48.7732],[-3.1017,48.7776],[-3.1055,48.7798],[-3.0945,48.7813],[-3.0919,48.7882],[-3.0943,48.795],[-3.087,48.8027],[-3.0882,48.8059],[-3.0857,48.8104],[-3.083,48.8098],[-3.0718,48.8007],[-3.0706,48.7974],[-3.0723,48.7958],[-3.0673,48.7891],[-3.0547,48.7859],[-3.0448,48.7877],[-3.041,48.7857],[-3.0459,48.7848],[-3.0432,48.783],[-3.0406,48.785],[-3.0411,48.7827],[-3.0093,48.7817],[-3.0166,48.7787],[-3.0277,48.7791],[-3.0301,48.7752],[-3.0265,48.7752],[-3.0184,48.7692],[-3.0181,48.7719],[-3.018,48.7655],[-3.0143,48.7667],[-3.0164,48.7679],[-3.0113,48.7663],[-3.0068,48.7684],[-3.0005,48.7645],[-2.9946,48.7651],[-2.9905,48.7627],[-2.9893,48.7552],[-3.0004,48.753],[-3.0034,48.7474],[-3.0065,48.7521],[-3.0187,48.7603],[-3.0211,48.7519]]]]}},{"type":"Feature","properties":{"territoire":"22163","nom":"Paule","type":"commune"},"geometry":{"type":"MultiPolygon","coordinates":[[[[-3.445,48.1871],[-3.4443,48.1814],[-3.4494,48.1786],[-3.4528,48.1774],[-3.4548,48.1804],[-3.4632,48.1816],[-3.4689,48.1799],[-3.4678,48.1783],[-3.47,48.1773],[-3.477,48.1863],[-3.481,48.1869],[-3.4848,48.1946],[-3.4829,48.2004],[-3.485,48.2042],[-3.4818,48.2067],[-3.4859,48.2118],[-3.4839,48.218],[-3.4874,48.2262],[-3.4942,48.2283],[-3.4935,48.2338],[-3.4979,48.238],[-3.4956,48.2413],[-3.5003,48.2472],[-3.4991,48.2539],[-3.487,48.2548],[-3.4879,48.2566],[-3.4819,48.2597],[-3.4794,48.2656],[-3.451,48.2708],[-3.4403,48.2684],[-3.4393,48.2611],[-3.4416,48.2556],[-3.4248,48.2457],[-3.4217,48.2367],[-3.4246,48.2322],[-3.4266,48.2187],[-3.4419,48.2157],[-3.435,48.2053],[-3.442,48.2035],[-3.445,48.1871]]]]}},{"type":"Feature","properties":{"territoire":"22164","nom":"Pédernec","type":"commune"},"geometry":{"type":"MultiPolygon","coordinates":[[[[-3.2965,48.5602],[-3.3012,48.5599],[-3.3077,48.5642],[-3.3058,48.5706],[-3.3091,48.5782],[-3.3253,48.5848],[-3.3186,48.5903],[-3.3206,48.5943],[-3.3294,48.5971],[-3.3293,48.6027],[-3.3214,48.6036],[-3.3153,48.6004],[-3.3144,48.6054],[-3.3075,48.6126],[-3.2989,48.6142],[-3.2934,48.6115],[-3.2977,48.6086],[-3.2878,48.6063],[-3.281,48.6015],[-3.2745,48.6078],[-3.2709,48.6032],[-3.2666,48.6076],[-3.2587,48.6006],[-3.2495,48.6015],[-3.2465,48.6053],[-3.2416,48.602],[-3.2355,48.6017],[-3.2362,48.6076],[-3.2306,48.6086],[-3.2327,48.6002],[-3.2275,48.5937],[-3.228,48.5894],[-3.2229,48.5843],[-3.224,48.5808],[-3.2213,48.5732],[-3.2394,48.5772],[-3.2413,48.573],[-3.2475,48.5739],[-3.2522,48.5718],[-3.2527,48.5684],[-3.2612,48.5684],[-3.2672,48.5778],[-3.2838,48.5691],[-3.2861,48.563],[-3.2965,48.5602]]]]}},{"type":"Feature","properties":{"territoire":"22165","nom":"Penguily","type":"commune"},"geometry":{"type":"MultiPolygon","coordinates":[[[[-2.5233,48.3866],[-2.5269,48.3942],[-2.5193,48.402],[-2.5169,48.4005],[-2.5172,48.3971],[-2.5117,48.3953],[-2.5081,48.3885],[-2.494,48.3876],[-2.4928,48.3789],[-2.4842,48.3822],[-2.4789,48.379],[-2.472,48.3788],[-2.4631,48.3662],[-2.4676,48.3653],[-2.476,48.3556],[-2.4966,48.352],[-2.5023,48.3489],[-2.5092,48.3492],[-2.515,48.3513],[-2.5152,48.3535],[-2.5058,48.356],[-2.5032,48.3643],[-2.5064,48.3696],[-2.5098,48.3704],[-2.504,48.3782],[-2.5086,48.3861],[-2.5193,48.388],[-2.5233,48.3866]]]]}},{"type":"Feature","properties":{"territoire":"22166","nom":"Penvénan","type":"commune"},"geometry":{"type":"MultiPolygon","coordinates":[[[[-3.289,48.7951],[-3.306,48.7965],[-3.3053,48.7938],[-3.3101,48.7922],[-3.3299,48.7957],[-3.3401,48.8064],[-3.3239,48.808],[-3.3236,48.8116],[-3.3269,48.8123],[-3.3268,48.8161],[-3.3291,48.8166],[-3.3352,48.8284],[-3.3198,48.8386],[-3.3149,48.8362],[-3.3083,48.8376],[-3.2928,48.8296],[-3.2905,48.8311],[-3.2906,48.8349],[-3.2843,48.8377],[-3.2836,48.8419],[-3.2782,48.8411],[-3.2752,48.8432],[-3.2768,48.8387],[-3.2695,48.834],[-3.2749,48.8192],[-3.2725,48.8129],[-3.2631,48.8079],[-3.2755,48.8014],[-3.2856,48.7994],[-3.2896,48.7968],[-3.289,48.7951]]],[[[-3.3107,48.8467],[-3.3089,48.8491],[-3.3023,48.8497],[-3.3035,48.848],[-3.3009,48.8462],[-3.3082,48.8433],[-3.3098,48.8461],[-3.3045,48.8458],[-3.3037,48.8487],[-3.3081,48.8492],[-3.3107,48.8467]]],[[[-3.3036,48.8505],[-3.3022,48.8523],[-3.3007,48.8493],[-3.3036,48.8505]]],[[[-3.2739,48.8392],[-3.2727,48.8408],[-3.2714,48.8388],[-3.2739,48.8392]]],[[[-3.284,48.8451],[-3.2816,48.8467],[-3.2782,48.8443],[-3.284,48.8451]]],[[[-3.2927,48.8514],[-3.2909,48.8525],[-3.2889,48.8504],[-3.2904,48.8484],[-3.287,48.8468],[-3.2786,48.8495],[-3.2757,48.8448],[-3.2792,48.8487],[-3.2882,48.8469],[-3.2927,48.8514]]]]}},{"type":"Feature","properties":{"territoire":"22177","nom":"Pléguien","type":"commune"},"geometry":{"type":"MultiPolygon","coordinates":[[[[-2.9715,48.6278],[-2.9737,48.6351],[-2.9777,48.6391],[-2.9755,48.6443],[-2.9862,48.6487],[-2.9812,48.6588],[-2.9759,48.6573],[-2.9734,48.6534],[-2.971,48.654],[-2.9708,48.6484],[-2.9664,48.6475],[-2.9643,48.6472],[-2.9641,48.6493],[-2.9604,48.6482],[-2.9517,48.6552],[-2.9211,48.6482],[-2.9233,48.6376],[-2.9193,48.6253],[-2.9259,48.6235],[-2.9236,48.6133],[-2.9373,48.6142],[-2.9515,48.6115],[-2.9715,48.6278]]]]}},{"type":"Feature","properties":{"territoire":"22178","nom":"Pléhédel","type":"commune"},"geometry":{"type":"MultiPolygon","coordinates":[[[[-2.9882,48.6834],[-2.9951,48.6772],[-3.004,48.6792],[-3.0258,48.6774],[-3.0321,48.6827],[-3.0299,48.6874],[-3.0387,48.6858],[-3.0396,48.6895],[-3.0389,48.6924],[-3.029,48.6961],[-3.0324,48.6996],[-3.0294,48.7024],[-3.0234,48.7021],[-3.0253,48.7042],[-3.0133,48.7166],[-3.0095,48.7124],[-2.9852,48.7095],[-2.9823,48.7022],[-2.9779,48.6988],[-2.9745,48.6991],[-2.9743,48.6947],[-2.982,48.6913],[-2.9793,48.6883],[-2.9846,48.6871],[-2.9882,48.6834]]]]}},{"type":"Feature","properties":{"territoire":"22188","nom":"Plerneuf","type":"commune"},"geometry":{"type":"MultiPolygon","coordinates":[[[[-2.8554,48.4894],[-2.8697,48.4912],[-2.8863,48.4847],[-2.893,48.4892],[-2.8937,48.4941],[-2.8855,48.5001],[-2.887,48.5023],[-2.8838,48.5058],[-2.8896,48.5082],[-2.8922,48.5134],[-2.9008,48.5106],[-2.908,48.5135],[-2.9094,48.5163],[-2.9017,48.5178],[-2.9006,48.5211],[-2.8915,48.5218],[-2.8922,48.5253],[-2.8677,48.5225],[-2.8699,48.5147],[-2.8598,48.5052],[-2.869,48.4956],[-2.8604,48.4966],[-2.8554,48.4894]]]]}},{"type":"Feature","properties":{"territoire":"22189","nom":"Plésidy","type":"commune"},"geometry":{"type":"MultiPolygon","coordinates":[[[[-3.09,48.4255],[-3.0957,48.422],[-3.1019,48.4234],[-3.1108,48.4198],[-3.1179,48.4215],[-3.1219,48.4192],[-3.1461,48.4172],[-3.1456,48.4117],[-3.1587,48.4066],[-3.1622,48.4088],[-3.1601,48.4134],[-3.1532,48.4184],[-3.1581,48.4215],[-3.1648,48.4215],[-3.171,48.4362],[-3.1621,48.4457],[-3.1584,48.4451],[-3.1499,48.4496],[-3.1421,48.4485],[-3.1361,48.4577],[-3.1365,48.4636],[-3.13,48.4698],[-3.1226,48.4686],[-3.1134,48.4723],[-3.1151,48.4758],[-3.1119,48.479],[-3.1135,48.4822],[-3.1087,48.4822],[-3.1059,48.4767],[-3.1009,48.4756],[-3.0967,48.462],[-3.0875,48.4563],[-3.0949,48.4513],[-3.0962,48.4443],[-3.0959,48.4349],[-3.0901,48.4304],[-3.09,48.4255]]]]}},{"type":"Feature","properties":{"territoire":"22190","nom":"Pleslin-Trigavou","type":"commune"},"geometry":{"type":"MultiPolygon","coordinates":[[[[-2.035,48.5109],[-2.0455,48.507],[-2.0468,48.5094],[-2.0581,48.5132],[-2.0644,48.5061],[-2.0674,48.509],[-2.0758,48.5082],[-2.0796,48.5108],[-2.0924,48.5041],[-2.0994,48.5076],[-2.0957,48.5118],[-2.1093,48.5158],[-2.1143,48.5219],[-2.1093,48.5242],[-2.1123,48.529],[-2.1108,48.5323],[-2.1044,48.5309],[-2.1014,48.5401],[-2.0878,48.5416],[-2.0859,48.5451],[-2.0879,48.5463],[-2.0836,48.5525],[-2.0639,48.5496],[-2.0526,48.5521],[-2.0446,48.5418],[-2.0386,48.542],[-2.0407,48.5366],[-2.0373,48.5311],[-2.0403,48.5304],[-2.04,48.5248],[-2.027,48.5185],[-2.035,48.5109]]]]}},{"type":"Feature","properties":{"territoire":"22193","nom":"Plestan","type":"commune"},"geometry":{"type":"MultiPolygon","coordinates":[[[[-2.4022,48.4353],[-2.3927,48.4325],[-2.3914,48.4305],[-2.3934,48.4265],[-2.3887,48.4227],[-2.3742,48.4217],[-2.3681,48.4185],[-2.3707,48.4163],[-2.3699,48.4115],[-2.3867,48.4138],[-2.4021,48.4099],[-2.4066,48.4109],[-2.4118,48.4089],[-2.4138,48.4027],[-2.4229,48.395],[-2.4227,48.3922],[-2.4379,48.3871],[-2.4492,48.3884],[-2.4586,48.3838],[-2.4673,48.384],[-2.4707,48.3872],[-2.4798,48.3867],[-2.4831,48.3906],[-2.4845,48.398],[-2.4778,48.4105],[-2.4813,48.4158],[-2.4777,48.4278],[-2.4809,48.4301],[-2.4827,48.4363],[-2.4874,48.4377],[-2.487,48.4416],[-2.4802,48.4433],[-2.4746,48.4387],[-2.4707,48.4406],[-2.466,48.4383],[-2.4554,48.4432],[-2.448,48.4426],[-2.409,48.4279],[-2.4065,48.4322],[-2.403,48.4322],[-2.4022,48.4353]]]]}},{"type":"Feature","properties":{"territoire":"22194","nom":"Plestin-les-Grèves","type":"commune"},"geometry":{"type":"MultiPolygon","coordinates":[[[[-3.5893,48.6251],[-3.5956,48.627],[-3.5965,48.6232],[-3.6008,48.6237],[-3.6078,48.6178],[-3.6165,48.621],[-3.624,48.615],[-3.6344,48.6197],[-3.6438,48.6203],[-3.6543,48.6176],[-3.6559,48.6199],[-3.6545,48.6246],[-3.66,48.6349],[-3.6592,48.6388],[-3.6614,48.6399],[-3.6614,48.6467],[-3.6659,48.6523],[-3.6589,48.6558],[-3.6539,48.6648],[-3.645,48.6682],[-3.6441,48.6705],[-3.6347,48.6712],[-3.6376,48.6743],[-3.6364,48.6823],[-3.6313,48.6816],[-3.6235,48.6867],[-3.6227,48.6844],[-3.6133,48.684],[-3.6162,48.6833],[-3.6161,48.6798],[-3.612,48.6706],[-3.5953,48.6688],[-3.589,48.6716],[-3.5795,48.6711],[-3.5756,48.6672],[-3.5767,48.6636],[-3.5735,48.6581],[-3.5779,48.6555],[-3.5771,48.6477],[-3.5822,48.643],[-3.583,48.6297],[-3.5893,48.6251]]]]}},{"type":"Feature","properties":{"territoire":"22195","nom":"Pleubian","type":"commune"},"geometry":{"type":"MultiPolygon","coordinates":[[[[-3.1035,48.8301],[-3.1168,48.8289],[-3.14,48.8208],[-3.1689,48.8154],[-3.1659,48.8241],[-3.1673,48.8284],[-3.1704,48.8281],[-3.1704,48.8375],[-3.1737,48.8421],[-3.1673,48.8534],[-3.1584,48.8517],[-3.1474,48.8537],[-3.1419,48.8578],[-3.1328,48.8589],[-3.1316,48.8634],[-3.1266,48.8651],[-3.123,48.864],[-3.1118,48.8673],[-3.1075,48.8655],[-3.0983,48.869],[-3.1016,48.8665],[-3.0954,48.8655],[-3.0917,48.8679],[-3.0882,48.866],[-3.0857,48.8684],[-3.0762,48.8562],[-3.0865,48.864],[-3.0878,48.8609],[-3.0941,48.8613],[-3.0969,48.853],[-3.1114,48.8518],[-3.1127,48.8406],[-3.1035,48.8301]]],[[[-3.0877,48.8726],[-3.0725,48.8832],[-3.0753,48.8793],[-3.0877,48.8726]]]]}},{"type":"Feature","properties":{"territoire":"22196","nom":"Pleudaniel","type":"commune"},"geometry":{"type":"MultiPolygon","coordinates":[[[[-3.1824,48.7664],[-3.1785,48.7675],[-3.1778,48.7726],[-3.1714,48.7763],[-3.1672,48.775],[-3.1659,48.7786],[-3.1537,48.7812],[-3.1511,48.7843],[-3.1231,48.7847],[-3.1243,48.7812],[-3.1213,48.7811],[-3.1213,48.7788],[-3.1241,48.7765],[-3.1161,48.7757],[-3.1212,48.7724],[-3.1284,48.7731],[-3.1215,48.7692],[-3.1221,48.7644],[-3.1248,48.7622],[-3.1234,48.759],[-3.1267,48.7576],[-3.1215,48.7562],[-3.1293,48.7516],[-3.1452,48.7479],[-3.145,48.7406],[-3.1475,48.7378],[-3.1632,48.7379],[-3.17,48.7412],[-3.1836,48.7401],[-3.188,48.7453],[-3.185,48.7484],[-3.1913,48.7566],[-3.1872,48.7611],[-3.1841,48.7608],[-3.1845,48.7647],[-3.1824,48.7664]]]]}},{"type":"Feature","properties":{"territoire":"22205","nom":"Plorec-sur-Arguenon","type":"commune"},"geometry":{"type":"MultiPolygon","coordinates":[[[[-2.3102,48.4772],[-2.312,48.4831],[-2.3083,48.4904],[-2.3009,48.489],[-2.2909,48.4941],[-2.2837,48.4883],[-2.2835,48.4828],[-2.2787,48.4832],[-2.2791,48.4762],[-2.2734,48.4769],[-2.2754,48.471],[-2.2807,48.4707],[-2.2805,48.4682],[-2.2907,48.4637],[-2.2851,48.4534],[-2.2905,48.4489],[-2.2888,48.4397],[-2.2909,48.4379],[-2.2945,48.4395],[-2.3097,48.4366],[-2.3314,48.4446],[-2.3259,48.4475],[-2.3278,48.4524],[-2.3207,48.4549],[-2.3203,48.4575],[-2.324,48.4604],[-2.322,48.4635],[-2.3179,48.464],[-2.3192,48.4617],[-2.3173,48.4601],[-2.3114,48.4605],[-2.3105,48.4642],[-2.3144,48.4669],[-2.3136,48.4722],[-2.3086,48.4752],[-2.3102,48.4772]]]]}},{"type":"Feature","properties":{"territoire":"22206","nom":"Châtelaudren-Plouagat","type":"commune"},"geometry":{"type":"MultiPolygon","coordinates":[[[[-2.97,48.5382],[-2.9595,48.5312],[-2.9546,48.5316],[-2.956,48.5284],[-2.9491,48.5204],[-2.9512,48.5148],[-2.9605,48.5094],[-2.9677,48.5015],[-2.9916,48.4979],[-2.9923,48.4925],[-2.9964,48.4879],[-3.0164,48.4974],[-3.0224,48.5111],[-3.0198,48.5159],[-3.0209,48.5186],[-3.0147,48.5295],[-3.0183,48.5294],[-3.0254,48.5349],[-3.0241,48.5385],[-3.0191,48.5414],[-3.017,48.5521],[-3.0082,48.5563],[-3.0039,48.5636],[-2.9952,48.5682],[-2.9935,48.574],[-2.9854,48.5682],[-2.9707,48.5741],[-2.9698,48.5714],[-2.9587,48.5665],[-2.9609,48.5613],[-2.959,48.5586],[-2.9652,48.5556],[-2.9721,48.5558],[-2.9778,48.5516],[-2.974,48.5434],[-2.9671,48.5453],[-2.963,48.5419],[-2.9641,48.5401],[-2.9698,48.5404],[-2.97,48.5382]]]]}},{"type":"Feature","properties":{"territoire":"22232","nom":"Plourhan","type":"commune"},"geometry":{"type":"MultiPolygon","coordinates":[[[[-2.864,48.6072],[-2.8707,48.6062],[-2.88,48.6088],[-2.8939,48.6041],[-2.9027,48.6068],[-2.9037,48.6092],[-2.8964,48.6188],[-2.8965,48.624],[-2.9076,48.6341],[-2.9205,48.6318],[-2.9233,48.6376],[-2.9211,48.6482],[-2.9084,48.6434],[-2.8946,48.652],[-2.8876,48.6492],[-2.8852,48.6448],[-2.8757,48.6439],[-2.8621,48.6493],[-2.8614,48.6518],[-2.8653,48.653],[-2.8598,48.6565],[-2.8556,48.6553],[-2.8445,48.6414],[-2.8575,48.6315],[-2.8579,48.6224],[-2.8662,48.6203],[-2.8625,48.6167],[-2.864,48.6072]]]]}},{"type":"Feature","properties":{"territoire":"22233","nom":"Plourivo","type":"commune"},"geometry":{"type":"MultiPolygon","coordinates":[[[[-3.0449,48.7535],[-3.0452,48.7433],[-3.052,48.7407],[-3.0519,48.733],[-3.0557,48.7296],[-3.0614,48.7291],[-3.0597,48.7274],[-3.0648,48.7212],[-3.0699,48.722],[-3.0737,48.7116],[-3.0864,48.7134],[-3.0854,48.7183],[-3.0904,48.7157],[-3.0979,48.717],[-3.1062,48.7221],[-3.1112,48.7213],[-3.1139,48.726],[-3.1205,48.7246],[-3.1224,48.7267],[-3.1317,48.7268],[-3.1326,48.732],[-3.1358,48.7337],[-3.1502,48.7348],[-3.145,48.7406],[-3.1452,48.7479],[-3.12,48.756],[-3.1189,48.7618],[-3.111,48.766],[-3.0914,48.7631],[-3.0898,48.7592],[-3.0807,48.7621],[-3.0537,48.7629],[-3.0504,48.7584],[-3.0442,48.7559],[-3.0449,48.7535]]]]}},{"type":"Feature","properties":{"territoire":"22234","nom":"Plouvara","type":"commune"},"geometry":{"type":"MultiPolygon","coordinates":[[[[-2.9482,48.4742],[-2.9475,48.4766],[-2.9537,48.4791],[-2.9494,48.4841],[-2.9514,48.4882],[-2.9491,48.4904],[-2.951,48.4944],[-2.9495,48.4981],[-2.9575,48.5009],[-2.9649,48.4975],[-2.9679,48.5004],[-2.9605,48.5094],[-2.9508,48.5152],[-2.9491,48.5207],[-2.9412,48.5236],[-2.9337,48.5213],[-2.9264,48.5222],[-2.9226,48.5247],[-2.919,48.5198],[-2.9092,48.5163],[-2.9065,48.5126],[-2.9008,48.5106],[-2.8922,48.5134],[-2.8896,48.5082],[-2.8838,48.5058],[-2.887,48.5023],[-2.8855,48.5001],[-2.8937,48.4941],[-2.893,48.4892],[-2.8898,48.4865],[-2.9043,48.481],[-2.9062,48.4821],[-2.9054,48.4792],[-2.909,48.476],[-2.9101,48.4697],[-2.9144,48.4677],[-2.9194,48.4725],[-2.9366,48.4697],[-2.9482,48.4742]]]]}},{"type":"Feature","properties":{"territoire":"22235","nom":"Plouzélambre","type":"commune"},"geometry":{"type":"MultiPolygon","coordinates":[[[[-3.5197,48.6368],[-3.528,48.6364],[-3.5366,48.6306],[-3.5473,48.6346],[-3.554,48.6432],[-3.5533,48.6498],[-3.5555,48.6572],[-3.5588,48.6584],[-3.5578,48.6608],[-3.5395,48.6646],[-3.5255,48.6592],[-3.5282,48.6549],[-3.512,48.6498],[-3.5128,48.6466],[-3.5104,48.6461],[-3.5164,48.643],[-3.5197,48.6368]]]]}},{"type":"Feature","properties":{"territoire":"22236","nom":"Pludual","type":"commune"},"geometry":{"type":"MultiPolygon","coordinates":[[[[-3.0215,48.6782],[-3.004,48.6792],[-2.9951,48.6772],[-2.9882,48.6834],[-2.9745,48.6805],[-2.9721,48.6775],[-2.9785,48.6762],[-2.977,48.6705],[-2.972,48.672],[-2.9694,48.6649],[-2.9573,48.6625],[-2.9517,48.6551],[-2.9604,48.6482],[-2.9641,48.6493],[-2.9643,48.6472],[-2.9708,48.6484],[-2.971,48.654],[-2.9734,48.6534],[-2.9759,48.6573],[-2.9806,48.6587],[-2.9853,48.6524],[-2.9928,48.6557],[-2.9916,48.6587],[-3.0008,48.6598],[-3.0059,48.6642],[-3.0094,48.6625],[-3.0156,48.6657],[-3.016,48.672],[-3.0215,48.6782]]]]}},{"type":"Feature","properties":{"territoire":"22237","nom":"Val-d'Arguenon","type":"commune"},"geometry":{"type":"MultiPolygon","coordinates":[[[[-2.3332,48.5056],[-2.328,48.5056],[-2.319,48.5148],[-2.3229,48.5145],[-2.3275,48.5203],[-2.3363,48.5214],[-2.3381,48.5291],[-2.3164,48.5286],[-2.3167,48.5366],[-2.3194,48.5382],[-2.3111,48.5412],[-2.2854,48.5337],[-2.2859,48.5376],[-2.2785,48.542],[-2.2759,48.5475],[-2.2582,48.5593],[-2.2418,48.5586],[-2.242,48.5494],[-2.2371,48.5468],[-2.2496,48.5425],[-2.2455,48.5363],[-2.2498,48.5303],[-2.249,48.526],[-2.2416,48.524],[-2.2447,48.5164],[-2.2421,48.5151],[-2.2624,48.5051],[-2.2631,48.5026],[-2.2582,48.5012],[-2.2637,48.4991],[-2.2647,48.4944],[-2.2704,48.4931],[-2.2745,48.495],[-2.2836,48.4883],[-2.2909,48.4941],[-2.3009,48.489],[-2.3072,48.4909],[-2.312,48.4831],[-2.3102,48.4772],[-2.3371,48.4727],[-2.341,48.478],[-2.3522,48.4818],[-2.3472,48.4843],[-2.3474,48.4877],[-2.3336,48.4949],[-2.3354,48.499],[-2.3307,48.5015],[-2.3332,48.5056]]]]}},{"type":"Feature","properties":{"territoire":"22238","nom":"Plufur","type":"commune"},"geometry":{"type":"MultiPolygon","coordinates":[[[[-3.5893,48.6251],[-3.583,48.6297],[-3.5822,48.643],[-3.5777,48.6465],[-3.5666,48.6417],[-3.5621,48.6314],[-3.5581,48.6305],[-3.5478,48.6187],[-3.5485,48.6107],[-3.5523,48.6031],[-3.5476,48.5961],[-3.5493,48.5921],[-3.564,48.5818],[-3.5712,48.5819],[-3.5747,48.5894],[-3.5803,48.5894],[-3.5953,48.5958],[-3.5993,48.5952],[-3.6036,48.6032],[-3.5927,48.6152],[-3.5928,48.6197],[-3.5899,48.6206],[-3.5893,48.6251]]]]}},{"type":"Feature","properties":{"territoire":"22239","nom":"Plumaudan","type":"commune"},"geometry":{"type":"MultiPolygon","coordinates":[[[[-2.0958,48.3702],[-2.0897,48.3681],[-2.0889,48.3585],[-2.0983,48.3561],[-2.0925,48.3478],[-2.0949,48.3392],[-2.0871,48.3362],[-2.0855,48.3322],[-2.0936,48.3268],[-2.0858,48.3253],[-2.0909,48.3208],[-2.0984,48.3188],[-2.1072,48.3272],[-2.1226,48.332],[-2.1247,48.3408],[-2.1361,48.3555],[-2.1359,48.3651],[-2.1453,48.3711],[-2.1463,48.3783],[-2.1487,48.3788],[-2.1502,48.3837],[-2.1482,48.3879],[-2.1392,48.3896],[-2.136,48.3847],[-2.1294,48.385],[-2.1217,48.3795],[-2.1072,48.3812],[-2.106,48.3762],[-2.1021,48.3763],[-2.1009,48.3729],[-2.1026,48.3722],[-2.0958,48.3702]]]]}},{"type":"Feature","properties":{"territoire":"22259","nom":"Quévert","type":"commune"},"geometry":{"type":"MultiPolygon","coordinates":[[[[-2.1013,48.4462],[-2.1067,48.4522],[-2.1057,48.4537],[-2.113,48.4575],[-2.113,48.4606],[-2.1038,48.464],[-2.1063,48.4655],[-2.1006,48.4702],[-2.1062,48.4734],[-2.1014,48.4778],[-2.1012,48.482],[-2.0841,48.4911],[-2.0825,48.484],[-2.0764,48.4772],[-2.0683,48.4753],[-2.0636,48.471],[-2.0649,48.4664],[-2.0624,48.467],[-2.0573,48.4601],[-2.0659,48.4564],[-2.0656,48.4524],[-2.0694,48.4495],[-2.0703,48.4443],[-2.0775,48.4417],[-2.0873,48.4416],[-2.1013,48.4462]]]]}},{"type":"Feature","properties":{"territoire":"22260","nom":"Le Quillio","type":"commune"},"geometry":{"type":"MultiPolygon","coordinates":[[[[-2.8642,48.2601],[-2.8621,48.2565],[-2.8652,48.2513],[-2.8602,48.2507],[-2.8638,48.2417],[-2.8601,48.2388],[-2.8624,48.2362],[-2.859,48.2345],[-2.8608,48.2297],[-2.8735,48.2267],[-2.8815,48.2313],[-2.8887,48.2323],[-2.9001,48.2275],[-2.9281,48.2243],[-2.9436,48.226],[-2.9475,48.2284],[-2.9477,48.2308],[-2.9425,48.2332],[-2.9429,48.2377],[-2.9284,48.2455],[-2.9264,48.2491],[-2.8963,48.2492],[-2.8938,48.2531],[-2.8866,48.2557],[-2.8863,48.258],[-2.8769,48.2635],[-2.8642,48.2601]]]]}},{"type":"Feature","properties":{"territoire":"22261","nom":"Quintenic","type":"commune"},"geometry":{"type":"MultiPolygon","coordinates":[[[[-2.4256,48.4925],[-2.4351,48.4958],[-2.4323,48.502],[-2.4344,48.507],[-2.4529,48.5056],[-2.4497,48.511],[-2.441,48.5111],[-2.4172,48.5289],[-2.4126,48.5274],[-2.4084,48.5196],[-2.4017,48.5178],[-2.4016,48.5129],[-2.3969,48.5067],[-2.4067,48.5058],[-2.4062,48.5031],[-2.4176,48.5001],[-2.4175,48.4942],[-2.4212,48.4926],[-2.4229,48.4969],[-2.4264,48.4947],[-2.4256,48.4925]]]]}},{"type":"Feature","properties":{"territoire":"22368","nom":"Tréméreuc","type":"commune"},"geometry":{"type":"MultiPolygon","coordinates":[[[[-2.0807,48.5676],[-2.0595,48.5706],[-2.0571,48.5663],[-2.0444,48.5642],[-2.0474,48.5614],[-2.0452,48.5573],[-2.0519,48.5557],[-2.0538,48.5541],[-2.0526,48.5521],[-2.0634,48.5497],[-2.0741,48.5512],[-2.0759,48.5536],[-2.075,48.5588],[-2.0787,48.5597],[-2.0791,48.5642],[-2.0823,48.5661],[-2.0807,48.5676]]]]}},{"type":"Feature","properties":{"territoire":"22263","nom":"Le Quiou","type":"commune"},"geometry":{"type":"MultiPolygon","coordinates":[[[[-2.0212,48.3569],[-2.0173,48.3581],[-2.0167,48.3606],[-1.9983,48.3578],[-2.0016,48.3538],[-1.9969,48.3493],[-1.9845,48.3484],[-1.9803,48.3423],[-1.9784,48.3472],[-1.9819,48.3516],[-1.9765,48.3529],[-1.9723,48.3505],[-1.9715,48.343],[-1.9756,48.3419],[-1.9756,48.3382],[-1.9805,48.3355],[-1.9853,48.3388],[-1.9913,48.3348],[-2.003,48.3322],[-2.0088,48.3431],[-2.0212,48.3569]]]]}},{"type":"Feature","properties":{"territoire":"22264","nom":"La Roche-Jaudy","type":"commune"},"geometry":{"type":"MultiPolygon","coordinates":[[[[-3.2183,48.7492],[-3.2152,48.7524],[-3.2167,48.7583],[-3.2101,48.7597],[-3.2118,48.7681],[-3.2059,48.7693],[-3.1999,48.7656],[-3.1901,48.7671],[-3.1877,48.7695],[-3.1824,48.7664],[-3.1845,48.7647],[-3.1841,48.7608],[-3.1872,48.7611],[-3.1913,48.7566],[-3.185,48.7482],[-3.194,48.7411],[-3.1933,48.7359],[-3.1989,48.7318],[-3.209,48.7317],[-3.215,48.7267],[-3.2154,48.7205],[-3.2312,48.7075],[-3.2216,48.6974],[-3.2397,48.6913],[-3.2716,48.7074],[-3.2699,48.7149],[-3.2654,48.7115],[-3.2621,48.7162],[-3.2675,48.7264],[-3.2707,48.7266],[-3.2736,48.7208],[-3.2767,48.7222],[-3.2746,48.7302],[-3.2776,48.7335],[-3.2704,48.7355],[-3.2628,48.7428],[-3.2679,48.7483],[-3.2666,48.7515],[-3.2527,48.7521],[-3.254,48.7552],[-3.2469,48.7585],[-3.2411,48.7579],[-3.2423,48.7537],[-3.2386,48.7512],[-3.2261,48.7526],[-3.2183,48.7492]]]]}},{"type":"Feature","properties":{"territoire":"22265","nom":"Rospez","type":"commune"},"geometry":{"type":"MultiPolygon","coordinates":[[[[-3.4027,48.7559],[-3.4036,48.7614],[-3.3961,48.7592],[-3.3901,48.7637],[-3.3849,48.7635],[-3.3846,48.7601],[-3.3805,48.7601],[-3.3752,48.7532],[-3.3666,48.749],[-3.3704,48.7442],[-3.3738,48.7444],[-3.3761,48.7337],[-3.3747,48.7309],[-3.3674,48.73],[-3.3655,48.7275],[-3.359,48.7285],[-3.3605,48.7242],[-3.3582,48.7193],[-3.3603,48.7158],[-3.3706,48.7134],[-3.3752,48.7152],[-3.3871,48.7139],[-3.3951,48.7161],[-3.3966,48.7219],[-3.4051,48.721],[-3.407,48.7267],[-3.4136,48.7268],[-3.4122,48.7381],[-3.4019,48.7406],[-3.4033,48.7435],[-3.4002,48.7441],[-3.4027,48.7559]]]]}},{"type":"Feature","properties":{"territoire":"22266","nom":"Rostrenen","type":"commune"},"geometry":{"type":"MultiPolygon","coordinates":[[[[-3.3265,48.1867],[-3.3165,48.1927],[-3.3214,48.1984],[-3.3243,48.1984],[-3.3245,48.2013],[-3.3277,48.2019],[-3.3186,48.2081],[-3.3209,48.2109],[-3.3295,48.2113],[-3.346,48.2239],[-3.3531,48.222],[-3.3528,48.2291],[-3.3577,48.2353],[-3.3474,48.2363],[-3.349,48.2381],[-3.347,48.2392],[-3.3503,48.2445],[-3.3602,48.248],[-3.3561,48.2481],[-3.3546,48.2508],[-3.3561,48.2517],[-3.348,48.2537],[-3.3485,48.2552],[-3.3375,48.2496],[-3.3368,48.2524],[-3.3321,48.2526],[-3.3299,48.2579],[-3.3229,48.2556],[-3.3214,48.2625],[-3.3005,48.2553],[-3.2962,48.2563],[-3.2945,48.254],[-3.2962,48.2504],[-3.3027,48.2456],[-3.2999,48.2437],[-3.2992,48.2386],[-3.3014,48.2367],[-3.289,48.232],[-3.2868,48.2289],[-3.2892,48.2249],[-3.282,48.2245],[-3.2818,48.2213],[-3.2771,48.2207],[-3.2748,48.2151],[-3.2724,48.2147],[-3.2724,48.2125],[-3.2814,48.2077],[-3.2786,48.2023],[-3.2708,48.2004],[-3.2724,48.1965],[-3.2608,48.194],[-3.2634,48.1922],[-3.2663,48.1945],[-3.2699,48.1933],[-3.2731,48.1862],[-3.2806,48.1873],[-3.2817,48.1893],[-3.2875,48.1885],[-3.2843,48.186],[-3.2893,48.1821],[-3.3265,48.1867]]]]}},{"type":"Feature","properties":{"territoire":"22369","nom":"Trémeur","type":"commune"},"geometry":{"type":"MultiPolygon","coordinates":[[[[-2.2476,48.3645],[-2.2427,48.3634],[-2.2412,48.3604],[-2.2482,48.3556],[-2.2503,48.3504],[-2.2357,48.3489],[-2.2289,48.3439],[-2.2302,48.3396],[-2.2317,48.3412],[-2.2491,48.339],[-2.2562,48.3342],[-2.256,48.3318],[-2.2675,48.3318],[-2.2781,48.3362],[-2.2827,48.3352],[-2.2896,48.3401],[-2.2905,48.3351],[-2.2978,48.3328],[-2.3036,48.3368],[-2.302,48.3381],[-2.3044,48.3468],[-2.2878,48.3524],[-2.2824,48.3631],[-2.2848,48.3707],[-2.2891,48.3748],[-2.2854,48.3731],[-2.2778,48.3748],[-2.2755,48.3736],[-2.2756,48.3703],[-2.2708,48.3696],[-2.2677,48.3751],[-2.2651,48.3755],[-2.2656,48.3729],[-2.2604,48.3692],[-2.2476,48.3645]]]]}},{"type":"Feature","properties":{"territoire":"22370","nom":"Tréméven","type":"commune"},"geometry":{"type":"MultiPolygon","coordinates":[[[[-3.0387,48.6858],[-3.0309,48.6881],[-3.0321,48.6827],[-3.027,48.6776],[-3.0218,48.6785],[-3.016,48.672],[-3.0186,48.6603],[-3.038,48.6537],[-3.0389,48.66],[-3.0354,48.6622],[-3.0469,48.6653],[-3.0408,48.6696],[-3.0475,48.6718],[-3.0433,48.674],[-3.0491,48.6762],[-3.0439,48.6779],[-3.0442,48.6879],[-3.0387,48.6858]]]]}},{"type":"Feature","properties":{"territoire":"22267","nom":"Rouillac","type":"commune"},"geometry":{"type":"MultiPolygon","coordinates":[[[[-2.4061,48.3169],[-2.399,48.3153],[-2.3892,48.3171],[-2.3884,48.3251],[-2.38,48.3298],[-2.3744,48.3259],[-2.3611,48.3247],[-2.3498,48.3145],[-2.3312,48.3058],[-2.3308,48.2997],[-2.327,48.2998],[-2.3245,48.2963],[-2.3596,48.2917],[-2.3607,48.2939],[-2.377,48.2863],[-2.3856,48.2878],[-2.3945,48.2943],[-2.3935,48.3007],[-2.4067,48.31],[-2.4061,48.3169]]]]}},{"type":"Feature","properties":{"territoire":"22268","nom":"Ruca","type":"commune"},"geometry":{"type":"MultiPolygon","coordinates":[[[[-2.3404,48.5296],[-2.3443,48.5373],[-2.3505,48.5371],[-2.3477,48.5419],[-2.3518,48.5477],[-2.35,48.55],[-2.3582,48.5572],[-2.3582,48.5647],[-2.3515,48.5668],[-2.3513,48.5705],[-2.3473,48.572],[-2.347,48.5762],[-2.3379,48.5765],[-2.3355,48.579],[-2.3369,48.5874],[-2.3296,48.5896],[-2.3162,48.5831],[-2.3137,48.5684],[-2.316,48.5624],[-2.3264,48.5504],[-2.3334,48.5356],[-2.3404,48.5296]]]]}},{"type":"Feature","properties":{"territoire":"22269","nom":"Runan","type":"commune"},"geometry":{"type":"MultiPolygon","coordinates":[[[[-3.2345,48.6754],[-3.2375,48.6823],[-3.242,48.6824],[-3.2452,48.6863],[-3.2529,48.6892],[-3.25,48.6913],[-3.2499,48.695],[-3.2357,48.6917],[-3.2186,48.7004],[-3.2039,48.6936],[-3.2167,48.6907],[-3.2119,48.6787],[-3.2183,48.6782],[-3.2257,48.6711],[-3.2345,48.6754]]]]}},{"type":"Feature","properties":{"territoire":"22386","nom":"Le Vieux-Bourg","type":"commune"},"geometry":{"type":"MultiPolygon","coordinates":[[[[-3.0466,48.4007],[-3.0474,48.4045],[-3.0349,48.4106],[-3.0272,48.4034],[-3.0058,48.4032],[-2.9904,48.4071],[-2.9775,48.4072],[-2.9747,48.4045],[-2.9679,48.406],[-2.9641,48.4124],[-2.958,48.4138],[-2.9512,48.412],[-2.9482,48.408],[-2.9527,48.4039],[-2.9514,48.4019],[-2.9551,48.3958],[-2.95,48.3941],[-2.9442,48.3982],[-2.9395,48.396],[-2.9405,48.3928],[-2.9374,48.3861],[-2.946,48.3855],[-2.9477,48.3875],[-2.9451,48.3914],[-2.9514,48.3922],[-2.9777,48.3796],[-2.9828,48.3798],[-2.9956,48.3746],[-3.0042,48.3745],[-3.011,48.3699],[-3.0179,48.3704],[-3.0234,48.3672],[-3.0331,48.3686],[-3.0388,48.3665],[-3.0462,48.3692],[-3.0395,48.3742],[-3.0431,48.3789],[-3.0457,48.3783],[-3.0442,48.3802],[-3.0529,48.3775],[-3.056,48.3813],[-3.0537,48.3868],[-3.0549,48.39],[-3.0504,48.3932],[-3.0466,48.4007]]]]}},{"type":"Feature","properties":{"territoire":"22387","nom":"Le Vieux-Marché","type":"commune"},"geometry":{"type":"MultiPolygon","coordinates":[[[[-3.4645,48.5815],[-3.466,48.5894],[-3.471,48.5894],[-3.4651,48.5966],[-3.465,48.6042],[-3.4618,48.6085],[-3.463,48.6123],[-3.459,48.6118],[-3.4504,48.6207],[-3.4498,48.6328],[-3.4541,48.6369],[-3.4532,48.641],[-3.4464,48.6502],[-3.4352,48.6486],[-3.4261,48.6519],[-3.4243,48.6503],[-3.4268,48.6502],[-3.4266,48.6483],[-3.4206,48.643],[-3.423,48.6394],[-3.4133,48.6352],[-3.4093,48.6237],[-3.4119,48.6184],[-3.4106,48.6105],[-3.4145,48.6066],[-3.4139,48.6025],[-3.4313,48.5901],[-3.4321,48.5833],[-3.443,48.5795],[-3.4546,48.5812],[-3.4634,48.5777],[-3.4645,48.5815]]]]}},{"type":"Feature","properties":{"territoire":"22271","nom":"Saint-Adrien","type":"commune"},"geometry":{"type":"MultiPolygon","coordinates":[[[[-3.1165,48.4988],[-3.1192,48.4876],[-3.1122,48.4801],[-3.1151,48.4759],[-3.1134,48.4723],[-3.1226,48.4686],[-3.1355,48.4688],[-3.149,48.4771],[-3.1516,48.4833],[-3.1489,48.4855],[-3.1497,48.4884],[-3.1471,48.4881],[-3.1481,48.4901],[-3.1445,48.4917],[-3.1457,48.4972],[-3.1424,48.4994],[-3.1466,48.5053],[-3.1383,48.5178],[-3.131,48.5138],[-3.1308,48.5112],[-3.1165,48.4988]]]]}},{"type":"Feature","properties":{"territoire":"22272","nom":"Saint-Agathon","type":"commune"},"geometry":{"type":"MultiPolygon","coordinates":[[[[-3.0583,48.558],[-3.07,48.5475],[-3.0795,48.5462],[-3.095,48.5487],[-3.0967,48.5469],[-3.1082,48.5466],[-3.116,48.5537],[-3.1214,48.5529],[-3.1236,48.5572],[-3.1269,48.5559],[-3.1274,48.5597],[-3.1419,48.5612],[-3.1376,48.5633],[-3.1373,48.5723],[-3.1276,48.5724],[-3.1229,48.5762],[-3.1249,48.581],[-3.1227,48.5848],[-3.1172,48.5867],[-3.1168,48.5841],[-3.111,48.5824],[-3.1091,48.5846],[-3.1022,48.5814],[-3.0996,48.5755],[-3.096,48.5761],[-3.0937,48.5695],[-3.089,48.5712],[-3.0846,48.5675],[-3.0804,48.5682],[-3.0807,48.5649],[-3.0714,48.5676],[-3.0585,48.5621],[-3.0583,48.558]]]]}},{"type":"Feature","properties":{"territoire":"22273","nom":"Saint-Alban","type":"commune"},"geometry":{"type":"MultiPolygon","coordinates":[[[[-2.4989,48.585],[-2.4795,48.5878],[-2.4767,48.5868],[-2.478,48.5845],[-2.4661,48.5834],[-2.4652,48.5769],[-2.4698,48.5683],[-2.4652,48.5667],[-2.4693,48.5582],[-2.4744,48.5557],[-2.4751,48.5528],[-2.4681,48.5429],[-2.472,48.5356],[-2.4814,48.5364],[-2.4875,48.5334],[-2.4954,48.5363],[-2.4961,48.5325],[-2.5079,48.5235],[-2.5361,48.5302],[-2.5444,48.5342],[-2.5407,48.5385],[-2.5502,48.5419],[-2.5516,48.5494],[-2.5563,48.5547],[-2.5561,48.5588],[-2.5651,48.5616],[-2.5696,48.57],[-2.5671,48.5746],[-2.565,48.573],[-2.5616,48.5744],[-2.5607,48.5709],[-2.5493,48.5644],[-2.5219,48.5659],[-2.5022,48.576],[-2.4989,48.585]]]]}},{"type":"Feature","properties":{"territoire":"22274","nom":"Saint-André-des-Eaux","type":"commune"},"geometry":{"type":"MultiPolygon","coordinates":[[[[-2.0244,48.3916],[-2.0175,48.384],[-2.0168,48.3799],[-2.0029,48.3796],[-1.9973,48.3842],[-1.9899,48.3784],[-2.0022,48.3721],[-2.0011,48.3676],[-1.9965,48.3655],[-2.0016,48.3637],[-2.002,48.36],[-1.9973,48.3583],[-2.0145,48.3599],[-2.0176,48.3641],[-2.0276,48.3667],[-2.0282,48.37],[-2.0317,48.3709],[-2.0233,48.3738],[-2.0286,48.3794],[-2.0314,48.3788],[-2.0365,48.3826],[-2.0348,48.3849],[-2.0283,48.383],[-2.0296,48.3851],[-2.027,48.3854],[-2.0244,48.3916]]]]}},{"type":"Feature","properties":{"territoire":"22275","nom":"Saint-Barnabé","type":"commune"},"geometry":{"type":"MultiPolygon","coordinates":[[[[-2.6763,48.1649],[-2.6542,48.156],[-2.6479,48.1561],[-2.6496,48.1492],[-2.6579,48.1427],[-2.6568,48.1399],[-2.6612,48.139],[-2.6725,48.1434],[-2.6807,48.1354],[-2.6759,48.1316],[-2.6952,48.1204],[-2.6971,48.1218],[-2.7011,48.1198],[-2.7035,48.1125],[-2.7249,48.1142],[-2.7244,48.1173],[-2.7444,48.1131],[-2.7519,48.1155],[-2.7487,48.1238],[-2.7413,48.1294],[-2.7402,48.1337],[-2.7298,48.1448],[-2.7288,48.1514],[-2.7191,48.1562],[-2.6995,48.155],[-2.693,48.1575],[-2.6894,48.1625],[-2.6857,48.1628],[-2.6866,48.1607],[-2.6781,48.1581],[-2.6763,48.1649]]]]}},{"type":"Feature","properties":{"territoire":"22276","nom":"Saint-Bihy","type":"commune"},"geometry":{"type":"MultiPolygon","coordinates":[[[[-2.9321,48.3853],[-2.9377,48.3783],[-2.9491,48.3761],[-2.9519,48.3729],[-2.9499,48.3704],[-2.9563,48.3604],[-2.9806,48.3655],[-2.9816,48.3691],[-2.9914,48.3676],[-2.9927,48.3718],[-2.9935,48.3674],[-3.0072,48.3645],[-3.0021,48.3682],[-3.0058,48.3702],[-3.0042,48.3745],[-2.9956,48.3746],[-2.9828,48.3798],[-2.9777,48.3796],[-2.9518,48.3921],[-2.9451,48.3914],[-2.9477,48.3875],[-2.946,48.3855],[-2.9321,48.3853]]]]}},{"type":"Feature","properties":{"territoire":"22277","nom":"Saint-Brandan","type":"commune"},"geometry":{"type":"MultiPolygon","coordinates":[[[[-2.8785,48.3653],[-2.8788,48.3717],[-2.884,48.3775],[-2.8973,48.3804],[-2.8958,48.3833],[-2.8872,48.3865],[-2.8858,48.3898],[-2.8875,48.3931],[-2.8847,48.3978],[-2.9052,48.3863],[-2.9131,48.386],[-2.921,48.3814],[-2.9266,48.3858],[-2.9168,48.3894],[-2.918,48.3936],[-2.912,48.3995],[-2.9078,48.3941],[-2.903,48.3958],[-2.8949,48.4062],[-2.8983,48.4104],[-2.8742,48.4112],[-2.869,48.4076],[-2.855,48.4196],[-2.8424,48.4239],[-2.8444,48.4196],[-2.839,48.4126],[-2.8405,48.4103],[-2.8307,48.4052],[-2.831,48.4003],[-2.8273,48.3986],[-2.8295,48.3898],[-2.8364,48.3854],[-2.8378,48.3797],[-2.8304,48.3784],[-2.8291,48.3696],[-2.8206,48.3632],[-2.8293,48.3628],[-2.8313,48.3585],[-2.8376,48.357],[-2.8395,48.3609],[-2.8442,48.363],[-2.853,48.3621],[-2.8577,48.3673],[-2.8624,48.3669],[-2.8634,48.3714],[-2.869,48.3702],[-2.8683,48.3674],[-2.8785,48.3653]]]]}},{"type":"Feature","properties":{"territoire":"22278","nom":"Saint-Brieuc","type":"commune"},"geometry":{"type":"MultiPolygon","coordinates":[[[[-2.7378,48.4972],[-2.7454,48.4928],[-2.7506,48.4861],[-2.7609,48.4952],[-2.7575,48.5006],[-2.7646,48.5014],[-2.7704,48.4979],[-2.7775,48.5041],[-2.7868,48.5038],[-2.7964,48.5128],[-2.8018,48.5141],[-2.8034,48.5179],[-2.8114,48.5166],[-2.8117,48.5199],[-2.8214,48.5272],[-2.8139,48.5297],[-2.8099,48.5282],[-2.8057,48.5332],[-2.8022,48.5325],[-2.8023,48.5306],[-2.798,48.5332],[-2.7951,48.5299],[-2.7865,48.5343],[-2.7795,48.5262],[-2.7527,48.5231],[-2.7407,48.525],[-2.736,48.5289],[-2.7263,48.528],[-2.7107,48.5328],[-2.7147,48.5355],[-2.7098,48.5321],[-2.7168,48.5285],[-2.7169,48.5245],[-2.7104,48.5204],[-2.7263,48.5154],[-2.7305,48.5084],[-2.7299,48.5047],[-2.7378,48.4972]]]]}},{"type":"Feature","properties":{"territoire":"22279","nom":"Saint-Caradec","type":"commune"},"geometry":{"type":"MultiPolygon","coordinates":[[[[-2.8349,48.1864],[-2.8369,48.18],[-2.8326,48.1781],[-2.8322,48.175],[-2.8262,48.1755],[-2.8226,48.1726],[-2.826,48.1684],[-2.8335,48.167],[-2.8487,48.1695],[-2.8567,48.1739],[-2.8714,48.1702],[-2.8767,48.1734],[-2.8784,48.1694],[-2.8906,48.1687],[-2.8942,48.1733],[-2.9041,48.1682],[-2.9021,48.1751],[-2.9069,48.1786],[-2.9051,48.1795],[-2.9081,48.1853],[-2.8929,48.1882],[-2.8927,48.1971],[-2.8904,48.1978],[-2.8883,48.2069],[-2.8675,48.2193],[-2.8737,48.2225],[-2.8793,48.2206],[-2.8864,48.2223],[-2.8862,48.2253],[-2.8799,48.2265],[-2.8873,48.2276],[-2.8846,48.2317],[-2.8735,48.2267],[-2.8596,48.23],[-2.8586,48.2267],[-2.8615,48.223],[-2.859,48.2224],[-2.8582,48.2173],[-2.8536,48.2131],[-2.846,48.2115],[-2.8502,48.2061],[-2.8451,48.2026],[-2.8449,48.1921],[-2.8422,48.1878],[-2.8373,48.1891],[-2.8349,48.1864]]]]}},{"type":"Feature","properties":{"territoire":"22280","nom":"Saint-Carné","type":"commune"},"geometry":{"type":"MultiPolygon","coordinates":[[[[-2.0794,48.4133],[-2.0769,48.4324],[-2.0682,48.431],[-2.0654,48.435],[-2.054,48.428],[-2.0439,48.4257],[-2.0418,48.4257],[-2.0402,48.4295],[-2.0235,48.4276],[-2.0283,48.4189],[-2.0366,48.4165],[-2.0395,48.4095],[-2.0441,48.4091],[-2.0431,48.4047],[-2.062,48.4036],[-2.0624,48.4069],[-2.0693,48.4102],[-2.0685,48.4122],[-2.0794,48.4133]]]]}},{"type":"Feature","properties":{"territoire":"22281","nom":"Saint-Carreuc","type":"commune"},"geometry":{"type":"MultiPolygon","coordinates":[[[[-2.7754,48.4119],[-2.7659,48.4154],[-2.7664,48.4208],[-2.7545,48.4215],[-2.7485,48.4195],[-2.7409,48.4218],[-2.7374,48.4197],[-2.7334,48.4227],[-2.7335,48.4171],[-2.7245,48.4204],[-2.7195,48.4151],[-2.7149,48.4146],[-2.717,48.4081],[-2.7267,48.4056],[-2.7259,48.3952],[-2.7577,48.3856],[-2.7635,48.3806],[-2.7627,48.3821],[-2.7743,48.3849],[-2.7739,48.3865],[-2.7792,48.3863],[-2.7678,48.3944],[-2.7788,48.4011],[-2.7745,48.4036],[-2.7782,48.4061],[-2.7735,48.411],[-2.7754,48.4119]]]]}},{"type":"Feature","properties":{"territoire":"22282","nom":"Saint-Cast-le-Guildo","type":"commune"},"geometry":{"type":"MultiPolygon","coordinates":[[[[-2.2539,48.5694],[-2.2626,48.5745],[-2.2598,48.5777],[-2.2642,48.5793],[-2.2637,48.5904],[-2.2596,48.5946],[-2.265,48.6006],[-2.2639,48.6049],[-2.2716,48.6058],[-2.2754,48.6095],[-2.2729,48.6111],[-2.2756,48.6185],[-2.2789,48.6202],[-2.2785,48.625],[-2.2897,48.6286],[-2.2863,48.6299],[-2.2871,48.6323],[-2.273,48.6372],[-2.2719,48.6392],[-2.2738,48.6404],[-2.2657,48.641],[-2.2601,48.6455],[-2.2562,48.6437],[-2.2475,48.6461],[-2.243,48.6446],[-2.2426,48.6392],[-2.245,48.638],[-2.2426,48.6398],[-2.2452,48.6416],[-2.253,48.6386],[-2.2562,48.6363],[-2.255,48.6326],[-2.2433,48.6235],[-2.238,48.6258],[-2.2441,48.6207],[-2.2458,48.6153],[-2.2321,48.61],[-2.2283,48.611],[-2.2267,48.6045],[-2.2226,48.6024],[-2.2236,48.5956],[-2.2258,48.5947],[-2.2144,48.5933],[-2.2102,48.5873],[-2.2125,48.5812],[-2.2107,48.5761],[-2.2184,48.5734],[-2.2205,48.5704],[-2.2223,48.572],[-2.2291,48.5706],[-2.2318,48.5724],[-2.2309,48.5742],[-2.2408,48.5747],[-2.2466,48.5701],[-2.2539,48.5694]]]]}},{"type":"Feature","properties":{"territoire":"22283","nom":"Saint-Clet","type":"commune"},"geometry":{"type":"MultiPolygon","coordinates":[[[[-3.1567,48.6576],[-3.1603,48.663],[-3.1508,48.6702],[-3.1576,48.6713],[-3.1605,48.6747],[-3.1557,48.6794],[-3.1618,48.6797],[-3.1595,48.6853],[-3.1628,48.6864],[-3.1623,48.6886],[-3.1669,48.6894],[-3.1685,48.6949],[-3.1657,48.6956],[-3.1632,48.6927],[-3.1593,48.696],[-3.1556,48.6938],[-3.146,48.6957],[-3.1405,48.6941],[-3.1401,48.6913],[-3.1301,48.6834],[-3.1348,48.677],[-3.1326,48.6754],[-3.1008,48.6772],[-3.1005,48.6704],[-3.112,48.6607],[-3.1182,48.6513],[-3.1254,48.6539],[-3.1309,48.6532],[-3.1361,48.6481],[-3.1363,48.6439],[-3.1444,48.6428],[-3.1495,48.6459],[-3.1531,48.6488],[-3.1521,48.6532],[-3.1567,48.6576]]]]}},{"type":"Feature","properties":{"territoire":"22284","nom":"Saint-Connan","type":"commune"},"geometry":{"type":"MultiPolygon","coordinates":[[[[-3.1037,48.4033],[-3.104,48.4077],[-3.1065,48.4087],[-3.1053,48.4113],[-3.1117,48.415],[-3.1155,48.4147],[-3.1202,48.4094],[-3.1255,48.4077],[-3.1259,48.4119],[-3.1231,48.4139],[-3.1254,48.4157],[-3.1236,48.4171],[-3.1248,48.419],[-3.119,48.4214],[-3.1108,48.4198],[-3.1019,48.4234],[-3.0957,48.422],[-3.09,48.4255],[-3.0751,48.4169],[-3.0665,48.4235],[-3.0491,48.423],[-3.0449,48.4269],[-3.0366,48.4228],[-3.0309,48.4142],[-3.0364,48.409],[-3.0474,48.4045],[-3.0466,48.4007],[-3.055,48.3999],[-3.0555,48.4022],[-3.064,48.4003],[-3.0736,48.4025],[-3.0766,48.3981],[-3.089,48.3993],[-3.0924,48.3947],[-3.0972,48.4042],[-3.1037,48.4033]]]]}},{"type":"Feature","properties":{"territoire":"22285","nom":"Saint-Connec","type":"commune"},"geometry":{"type":"MultiPolygon","coordinates":[[[[-2.8879,48.169],[-2.893,48.1641],[-2.9035,48.1626],[-2.9107,48.1658],[-2.9329,48.168],[-2.9401,48.1717],[-2.964,48.1706],[-2.9603,48.174],[-2.9493,48.1744],[-2.9508,48.1761],[-2.9468,48.1779],[-2.9518,48.1792],[-2.9546,48.1842],[-2.944,48.1886],[-2.9481,48.1955],[-2.9511,48.196],[-2.9334,48.2016],[-2.9361,48.191],[-2.9346,48.1902],[-2.9293,48.1967],[-2.9229,48.1944],[-2.9127,48.1957],[-2.9088,48.1933],[-2.9064,48.1874],[-2.9081,48.1853],[-2.9051,48.1795],[-2.9069,48.1786],[-2.9021,48.1751],[-2.9041,48.1682],[-2.8932,48.1734],[-2.8915,48.1687],[-2.8879,48.169]]]]}},{"type":"Feature","properties":{"territoire":"22286","nom":"Saint-Denoual","type":"commune"},"geometry":{"type":"MultiPolygon","coordinates":[[[[-2.349,48.5097],[-2.3748,48.5099],[-2.3764,48.5073],[-2.3815,48.5072],[-2.3814,48.5054],[-2.3902,48.5056],[-2.3922,48.5034],[-2.397,48.5048],[-2.3982,48.5104],[-2.4016,48.5129],[-2.4017,48.5178],[-2.4084,48.5196],[-2.4085,48.5228],[-2.4133,48.5259],[-2.4118,48.5289],[-2.4094,48.5282],[-2.3996,48.5351],[-2.3892,48.5311],[-2.3825,48.5326],[-2.3783,48.5232],[-2.35,48.5188],[-2.349,48.5097]]]]}},{"type":"Feature","properties":{"territoire":"22287","nom":"Saint-Donan","type":"commune"},"geometry":{"type":"MultiPolygon","coordinates":[[[[-2.842,48.4723],[-2.8476,48.4704],[-2.8497,48.4652],[-2.8752,48.4579],[-2.8773,48.4487],[-2.8858,48.4431],[-2.8987,48.4423],[-2.9134,48.4353],[-2.9255,48.441],[-2.9317,48.4501],[-2.925,48.453],[-2.9209,48.4593],[-2.9218,48.4699],[-2.9238,48.4713],[-2.9169,48.4719],[-2.9143,48.4677],[-2.9091,48.4702],[-2.9097,48.4742],[-2.9054,48.4792],[-2.9062,48.4821],[-2.9043,48.481],[-2.8898,48.4865],[-2.8817,48.4854],[-2.8689,48.4913],[-2.854,48.4883],[-2.8419,48.4903],[-2.8396,48.475],[-2.842,48.4723]]]]}},{"type":"Feature","properties":{"territoire":"22288","nom":"Saint-Étienne-du-Gué-de-l'Isle","type":"commune"},"geometry":{"type":"MultiPolygon","coordinates":[[[[-2.6515,48.1105],[-2.6434,48.1129],[-2.6401,48.1115],[-2.6276,48.119],[-2.6185,48.119],[-2.6081,48.1179],[-2.6004,48.1132],[-2.5999,48.109],[-2.6052,48.1095],[-2.608,48.104],[-2.6278,48.1047],[-2.6301,48.1027],[-2.634,48.0963],[-2.6301,48.0956],[-2.6376,48.0946],[-2.6435,48.0491],[-2.6543,48.0513],[-2.6549,48.0482],[-2.6566,48.0495],[-2.6632,48.0465],[-2.6594,48.0449],[-2.6656,48.0444],[-2.6707,48.0506],[-2.6669,48.0517],[-2.6655,48.0563],[-2.6732,48.064],[-2.6672,48.0659],[-2.6618,48.0823],[-2.6558,48.0841],[-2.6539,48.0874],[-2.6564,48.0931],[-2.6499,48.0981],[-2.6569,48.1065],[-2.6516,48.1073],[-2.6515,48.1105]]]]}},{"type":"Feature","properties":{"territoire":"22289","nom":"Saint-Fiacre","type":"commune"},"geometry":{"type":"MultiPolygon","coordinates":[[[[-3.028,48.4426],[-3.0462,48.4452],[-3.0588,48.4411],[-3.0695,48.4464],[-3.0721,48.4518],[-3.0764,48.4524],[-3.0802,48.4498],[-3.0883,48.4542],[-3.0884,48.4572],[-3.0792,48.4629],[-3.0723,48.4629],[-3.0564,48.471],[-3.0554,48.4691],[-3.0366,48.4686],[-3.0352,48.4571],[-3.0305,48.4589],[-3.0283,48.4564],[-3.0225,48.456],[-3.0208,48.4528],[-3.0209,48.4484],[-3.0256,48.4473],[-3.028,48.4426]]]]}},{"type":"Feature","properties":{"territoire":"22291","nom":"Saint-Gildas","type":"commune"},"geometry":{"type":"MultiPolygon","coordinates":[[[[-3.0347,48.4106],[-3.0309,48.4142],[-3.0341,48.4203],[-3.0256,48.4232],[-3.0355,48.4314],[-3.0269,48.4364],[-3.0303,48.4385],[-3.0235,48.4483],[-3.0158,48.4455],[-3.0087,48.4472],[-3.0077,48.4443],[-2.9994,48.4434],[-2.9996,48.4407],[-2.9952,48.44],[-2.9923,48.4314],[-2.9833,48.4319],[-2.9837,48.4283],[-2.9791,48.4277],[-2.983,48.4228],[-2.9755,48.4211],[-2.9744,48.4154],[-2.9694,48.413],[-2.9729,48.4093],[-2.9674,48.4072],[-2.9747,48.4045],[-2.9775,48.4072],[-2.9904,48.4071],[-3.0058,48.4032],[-3.0188,48.4047],[-3.0225,48.4027],[-3.0294,48.4046],[-3.0347,48.4106]]]]}},{"type":"Feature","properties":{"territoire":"22293","nom":"Saint-Gilles-les-Bois","type":"commune"},"geometry":{"type":"MultiPolygon","coordinates":[[[[-3.0769,48.6507],[-3.0836,48.6451],[-3.0899,48.6467],[-3.096,48.6444],[-3.1027,48.6385],[-3.1185,48.6425],[-3.1225,48.6472],[-3.1021,48.6698],[-3.0748,48.6656],[-3.0734,48.6719],[-3.0671,48.6752],[-3.0543,48.6706],[-3.0569,48.6691],[-3.0559,48.663],[-3.0756,48.6571],[-3.0791,48.6537],[-3.0769,48.6507]]]]}},{"type":"Feature","properties":{"territoire":"22294","nom":"Saint-Gilles-Pligeaux","type":"commune"},"geometry":{"type":"MultiPolygon","coordinates":[[[[-3.0466,48.4007],[-3.0504,48.3932],[-3.0549,48.39],[-3.0537,48.3868],[-3.0565,48.3835],[-3.0529,48.3774],[-3.0686,48.3662],[-3.0771,48.3632],[-3.083,48.3563],[-3.0903,48.3537],[-3.0926,48.3493],[-3.0964,48.3538],[-3.11,48.3578],[-3.1072,48.3622],[-3.1173,48.3584],[-3.1206,48.3677],[-3.1153,48.3735],[-3.1164,48.3885],[-3.1108,48.3907],[-3.1112,48.3938],[-3.1028,48.4007],[-3.1037,48.4033],[-3.0972,48.4042],[-3.0924,48.3947],[-3.089,48.3993],[-3.0766,48.3981],[-3.0736,48.4025],[-3.064,48.4003],[-3.0555,48.4022],[-3.055,48.3999],[-3.0466,48.4007]]]]}},{"type":"Feature","properties":{"territoire":"22295","nom":"Saint-Gilles-Vieux-Marché","type":"commune"},"geometry":{"type":"MultiPolygon","coordinates":[[[[-2.9692,48.2857],[-2.9564,48.2835],[-2.9535,48.2822],[-2.9532,48.2793],[-2.9403,48.2825],[-2.9372,48.2803],[-2.94,48.2774],[-2.9396,48.273],[-2.9491,48.268],[-2.9445,48.2567],[-2.9502,48.2575],[-2.9519,48.2552],[-2.9619,48.2532],[-2.9519,48.2419],[-2.9461,48.2412],[-2.9425,48.2332],[-2.9476,48.229],[-2.9436,48.226],[-2.9594,48.2202],[-2.9718,48.2106],[-2.9768,48.2215],[-2.973,48.2285],[-2.9788,48.2321],[-2.9857,48.2268],[-2.9979,48.2267],[-3.0089,48.2429],[-2.9962,48.2438],[-2.9957,48.2458],[-3.0031,48.2458],[-2.9968,48.2474],[-2.9963,48.2512],[-2.9882,48.2495],[-2.9845,48.2564],[-2.9884,48.2631],[-2.9845,48.2648],[-2.9899,48.2651],[-2.9918,48.2684],[-2.9751,48.2724],[-2.9798,48.2737],[-2.985,48.2811],[-2.9692,48.2857]]]]}},{"type":"Feature","properties":{"territoire":"22296","nom":"Saint-Glen","type":"commune"},"geometry":{"type":"MultiPolygon","coordinates":[[[[-2.5507,48.3063],[-2.5435,48.3133],[-2.5441,48.3175],[-2.5373,48.3245],[-2.5368,48.3371],[-2.5298,48.3436],[-2.5253,48.3544],[-2.5274,48.3594],[-2.5327,48.3631],[-2.5293,48.367],[-2.5292,48.3747],[-2.5216,48.3833],[-2.5233,48.3866],[-2.5193,48.388],[-2.5086,48.3861],[-2.504,48.3782],[-2.5098,48.3704],[-2.5041,48.3669],[-2.5034,48.3624],[-2.5061,48.3555],[-2.5143,48.3544],[-2.515,48.3513],[-2.5027,48.3484],[-2.508,48.3443],[-2.5084,48.3385],[-2.5109,48.3363],[-2.5233,48.3337],[-2.5263,48.332],[-2.5268,48.3284],[-2.5311,48.3284],[-2.541,48.3057],[-2.5507,48.3063]]]]}},{"type":"Feature","properties":{"territoire":"22299","nom":"Saint-Hélen","type":"commune"},"geometry":{"type":"MultiPolygon","coordinates":[[[[-1.9635,48.4485],[-1.9864,48.4527],[-1.9883,48.4594],[-1.9916,48.4611],[-1.9851,48.4626],[-1.9878,48.467],[-2.0016,48.4733],[-2.0041,48.4798],[-1.9981,48.4771],[-1.9843,48.4787],[-1.9802,48.4828],[-1.9645,48.4808],[-1.95,48.4857],[-1.9413,48.4856],[-1.9417,48.4799],[-1.9334,48.4797],[-1.9271,48.4767],[-1.9318,48.4703],[-1.9264,48.4677],[-1.9238,48.4623],[-1.9278,48.4531],[-1.9387,48.4473],[-1.9635,48.4485]]]]}},{"type":"Feature","properties":{"territoire":"22300","nom":"Saint-Hervé","type":"commune"},"geometry":{"type":"MultiPolygon","coordinates":[[[[-2.7885,48.2729],[-2.7806,48.2687],[-2.787,48.2675],[-2.7852,48.2653],[-2.7866,48.264],[-2.8146,48.259],[-2.8187,48.2553],[-2.8277,48.2594],[-2.8329,48.2701],[-2.8368,48.2679],[-2.8439,48.2691],[-2.8418,48.273],[-2.8243,48.2798],[-2.8211,48.2844],[-2.8235,48.2928],[-2.8145,48.2968],[-2.8109,48.2968],[-2.8066,48.2916],[-2.8055,48.2928],[-2.7986,48.2816],[-2.7885,48.2729]]]]}},{"type":"Feature","properties":{"territoire":"22302","nom":"Saint-Jacut-de-la-Mer","type":"commune"},"geometry":{"type":"MultiPolygon","coordinates":[[[[-2.2008,48.574],[-2.2071,48.5756],[-2.205,48.5769],[-2.2069,48.5798],[-2.2013,48.5811],[-2.202,48.5839],[-2.1912,48.5938],[-2.1952,48.5985],[-2.1917,48.6036],[-2.1951,48.6069],[-2.1952,48.6104],[-2.1844,48.6059],[-2.1818,48.598],[-2.1835,48.5986],[-2.1851,48.5954],[-2.1814,48.5912],[-2.1876,48.5891],[-2.187,48.5808],[-2.1969,48.5779],[-2.1981,48.5731],[-2.2008,48.574]]],[[[-2.1957,48.6198],[-2.1893,48.6275],[-2.1868,48.627],[-2.1875,48.6217],[-2.1929,48.6214],[-2.1936,48.6184],[-2.1957,48.6198]]]]}},{"type":"Feature","properties":{"territoire":"22304","nom":"Saint-Jean-Kerdaniel","type":"commune"},"geometry":{"type":"MultiPolygon","coordinates":[[[[-3.06,48.5552],[-3.0583,48.558],[-3.0476,48.5595],[-3.0459,48.5608],[-3.047,48.5655],[-3.0373,48.5697],[-3.0162,48.5715],[-3.0122,48.5665],[-3.0038,48.5636],[-3.0082,48.5563],[-3.017,48.5521],[-3.0191,48.5414],[-3.0248,48.5368],[-3.0392,48.5359],[-3.0432,48.5395],[-3.0569,48.5312],[-3.0629,48.5335],[-3.0626,48.5382],[-3.0539,48.5465],[-3.0607,48.5532],[-3.06,48.5552]]]]}},{"type":"Feature","properties":{"territoire":"22305","nom":"Saint-Jouan-de-l'Isle","type":"commune"},"geometry":{"type":"MultiPolygon","coordinates":[[[[-2.1777,48.2511],[-2.1959,48.2614],[-2.2066,48.2643],[-2.2088,48.2687],[-2.2059,48.2772],[-2.1871,48.278],[-2.1746,48.2732],[-2.1508,48.2771],[-2.1545,48.2741],[-2.154,48.2709],[-2.1487,48.2669],[-2.152,48.2622],[-2.1678,48.2534],[-2.1731,48.2538],[-2.1777,48.2511]]]]}},{"type":"Feature","properties":{"territoire":"22306","nom":"Saint-Judoce","type":"commune"},"geometry":{"type":"MultiPolygon","coordinates":[[[[-1.932,48.3546],[-1.9301,48.3466],[-1.9464,48.3424],[-1.9669,48.343],[-1.9703,48.3699],[-1.9738,48.3752],[-1.9683,48.3752],[-1.975,48.382],[-1.9741,48.3834],[-1.9394,48.3861],[-1.9384,48.3831],[-1.9462,48.3802],[-1.9447,48.3739],[-1.9474,48.3671],[-1.9428,48.3632],[-1.9427,48.3603],[-1.9326,48.3607],[-1.932,48.3546]]]]}},{"type":"Feature","properties":{"territoire":"22307","nom":"Saint-Julien","type":"commune"},"geometry":{"type":"MultiPolygon","coordinates":[[[[-2.7943,48.4424],[-2.8053,48.4424],[-2.8138,48.4367],[-2.8222,48.4381],[-2.8246,48.4427],[-2.8329,48.4369],[-2.8385,48.4368],[-2.8416,48.4403],[-2.8389,48.4449],[-2.8332,48.4467],[-2.8347,48.4503],[-2.8278,48.4521],[-2.8274,48.4547],[-2.8327,48.457],[-2.8266,48.4608],[-2.8186,48.4596],[-2.8102,48.4544],[-2.8027,48.4554],[-2.7943,48.4528],[-2.7946,48.4498],[-2.7981,48.4477],[-2.7938,48.4449],[-2.7943,48.4424]]]]}},{"type":"Feature","properties":{"territoire":"22308","nom":"Saint-Juvat","type":"commune"},"geometry":{"type":"MultiPolygon","coordinates":[[[[-2.0425,48.3893],[-2.0425,48.3858],[-2.0314,48.3788],[-2.0286,48.3794],[-2.0233,48.3738],[-2.0317,48.3709],[-2.0282,48.37],[-2.0276,48.3667],[-2.0178,48.3642],[-2.0163,48.3619],[-2.0173,48.3581],[-2.0245,48.3557],[-2.0261,48.3514],[-2.0243,48.3469],[-2.0347,48.3423],[-2.0423,48.3456],[-2.0519,48.3445],[-2.0567,48.3475],[-2.0655,48.3475],[-2.0729,48.344],[-2.0878,48.3463],[-2.0955,48.3499],[-2.0983,48.3561],[-2.0889,48.3585],[-2.0897,48.3681],[-2.0836,48.3678],[-2.0643,48.3734],[-2.0605,48.3792],[-2.0529,48.3833],[-2.0539,48.3855],[-2.0512,48.3855],[-2.0471,48.3902],[-2.0425,48.3893]]]]}},{"type":"Feature","properties":{"territoire":"22310","nom":"Saint-Laurent","type":"commune"},"geometry":{"type":"MultiPolygon","coordinates":[[[[-3.2745,48.6078],[-3.2764,48.6104],[-3.2683,48.6127],[-3.2684,48.6179],[-3.2593,48.614],[-3.2561,48.6144],[-3.2558,48.6184],[-3.2469,48.6173],[-3.2492,48.6244],[-3.2471,48.63],[-3.2511,48.6318],[-3.2462,48.6419],[-3.237,48.6393],[-3.2407,48.6328],[-3.2333,48.6298],[-3.2326,48.6261],[-3.2181,48.6232],[-3.223,48.6138],[-3.2204,48.6024],[-3.2285,48.6019],[-3.2313,48.5988],[-3.2328,48.6012],[-3.2306,48.6086],[-3.2362,48.6076],[-3.2345,48.6019],[-3.2416,48.602],[-3.2465,48.6053],[-3.2495,48.6015],[-3.2585,48.6006],[-3.2666,48.6076],[-3.2709,48.6032],[-3.2745,48.6078]]]]}},{"type":"Feature","properties":{"territoire":"22311","nom":"Saint-Lormel","type":"commune"},"geometry":{"type":"MultiPolygon","coordinates":[[[[-2.2582,48.5593],[-2.2566,48.5637],[-2.2584,48.5671],[-2.2466,48.5701],[-2.2415,48.5746],[-2.2309,48.5742],[-2.2318,48.5724],[-2.2291,48.5706],[-2.2163,48.5689],[-2.2178,48.5635],[-2.2215,48.5608],[-2.2169,48.5547],[-2.2248,48.554],[-2.2243,48.547],[-2.2186,48.5442],[-2.2265,48.5393],[-2.2266,48.5343],[-2.2229,48.5325],[-2.2247,48.5289],[-2.2304,48.525],[-2.238,48.5281],[-2.2416,48.524],[-2.249,48.526],[-2.2498,48.5303],[-2.2455,48.5363],[-2.2496,48.5425],[-2.2384,48.5452],[-2.237,48.5482],[-2.242,48.5494],[-2.2418,48.5586],[-2.2582,48.5593]]]]}},{"type":"Feature","properties":{"territoire":"22312","nom":"Saint-Maden","type":"commune"},"geometry":{"type":"MultiPolygon","coordinates":[[[[-2.0925,48.3476],[-2.0729,48.344],[-2.0655,48.3475],[-2.0567,48.3475],[-2.0519,48.3445],[-2.0423,48.3456],[-2.0357,48.343],[-2.04,48.3428],[-2.0418,48.3374],[-2.0448,48.3345],[-2.048,48.3351],[-2.0503,48.3316],[-2.0593,48.332],[-2.061,48.3275],[-2.0648,48.3283],[-2.0663,48.3258],[-2.0697,48.3283],[-2.089,48.3249],[-2.0883,48.3267],[-2.0936,48.3268],[-2.0855,48.3322],[-2.0871,48.3362],[-2.0949,48.3392],[-2.0925,48.3476]]]]}},{"type":"Feature","properties":{"territoire":"22313","nom":"Saint-Martin-des-Prés","type":"commune"},"geometry":{"type":"MultiPolygon","coordinates":[[[[-2.9843,48.3269],[-2.9693,48.3227],[-2.9537,48.3266],[-2.9466,48.3253],[-2.9484,48.3217],[-2.9446,48.3196],[-2.9456,48.3177],[-2.9406,48.3173],[-2.9428,48.3153],[-2.9361,48.3157],[-2.9328,48.3139],[-2.9336,48.3112],[-2.9261,48.3105],[-2.9257,48.3062],[-2.9327,48.3],[-2.9283,48.2927],[-2.9289,48.2895],[-2.9392,48.2854],[-2.9411,48.2817],[-2.9532,48.2793],[-2.9535,48.2822],[-2.9564,48.2835],[-2.9716,48.2857],[-2.9758,48.2893],[-2.9715,48.2937],[-2.9818,48.2907],[-2.9833,48.2936],[-2.9811,48.2953],[-2.988,48.2953],[-2.9885,48.2973],[-2.9961,48.2987],[-2.9996,48.3028],[-3.0074,48.3039],[-3.0094,48.3091],[-3,48.3118],[-2.997,48.3172],[-3.0003,48.317],[-3.0091,48.3225],[-2.9843,48.3269]]]]}},{"type":"Feature","properties":{"territoire":"22314","nom":"Saint-Maudan","type":"commune"},"geometry":{"type":"MultiPolygon","coordinates":[[[[-2.7513,48.1167],[-2.7579,48.1116],[-2.7598,48.0986],[-2.7668,48.0937],[-2.7703,48.0872],[-2.7755,48.0873],[-2.7774,48.0937],[-2.7736,48.0969],[-2.779,48.099],[-2.7764,48.1047],[-2.7827,48.1087],[-2.7811,48.1189],[-2.7866,48.1252],[-2.7795,48.1275],[-2.7687,48.1224],[-2.7602,48.1278],[-2.7493,48.1258],[-2.7477,48.124],[-2.7513,48.1167]]]]}},{"type":"Feature","properties":{"territoire":"22315","nom":"Saint-Maudez","type":"commune"},"geometry":{"type":"MultiPolygon","coordinates":[[[[-2.1536,48.4513],[-2.1621,48.4474],[-2.1617,48.4515],[-2.1667,48.452],[-2.1805,48.4469],[-2.1844,48.4428],[-2.1931,48.4417],[-2.1951,48.4424],[-2.1934,48.4436],[-2.1956,48.448],[-2.1992,48.4478],[-2.202,48.4526],[-2.2063,48.4539],[-2.1849,48.468],[-2.18,48.4646],[-2.1687,48.4621],[-2.1703,48.4575],[-2.1669,48.4552],[-2.1553,48.4559],[-2.1536,48.4513]]]]}},{"type":"Feature","properties":{"territoire":"22317","nom":"Saint-Méloir-des-Bois","type":"commune"},"geometry":{"type":"MultiPolygon","coordinates":[[[[-2.258,48.412],[-2.2616,48.4091],[-2.2747,48.4121],[-2.2728,48.4173],[-2.2747,48.4198],[-2.265,48.4215],[-2.2661,48.4235],[-2.2606,48.4274],[-2.2652,48.433],[-2.2563,48.4349],[-2.2588,48.4414],[-2.2559,48.4495],[-2.2655,48.4503],[-2.2634,48.4543],[-2.2698,48.4539],[-2.2722,48.4562],[-2.268,48.4631],[-2.2549,48.4661],[-2.2468,48.461],[-2.2413,48.4644],[-2.2369,48.4609],[-2.2399,48.4588],[-2.2378,48.4562],[-2.2446,48.4513],[-2.2462,48.4474],[-2.2492,48.4478],[-2.2517,48.4285],[-2.2588,48.4242],[-2.258,48.412]]]]}},{"type":"Feature","properties":{"territoire":"22318","nom":"Saint-Michel-de-Plélan","type":"commune"},"geometry":{"type":"MultiPolygon","coordinates":[[[[-2.2425,48.4642],[-2.2397,48.466],[-2.2426,48.4667],[-2.2407,48.4701],[-2.2351,48.4705],[-2.2388,48.4761],[-2.2328,48.4767],[-2.2259,48.4766],[-2.2237,48.4737],[-2.2118,48.474],[-2.2005,48.4667],[-2.1918,48.4665],[-2.1941,48.4612],[-2.1986,48.4583],[-2.2077,48.4567],[-2.2145,48.4521],[-2.2407,48.4466],[-2.2462,48.4474],[-2.2446,48.4513],[-2.2378,48.4562],[-2.2399,48.4588],[-2.2369,48.4609],[-2.2425,48.4642]]]]}},{"type":"Feature","properties":{"territoire":"22319","nom":"Saint-Michel-en-Grève","type":"commune"},"geometry":{"type":"MultiPolygon","coordinates":[[[[-3.56,48.69],[-3.5631,48.6853],[-3.5445,48.6803],[-3.546,48.678],[-3.5413,48.6748],[-3.5428,48.672],[-3.54,48.6642],[-3.5462,48.6623],[-3.5521,48.6635],[-3.5588,48.6587],[-3.5626,48.6613],[-3.5638,48.6683],[-3.5732,48.6751],[-3.5674,48.6844],[-3.5714,48.6887],[-3.5656,48.693],[-3.56,48.69]]]]}},{"type":"Feature","properties":{"territoire":"22320","nom":"Saint-Nicodème","type":"commune"},"geometry":{"type":"MultiPolygon","coordinates":[[[[-3.3374,48.3355],[-3.3484,48.3373],[-3.3553,48.3348],[-3.3601,48.3425],[-3.3674,48.3459],[-3.3802,48.3434],[-3.3799,48.3462],[-3.3876,48.3529],[-3.3701,48.3557],[-3.3618,48.3609],[-3.3613,48.3668],[-3.3388,48.3765],[-3.339,48.3845],[-3.3309,48.3871],[-3.3279,48.3824],[-3.3206,48.3783],[-3.3221,48.3757],[-3.3164,48.3723],[-3.3329,48.3671],[-3.3327,48.362],[-3.3295,48.3598],[-3.331,48.3586],[-3.3232,48.3516],[-3.304,48.3537],[-3.2996,48.3502],[-3.2989,48.3465],[-3.2964,48.3462],[-3.3004,48.3409],[-3.3138,48.3395],[-3.3229,48.3333],[-3.3374,48.3355]]]]}},{"type":"Feature","properties":{"territoire":"22321","nom":"Saint-Nicolas-du-Pélem","type":"commune"},"geometry":{"type":"MultiPolygon","coordinates":[[[[-3.1412,48.3617],[-3.1416,48.3575],[-3.1385,48.3575],[-3.1317,48.3503],[-3.1375,48.3483],[-3.132,48.3419],[-3.1365,48.3399],[-3.1365,48.3352],[-3.134,48.3337],[-3.1369,48.3287],[-3.1325,48.3244],[-3.1352,48.3178],[-3.1289,48.3177],[-3.1269,48.3057],[-3.1122,48.3045],[-3.128,48.2895],[-3.1383,48.2889],[-3.1417,48.2831],[-3.1542,48.2829],[-3.1637,48.2866],[-3.1768,48.2878],[-3.1812,48.2925],[-3.1826,48.3035],[-3.1951,48.3016],[-3.2046,48.3063],[-3.2151,48.3067],[-3.2153,48.3099],[-3.2195,48.3122],[-3.2154,48.3151],[-3.2186,48.3226],[-3.215,48.323],[-3.2134,48.3258],[-3.2153,48.3276],[-3.2125,48.3269],[-3.214,48.3291],[-3.2018,48.3318],[-3.1895,48.3253],[-3.1902,48.328],[-3.1879,48.3302],[-3.1972,48.3388],[-3.1945,48.3438],[-3.1882,48.3447],[-3.1898,48.3473],[-3.1868,48.3502],[-3.1808,48.3513],[-3.1822,48.355],[-3.1793,48.3552],[-3.1787,48.3589],[-3.1705,48.3653],[-3.1573,48.3702],[-3.1412,48.3617]]]]}},{"type":"Feature","properties":{"territoire":"22322","nom":"Saint-Péver","type":"commune"},"geometry":{"type":"MultiPolygon","coordinates":[[[[-3.0564,48.471],[-3.0723,48.4629],[-3.0792,48.4629],[-3.0884,48.4572],[-3.0967,48.462],[-3.1009,48.4756],[-3.1049,48.476],[-3.107,48.4812],[-3.1135,48.4822],[-3.1188,48.487],[-3.119,48.4933],[-3.1153,48.5003],[-3.108,48.5065],[-3.0876,48.5033],[-3.0827,48.4993],[-3.082,48.4956],[-3.0743,48.4933],[-3.0757,48.4908],[-3.0819,48.4903],[-3.082,48.4873],[-3.0726,48.485],[-3.0737,48.4805],[-3.0658,48.4799],[-3.0564,48.471]]]]}},{"type":"Feature","properties":{"territoire":"22323","nom":"Saint-Pôtan","type":"commune"},"geometry":{"type":"MultiPolygon","coordinates":[[[[-2.3381,48.529],[-2.3414,48.5286],[-2.3334,48.5356],[-2.3264,48.5504],[-2.3154,48.5635],[-2.3136,48.5697],[-2.3155,48.576],[-2.2944,48.5723],[-2.2937,48.5783],[-2.2906,48.5773],[-2.2864,48.5809],[-2.275,48.5824],[-2.2637,48.5904],[-2.2642,48.5793],[-2.2598,48.5777],[-2.2626,48.5745],[-2.2539,48.5694],[-2.2589,48.5664],[-2.2566,48.5637],[-2.2587,48.5581],[-2.2759,48.5475],[-2.2785,48.542],[-2.2859,48.5376],[-2.2854,48.5337],[-2.3111,48.5412],[-2.3194,48.5382],[-2.3167,48.5366],[-2.3164,48.5286],[-2.3381,48.529]]]]}},{"type":"Feature","properties":{"territoire":"22324","nom":"Saint-Quay-Perros","type":"commune"},"geometry":{"type":"MultiPolygon","coordinates":[[[[-3.4416,48.7974],[-3.4403,48.7931],[-3.4327,48.7899],[-3.4398,48.7856],[-3.4397,48.7826],[-3.4429,48.7798],[-3.4429,48.7754],[-3.4387,48.7735],[-3.4394,48.7687],[-3.4465,48.7701],[-3.4533,48.7593],[-3.4573,48.7597],[-3.4541,48.7671],[-3.4569,48.7692],[-3.4528,48.773],[-3.4566,48.7758],[-3.4611,48.7756],[-3.4658,48.7867],[-3.4564,48.7886],[-3.4491,48.7979],[-3.4416,48.7974]]]]}},{"type":"Feature","properties":{"territoire":"22325","nom":"Saint-Quay-Portrieux","type":"commune"},"geometry":{"type":"MultiPolygon","coordinates":[[[[-2.8468,48.6456],[-2.8556,48.6553],[-2.8654,48.6575],[-2.8575,48.6635],[-2.852,48.664],[-2.849,48.6678],[-2.8416,48.6643],[-2.841,48.659],[-2.8363,48.6583],[-2.8376,48.6559],[-2.8275,48.6564],[-2.8265,48.6497],[-2.8177,48.65],[-2.8151,48.6476],[-2.8204,48.6495],[-2.8227,48.6459],[-2.817,48.6472],[-2.8225,48.6451],[-2.8263,48.6481],[-2.8258,48.6435],[-2.8284,48.6427],[-2.8335,48.6428],[-2.836,48.647],[-2.8416,48.6429],[-2.8468,48.6456]]]]}},{"type":"Feature","properties":{"territoire":"22326","nom":"Saint-Rieul","type":"commune"},"geometry":{"type":"MultiPolygon","coordinates":[[[[-2.448,48.4426],[-2.4384,48.4548],[-2.4286,48.4509],[-2.4217,48.4536],[-2.4117,48.4488],[-2.4093,48.4489],[-2.4097,48.4523],[-2.4071,48.453],[-2.4008,48.4526],[-2.3992,48.4499],[-2.4032,48.4459],[-2.3995,48.4385],[-2.403,48.4322],[-2.409,48.43],[-2.4081,48.4279],[-2.448,48.4426]]]]}},{"type":"Feature","properties":{"territoire":"22327","nom":"Saint-Samson-sur-Rance","type":"commune"},"geometry":{"type":"MultiPolygon","coordinates":[[[[-2.0041,48.4798],[-2.0152,48.4777],[-2.0168,48.4781],[-2.0132,48.4825],[-2.0163,48.4836],[-2.0426,48.4846],[-2.0443,48.4945],[-2.0386,48.4986],[-2.031,48.4979],[-2.0258,48.5023],[-2.0243,48.5003],[-2.0153,48.4994],[-2.0001,48.5017],[-1.9961,48.4993],[-1.9914,48.5001],[-1.9898,48.4989],[-1.9948,48.4978],[-1.9953,48.4943],[-2.0021,48.4933],[-2.0026,48.4885],[-1.9975,48.4845],[-2.0047,48.4818],[-2.0041,48.4798]]]]}},{"type":"Feature","properties":{"territoire":"22328","nom":"Saint-Servais","type":"commune"},"geometry":{"type":"MultiPolygon","coordinates":[[[[-3.3804,48.3435],[-3.3838,48.3447],[-3.3882,48.3422],[-3.3953,48.3445],[-3.3956,48.3489],[-3.39,48.3579],[-3.3976,48.3634],[-3.3948,48.364],[-3.3972,48.3682],[-3.3921,48.3723],[-3.3983,48.3764],[-3.3972,48.3799],[-3.4187,48.3834],[-3.4129,48.3885],[-3.4132,48.3919],[-3.41,48.3932],[-3.4099,48.4005],[-3.404,48.4047],[-3.393,48.4061],[-3.3863,48.4101],[-3.3824,48.4194],[-3.3698,48.4213],[-3.3647,48.4194],[-3.3614,48.4144],[-3.3479,48.4094],[-3.3319,48.3867],[-3.339,48.3845],[-3.3388,48.3765],[-3.3613,48.3668],[-3.3618,48.3609],[-3.3701,48.3557],[-3.3876,48.3529],[-3.3799,48.3462],[-3.3804,48.3435]]]]}},{"type":"Feature","properties":{"territoire":"22330","nom":"Saint-Thélo","type":"commune"},"geometry":{"type":"MultiPolygon","coordinates":[[[[-2.8606,48.2304],[-2.859,48.2345],[-2.8624,48.2364],[-2.8601,48.2388],[-2.8638,48.2417],[-2.8602,48.2507],[-2.8652,48.2513],[-2.8621,48.2565],[-2.8643,48.2595],[-2.8631,48.2645],[-2.8562,48.2675],[-2.8368,48.2679],[-2.8329,48.2701],[-2.8277,48.2594],[-2.8174,48.2544],[-2.8154,48.2459],[-2.811,48.2406],[-2.8125,48.2377],[-2.8205,48.2345],[-2.8229,48.2297],[-2.8353,48.2257],[-2.8477,48.2259],[-2.8588,48.2219],[-2.8615,48.223],[-2.8584,48.228],[-2.8606,48.2304]]]]}},{"type":"Feature","properties":{"territoire":"22331","nom":"Sainte-Tréphine","type":"commune"},"geometry":{"type":"MultiPolygon","coordinates":[[[[-3.1891,48.2657],[-3.1885,48.2734],[-3.1958,48.2785],[-3.1788,48.2836],[-3.1768,48.2878],[-3.1637,48.2866],[-3.1542,48.2829],[-3.1417,48.2831],[-3.1435,48.2818],[-3.1415,48.281],[-3.1426,48.2757],[-3.152,48.2725],[-3.1459,48.268],[-3.1528,48.2658],[-3.1519,48.2632],[-3.1549,48.2591],[-3.1524,48.2542],[-3.1582,48.252],[-3.1577,48.2475],[-3.1654,48.2456],[-3.166,48.2415],[-3.1787,48.2385],[-3.1895,48.2477],[-3.1897,48.2543],[-3.1858,48.2577],[-3.1809,48.2568],[-3.1763,48.2601],[-3.1891,48.2657]]]]}},{"type":"Feature","properties":{"territoire":"22338","nom":"Squiffiec","type":"commune"},"geometry":{"type":"MultiPolygon","coordinates":[[[[-3.1405,48.6269],[-3.1433,48.6265],[-3.1473,48.6204],[-3.1664,48.6206],[-3.1705,48.6253],[-3.1837,48.6224],[-3.1881,48.6283],[-3.1879,48.6401],[-3.1927,48.6477],[-3.183,48.6537],[-3.1617,48.6527],[-3.1567,48.6576],[-3.1519,48.6528],[-3.1531,48.6488],[-3.1447,48.6438],[-3.145,48.6391],[-3.1427,48.6377],[-3.1474,48.634],[-3.1454,48.6302],[-3.1393,48.6298],[-3.1405,48.6269]]]]}},{"type":"Feature","properties":{"territoire":"22339","nom":"Taden","type":"commune"},"geometry":{"type":"MultiPolygon","coordinates":[[[[-2.0987,48.5084],[-2.0908,48.5041],[-2.0796,48.5108],[-2.0758,48.5082],[-2.0674,48.509],[-2.0644,48.5061],[-2.0581,48.5132],[-2.0468,48.5094],[-2.0455,48.507],[-2.0349,48.5109],[-2.0243,48.5032],[-2.031,48.4979],[-2.0386,48.4986],[-2.044,48.495],[-2.0426,48.4846],[-2.0163,48.4836],[-2.0132,48.4825],[-2.0168,48.4781],[-2.0152,48.4777],[-2.004,48.4797],[-2.0095,48.471],[-2.0251,48.4686],[-2.0294,48.4616],[-2.0323,48.4612],[-2.0344,48.4669],[-2.0394,48.4686],[-2.0575,48.4603],[-2.0624,48.467],[-2.0649,48.4664],[-2.0636,48.471],[-2.0683,48.4753],[-2.0764,48.4772],[-2.0825,48.484],[-2.0835,48.4931],[-2.0947,48.4942],[-2.0964,48.5011],[-2.0995,48.501],[-2.1032,48.507],[-2.0987,48.5084]]]]}},{"type":"Feature","properties":{"territoire":"22340","nom":"Tonquédec","type":"commune"},"geometry":{"type":"MultiPolygon","coordinates":[[[[-3.3944,48.7102],[-3.3949,48.7062],[-3.3877,48.7022],[-3.391,48.691],[-3.3889,48.6873],[-3.3779,48.6843],[-3.375,48.6762],[-3.376,48.6698],[-3.3707,48.6687],[-3.3702,48.6647],[-3.3652,48.6615],[-3.378,48.6587],[-3.3893,48.6515],[-3.3944,48.6517],[-3.3936,48.65],[-3.3969,48.6484],[-3.4213,48.6461],[-3.4243,48.6503],[-3.4209,48.6515],[-3.4273,48.6609],[-3.4204,48.6649],[-3.4202,48.6685],[-3.4136,48.6749],[-3.4127,48.6791],[-3.4262,48.698],[-3.4096,48.7089],[-3.406,48.7063],[-3.4002,48.7103],[-3.3944,48.7102]]]]}},{"type":"Feature","properties":{"territoire":"22342","nom":"Trébédan","type":"commune"},"geometry":{"type":"MultiPolygon","coordinates":[[[[-2.1375,48.4166],[-2.1341,48.4126],[-2.1345,48.4075],[-2.1505,48.4044],[-2.1476,48.3916],[-2.1577,48.3904],[-2.1646,48.3839],[-2.1709,48.3836],[-2.1751,48.3799],[-2.1738,48.3851],[-2.1795,48.3854],[-2.1786,48.3947],[-2.1903,48.3996],[-2.1904,48.4071],[-2.1834,48.4035],[-2.1747,48.4062],[-2.1816,48.4161],[-2.17,48.4198],[-2.1684,48.4266],[-2.1616,48.4314],[-2.1585,48.4297],[-2.1582,48.4231],[-2.1513,48.423],[-2.1472,48.4193],[-2.1375,48.4166]]]]}},{"type":"Feature","properties":{"territoire":"22343","nom":"Trébeurden","type":"commune"},"geometry":{"type":"MultiPolygon","coordinates":[[[[-3.6034,48.7718],[-3.5976,48.7711],[-3.5911,48.7664],[-3.5994,48.7671],[-3.6034,48.7718]]],[[[-3.5227,48.7544],[-3.5338,48.7569],[-3.5428,48.7482],[-3.5493,48.746],[-3.5645,48.7603],[-3.5851,48.7573],[-3.578,48.7628],[-3.5822,48.7682],[-3.5888,48.7688],[-3.5842,48.7708],[-3.5831,48.7749],[-3.5852,48.7794],[-3.5807,48.7791],[-3.5783,48.7829],[-3.5846,48.7904],[-3.5806,48.7899],[-3.5803,48.7872],[-3.5782,48.79],[-3.5682,48.7898],[-3.5697,48.7913],[-3.5668,48.7918],[-3.5666,48.7962],[-3.5694,48.7973],[-3.5672,48.7979],[-3.5588,48.7947],[-3.5583,48.7916],[-3.5476,48.7874],[-3.5444,48.7794],[-3.5372,48.778],[-3.5355,48.7734],[-3.5374,48.772],[-3.5205,48.7552],[-3.5227,48.7544]]]]}},{"type":"Feature","properties":{"territoire":"22344","nom":"Trébrivan","type":"commune"},"geometry":{"type":"MultiPolygon","coordinates":[[[[-3.5143,48.3189],[-3.508,48.3226],[-3.5038,48.333],[-3.4979,48.3386],[-3.487,48.3373],[-3.482,48.3327],[-3.471,48.3321],[-3.4659,48.3279],[-3.4563,48.3272],[-3.447,48.3221],[-3.4476,48.3171],[-3.4421,48.3158],[-3.4443,48.3077],[-3.4473,48.3065],[-3.4444,48.3064],[-3.4442,48.2974],[-3.4462,48.2972],[-3.4457,48.2935],[-3.4549,48.2909],[-3.4837,48.2909],[-3.5067,48.2839],[-3.5075,48.2899],[-3.5193,48.2923],[-3.5125,48.2973],[-3.5137,48.3085],[-3.5118,48.3134],[-3.5143,48.3189]]]]}},{"type":"Feature","properties":{"territoire":"22345","nom":"Trébry","type":"commune"},"geometry":{"type":"MultiPolygon","coordinates":[[[[-2.5297,48.3668],[-2.5327,48.3628],[-2.5274,48.3594],[-2.5253,48.3544],[-2.5298,48.3436],[-2.5368,48.3371],[-2.5373,48.3245],[-2.5441,48.3175],[-2.5435,48.3133],[-2.5512,48.3056],[-2.5614,48.3077],[-2.566,48.3122],[-2.5708,48.313],[-2.5695,48.3174],[-2.5758,48.318],[-2.5873,48.3237],[-2.5827,48.3277],[-2.5775,48.3422],[-2.5829,48.3568],[-2.5894,48.358],[-2.5928,48.3614],[-2.5849,48.3645],[-2.586,48.3673],[-2.5836,48.3693],[-2.5748,48.3719],[-2.5753,48.3789],[-2.5682,48.3765],[-2.5662,48.3804],[-2.5614,48.3777],[-2.5451,48.3779],[-2.5381,48.3723],[-2.5365,48.3661],[-2.5297,48.3668]]]]}},{"type":"Feature","properties":{"territoire":"22346","nom":"Trédaniel","type":"commune"},"geometry":{"type":"MultiPolygon","coordinates":[[[[-2.6203,48.3249],[-2.6226,48.3307],[-2.6296,48.3359],[-2.6242,48.3423],[-2.6276,48.3451],[-2.6258,48.3512],[-2.6299,48.3571],[-2.6302,48.3616],[-2.6266,48.3651],[-2.6288,48.3726],[-2.6234,48.3699],[-2.6143,48.3726],[-2.603,48.3665],[-2.5916,48.3701],[-2.5927,48.3611],[-2.5894,48.358],[-2.5829,48.3568],[-2.5775,48.3422],[-2.5827,48.3277],[-2.5873,48.3237],[-2.6203,48.3249]]]]}},{"type":"Feature","properties":{"territoire":"22347","nom":"Trédarzec","type":"commune"},"geometry":{"type":"MultiPolygon","coordinates":[[[[-3.1763,48.8064],[-3.1802,48.7929],[-3.1777,48.7922],[-3.1949,48.7777],[-3.1911,48.7762],[-3.1927,48.773],[-3.1904,48.7729],[-3.1942,48.7704],[-3.1944,48.7668],[-3.2019,48.7659],[-3.2059,48.7693],[-3.2122,48.7681],[-3.2223,48.7732],[-3.2207,48.785],[-3.2253,48.791],[-3.225,48.7976],[-3.2028,48.8145],[-3.2028,48.8188],[-3.1969,48.8184],[-3.1918,48.8137],[-3.1922,48.8113],[-3.1948,48.8113],[-3.1932,48.8077],[-3.1763,48.8064]]]]}},{"type":"Feature","properties":{"territoire":"22348","nom":"Trédias","type":"commune"},"geometry":{"type":"MultiPolygon","coordinates":[[[[-2.2306,48.3455],[-2.2357,48.3489],[-2.2503,48.3504],[-2.2482,48.3556],[-2.2412,48.3604],[-2.2427,48.3634],[-2.2476,48.3645],[-2.239,48.3708],[-2.2437,48.3726],[-2.2429,48.3775],[-2.2392,48.376],[-2.2291,48.3777],[-2.2269,48.3797],[-2.2299,48.3846],[-2.2282,48.3875],[-2.219,48.3884],[-2.2124,48.381],[-2.2024,48.3777],[-2.2025,48.3672],[-2.1988,48.3646],[-2.1987,48.3577],[-2.2088,48.3515],[-2.2306,48.3455]]]]}},{"type":"Feature","properties":{"territoire":"22349","nom":"Trédrez-Locquémeau","type":"commune"},"geometry":{"type":"MultiPolygon","coordinates":[[[[-3.5718,48.6875],[-3.5844,48.6906],[-3.5797,48.6977],[-3.581,48.7051],[-3.5836,48.7068],[-3.5811,48.7131],[-3.5849,48.717],[-3.581,48.7221],[-3.5845,48.7247],[-3.5722,48.7237],[-3.5637,48.7287],[-3.5644,48.7318],[-3.5594,48.7283],[-3.5564,48.7292],[-3.5561,48.726],[-3.5441,48.719],[-3.5465,48.7169],[-3.5545,48.7173],[-3.5424,48.708],[-3.5398,48.697],[-3.5524,48.6944],[-3.552,48.6927],[-3.5595,48.6897],[-3.5656,48.693],[-3.5718,48.6875]]]]}},{"type":"Feature","properties":{"territoire":"22350","nom":"Tréduder","type":"commune"},"geometry":{"type":"MultiPolygon","coordinates":[[[[-3.5531,48.6412],[-3.5613,48.6399],[-3.5643,48.6368],[-3.5666,48.6417],[-3.5776,48.6465],[-3.576,48.6514],[-3.5779,48.6555],[-3.5735,48.6591],[-3.5767,48.6636],[-3.5756,48.6672],[-3.5795,48.6712],[-3.5731,48.6751],[-3.5638,48.6683],[-3.5626,48.6613],[-3.556,48.6577],[-3.5543,48.6543],[-3.5531,48.6412]]]]}},{"type":"Feature","properties":{"territoire":"22351","nom":"Treffrin","type":"commune"},"geometry":{"type":"MultiPolygon","coordinates":[[[[-3.5143,48.3189],[-3.5118,48.3134],[-3.5137,48.3085],[-3.5125,48.2973],[-3.5193,48.2923],[-3.5075,48.2899],[-3.5067,48.2839],[-3.5249,48.2812],[-3.5264,48.2865],[-3.5392,48.2868],[-3.545,48.292],[-3.555,48.2936],[-3.5522,48.2996],[-3.5411,48.2989],[-3.5286,48.3166],[-3.5143,48.3189]]]]}},{"type":"Feature","properties":{"territoire":"22352","nom":"Tréfumel","type":"commune"},"geometry":{"type":"MultiPolygon","coordinates":[[[[-2.0212,48.3569],[-2.0088,48.3431],[-2.0031,48.3327],[-2.0262,48.3234],[-2.0331,48.3248],[-2.0339,48.3271],[-2.0418,48.327],[-2.0442,48.3293],[-2.0395,48.3335],[-2.0438,48.3357],[-2.0422,48.3397],[-2.0388,48.3435],[-2.0333,48.3424],[-2.0324,48.3447],[-2.0243,48.3469],[-2.0261,48.3514],[-2.0245,48.3557],[-2.0212,48.3569]]]]}},{"type":"Feature","properties":{"territoire":"22353","nom":"Trégastel","type":"commune"},"geometry":{"type":"MultiPolygon","coordinates":[[[[-3.4925,48.796],[-3.4958,48.7929],[-3.506,48.7956],[-3.5048,48.7986],[-3.5084,48.8001],[-3.5094,48.8037],[-3.505,48.8052],[-3.5035,48.8088],[-3.5054,48.8119],[-3.5135,48.814],[-3.5184,48.8101],[-3.5189,48.8132],[-3.5258,48.8138],[-3.5325,48.8178],[-3.5342,48.8243],[-3.5242,48.8208],[-3.5228,48.8182],[-3.5191,48.8189],[-3.5255,48.8226],[-3.523,48.8265],[-3.526,48.8275],[-3.5256,48.8303],[-3.5197,48.8301],[-3.52,48.8325],[-3.5165,48.8321],[-3.5127,48.837],[-3.5088,48.8353],[-3.5044,48.838],[-3.5047,48.8404],[-3.4986,48.838],[-3.5048,48.8333],[-3.5108,48.8343],[-3.5078,48.8323],[-3.5105,48.8279],[-3.5028,48.824],[-3.5004,48.8251],[-3.503,48.8271],[-3.5022,48.8294],[-3.4963,48.8311],[-3.4962,48.8287],[-3.4909,48.8281],[-3.4924,48.8271],[-3.4903,48.8257],[-3.4898,48.8163],[-3.4939,48.8101],[-3.4918,48.8052],[-3.4937,48.8022],[-3.4925,48.796]]]]}},{"type":"Feature","properties":{"territoire":"22354","nom":"Tréglamus","type":"commune"},"geometry":{"type":"MultiPolygon","coordinates":[[[[-3.282,48.5291],[-3.2883,48.5457],[-3.2868,48.5524],[-3.2941,48.5509],[-3.2968,48.5594],[-3.2861,48.563],[-3.2848,48.5682],[-3.2748,48.5746],[-3.2662,48.5777],[-3.2612,48.5684],[-3.2527,48.5684],[-3.2497,48.5731],[-3.2413,48.573],[-3.2398,48.5771],[-3.2333,48.577],[-3.2295,48.5737],[-3.2116,48.5702],[-3.2153,48.5682],[-3.2077,48.561],[-3.2191,48.5505],[-3.2264,48.5489],[-3.225,48.5463],[-3.2398,48.5436],[-3.2655,48.5449],[-3.2661,48.5345],[-3.2713,48.5343],[-3.27,48.5315],[-3.282,48.5291]]]]}},{"type":"Feature","properties":{"territoire":"22356","nom":"Trégomeur","type":"commune"},"geometry":{"type":"MultiPolygon","coordinates":[[[[-2.8778,48.5454],[-2.8815,48.5429],[-2.8884,48.5453],[-2.8892,48.555],[-2.9063,48.5549],[-2.9088,48.5596],[-2.9023,48.5686],[-2.9033,48.575],[-2.8978,48.5816],[-2.8741,48.5855],[-2.8649,48.5904],[-2.8631,48.5893],[-2.8664,48.5881],[-2.8626,48.5781],[-2.8674,48.565],[-2.8643,48.5605],[-2.8778,48.5454]]]]}},{"type":"Feature","properties":{"territoire":"22358","nom":"Trégonneau","type":"commune"},"geometry":{"type":"MultiPolygon","coordinates":[[[[-3.1478,48.602],[-3.1656,48.6052],[-3.1668,48.6087],[-3.1705,48.6058],[-3.1745,48.6087],[-3.1909,48.6037],[-3.189,48.6123],[-3.1833,48.6142],[-3.1834,48.6226],[-3.1705,48.6253],[-3.1664,48.6206],[-3.1473,48.6204],[-3.1433,48.6265],[-3.1405,48.6269],[-3.1379,48.6226],[-3.1393,48.6166],[-3.1478,48.602]]]]}},{"type":"Feature","properties":{"territoire":"22359","nom":"Trégrom","type":"commune"},"geometry":{"type":"MultiPolygon","coordinates":[[[[-3.3761,48.6123],[-3.3809,48.6096],[-3.3783,48.6067],[-3.3801,48.607],[-3.3829,48.5991],[-3.3814,48.5996],[-3.3818,48.5959],[-3.3793,48.5965],[-3.3827,48.5952],[-3.3818,48.5869],[-3.389,48.5744],[-3.3877,48.5733],[-3.4071,48.5675],[-3.4097,48.5647],[-3.4103,48.5694],[-3.4193,48.5706],[-3.4275,48.5752],[-3.4271,48.5773],[-3.4321,48.578],[-3.4316,48.5897],[-3.4142,48.6021],[-3.4145,48.6066],[-3.4106,48.6105],[-3.4118,48.6187],[-3.4065,48.6211],[-3.4017,48.6274],[-3.397,48.6274],[-3.3926,48.6222],[-3.3806,48.6193],[-3.3761,48.6123]]]]}},{"type":"Feature","properties":{"territoire":"22360","nom":"Trégueux","type":"commune"},"geometry":{"type":"MultiPolygon","coordinates":[[[[-2.6881,48.4839],[-2.6894,48.4813],[-2.698,48.4799],[-2.7049,48.4731],[-2.7083,48.4749],[-2.7368,48.4732],[-2.7489,48.4673],[-2.7605,48.4711],[-2.8011,48.4561],[-2.8036,48.4597],[-2.786,48.4625],[-2.7854,48.4672],[-2.7772,48.4686],[-2.7805,48.4744],[-2.7736,48.4846],[-2.7794,48.4887],[-2.7716,48.4968],[-2.771,48.4946],[-2.7608,48.4954],[-2.7506,48.4861],[-2.7454,48.4928],[-2.7371,48.4977],[-2.728,48.4919],[-2.7228,48.493],[-2.7052,48.4846],[-2.6911,48.4861],[-2.6881,48.4839]]]]}},{"type":"Feature","properties":{"territoire":"22361","nom":"Tréguidel","type":"commune"},"geometry":{"type":"MultiPolygon","coordinates":[[[[-2.9261,48.5864],[-2.9347,48.5847],[-2.9432,48.591],[-2.951,48.5901],[-2.955,48.5965],[-2.963,48.593],[-2.9635,48.5953],[-2.967,48.5952],[-2.9674,48.5993],[-2.9614,48.5988],[-2.9629,48.6063],[-2.9585,48.6074],[-2.9603,48.6102],[-2.9563,48.6105],[-2.9556,48.612],[-2.9581,48.6123],[-2.9564,48.614],[-2.9507,48.6114],[-2.9316,48.6134],[-2.9357,48.6083],[-2.9323,48.6062],[-2.9254,48.6071],[-2.9274,48.6041],[-2.9229,48.6039],[-2.9199,48.6],[-2.9275,48.5925],[-2.9261,48.5864]]]]}},{"type":"Feature","properties":{"territoire":"22362","nom":"Tréguier","type":"commune"},"geometry":{"type":"MultiPolygon","coordinates":[[[[-3.2253,48.7924],[-3.2216,48.7877],[-3.2206,48.7811],[-3.2273,48.7803],[-3.2304,48.7772],[-3.2419,48.7797],[-3.2445,48.7823],[-3.2446,48.7849],[-3.2375,48.7907],[-3.2348,48.789],[-3.2253,48.7924]]]]}},{"type":"Feature","properties":{"territoire":"22363","nom":"Trélévern","type":"commune"},"geometry":{"type":"MultiPolygon","coordinates":[[[[-3.3483,48.7932],[-3.3526,48.7897],[-3.3528,48.7864],[-3.3494,48.7856],[-3.3516,48.7843],[-3.369,48.7866],[-3.3708,48.7884],[-3.3683,48.7887],[-3.3689,48.7905],[-3.3749,48.7906],[-3.3874,48.7981],[-3.3888,48.8081],[-3.3866,48.8119],[-3.3899,48.813],[-3.3894,48.8159],[-3.3847,48.8147],[-3.3659,48.8186],[-3.3592,48.8057],[-3.3533,48.8046],[-3.3548,48.7987],[-3.3483,48.7932]]]]}},{"type":"Feature","properties":{"territoire":"22364","nom":"Trélivan","type":"commune"},"geometry":{"type":"MultiPolygon","coordinates":[[[[-2.1343,48.4077],[-2.1341,48.4126],[-2.1396,48.4238],[-2.1277,48.4276],[-2.1306,48.4401],[-2.098,48.4463],[-2.0965,48.4434],[-2.0822,48.4409],[-2.0742,48.4441],[-2.0719,48.4376],[-2.0654,48.435],[-2.0682,48.431],[-2.0769,48.4324],[-2.0771,48.4283],[-2.086,48.4187],[-2.0874,48.4227],[-2.0947,48.426],[-2.1023,48.4239],[-2.1059,48.4257],[-2.1151,48.4206],[-2.1175,48.4171],[-2.116,48.4143],[-2.1343,48.4077]]]]}},{"type":"Feature","properties":{"territoire":"22365","nom":"Trémargat","type":"commune"},"geometry":{"type":"MultiPolygon","coordinates":[[[[-3.2551,48.3491],[-3.2518,48.3489],[-3.2516,48.345],[-3.2454,48.3403],[-3.2455,48.3343],[-3.2421,48.3273],[-3.2371,48.3251],[-3.237,48.3223],[-3.2455,48.3169],[-3.2468,48.3137],[-3.2448,48.312],[-3.2508,48.3088],[-3.2538,48.3034],[-3.2599,48.303],[-3.2632,48.3037],[-3.2647,48.3127],[-3.2928,48.3275],[-3.2986,48.3357],[-3.2991,48.342],[-3.2962,48.3469],[-3.2908,48.3489],[-3.2757,48.35],[-3.275,48.346],[-3.2718,48.3481],[-3.2683,48.3451],[-3.2551,48.3491]]]]}},{"type":"Feature","properties":{"territoire":"22366","nom":"Trémel","type":"commune"},"geometry":{"type":"MultiPolygon","coordinates":[[[[-3.6543,48.6176],[-3.6438,48.6203],[-3.6344,48.6197],[-3.624,48.615],[-3.6165,48.621],[-3.6078,48.6178],[-3.6008,48.6237],[-3.5965,48.6232],[-3.5956,48.627],[-3.5893,48.6251],[-3.5899,48.6206],[-3.5928,48.6197],[-3.5927,48.6152],[-3.6036,48.6032],[-3.5999,48.5957],[-3.5953,48.5958],[-3.5914,48.5929],[-3.594,48.5857],[-3.6,48.5834],[-3.6174,48.5902],[-3.6297,48.588],[-3.6422,48.5989],[-3.6393,48.6037],[-3.6389,48.6121],[-3.6495,48.6104],[-3.6513,48.6162],[-3.6543,48.6176]]]]}},{"type":"Feature","properties":{"territoire":"22371","nom":"Trémorel","type":"commune"},"geometry":{"type":"MultiPolygon","coordinates":[[[[-2.3529,48.1722],[-2.3463,48.1754],[-2.3438,48.1831],[-2.3399,48.1865],[-2.34,48.1966],[-2.3368,48.2022],[-2.3392,48.2076],[-2.3354,48.2108],[-2.3374,48.2121],[-2.3322,48.2141],[-2.3309,48.218],[-2.3265,48.2205],[-2.3147,48.2235],[-2.2814,48.2129],[-2.2737,48.2147],[-2.2649,48.2101],[-2.2555,48.2101],[-2.2484,48.2052],[-2.254,48.2004],[-2.26,48.1877],[-2.2779,48.1799],[-2.275,48.1767],[-2.2789,48.1742],[-2.2814,48.1683],[-2.287,48.1662],[-2.2845,48.1629],[-2.2856,48.1602],[-2.2936,48.155],[-2.3053,48.1562],[-2.3223,48.1698],[-2.3441,48.1683],[-2.3529,48.1722]]]]}},{"type":"Feature","properties":{"territoire":"22372","nom":"Trémuson","type":"commune"},"geometry":{"type":"MultiPolygon","coordinates":[[[[-2.8583,48.5349],[-2.8462,48.5348],[-2.8474,48.5315],[-2.839,48.5345],[-2.8344,48.5317],[-2.8264,48.5321],[-2.8224,48.5289],[-2.8286,48.5216],[-2.8275,48.5189],[-2.8352,48.5152],[-2.8432,48.5141],[-2.8497,48.5175],[-2.867,48.513],[-2.8699,48.5147],[-2.8677,48.5225],[-2.8727,48.5309],[-2.86,48.5303],[-2.8577,48.5329],[-2.8613,48.5338],[-2.8583,48.5349]]]]}},{"type":"Feature","properties":{"territoire":"22373","nom":"Tréogan","type":"commune"},"geometry":{"type":"MultiPolygon","coordinates":[[[[-3.5664,48.1901],[-3.5423,48.1939],[-3.5222,48.1885],[-3.5194,48.1895],[-3.5213,48.1976],[-3.5097,48.1974],[-3.5026,48.1964],[-3.4968,48.1829],[-3.5236,48.1786],[-3.5557,48.1799],[-3.5659,48.1864],[-3.5664,48.1901]]]]}},{"type":"Feature","properties":{"territoire":"22375","nom":"Tressignaux","type":"commune"},"geometry":{"type":"MultiPolygon","coordinates":[[[[-2.9669,48.5952],[-2.9703,48.5946],[-2.9713,48.597],[-2.9758,48.5952],[-2.9734,48.591],[-2.9761,48.5893],[-2.9861,48.5942],[-2.987,48.5995],[-2.9906,48.6016],[-2.988,48.606],[-2.9904,48.6097],[-2.9868,48.6111],[-2.9865,48.6137],[-2.9926,48.617],[-2.9938,48.6197],[-2.992,48.6222],[-2.9714,48.6278],[-2.9552,48.6152],[-2.9581,48.6123],[-2.9556,48.612],[-2.9563,48.6105],[-2.9603,48.6102],[-2.9585,48.6074],[-2.9629,48.6063],[-2.9614,48.5988],[-2.9674,48.5993],[-2.9669,48.5952]]]]}},{"type":"Feature","properties":{"territoire":"22376","nom":"Trévé","type":"commune"},"geometry":{"type":"MultiPolygon","coordinates":[[[[-2.7559,48.225],[-2.7643,48.2177],[-2.7665,48.208],[-2.7709,48.2061],[-2.7769,48.2095],[-2.7859,48.2009],[-2.7943,48.2059],[-2.8014,48.1994],[-2.8121,48.1968],[-2.8184,48.1906],[-2.8339,48.1864],[-2.8373,48.1891],[-2.8431,48.189],[-2.8462,48.195],[-2.8451,48.2026],[-2.8502,48.2061],[-2.846,48.2115],[-2.8564,48.215],[-2.8588,48.2218],[-2.8506,48.2254],[-2.8353,48.2257],[-2.8241,48.2292],[-2.8158,48.2372],[-2.7836,48.2373],[-2.7696,48.2413],[-2.7592,48.2333],[-2.7559,48.225]]]]}},{"type":"Feature","properties":{"territoire":"22377","nom":"Tréveneuc","type":"commune"},"geometry":{"type":"MultiPolygon","coordinates":[[[[-2.8598,48.6565],[-2.8653,48.653],[-2.8614,48.6518],[-2.8621,48.6493],[-2.8757,48.6439],[-2.8852,48.6448],[-2.8876,48.6492],[-2.8963,48.6528],[-2.8868,48.6615],[-2.8866,48.6674],[-2.8806,48.6744],[-2.8705,48.6746],[-2.8664,48.6714],[-2.8595,48.6759],[-2.8566,48.6741],[-2.854,48.6672],[-2.8503,48.667],[-2.852,48.664],[-2.8554,48.6645],[-2.8643,48.6593],[-2.8654,48.6575],[-2.8598,48.6565]]]]}},{"type":"Feature","properties":{"territoire":"22378","nom":"Trévérec","type":"commune"},"geometry":{"type":"MultiPolygon","coordinates":[[[[-3.0543,48.6706],[-3.0485,48.6758],[-3.0434,48.6741],[-3.0481,48.6723],[-3.0408,48.6691],[-3.0469,48.6653],[-3.0355,48.6624],[-3.0389,48.66],[-3.0385,48.6562],[-3.0623,48.6481],[-3.0778,48.6509],[-3.079,48.6541],[-3.0747,48.6576],[-3.0559,48.663],[-3.0569,48.6691],[-3.0543,48.6706]]]]}},{"type":"Feature","properties":{"territoire":"22379","nom":"Trévou-Tréguignec","type":"commune"},"geometry":{"type":"MultiPolygon","coordinates":[[[[-3.3339,48.8009],[-3.3361,48.7968],[-3.3415,48.7969],[-3.3431,48.7929],[-3.3499,48.7941],[-3.3548,48.7987],[-3.3533,48.8046],[-3.3592,48.8057],[-3.3651,48.8162],[-3.3643,48.8209],[-3.3665,48.8219],[-3.3542,48.8199],[-3.3507,48.8221],[-3.3526,48.8241],[-3.34,48.8291],[-3.3352,48.8284],[-3.3291,48.8166],[-3.3268,48.8161],[-3.3269,48.8123],[-3.3236,48.8116],[-3.3239,48.808],[-3.3401,48.8064],[-3.3339,48.8009]]]]}},{"type":"Feature","properties":{"territoire":"22380","nom":"Trévron","type":"commune"},"geometry":{"type":"MultiPolygon","coordinates":[[[[-2.0897,48.3681],[-2.0958,48.3702],[-2.0874,48.3873],[-2.0824,48.3867],[-2.0814,48.3908],[-2.0692,48.389],[-2.0643,48.3938],[-2.0696,48.3982],[-2.0791,48.3988],[-2.0751,48.4068],[-2.0798,48.4107],[-2.0794,48.4133],[-2.0685,48.4122],[-2.0693,48.4102],[-2.0624,48.4069],[-2.062,48.4036],[-2.0417,48.4048],[-2.0425,48.3893],[-2.0471,48.3902],[-2.0512,48.3855],[-2.0539,48.3855],[-2.0529,48.3833],[-2.0605,48.3792],[-2.0643,48.3734],[-2.0836,48.3678],[-2.0897,48.3681]]]]}},{"type":"Feature","properties":{"territoire":"22381","nom":"Trézény","type":"commune"},"geometry":{"type":"MultiPolygon","coordinates":[[[[-3.3696,48.7458],[-3.3666,48.749],[-3.3752,48.7532],[-3.3789,48.7589],[-3.3757,48.7617],[-3.3619,48.7629],[-3.344,48.7551],[-3.3431,48.7501],[-3.3459,48.748],[-3.3696,48.7458]]]]}},{"type":"Feature","properties":{"territoire":"22383","nom":"Troguéry","type":"commune"},"geometry":{"type":"MultiPolygon","coordinates":[[[[-3.2101,48.7597],[-3.2167,48.7583],[-3.2152,48.7524],[-3.2183,48.7492],[-3.2261,48.7526],[-3.2386,48.7512],[-3.2423,48.7537],[-3.2413,48.758],[-3.2347,48.7608],[-3.2336,48.7662],[-3.2255,48.7692],[-3.2223,48.7732],[-3.2116,48.768],[-3.2101,48.7597]]]]}},{"type":"Feature","properties":{"territoire":"22384","nom":"Uzel","type":"commune"},"geometry":{"type":"MultiPolygon","coordinates":[[[[-2.8271,48.292],[-2.8234,48.2915],[-2.8211,48.2848],[-2.8235,48.2806],[-2.8418,48.273],[-2.8447,48.2683],[-2.861,48.266],[-2.8646,48.2775],[-2.869,48.2773],[-2.8707,48.2809],[-2.8764,48.284],[-2.8707,48.2881],[-2.8271,48.292]]]]}},{"type":"Feature","properties":{"territoire":"22385","nom":"La Vicomté-sur-Rance","type":"commune"},"geometry":{"type":"MultiPolygon","coordinates":[[[[-1.9617,48.4823],[-1.9645,48.4808],[-1.9802,48.4828],[-1.9843,48.4787],[-1.9981,48.4771],[-2.0052,48.481],[-1.9978,48.4837],[-2.0028,48.4894],[-2.0001,48.4921],[-1.994,48.492],[-1.9932,48.4969],[-1.9846,48.4959],[-1.9763,48.4992],[-1.9735,48.495],[-1.9708,48.4961],[-1.9657,48.4932],[-1.9656,48.4885],[-1.963,48.4875],[-1.9617,48.4823]]]]}},{"type":"Feature","properties":{"territoire":"22388","nom":"Vildé-Guingalan","type":"commune"},"geometry":{"type":"MultiPolygon","coordinates":[[[[-2.1786,48.4476],[-2.1637,48.4522],[-2.1617,48.4515],[-2.1622,48.4475],[-2.1603,48.4476],[-2.1472,48.454],[-2.145,48.4386],[-2.1306,48.4401],[-2.1276,48.4278],[-2.1327,48.4245],[-2.1396,48.4238],[-2.1373,48.4175],[-2.1387,48.4162],[-2.1513,48.423],[-2.1582,48.4231],[-2.1585,48.4297],[-2.1616,48.4314],[-2.1604,48.4348],[-2.1651,48.4346],[-2.1734,48.4412],[-2.1785,48.4407],[-2.1786,48.4476]]]]}},{"type":"Feature","properties":{"territoire":"22389","nom":"Yffiniac","type":"commune"},"geometry":{"type":"MultiPolygon","coordinates":[[[[-2.7291,48.4732],[-2.7019,48.474],[-2.698,48.4799],[-2.6894,48.4813],[-2.688,48.484],[-2.68,48.4869],[-2.6795,48.4909],[-2.6792,48.489],[-2.6745,48.4906],[-2.6724,48.4852],[-2.6431,48.4846],[-2.646,48.4807],[-2.6448,48.479],[-2.6485,48.4765],[-2.6442,48.4744],[-2.6473,48.4727],[-2.6495,48.4665],[-2.6467,48.4633],[-2.6473,48.4605],[-2.6582,48.4494],[-2.6633,48.4502],[-2.6659,48.4472],[-2.6843,48.4505],[-2.674,48.4622],[-2.6762,48.4652],[-2.6925,48.4603],[-2.6972,48.4534],[-2.7155,48.4524],[-2.7159,48.4556],[-2.7198,48.4556],[-2.7268,48.4632],[-2.7263,48.4696],[-2.7283,48.4697],[-2.7291,48.4732]]]]}},{"type":"Feature","properties":{"territoire":"22390","nom":"Yvias","type":"commune"},"geometry":{"type":"MultiPolygon","coordinates":[[[[-3.0515,48.7414],[-3.0488,48.7381],[-3.0437,48.7397],[-3.0433,48.7349],[-3.0464,48.7311],[-3.0436,48.7263],[-3.0296,48.7272],[-3.0292,48.7243],[-3.0253,48.7241],[-3.024,48.7197],[-3.0204,48.7209],[-3.0188,48.7179],[-3.0145,48.7199],[-3.013,48.718],[-3.0253,48.7042],[-3.0234,48.7021],[-3.0294,48.7024],[-3.0391,48.6972],[-3.0586,48.7029],[-3.0651,48.6995],[-3.0697,48.7023],[-3.0685,48.7061],[-3.0717,48.7043],[-3.0712,48.7012],[-3.0765,48.7039],[-3.0699,48.722],[-3.0648,48.7212],[-3.0597,48.7274],[-3.0614,48.7291],[-3.0531,48.7315],[-3.0515,48.7414]]]]}},{"type":"Feature","properties":{"territoire":"22391","nom":"Yvignac-la-Tour","type":"commune"},"geometry":{"type":"MultiPolygon","coordinates":[[[[-2.1226,48.332],[-2.1281,48.3332],[-2.1476,48.3241],[-2.1494,48.3278],[-2.157,48.3292],[-2.1819,48.3102],[-2.2065,48.3074],[-2.2037,48.3132],[-2.2086,48.317],[-2.2093,48.3208],[-2.2036,48.3241],[-2.1995,48.339],[-2.1969,48.3405],[-2.1997,48.3439],[-2.2095,48.3461],[-2.2058,48.3489],[-2.205,48.3535],[-2.1986,48.3581],[-2.1988,48.3646],[-2.2025,48.3672],[-2.2024,48.3779],[-2.1925,48.3785],[-2.1877,48.3804],[-2.1864,48.3837],[-2.1786,48.3856],[-2.1738,48.3851],[-2.1751,48.3799],[-2.1709,48.3836],[-2.1646,48.3839],[-2.1577,48.3904],[-2.1466,48.3916],[-2.1445,48.3889],[-2.1483,48.3878],[-2.1497,48.3803],[-2.1463,48.3783],[-2.1453,48.3711],[-2.1359,48.3651],[-2.1361,48.3555],[-2.1301,48.3502],[-2.1312,48.3475],[-2.1247,48.3408],[-2.1226,48.332]]]]}},{"type":"Feature","properties":{"territoire":"29008","nom":"Beuzec-Cap-Sizun","type":"commune"},"geometry":{"type":"MultiPolygon","coordinates":[[[[-4.4397,48.0796],[-4.4477,48.0763],[-4.4489,48.0733],[-4.4521,48.0748],[-4.4535,48.0636],[-4.4511,48.0639],[-4.4496,48.0597],[-4.4651,48.0559],[-4.466,48.0528],[-4.4805,48.0577],[-4.4874,48.0532],[-4.491,48.0578],[-4.4902,48.0599],[-4.4947,48.0611],[-4.5055,48.0558],[-4.5014,48.0514],[-4.5166,48.0503],[-4.5205,48.0527],[-4.5245,48.0515],[-4.5264,48.0464],[-4.5341,48.0472],[-4.5352,48.0501],[-4.5533,48.0518],[-4.5595,48.0544],[-4.5591,48.0563],[-4.5647,48.0554],[-4.5665,48.0593],[-4.5611,48.0599],[-4.5592,48.0628],[-4.5627,48.067],[-4.5715,48.0665],[-4.5807,48.0706],[-4.5836,48.0746],[-4.5808,48.0766],[-4.5833,48.0796],[-4.5819,48.0824],[-4.5667,48.0821],[-4.5523,48.076],[-4.5463,48.0776],[-4.5458,48.0824],[-4.5409,48.0813],[-4.5425,48.0838],[-4.5399,48.0836],[-4.5403,48.0877],[-4.5363,48.0899],[-4.5319,48.0866],[-4.523,48.0854],[-4.5209,48.0868],[-4.522,48.0912],[-4.5195,48.0879],[-4.5107,48.0894],[-4.5119,48.0908],[-4.5041,48.088],[-4.5021,48.09],[-4.5033,48.0915],[-4.498,48.088],[-4.4862,48.0864],[-4.4823,48.0915],[-4.4769,48.0927],[-4.4771,48.0958],[-4.4662,48.0958],[-4.4659,48.0994],[-4.4578,48.0972],[-4.4397,48.0796]]]]}},{"type":"Feature","properties":{"territoire":"29017","nom":"Brélès","type":"commune"},"geometry":{"type":"MultiPolygon","coordinates":[[[[-4.6502,48.4747],[-4.6504,48.472],[-4.6559,48.4694],[-4.6593,48.4643],[-4.6596,48.4545],[-4.6711,48.4507],[-4.6858,48.4578],[-4.6978,48.4556],[-4.7068,48.4569],[-4.7078,48.46],[-4.7111,48.4606],[-4.7104,48.4654],[-4.7168,48.4687],[-4.7183,48.4755],[-4.7247,48.4754],[-4.7252,48.4773],[-4.7237,48.4798],[-4.7145,48.4802],[-4.7034,48.4859],[-4.6983,48.4858],[-4.6885,48.495],[-4.6827,48.4953],[-4.6838,48.4915],[-4.6698,48.4843],[-4.6728,48.4826],[-4.6722,48.4805],[-4.6686,48.4804],[-4.6708,48.4766],[-4.6688,48.4757],[-4.6728,48.4746],[-4.6704,48.4721],[-4.6502,48.4747]]]]}},{"type":"Feature","properties":{"territoire":"29018","nom":"Brennilis","type":"commune"},"geometry":{"type":"MultiPolygon","coordinates":[[[[-3.896,48.3545],[-3.9018,48.3615],[-3.893,48.3649],[-3.8926,48.369],[-3.8974,48.3742],[-3.899,48.3831],[-3.8951,48.3877],[-3.8925,48.3877],[-3.8683,48.3794],[-3.8689,48.3711],[-3.8514,48.3732],[-3.8393,48.3662],[-3.8375,48.3622],[-3.8262,48.3604],[-3.8025,48.363],[-3.7859,48.3525],[-3.7964,48.3483],[-3.7952,48.3444],[-3.8102,48.3451],[-3.8185,48.3392],[-3.8277,48.3418],[-3.8356,48.3412],[-3.8469,48.3454],[-3.8566,48.345],[-3.8613,48.3511],[-3.8718,48.3543],[-3.8766,48.3528],[-3.896,48.3545]]]]}},{"type":"Feature","properties":{"territoire":"29019","nom":"Brest","type":"commune"},"geometry":{"type":"MultiPolygon","coordinates":[[[[-4.4339,48.396],[-4.4339,48.3921],[-4.4303,48.3923],[-4.4334,48.392],[-4.4332,48.3894],[-4.4304,48.3897],[-4.4335,48.389],[-4.4354,48.3834],[-4.4414,48.3801],[-4.449,48.3804],[-4.4459,48.3833],[-4.4499,48.3852],[-4.4539,48.3814],[-4.452,48.3856],[-4.4558,48.3823],[-4.4524,48.3863],[-4.456,48.3875],[-4.4595,48.3845],[-4.4574,48.3879],[-4.4674,48.381],[-4.4739,48.3833],[-4.4752,48.3793],[-4.4772,48.3832],[-4.4753,48.3854],[-4.482,48.3826],[-4.4815,48.381],[-4.4839,48.3827],[-4.4882,48.3812],[-4.485,48.378],[-4.489,48.3808],[-4.4972,48.3762],[-4.496,48.3779],[-4.4977,48.3765],[-4.5054,48.379],[-4.5021,48.3771],[-4.5062,48.3783],[-4.5033,48.376],[-4.5238,48.3657],[-4.518,48.3628],[-4.507,48.3669],[-4.5082,48.3648],[-4.4907,48.3684],[-4.5183,48.3625],[-4.5245,48.366],[-4.5303,48.3635],[-4.534,48.3577],[-4.5503,48.3622],[-4.5552,48.3613],[-4.5667,48.3659],[-4.5644,48.3746],[-4.5606,48.374],[-4.5602,48.3773],[-4.5638,48.388],[-4.5689,48.3928],[-4.5671,48.3964],[-4.5615,48.3983],[-4.5535,48.3972],[-4.5508,48.401],[-4.545,48.4029],[-4.5368,48.4017],[-4.5238,48.4045],[-4.5249,48.4093],[-4.5186,48.4114],[-4.5182,48.4163],[-4.5145,48.4201],[-4.5153,48.4234],[-4.5065,48.4279],[-4.5033,48.4346],[-4.5005,48.4347],[-4.5019,48.4374],[-4.5076,48.439],[-4.509,48.4434],[-4.5015,48.4443],[-4.5153,48.4457],[-4.5153,48.449],[-4.5196,48.4491],[-4.5121,48.4532],[-4.5123,48.457],[-4.5015,48.4535],[-4.498,48.456],[-4.4988,48.4588],[-4.4951,48.4595],[-4.4926,48.4515],[-4.4892,48.4504],[-4.4895,48.4474],[-4.4819,48.445],[-4.4882,48.4384],[-4.4787,48.4373],[-4.4734,48.4312],[-4.4734,48.4276],[-4.466,48.4298],[-4.4604,48.4241],[-4.4543,48.4224],[-4.4514,48.4171],[-4.4602,48.4165],[-4.4593,48.413],[-4.4508,48.4105],[-4.449,48.4042],[-4.4339,48.396]]]]}},{"type":"Feature","properties":{"territoire":"29020","nom":"Briec","type":"commune"},"geometry":{"type":"MultiPolygon","coordinates":[[[[-4.0672,48.0494],[-4.0642,48.0515],[-4.0665,48.0541],[-4.0658,48.0581],[-4.068,48.0589],[-4.0614,48.0642],[-4.0626,48.0692],[-4.0481,48.0845],[-4.052,48.0872],[-4.0448,48.0883],[-4.0504,48.0938],[-4.0539,48.0925],[-4.0535,48.0959],[-4.046,48.1011],[-4.0497,48.1062],[-4.048,48.1079],[-4.0571,48.1088],[-4.0622,48.1123],[-4.062,48.1158],[-4.0701,48.1132],[-4.0647,48.1218],[-4.073,48.126],[-4.0665,48.1343],[-4.0577,48.1381],[-4.0596,48.1451],[-4.0574,48.1552],[-4.0616,48.1578],[-4.0603,48.1614],[-4.0439,48.1612],[-4.0346,48.1639],[-4.0318,48.1596],[-4.017,48.1593],[-4.0089,48.1387],[-4.0051,48.1352],[-4.0081,48.1302],[-4.0178,48.1265],[-4.0158,48.124],[-4.0202,48.1223],[-4.0224,48.1182],[-4.0202,48.115],[-4.0211,48.1099],[-4.0174,48.1065],[-4.0111,48.1058],[-4.0038,48.1083],[-4.004,48.1108],[-3.99,48.1105],[-3.9867,48.104],[-3.988,48.0968],[-3.9927,48.0919],[-3.9913,48.0858],[-3.9935,48.0784],[-3.9903,48.0741],[-3.9802,48.0763],[-3.9786,48.0813],[-3.9718,48.0853],[-3.9717,48.0894],[-3.9748,48.0926],[-3.9719,48.1008],[-3.9544,48.1115],[-3.9441,48.1],[-3.9367,48.0977],[-3.9348,48.0911],[-3.9292,48.092],[-3.9385,48.0843],[-3.9343,48.0773],[-3.9316,48.0777],[-3.9327,48.0757],[-3.9429,48.0721],[-3.9419,48.07],[-3.9454,48.0674],[-3.9539,48.0769],[-3.9663,48.0748],[-3.969,48.0797],[-3.9759,48.0802],[-3.9797,48.0758],[-3.9863,48.0741],[-3.9856,48.0721],[-3.9899,48.068],[-3.9886,48.0655],[-3.9949,48.0633],[-4.0081,48.0654],[-4.0139,48.0607],[-4.013,48.0571],[-4.023,48.0562],[-4,48.0434],[-4.0058,48.0413],[-4.0046,48.0364],[-4.0098,48.0326],[-4.0173,48.0344],[-4.0245,48.029],[-4.0329,48.0345],[-4.0541,48.0325],[-4.0585,48.0346],[-4.0594,48.0405],[-4.0655,48.0417],[-4.0632,48.0442],[-4.0687,48.0444],[-4.0672,48.0494]]]]}},{"type":"Feature","properties":{"territoire":"29021","nom":"Plounéour-Brignogan-plages","type":"commune"},"geometry":{"type":"MultiPolygon","coordinates":[[[[-4.3489,48.627],[-4.3475,48.6284],[-4.355,48.6487],[-4.3488,48.6571],[-4.3506,48.6614],[-4.3475,48.6681],[-4.3494,48.6766],[-4.347,48.6783],[-4.3248,48.675],[-4.33,48.6691],[-4.3258,48.6662],[-4.32,48.667],[-4.3216,48.6686],[-4.3174,48.6704],[-4.3182,48.6722],[-4.3128,48.6726],[-4.3127,48.6686],[-4.2964,48.6647],[-4.2941,48.6617],[-4.3005,48.6589],[-4.2991,48.6539],[-4.3094,48.6462],[-4.3119,48.646],[-4.3093,48.6472],[-4.3114,48.6485],[-4.319,48.6467],[-4.3156,48.6464],[-4.3185,48.6448],[-4.3085,48.6442],[-4.3117,48.6394],[-4.3116,48.6418],[-4.3161,48.6406],[-4.3174,48.6364],[-4.3259,48.6328],[-4.3279,48.6341],[-4.3369,48.6256],[-4.3489,48.627]]]]}},{"type":"Feature","properties":{"territoire":"29022","nom":"Camaret-sur-Mer","type":"commune"},"geometry":{"type":"MultiPolygon","coordinates":[[[[-4.5667,48.2858],[-4.5579,48.2808],[-4.5632,48.2764],[-4.5591,48.2753],[-4.5602,48.2729],[-4.5469,48.2681],[-4.5483,48.2647],[-4.5547,48.2638],[-4.5537,48.2613],[-4.557,48.2587],[-4.5604,48.2593],[-4.5638,48.2555],[-4.5722,48.2535],[-4.5771,48.2545],[-4.5823,48.2507],[-4.5885,48.2536],[-4.5972,48.2522],[-4.5955,48.2544],[-4.5975,48.2569],[-4.6107,48.262],[-4.6181,48.261],[-4.6225,48.2526],[-4.6216,48.2555],[-4.6258,48.2568],[-4.6163,48.2676],[-4.6178,48.2687],[-4.6151,48.2726],[-4.6193,48.2778],[-4.6298,48.2794],[-4.6291,48.2809],[-4.6159,48.2817],[-4.6124,48.2798],[-4.6076,48.2864],[-4.601,48.2877],[-4.6009,48.2824],[-4.5884,48.2809],[-4.5915,48.2791],[-4.5983,48.2812],[-4.5952,48.2763],[-4.5921,48.275],[-4.5887,48.2772],[-4.5877,48.2749],[-4.5774,48.2782],[-4.5748,48.2822],[-4.571,48.2816],[-4.5667,48.2858]]]]}},{"type":"Feature","properties":{"territoire":"29023","nom":"Carantec","type":"commune"},"geometry":{"type":"MultiPolygon","coordinates":[[[[-3.929,48.6922],[-3.9257,48.6963],[-3.9262,48.6993],[-3.923,48.6978],[-3.9253,48.696],[-3.9227,48.6929],[-3.925,48.6901],[-3.921,48.6884],[-3.9224,48.6863],[-3.919,48.6838],[-3.9225,48.6829],[-3.9225,48.6799],[-3.9266,48.6806],[-3.9228,48.6837],[-3.9265,48.6859],[-3.9256,48.6899],[-3.929,48.6922]]],[[[-3.8848,48.6362],[-3.9352,48.6455],[-3.9391,48.6511],[-3.9415,48.6505],[-3.9416,48.6586],[-3.9302,48.6579],[-3.9222,48.6758],[-3.9134,48.6738],[-3.9097,48.6696],[-3.8994,48.6708],[-3.8998,48.6738],[-3.8908,48.6711],[-3.8911,48.6668],[-3.9038,48.6646],[-3.9061,48.6601],[-3.8978,48.6465],[-3.8806,48.6394],[-3.8848,48.6362]]]]}},{"type":"Feature","properties":{"territoire":"29024","nom":"Carhaix-Plouguer","type":"commune"},"geometry":{"type":"MultiPolygon","coordinates":[[[[-3.6009,48.2416],[-3.6127,48.2471],[-3.6072,48.2502],[-3.6091,48.262],[-3.6002,48.2703],[-3.6041,48.2799],[-3.6027,48.283],[-3.5948,48.2846],[-3.5807,48.2813],[-3.5756,48.2916],[-3.5621,48.2915],[-3.5613,48.2949],[-3.5532,48.2999],[-3.5542,48.293],[-3.545,48.292],[-3.5392,48.2868],[-3.5264,48.2865],[-3.5249,48.2812],[-3.518,48.2823],[-3.5203,48.2742],[-3.5257,48.2749],[-3.5268,48.2725],[-3.5244,48.2663],[-3.527,48.2618],[-3.5228,48.2559],[-3.5244,48.2568],[-3.527,48.2523],[-3.5304,48.2526],[-3.5323,48.2561],[-3.545,48.252],[-3.5549,48.2545],[-3.5768,48.2472],[-3.582,48.2476],[-3.5849,48.2448],[-3.5901,48.2466],[-3.5917,48.2435],[-3.6009,48.2416]]]]}},{"type":"Feature","properties":{"territoire":"29025","nom":"Cast","type":"commune"},"geometry":{"type":"MultiPolygon","coordinates":[[[[-4.0964,48.1752],[-4.096,48.178],[-4.0919,48.1782],[-4.0819,48.1771],[-4.0819,48.1748],[-4.0752,48.1761],[-4.0801,48.1657],[-4.0763,48.1637],[-4.0774,48.1608],[-4.0746,48.1607],[-4.0742,48.1628],[-4.0649,48.1611],[-4.0602,48.1649],[-4.0542,48.1618],[-4.0603,48.1614],[-4.0616,48.1581],[-4.0574,48.1552],[-4.0596,48.1451],[-4.0577,48.1381],[-4.0665,48.1343],[-4.0787,48.1217],[-4.0858,48.1246],[-4.0862,48.1283],[-4.0938,48.1259],[-4.0947,48.1289],[-4.1067,48.1298],[-4.1146,48.1256],[-4.1249,48.1401],[-4.1355,48.1438],[-4.1489,48.1353],[-4.1526,48.1355],[-4.1541,48.1313],[-4.1618,48.132],[-4.1721,48.1283],[-4.1916,48.1303],[-4.197,48.1353],[-4.2034,48.1354],[-4.202,48.148],[-4.1841,48.1434],[-4.1834,48.1493],[-4.1706,48.1493],[-4.1682,48.1518],[-4.1694,48.1531],[-4.1671,48.1535],[-4.1693,48.1641],[-4.1623,48.1614],[-4.1395,48.1647],[-4.132,48.1681],[-4.1307,48.1696],[-4.1325,48.1714],[-4.129,48.1737],[-4.1241,48.1742],[-4.1251,48.1786],[-4.1131,48.1701],[-4.1057,48.1682],[-4.0949,48.1726],[-4.0964,48.1752]]]]}},{"type":"Feature","properties":{"territoire":"29026","nom":"Châteaulin","type":"commune"},"geometry":{"type":"MultiPolygon","coordinates":[[[[-4.0687,48.2174],[-4.0713,48.2228],[-4.0672,48.2256],[-4.0671,48.229],[-4.0512,48.234],[-4.0526,48.2365],[-4.0447,48.2365],[-4.0428,48.2314],[-4.039,48.2313],[-4.0374,48.2258],[-4.0401,48.2239],[-4.0441,48.2261],[-4.0443,48.2208],[-4.0326,48.2155],[-4.0382,48.2104],[-4.0386,48.2026],[-4.0352,48.1912],[-4.0415,48.1817],[-4.0485,48.1819],[-4.0532,48.1856],[-4.0485,48.2006],[-4.0581,48.2063],[-4.0639,48.2047],[-4.0768,48.1913],[-4.0848,48.188],[-4.0939,48.1891],[-4.0947,48.1848],[-4.0992,48.1815],[-4.0988,48.1747],[-4.0964,48.1752],[-4.0949,48.1726],[-4.1057,48.1682],[-4.1205,48.1753],[-4.1149,48.1782],[-4.1149,48.1839],[-4.1098,48.188],[-4.1107,48.1949],[-4.1195,48.1984],[-4.1065,48.204],[-4.1089,48.2067],[-4.0828,48.2168],[-4.0758,48.2167],[-4.0739,48.2143],[-4.0758,48.2111],[-4.0716,48.2102],[-4.0664,48.2127],[-4.0687,48.2174]]]]}},{"type":"Feature","properties":{"territoire":"29027","nom":"Châteauneuf-du-Faou","type":"commune"},"geometry":{"type":"MultiPolygon","coordinates":[[[[-3.7542,48.2075],[-3.763,48.1928],[-3.7514,48.1864],[-3.7532,48.1817],[-3.7781,48.1705],[-3.7811,48.1805],[-3.7894,48.1816],[-3.7918,48.18],[-3.7907,48.1733],[-3.7928,48.1681],[-3.801,48.1648],[-3.807,48.1712],[-3.8079,48.1837],[-3.8156,48.1839],[-3.8184,48.1808],[-3.8196,48.165],[-3.8179,48.1613],[-3.8223,48.1585],[-3.8391,48.1589],[-3.8574,48.1653],[-3.8655,48.1655],[-3.8978,48.1791],[-3.8961,48.1812],[-3.8912,48.1806],[-3.8896,48.1848],[-3.877,48.1808],[-3.8758,48.1864],[-3.8709,48.1871],[-3.8744,48.189],[-3.8734,48.1924],[-3.8781,48.1942],[-3.8826,48.2037],[-3.864,48.2004],[-3.8666,48.202],[-3.8645,48.2038],[-3.8484,48.2093],[-3.8504,48.2124],[-3.8414,48.213],[-3.8281,48.209],[-3.7998,48.2151],[-3.791,48.2115],[-3.7783,48.2136],[-3.7668,48.211],[-3.761,48.2146],[-3.7607,48.2115],[-3.7542,48.2075]]]]}},{"type":"Feature","properties":{"territoire":"29028","nom":"Cléden-Cap-Sizun","type":"commune"},"geometry":{"type":"MultiPolygon","coordinates":[[[[-4.6138,48.0383],[-4.6377,48.0385],[-4.6758,48.0448],[-4.706,48.0467],[-4.7054,48.0492],[-4.7114,48.0517],[-4.7098,48.053],[-4.7145,48.0532],[-4.7108,48.0555],[-4.7151,48.0576],[-4.7125,48.0595],[-4.7163,48.063],[-4.7113,48.0651],[-4.6934,48.0598],[-4.6892,48.0617],[-4.6904,48.0654],[-4.6853,48.0608],[-4.6813,48.0627],[-4.6718,48.0605],[-4.6722,48.064],[-4.6677,48.0671],[-4.6698,48.0692],[-4.6652,48.0727],[-4.6627,48.0687],[-4.6557,48.0678],[-4.6505,48.07],[-4.6438,48.0671],[-4.6373,48.0689],[-4.6316,48.067],[-4.6288,48.0692],[-4.6308,48.0729],[-4.619,48.0668],[-4.6209,48.0636],[-4.6173,48.0625],[-4.6182,48.0542],[-4.6123,48.0549],[-4.6121,48.0496],[-4.6083,48.049],[-4.609,48.0404],[-4.6138,48.0383]]]]}},{"type":"Feature","properties":{"territoire":"29029","nom":"Cléden-Poher","type":"commune"},"geometry":{"type":"MultiPolygon","coordinates":[[[[-3.696,48.2649],[-3.6891,48.2621],[-3.6701,48.2619],[-3.6538,48.2578],[-3.6477,48.2612],[-3.6515,48.2613],[-3.6497,48.2643],[-3.6359,48.2672],[-3.6276,48.2584],[-3.6236,48.2608],[-3.6264,48.2653],[-3.6159,48.2685],[-3.6131,48.2649],[-3.607,48.2634],[-3.6092,48.2617],[-3.6072,48.2502],[-3.6108,48.2472],[-3.6186,48.248],[-3.617,48.2469],[-3.6195,48.2444],[-3.619,48.2376],[-3.6333,48.2329],[-3.6373,48.2259],[-3.6535,48.2263],[-3.6593,48.2178],[-3.6693,48.2219],[-3.6863,48.2178],[-3.6896,48.2226],[-3.696,48.2251],[-3.7037,48.2187],[-3.7187,48.2228],[-3.7208,48.2345],[-3.714,48.2397],[-3.7025,48.2356],[-3.6998,48.2369],[-3.6984,48.2456],[-3.7114,48.251],[-3.7097,48.2552],[-3.6985,48.2597],[-3.696,48.2649]]]]}},{"type":"Feature","properties":{"territoire":"29030","nom":"Cléder","type":"commune"},"geometry":{"type":"MultiPolygon","coordinates":[[[[-4.1471,48.6216],[-4.1498,48.6262],[-4.1601,48.6305],[-4.158,48.6369],[-4.1672,48.6417],[-4.1663,48.6446],[-4.1708,48.6474],[-4.1509,48.6452],[-4.1525,48.6497],[-4.148,48.6503],[-4.1509,48.6521],[-4.1516,48.6627],[-4.1551,48.6626],[-4.1549,48.6655],[-4.1605,48.6694],[-4.1593,48.6761],[-4.1622,48.68],[-4.1621,48.6911],[-4.158,48.6897],[-4.1545,48.6922],[-4.1378,48.6929],[-4.1299,48.697],[-4.1272,48.6938],[-4.1108,48.6954],[-4.1,48.6928],[-4.0995,48.6959],[-4.0957,48.6936],[-4.0955,48.6842],[-4.0857,48.6771],[-4.0872,48.6743],[-4.0839,48.6649],[-4.085,48.6536],[-4.077,48.6517],[-4.0904,48.6412],[-4.0986,48.642],[-4.1063,48.6342],[-4.1064,48.63],[-4.1233,48.6243],[-4.1348,48.625],[-4.134,48.6219],[-4.1403,48.6186],[-4.1471,48.6216]]]]}},{"type":"Feature","properties":{"territoire":"29031","nom":"Clohars-Carnoët","type":"commune"},"geometry":{"type":"MultiPolygon","coordinates":[[[[-3.5841,47.8253],[-3.5788,47.8335],[-3.5709,47.8324],[-3.5658,47.8275],[-3.5534,47.8224],[-3.5438,47.8235],[-3.5427,47.8215],[-3.5333,47.8208],[-3.5374,47.8166],[-3.5355,47.8131],[-3.5231,47.81],[-3.5245,47.8048],[-3.5193,47.8035],[-3.5216,47.8015],[-3.5206,47.7986],[-3.5273,47.797],[-3.5287,47.7923],[-3.5319,47.7907],[-3.5281,47.7865],[-3.5323,47.7834],[-3.5333,47.7758],[-3.5384,47.7756],[-3.5334,47.7744],[-3.5314,47.7711],[-3.5325,47.7673],[-3.5385,47.7649],[-3.5375,47.7632],[-3.5495,47.7661],[-3.5531,47.7631],[-3.5553,47.766],[-3.5602,47.7655],[-3.5627,47.7682],[-3.5728,47.7699],[-3.5802,47.7669],[-3.5984,47.7703],[-3.6029,47.7688],[-3.6087,47.772],[-3.6011,47.7791],[-3.6104,47.7737],[-3.6096,47.77],[-3.6127,47.7704],[-3.6121,47.7687],[-3.6169,47.7709],[-3.6144,47.7822],[-3.611,47.7843],[-3.6038,47.8033],[-3.5981,47.8082],[-3.5898,47.8068],[-3.5924,47.8117],[-3.5814,47.8201],[-3.5852,47.8241],[-3.5841,47.8253]]]]}},{"type":"Feature","properties":{"territoire":"29032","nom":"Clohars-Fouesnant","type":"commune"},"geometry":{"type":"MultiPolygon","coordinates":[[[[-4.0757,47.9194],[-4.0679,47.9161],[-4.0684,47.9143],[-4.0643,47.9141],[-4.0611,47.9085],[-4.0669,47.907],[-4.063,47.9012],[-4.0496,47.9027],[-4.0504,47.9053],[-4.0466,47.9063],[-4.0479,47.9014],[-4.0407,47.902],[-4.0427,47.8997],[-4.0416,47.8966],[-4.0465,47.8978],[-4.0484,47.8942],[-4.0467,47.8924],[-4.0501,47.8915],[-4.0456,47.8902],[-4.0532,47.891],[-4.0579,47.8877],[-4.0575,47.8899],[-4.0615,47.8858],[-4.0615,47.8874],[-4.077,47.891],[-4.0817,47.8869],[-4.0853,47.8872],[-4.0843,47.8845],[-4.1044,47.8805],[-4.1243,47.8881],[-4.1253,47.8914],[-4.1183,47.8932],[-4.116,47.8977],[-4.0973,47.8987],[-4.0877,47.9026],[-4.0927,47.9061],[-4.0928,47.9148],[-4.0958,47.9149],[-4.0958,47.9178],[-4.0757,47.9194]]]]}},{"type":"Feature","properties":{"territoire":"29033","nom":"Le Cloître-Pleyben","type":"commune"},"geometry":{"type":"MultiPolygon","coordinates":[[[[-3.8734,48.2313],[-3.885,48.2332],[-3.8911,48.238],[-3.8995,48.2379],[-3.9009,48.2414],[-3.9066,48.2399],[-3.9124,48.2424],[-3.9158,48.2407],[-3.9187,48.2412],[-3.9192,48.2446],[-3.9312,48.2446],[-3.9316,48.2507],[-3.9276,48.2502],[-3.9257,48.2535],[-3.9295,48.2567],[-3.924,48.2605],[-3.9351,48.268],[-3.9371,48.2767],[-3.9409,48.2792],[-3.932,48.284],[-3.9251,48.284],[-3.9201,48.2797],[-3.9222,48.2789],[-3.9205,48.2746],[-3.9221,48.272],[-3.908,48.2712],[-3.8977,48.2674],[-3.8875,48.2787],[-3.8838,48.28],[-3.8851,48.2816],[-3.8833,48.283],[-3.8809,48.282],[-3.8767,48.2855],[-3.8723,48.2842],[-3.8688,48.2813],[-3.8711,48.2725],[-3.8599,48.2714],[-3.8628,48.267],[-3.868,48.2652],[-3.8684,48.2602],[-3.8611,48.2557],[-3.8617,48.2507],[-3.8689,48.2416],[-3.8723,48.2408],[-3.8726,48.2378],[-3.877,48.2363],[-3.873,48.2337],[-3.8734,48.2313]]]]}},{"type":"Feature","properties":{"territoire":"29034","nom":"Le Cloître-Saint-Thégonnec","type":"commune"},"geometry":{"type":"MultiPolygon","coordinates":[[[[-3.7537,48.4468],[-3.7697,48.4441],[-3.7702,48.4413],[-3.7872,48.4379],[-3.7912,48.4348],[-3.8025,48.4351],[-3.806,48.4291],[-3.8031,48.4262],[-3.8064,48.4239],[-3.8121,48.4284],[-3.8236,48.4303],[-3.8245,48.436],[-3.8308,48.441],[-3.834,48.4482],[-3.827,48.4509],[-3.8235,48.4599],[-3.8175,48.4624],[-3.8228,48.4656],[-3.821,48.4681],[-3.828,48.4768],[-3.8267,48.4778],[-3.8291,48.4784],[-3.8261,48.4863],[-3.8211,48.4831],[-3.8056,48.4836],[-3.803,48.4897],[-3.8001,48.4901],[-3.7885,48.4835],[-3.7808,48.4819],[-3.7806,48.4798],[-3.7725,48.4789],[-3.7682,48.4836],[-3.7688,48.4875],[-3.7608,48.4886],[-3.7574,48.481],[-3.7519,48.479],[-3.7541,48.4772],[-3.7517,48.4757],[-3.7573,48.4743],[-3.7519,48.4645],[-3.7561,48.4638],[-3.75,48.4618],[-3.7527,48.4578],[-3.7504,48.4568],[-3.7537,48.4561],[-3.7503,48.4474],[-3.7537,48.4468]]]]}},{"type":"Feature","properties":{"territoire":"29035","nom":"Coat-Méal","type":"commune"},"geometry":{"type":"MultiPolygon","coordinates":[[[[-4.5279,48.4775],[-4.5337,48.4753],[-4.5364,48.481],[-4.5475,48.4805],[-4.5463,48.4848],[-4.5516,48.4884],[-4.5569,48.497],[-4.5555,48.5015],[-4.5604,48.5058],[-4.5674,48.5066],[-4.5518,48.5086],[-4.5564,48.5122],[-4.5572,48.5182],[-4.5511,48.5214],[-4.5521,48.524],[-4.5373,48.5283],[-4.537,48.533],[-4.5266,48.5401],[-4.5189,48.5346],[-4.5214,48.5279],[-4.5236,48.5252],[-4.5361,48.5234],[-4.5407,48.5178],[-4.5351,48.5154],[-4.5354,48.5118],[-4.5301,48.5062],[-4.5224,48.5031],[-4.5314,48.5],[-4.5271,48.4938],[-4.5292,48.4879],[-4.5233,48.4843],[-4.5246,48.4791],[-4.5279,48.4775]]]]}},{"type":"Feature","properties":{"territoire":"29041","nom":"Coray","type":"commune"},"geometry":{"type":"MultiPolygon","coordinates":[[[[-3.9154,48.0549],[-3.9075,48.0571],[-3.8927,48.0682],[-3.8864,48.0687],[-3.8877,48.0712],[-3.8818,48.0721],[-3.881,48.0773],[-3.8662,48.0827],[-3.8609,48.0883],[-3.86,48.0935],[-3.8539,48.0958],[-3.852,48.0991],[-3.841,48.0999],[-3.8358,48.103],[-3.8298,48.0951],[-3.8235,48.0917],[-3.8183,48.0779],[-3.8094,48.0766],[-3.8082,48.0727],[-3.8108,48.0707],[-3.8084,48.0691],[-3.8122,48.0666],[-3.8169,48.0511],[-3.8245,48.0526],[-3.8266,48.0478],[-3.8301,48.0483],[-3.8357,48.0438],[-3.8543,48.0376],[-3.8662,48.037],[-3.8658,48.0406],[-3.8701,48.0441],[-3.8814,48.0437],[-3.8847,48.0469],[-3.8998,48.0456],[-3.8995,48.0439],[-3.9094,48.0454],[-3.9139,48.0473],[-3.9154,48.0549]]]]}},{"type":"Feature","properties":{"territoire":"29042","nom":"Crozon","type":"commune"},"geometry":{"type":"MultiPolygon","coordinates":[[[[-4.4392,48.2247],[-4.4344,48.2279],[-4.4353,48.2241],[-4.4392,48.2247]]],[[[-4.3666,48.2736],[-4.3652,48.2686],[-4.3674,48.2621],[-4.3622,48.2587],[-4.3863,48.2537],[-4.3858,48.2455],[-4.3975,48.2433],[-4.3984,48.2351],[-4.3959,48.2305],[-4.405,48.2225],[-4.4139,48.2228],[-4.4146,48.2262],[-4.4219,48.2266],[-4.4258,48.2296],[-4.4339,48.2284],[-4.4285,48.2345],[-4.4322,48.2379],[-4.442,48.2343],[-4.4359,48.2339],[-4.4374,48.2319],[-4.4338,48.2328],[-4.4329,48.2305],[-4.4483,48.2358],[-4.4607,48.2352],[-4.4644,48.2395],[-4.4738,48.2361],[-4.4958,48.2343],[-4.5041,48.2254],[-4.4947,48.2229],[-4.4935,48.2258],[-4.4955,48.2221],[-4.4937,48.2207],[-4.4981,48.2165],[-4.5032,48.2163],[-4.5105,48.2118],[-4.5152,48.2046],[-4.5111,48.2012],[-4.5149,48.2011],[-4.5209,48.1954],[-4.5185,48.1917],[-4.5225,48.1913],[-4.5272,48.1855],[-4.5404,48.1808],[-4.5388,48.1769],[-4.5418,48.1739],[-4.5395,48.1704],[-4.5417,48.1683],[-4.5507,48.168],[-4.5595,48.17],[-4.5571,48.1743],[-4.56,48.1767],[-4.5508,48.1819],[-4.5528,48.1851],[-4.5551,48.1848],[-4.5509,48.187],[-4.5511,48.1892],[-4.5547,48.1902],[-4.5497,48.1942],[-4.5541,48.2063],[-4.552,48.209],[-4.555,48.2131],[-4.5587,48.2124],[-4.5566,48.216],[-4.5607,48.2195],[-4.5585,48.2243],[-4.5626,48.2283],[-4.5615,48.2303],[-4.5646,48.2323],[-4.5724,48.2312],[-4.5705,48.2347],[-4.5737,48.2357],[-4.5674,48.235],[-4.5657,48.2374],[-4.5615,48.2356],[-4.5545,48.2395],[-4.5454,48.2404],[-4.5435,48.2492],[-4.5488,48.2551],[-4.557,48.2587],[-4.5537,48.2613],[-4.5547,48.2638],[-4.5483,48.2647],[-4.5469,48.2681],[-4.5579,48.2714],[-4.5602,48.2729],[-4.5591,48.2753],[-4.5632,48.2764],[-4.5577,48.2802],[-4.5599,48.283],[-4.5663,48.2843],[-4.5679,48.2901],[-4.5639,48.2929],[-4.5643,48.2949],[-4.5584,48.2962],[-4.5425,48.2902],[-4.5385,48.2932],[-4.5391,48.2892],[-4.542,48.2901],[-4.5414,48.2874],[-4.5358,48.284],[-4.5224,48.2899],[-4.5224,48.2923],[-4.5262,48.2924],[-4.5261,48.2951],[-4.5178,48.2977],[-4.5084,48.3104],[-4.4991,48.3111],[-4.4958,48.31],[-4.4955,48.3075],[-4.4996,48.3106],[-4.5015,48.3058],[-4.4975,48.3047],[-4.5018,48.3056],[-4.5121,48.2978],[-4.5111,48.2963],[-4.5183,48.2941],[-4.5152,48.2903],[-4.5054,48.2869],[-4.5091,48.2844],[-4.5,48.279],[-4.4937,48.2693],[-4.4889,48.2729],[-4.4734,48.2728],[-4.476,48.2698],[-4.475,48.2633],[-4.4557,48.2619],[-4.4444,48.2582],[-4.4124,48.2643],[-4.4073,48.2632],[-4.398,48.2673],[-4.3852,48.2676],[-4.3843,48.2751],[-4.3719,48.2779],[-4.3671,48.2779],[-4.3666,48.2736]]],[[[-4.5389,48.3023],[-4.5377,48.3043],[-4.5347,48.3032],[-4.5389,48.3023]]]]}},{"type":"Feature","properties":{"territoire":"29043","nom":"Daoulas","type":"commune"},"geometry":{"type":"MultiPolygon","coordinates":[[[[-4.2579,48.3736],[-4.2454,48.357],[-4.2526,48.3522],[-4.2469,48.3468],[-4.2587,48.3424],[-4.2712,48.3426],[-4.2829,48.3463],[-4.283,48.3432],[-4.284,48.347],[-4.2884,48.349],[-4.2918,48.3478],[-4.2924,48.3505],[-4.2746,48.3523],[-4.2633,48.3572],[-4.2613,48.3617],[-4.2644,48.3581],[-4.2686,48.3576],[-4.2765,48.3714],[-4.2599,48.37],[-4.2579,48.3736]]]]}},{"type":"Feature","properties":{"territoire":"29044","nom":"Dinéault","type":"commune"},"geometry":{"type":"MultiPolygon","coordinates":[[[[-4.1538,48.2463],[-4.1364,48.2368],[-4.1299,48.2383],[-4.1211,48.2453],[-4.1122,48.2474],[-4.1084,48.2452],[-4.1148,48.2318],[-4.118,48.217],[-4.1156,48.2116],[-4.1061,48.2045],[-4.1133,48.1995],[-4.1196,48.1983],[-4.1107,48.1949],[-4.1111,48.1923],[-4.1259,48.1886],[-4.126,48.1839],[-4.1579,48.1855],[-4.1826,48.1946],[-4.1918,48.2025],[-4.2288,48.2044],[-4.2289,48.2075],[-4.2336,48.2093],[-4.2407,48.2079],[-4.2424,48.211],[-4.2424,48.2183],[-4.2449,48.2227],[-4.2426,48.2244],[-4.2204,48.2278],[-4.2114,48.2263],[-4.2023,48.2299],[-4.2108,48.2473],[-4.2035,48.2448],[-4.2007,48.2476],[-4.1923,48.2491],[-4.1538,48.2463]]]]}},{"type":"Feature","properties":{"territoire":"29045","nom":"Dirinon","type":"commune"},"geometry":{"type":"MultiPolygon","coordinates":[[[[-4.2126,48.4237],[-4.2212,48.4195],[-4.2257,48.4194],[-4.2302,48.4236],[-4.2331,48.4221],[-4.2306,48.418],[-4.2376,48.4149],[-4.2373,48.4073],[-4.2333,48.4002],[-4.2365,48.3969],[-4.2381,48.3887],[-4.2562,48.3832],[-4.2599,48.37],[-4.2765,48.3714],[-4.2688,48.3577],[-4.2802,48.3547],[-4.285,48.3569],[-4.2872,48.3562],[-4.2855,48.3547],[-4.2873,48.3531],[-4.3054,48.3563],[-4.3036,48.3602],[-4.3077,48.3633],[-4.3046,48.372],[-4.2925,48.3798],[-4.2806,48.3818],[-4.2831,48.3842],[-4.2803,48.3852],[-4.2857,48.3944],[-4.2912,48.3943],[-4.2862,48.3967],[-4.2879,48.3984],[-4.2864,48.4002],[-4.2996,48.4081],[-4.3034,48.4139],[-4.3099,48.4169],[-4.3141,48.4157],[-4.3091,48.4195],[-4.2981,48.4245],[-4.2867,48.4334],[-4.2816,48.4312],[-4.2822,48.4344],[-4.2709,48.4423],[-4.2607,48.4311],[-4.2512,48.4321],[-4.238,48.4251],[-4.2291,48.4321],[-4.2126,48.4237]]]]}},{"type":"Feature","properties":{"territoire":"29046","nom":"Douarnenez","type":"commune"},"geometry":{"type":"MultiPolygon","coordinates":[[[[-4.339,48.0981],[-4.3426,48.097],[-4.3384,48.0969],[-4.3366,48.0944],[-4.3355,48.0973],[-4.3302,48.0966],[-4.3278,48.1003],[-4.3214,48.0994],[-4.3275,48.0995],[-4.3225,48.0968],[-4.3211,48.0986],[-4.3227,48.0952],[-4.3244,48.0969],[-4.3227,48.0926],[-4.3141,48.0926],[-4.3071,48.0889],[-4.2971,48.0922],[-4.2763,48.0847],[-4.2715,48.0851],[-4.2696,48.0784],[-4.2786,48.0753],[-4.2829,48.0761],[-4.2852,48.0707],[-4.2909,48.0708],[-4.2887,48.0638],[-4.296,48.0562],[-4.2934,48.0534],[-4.2952,48.0504],[-4.2998,48.0483],[-4.3196,48.0578],[-4.3197,48.0617],[-4.3261,48.0655],[-4.3222,48.0696],[-4.3245,48.0735],[-4.3314,48.0724],[-4.3498,48.0633],[-4.3537,48.0632],[-4.3513,48.0682],[-4.368,48.0666],[-4.37,48.0683],[-4.3685,48.0712],[-4.3714,48.0704],[-4.375,48.0738],[-4.3759,48.0759],[-4.3726,48.0768],[-4.3751,48.082],[-4.3613,48.0809],[-4.3604,48.0857],[-4.3676,48.0864],[-4.3714,48.0902],[-4.373,48.0952],[-4.3707,48.0979],[-4.3716,48.102],[-4.3789,48.1082],[-4.3743,48.1103],[-4.3622,48.1092],[-4.3524,48.1022],[-4.3409,48.1015],[-4.339,48.0981]]],[[[-4.3393,48.1025],[-4.3364,48.1026],[-4.3356,48.1],[-4.3393,48.1025]]]]}},{"type":"Feature","properties":{"territoire":"29047","nom":"Le Drennec","type":"commune"},"geometry":{"type":"MultiPolygon","coordinates":[[[[-4.3644,48.5471],[-4.3678,48.5434],[-4.3732,48.5455],[-4.3737,48.5429],[-4.3587,48.5295],[-4.3635,48.5284],[-4.3622,48.5241],[-4.3587,48.5226],[-4.3598,48.5197],[-4.3571,48.5156],[-4.3652,48.5139],[-4.3741,48.5154],[-4.3735,48.5136],[-4.3773,48.5127],[-4.3839,48.5146],[-4.3845,48.5165],[-4.3806,48.5188],[-4.3844,48.5224],[-4.3973,48.5223],[-4.3981,48.5258],[-4.4005,48.5263],[-4.3966,48.5275],[-4.4,48.5318],[-4.3983,48.5344],[-4.4043,48.5349],[-4.408,48.5436],[-4.4021,48.5466],[-4.3942,48.5553],[-4.3867,48.545],[-4.3798,48.5454],[-4.3794,48.5487],[-4.3691,48.5523],[-4.3715,48.5481],[-4.3644,48.5471]]]]}},{"type":"Feature","properties":{"territoire":"29048","nom":"Edern","type":"commune"},"geometry":{"type":"MultiPolygon","coordinates":[[[[-3.9013,48.0978],[-3.9391,48.098],[-3.9441,48.1],[-3.9544,48.1115],[-3.9713,48.1016],[-3.9748,48.0928],[-3.9717,48.0894],[-3.9718,48.0853],[-3.9786,48.0813],[-3.9802,48.0763],[-3.9884,48.0733],[-3.9935,48.0784],[-3.9913,48.0858],[-3.9927,48.0919],[-3.988,48.0968],[-3.987,48.1022],[-3.9882,48.1084],[-3.99,48.1105],[-3.9995,48.1115],[-4.0049,48.1104],[-4.0038,48.1083],[-4.0081,48.1066],[-4.0174,48.1065],[-4.0211,48.1099],[-4.0202,48.115],[-4.0224,48.1182],[-4.0202,48.1223],[-4.0158,48.124],[-4.0178,48.1265],[-4.0081,48.1302],[-4.0051,48.1352],[-4.0107,48.144],[-4.005,48.1415],[-3.9743,48.1462],[-3.9519,48.1527],[-3.9348,48.1521],[-3.9313,48.1489],[-3.9416,48.1403],[-3.9288,48.1419],[-3.9293,48.1355],[-3.9265,48.1339],[-3.9314,48.1327],[-3.9302,48.1279],[-3.9272,48.1252],[-3.9155,48.1299],[-3.9148,48.1259],[-3.9078,48.1254],[-3.9083,48.1216],[-3.9059,48.1195],[-3.8977,48.1187],[-3.8941,48.1014],[-3.9013,48.1006],[-3.9013,48.0978]]]]}},{"type":"Feature","properties":{"territoire":"29049","nom":"Elliant","type":"commune"},"geometry":{"type":"MultiPolygon","coordinates":[[[[-3.94,48.0489],[-3.9154,48.0549],[-3.9139,48.0473],[-3.9094,48.0454],[-3.8995,48.0439],[-3.8998,48.0456],[-3.8847,48.0469],[-3.8814,48.0437],[-3.8701,48.0441],[-3.8658,48.0406],[-3.8662,48.037],[-3.8504,48.0385],[-3.8461,48.0358],[-3.8444,48.0284],[-3.8492,48.0188],[-3.8469,48.0191],[-3.8506,48.0157],[-3.8469,48.0112],[-3.8479,48.0063],[-3.8459,48.0024],[-3.8435,48.003],[-3.8372,47.9953],[-3.8507,47.9854],[-3.8525,47.979],[-3.8564,47.9788],[-3.8565,47.9745],[-3.8535,47.9731],[-3.8573,47.9634],[-3.856,47.9613],[-3.8692,47.9597],[-3.8831,47.9649],[-3.89,47.963],[-3.8912,47.9659],[-3.8918,47.9619],[-3.9008,47.9686],[-3.9128,47.9695],[-3.9144,47.9763],[-3.9217,47.9752],[-3.967,47.9832],[-3.9647,47.9902],[-3.966,47.9949],[-3.9626,47.9956],[-3.9605,48.0044],[-3.9632,48.0086],[-3.9565,48.0129],[-3.9555,48.0263],[-3.9505,48.0291],[-3.9572,48.0331],[-3.9561,48.035],[-3.9735,48.0393],[-3.9666,48.0427],[-3.951,48.0426],[-3.94,48.0489]]]]}},{"type":"Feature","properties":{"territoire":"29051","nom":"Ergué-Gabéric","type":"commune"},"geometry":{"type":"MultiPolygon","coordinates":[[[[-4.0042,48.0378],[-3.9867,48.0401],[-3.9769,48.0361],[-3.9735,48.0389],[-3.9701,48.0385],[-3.9561,48.035],[-3.9572,48.0331],[-3.9505,48.0291],[-3.9555,48.0263],[-3.9565,48.0129],[-3.9632,48.0086],[-3.9605,48.0044],[-3.9626,47.9956],[-3.966,47.9949],[-3.9647,47.9902],[-3.967,47.9832],[-3.9818,47.9834],[-3.9964,47.9887],[-4.0017,47.987],[-4.0157,47.9884],[-4.0196,47.9913],[-4.0295,47.9928],[-4.0392,47.9912],[-4.041,47.9931],[-4.0592,47.9938],[-4.0675,47.9917],[-4.0716,47.9936],[-4.0665,47.9951],[-4.0685,47.9997],[-4.0628,48.0041],[-4.0648,48.0133],[-4.06,48.0198],[-4.0629,48.0223],[-4.0547,48.0271],[-4.0556,48.0302],[-4.0625,48.0344],[-4.0509,48.0323],[-4.0477,48.0344],[-4.0364,48.0327],[-4.0329,48.0345],[-4.0245,48.029],[-4.0173,48.0344],[-4.0087,48.033],[-4.0042,48.0378]]]]}},{"type":"Feature","properties":{"territoire":"29053","nom":"Le Faou","type":"commune"},"geometry":{"type":"MultiPolygon","coordinates":[[[[-4.1468,48.2835],[-4.1504,48.2812],[-4.1581,48.2858],[-4.1568,48.2873],[-4.1468,48.2835]]],[[[-4.0886,48.3099],[-4.1,48.3061],[-4.1109,48.3088],[-4.1229,48.3016],[-4.1479,48.2965],[-4.1646,48.2984],[-4.1639,48.297],[-4.1692,48.2955],[-4.1682,48.2898],[-4.1725,48.2892],[-4.1657,48.2827],[-4.1702,48.2815],[-4.1743,48.2848],[-4.1801,48.2841],[-4.1822,48.289],[-4.189,48.2925],[-4.196,48.2916],[-4.191,48.2948],[-4.1892,48.2932],[-4.1883,48.2953],[-4.1784,48.2961],[-4.1939,48.298],[-4.1879,48.2999],[-4.1885,48.3036],[-4.1817,48.3034],[-4.1815,48.3053],[-4.1734,48.301],[-4.162,48.3025],[-4.1597,48.3063],[-4.1509,48.3088],[-4.1442,48.3201],[-4.1392,48.3199],[-4.1298,48.3242],[-4.1216,48.3212],[-4.1083,48.3204],[-4.1041,48.316],[-4.0886,48.3099]]]]}},{"type":"Feature","properties":{"territoire":"29054","nom":"La Feuillée","type":"commune"},"geometry":{"type":"MultiPolygon","coordinates":[[[[-3.9196,48.4018],[-3.8865,48.4133],[-3.8462,48.4219],[-3.8438,48.4122],[-3.8276,48.4085],[-3.8262,48.4068],[-3.8283,48.4022],[-3.8153,48.3951],[-3.816,48.3919],[-3.8072,48.3878],[-3.802,48.3886],[-3.7974,48.3725],[-3.8103,48.369],[-3.8021,48.3627],[-3.824,48.3603],[-3.8375,48.3622],[-3.8393,48.3662],[-3.8514,48.3732],[-3.8689,48.3711],[-3.8683,48.3794],[-3.89,48.3873],[-3.8963,48.3865],[-3.9032,48.3896],[-3.9052,48.3931],[-3.9115,48.3937],[-3.9095,48.3957],[-3.9116,48.3988],[-3.9196,48.4018]]]]}},{"type":"Feature","properties":{"territoire":"29055","nom":"Le Folgoët","type":"commune"},"geometry":{"type":"MultiPolygon","coordinates":[[[[-4.3689,48.5885],[-4.3602,48.5834],[-4.3527,48.584],[-4.3509,48.5798],[-4.3333,48.5766],[-4.3377,48.5743],[-4.3326,48.5711],[-4.335,48.5706],[-4.3345,48.5687],[-4.3319,48.5703],[-4.3321,48.568],[-4.3273,48.5688],[-4.3313,48.5587],[-4.328,48.5544],[-4.3431,48.5501],[-4.3472,48.5511],[-4.3478,48.5492],[-4.3562,48.5505],[-4.3621,48.5498],[-4.3644,48.5471],[-4.3715,48.5481],[-4.3668,48.5563],[-4.3671,48.5708],[-4.3753,48.5778],[-4.3689,48.5885]]]]}},{"type":"Feature","properties":{"territoire":"29056","nom":"La Forest-Landerneau","type":"commune"},"geometry":{"type":"MultiPolygon","coordinates":[[[[-4.342,48.4349],[-4.3319,48.4406],[-4.3358,48.4427],[-4.332,48.4457],[-4.3219,48.4438],[-4.3125,48.4472],[-4.2983,48.445],[-4.2901,48.4463],[-4.2775,48.4402],[-4.2794,48.4375],[-4.2938,48.4341],[-4.3027,48.4281],[-4.3014,48.4261],[-4.3091,48.4254],[-4.3141,48.42],[-4.3242,48.4174],[-4.3391,48.4219],[-4.3381,48.4269],[-4.342,48.4349]]]]}},{"type":"Feature","properties":{"territoire":"29001","nom":"Argol","type":"commune"},"geometry":{"type":"MultiPolygon","coordinates":[[[[-4.3291,48.2621],[-4.3282,48.2683],[-4.2817,48.2752],[-4.2788,48.2717],[-4.2611,48.2671],[-4.2553,48.2631],[-4.2705,48.258],[-4.2547,48.2595],[-4.2529,48.2569],[-4.2576,48.2561],[-4.2452,48.2539],[-4.2486,48.2504],[-4.2446,48.2508],[-4.2423,48.2475],[-4.2483,48.2434],[-4.2487,48.2388],[-4.2584,48.236],[-4.2665,48.2297],[-4.2887,48.2303],[-4.3044,48.2242],[-4.3072,48.2147],[-4.3136,48.2133],[-4.3141,48.21],[-4.3208,48.204],[-4.3278,48.202],[-4.3265,48.204],[-4.3309,48.2046],[-4.3318,48.2077],[-4.3205,48.2148],[-4.3224,48.2206],[-4.3188,48.222],[-4.3176,48.2257],[-4.3218,48.237],[-4.3343,48.2469],[-4.3342,48.2529],[-4.3291,48.2621]]],[[[-4.3565,48.268],[-4.3656,48.2666],[-4.3671,48.2779],[-4.3535,48.286],[-4.3387,48.2856],[-4.3416,48.2772],[-4.3565,48.268]]]]}},{"type":"Feature","properties":{"territoire":"29002","nom":"Arzano","type":"commune"},"geometry":{"type":"MultiPolygon","coordinates":[[[[-3.4936,47.9022],[-3.4865,47.8999],[-3.4818,47.9041],[-3.4695,47.903],[-3.4678,47.9073],[-3.4663,47.9032],[-3.4618,47.9031],[-3.4585,47.906],[-3.4614,47.9163],[-3.4518,47.9187],[-3.4489,47.9208],[-3.4504,47.9236],[-3.4427,47.9276],[-3.4218,47.9258],[-3.4144,47.9231],[-3.4066,47.9181],[-3.409,47.916],[-3.4094,47.9098],[-3.4035,47.9077],[-3.4096,47.9053],[-3.4171,47.907],[-3.4192,47.9046],[-3.4051,47.9019],[-3.4043,47.8993],[-3.4085,47.8965],[-3.4022,47.8847],[-3.4037,47.8795],[-3.4013,47.8736],[-3.4042,47.8666],[-3.3982,47.8632],[-3.4079,47.8626],[-3.4114,47.864],[-3.4121,47.8683],[-3.4236,47.8692],[-3.4321,47.8676],[-3.4397,47.8628],[-3.4424,47.8644],[-3.4518,47.8615],[-3.4543,47.8646],[-3.4503,47.8685],[-3.4529,47.8706],[-3.4577,47.8725],[-3.4649,47.871],[-3.4705,47.8743],[-3.4758,47.8733],[-3.4845,47.8784],[-3.4846,47.8813],[-3.4889,47.8807],[-3.4958,47.8879],[-3.4994,47.8882],[-3.4988,47.894],[-3.5034,47.8957],[-3.4954,47.8955],[-3.4974,47.8987],[-3.4936,47.9022]]]]}},{"type":"Feature","properties":{"territoire":"29003","nom":"Audierne","type":"commune"},"geometry":{"type":"MultiPolygon","coordinates":[[[[-4.5282,48.0373],[-4.5348,48.0318],[-4.5323,48.0288],[-4.5385,48.0233],[-4.535,48.0189],[-4.5415,48.0122],[-4.5408,48.0092],[-4.5408,48.0109],[-4.5494,48.0119],[-4.5547,48.0102],[-4.5573,48.0063],[-4.5511,48.0052],[-4.5563,48.0053],[-4.5653,47.9998],[-4.5769,48.0047],[-4.5923,48.0065],[-4.5929,48.0117],[-4.5982,48.0153],[-4.603,48.0153],[-4.5989,48.0208],[-4.5934,48.0186],[-4.5881,48.0218],[-4.5761,48.0222],[-4.5767,48.0302],[-4.5811,48.0344],[-4.5768,48.0336],[-4.5757,48.0384],[-4.5871,48.0398],[-4.5636,48.0559],[-4.5587,48.0562],[-4.5595,48.0544],[-4.5536,48.0519],[-4.5368,48.0482],[-4.5332,48.0463],[-4.534,48.0406],[-4.5274,48.0397],[-4.5282,48.0373]]]]}},{"type":"Feature","properties":{"territoire":"29004","nom":"Bannalec","type":"commune"},"geometry":{"type":"MultiPolygon","coordinates":[[[[-3.62,47.927],[-3.6146,47.9252],[-3.6124,47.9201],[-3.6131,47.9138],[-3.6186,47.9078],[-3.6184,47.9027],[-3.6279,47.903],[-3.632,47.9057],[-3.6389,47.9048],[-3.6394,47.9087],[-3.6505,47.9049],[-3.6602,47.9084],[-3.6621,47.9056],[-3.6658,47.9057],[-3.6654,47.9036],[-3.6682,47.9038],[-3.6696,47.9062],[-3.6735,47.9048],[-3.6743,47.9093],[-3.6767,47.9091],[-3.6764,47.9051],[-3.6824,47.9047],[-3.6827,47.901],[-3.698,47.9042],[-3.6971,47.8994],[-3.7045,47.8971],[-3.7031,47.894],[-3.7151,47.8926],[-3.7197,47.8904],[-3.7205,47.8855],[-3.7321,47.8831],[-3.7351,47.8872],[-3.7469,47.8928],[-3.7566,47.901],[-3.7519,47.9025],[-3.7539,47.9051],[-3.7519,47.9076],[-3.7621,47.9172],[-3.761,47.9255],[-3.7643,47.9291],[-3.7538,47.9343],[-3.7541,47.9417],[-3.76,47.9452],[-3.7555,47.9495],[-3.7633,47.9593],[-3.7638,47.9654],[-3.7576,47.9691],[-3.7521,47.9686],[-3.7499,47.9722],[-3.7254,47.9703],[-3.7223,47.9689],[-3.7252,47.9653],[-3.7275,47.968],[-3.7338,47.9664],[-3.7271,47.9649],[-3.7229,47.9583],[-3.7203,47.9582],[-3.7207,47.9602],[-3.7124,47.9591],[-3.7076,47.9552],[-3.6959,47.9564],[-3.6925,47.9546],[-3.6873,47.9557],[-3.6889,47.9592],[-3.6833,47.9616],[-3.6938,47.965],[-3.7042,47.9775],[-3.6919,47.989],[-3.6785,47.9886],[-3.6737,47.9851],[-3.6697,47.9877],[-3.668,47.9857],[-3.6711,47.9802],[-3.6686,47.9782],[-3.6627,47.979],[-3.6658,47.981],[-3.6649,47.983],[-3.6482,47.9841],[-3.636,47.9726],[-3.6366,47.9637],[-3.6423,47.9601],[-3.6496,47.9631],[-3.6492,47.9558],[-3.6551,47.9559],[-3.6582,47.951],[-3.6524,47.9483],[-3.6538,47.945],[-3.6512,47.9419],[-3.6447,47.9429],[-3.6406,47.936],[-3.6378,47.9398],[-3.635,47.9395],[-3.6228,47.929],[-3.6234,47.9263],[-3.62,47.927]]]]}},{"type":"Feature","properties":{"territoire":"29057","nom":"La Forêt-Fouesnant","type":"commune"},"geometry":{"type":"MultiPolygon","coordinates":[[[[-3.9836,47.9426],[-3.982,47.9396],[-3.9778,47.9459],[-3.9719,47.9455],[-3.9743,47.9472],[-3.971,47.9472],[-3.9585,47.9436],[-3.9602,47.9415],[-3.9585,47.9376],[-3.9479,47.9375],[-3.9481,47.9396],[-3.9435,47.9398],[-3.9366,47.9388],[-3.9377,47.9369],[-3.9344,47.9393],[-3.9291,47.9386],[-3.9285,47.9358],[-3.9332,47.934],[-3.9323,47.931],[-3.935,47.9302],[-3.931,47.9288],[-3.9312,47.9267],[-3.9495,47.9243],[-3.9494,47.916],[-3.9459,47.9147],[-3.9482,47.9117],[-3.946,47.9047],[-3.9521,47.8944],[-3.9592,47.8972],[-3.9707,47.8958],[-3.9728,47.8934],[-3.9762,47.8984],[-3.9736,47.8977],[-3.9737,47.9018],[-3.9772,47.8989],[-3.9794,47.9021],[-3.9818,47.8969],[-3.9786,47.8953],[-3.9825,47.8933],[-3.99,47.8963],[-3.9903,47.903],[-3.9962,47.9042],[-3.9924,47.9105],[-3.9942,47.9136],[-4.0006,47.9143],[-4,47.9187],[-3.9947,47.9286],[-3.9877,47.9304],[-3.9919,47.9333],[-3.9836,47.9426]]]]}},{"type":"Feature","properties":{"territoire":"29058","nom":"Fouesnant","type":"commune"},"geometry":{"type":"MultiPolygon","coordinates":[[[[-4.0131,47.7167],[-4.0114,47.7188],[-4.0072,47.7174],[-4.0131,47.7167]]],[[[-4.0192,47.9233],[-4.0113,47.9272],[-4.0032,47.9224],[-3.9962,47.9264],[-4.0006,47.9143],[-3.9931,47.9129],[-3.9925,47.908],[-3.9966,47.9052],[-3.9894,47.9018],[-3.9916,47.8946],[-3.9816,47.8889],[-3.9713,47.8915],[-3.9901,47.883],[-3.9851,47.8758],[-3.9842,47.8696],[-3.9861,47.8669],[-3.984,47.861],[-3.9748,47.8549],[-4.0285,47.85],[-4.0404,47.8444],[-4.059,47.8568],[-4.0891,47.8623],[-4.0743,47.8616],[-4.0516,47.8546],[-4.0588,47.8596],[-4.0567,47.8619],[-4.0637,47.8608],[-4.0632,47.8674],[-4.0669,47.863],[-4.0733,47.8652],[-4.0626,47.8763],[-4.0435,47.8778],[-4.0227,47.8935],[-4.0225,47.8961],[-4.0286,47.8986],[-4.0258,47.8995],[-4.0264,47.903],[-4.0209,47.9057],[-4.0262,47.9064],[-4.0183,47.9107],[-4.0262,47.9153],[-4.0237,47.915],[-4.0233,47.9196],[-4.0192,47.9233]]],[[[-4.0022,47.707],[-3.9994,47.7107],[-3.9927,47.7083],[-3.9904,47.7029],[-3.9993,47.7015],[-3.9982,47.707],[-4.0022,47.707]]],[[[-3.9588,47.714],[-3.9552,47.7246],[-3.9508,47.7202],[-3.9561,47.7151],[-3.9551,47.7126],[-3.9576,47.7119],[-3.9588,47.714]]],[[[-4.0061,47.7234],[-3.997,47.7253],[-4.0032,47.7221],[-4.0061,47.7234]]]]}},{"type":"Feature","properties":{"territoire":"29116","nom":"Lanneuffret","type":"commune"},"geometry":{"type":"MultiPolygon","coordinates":[[[[-4.2166,48.4914],[-4.2174,48.4946],[-4.2058,48.4988],[-4.2047,48.5015],[-4.2075,48.5037],[-4.202,48.5066],[-4.1984,48.5059],[-4.1964,48.5006],[-4.1868,48.4942],[-4.1937,48.4926],[-4.2022,48.4852],[-4.2042,48.4908],[-4.2166,48.4914]]]]}},{"type":"Feature","properties":{"territoire":"29117","nom":"Lannilis","type":"commune"},"geometry":{"type":"MultiPolygon","coordinates":[[[[-4.5152,48.5875],[-4.5015,48.5884],[-4.5004,48.5837],[-4.493,48.581],[-4.486,48.5736],[-4.4532,48.5706],[-4.4611,48.5692],[-4.4604,48.5662],[-4.4752,48.5579],[-4.4781,48.5513],[-4.482,48.55],[-4.4968,48.5533],[-4.5087,48.5533],[-4.5145,48.551],[-4.5168,48.5547],[-4.5272,48.5563],[-4.5252,48.5583],[-4.5345,48.5546],[-4.5392,48.5624],[-4.5479,48.5579],[-4.553,48.5607],[-4.5526,48.5649],[-4.5536,48.5623],[-4.5596,48.5606],[-4.5871,48.5626],[-4.5899,48.5717],[-4.5956,48.5773],[-4.5881,48.5805],[-4.5648,48.5761],[-4.5583,48.581],[-4.5496,48.5781],[-4.5442,48.5884],[-4.5324,48.5905],[-4.527,48.5938],[-4.5227,48.5922],[-4.522,48.5844],[-4.5152,48.5875]]]]}},{"type":"Feature","properties":{"territoire":"29005","nom":"Baye","type":"commune"},"geometry":{"type":"MultiPolygon","coordinates":[[[[-3.611,47.8418],[-3.6221,47.8456],[-3.625,47.8412],[-3.633,47.8407],[-3.634,47.8434],[-3.6311,47.846],[-3.6327,47.8486],[-3.6282,47.8544],[-3.6327,47.8608],[-3.6305,47.8657],[-3.6158,47.8708],[-3.6077,47.8679],[-3.6104,47.8646],[-3.6069,47.8668],[-3.5957,47.8661],[-3.5922,47.8648],[-3.5937,47.864],[-3.592,47.8603],[-3.5883,47.8619],[-3.5907,47.8596],[-3.5898,47.853],[-3.5961,47.8542],[-3.5984,47.8483],[-3.611,47.8418]]]]}},{"type":"Feature","properties":{"territoire":"29006","nom":"Bénodet","type":"commune"},"geometry":{"type":"MultiPolygon","coordinates":[[[[-4.0456,47.8902],[-4.0337,47.8906],[-4.0311,47.8883],[-4.0383,47.8802],[-4.0471,47.8768],[-4.0598,47.8776],[-4.0694,47.8689],[-4.074,47.8676],[-4.0792,47.8691],[-4.0791,47.8735],[-4.0833,47.8741],[-4.0839,47.8722],[-4.0771,47.8668],[-4.088,47.8646],[-4.0907,47.861],[-4.0987,47.8624],[-4.1022,47.8666],[-4.1016,47.8703],[-4.1113,47.8715],[-4.1175,47.8793],[-4.1125,47.8828],[-4.1049,47.8805],[-4.0928,47.8819],[-4.0843,47.8845],[-4.0853,47.8872],[-4.0817,47.8869],[-4.077,47.891],[-4.0615,47.8874],[-4.0615,47.8858],[-4.0575,47.8899],[-4.0579,47.8877],[-4.0532,47.891],[-4.0456,47.8902]]]]}},{"type":"Feature","properties":{"territoire":"29007","nom":"Berrien","type":"commune"},"geometry":{"type":"MultiPolygon","coordinates":[[[[-3.6868,48.3862],[-3.6966,48.3895],[-3.7032,48.3861],[-3.714,48.3891],[-3.7115,48.3841],[-3.7165,48.382],[-3.7171,48.3745],[-3.7249,48.3727],[-3.7225,48.3682],[-3.727,48.3666],[-3.7346,48.3664],[-3.7412,48.3785],[-3.7486,48.3786],[-3.7522,48.376],[-3.7607,48.3773],[-3.7745,48.3697],[-3.77,48.3637],[-3.7716,48.3622],[-3.7763,48.3665],[-3.79,48.3675],[-3.7973,48.3724],[-3.802,48.3886],[-3.8072,48.3878],[-3.816,48.3919],[-3.8153,48.3951],[-3.8283,48.4022],[-3.8262,48.4068],[-3.8276,48.4085],[-3.8438,48.4122],[-3.8462,48.4219],[-3.8352,48.4285],[-3.8186,48.4306],[-3.8064,48.4239],[-3.8031,48.4262],[-3.806,48.4291],[-3.8025,48.4351],[-3.7912,48.4348],[-3.7872,48.4379],[-3.7739,48.4399],[-3.7691,48.4353],[-3.7708,48.4331],[-3.7577,48.4308],[-3.7543,48.4246],[-3.747,48.4239],[-3.7421,48.4203],[-3.7329,48.4199],[-3.731,48.4242],[-3.723,48.4263],[-3.7175,48.4218],[-3.7166,48.4162],[-3.7021,48.4117],[-3.6967,48.4074],[-3.6864,48.4059],[-3.6871,48.4006],[-3.6836,48.3939],[-3.6868,48.3862]]]]}},{"type":"Feature","properties":{"territoire":"29125","nom":"Leuhan","type":"commune"},"geometry":{"type":"MultiPolygon","coordinates":[[[[-3.7234,48.1249],[-3.717,48.121],[-3.7348,48.1126],[-3.7295,48.1048],[-3.734,48.0941],[-3.7415,48.0894],[-3.744,48.0893],[-3.7427,48.0928],[-3.7513,48.0887],[-3.7702,48.0862],[-3.7712,48.0814],[-3.7816,48.0781],[-3.781,48.0751],[-3.7908,48.074],[-3.7901,48.0689],[-3.794,48.0683],[-3.7941,48.066],[-3.7903,48.0644],[-3.7904,48.058],[-3.7964,48.0587],[-3.7962,48.0656],[-3.8099,48.0666],[-3.8094,48.0766],[-3.8183,48.0779],[-3.8235,48.0917],[-3.8298,48.0951],[-3.8358,48.103],[-3.8315,48.106],[-3.8245,48.1059],[-3.8184,48.1109],[-3.8094,48.1098],[-3.802,48.117],[-3.789,48.1225],[-3.7739,48.1219],[-3.7469,48.1303],[-3.7402,48.1268],[-3.7234,48.1249]]]]}},{"type":"Feature","properties":{"territoire":"29010","nom":"Bodilis","type":"commune"},"geometry":{"type":"MultiPolygon","coordinates":[[[[-4.097,48.5064],[-4.0968,48.499],[-4.0997,48.4992],[-4.1025,48.4952],[-4.1129,48.4944],[-4.1217,48.4902],[-4.1464,48.4853],[-4.1503,48.4862],[-4.1481,48.4876],[-4.1462,48.497],[-4.1473,48.517],[-4.1423,48.5268],[-4.1424,48.5325],[-4.1387,48.5334],[-4.1347,48.5388],[-4.1188,48.5398],[-4.1204,48.5374],[-4.1138,48.5364],[-4.0866,48.5405],[-4.0831,48.5292],[-4.0937,48.5242],[-4.0924,48.5214],[-4.0945,48.5157],[-4.1016,48.515],[-4.1002,48.5078],[-4.097,48.5064]]]]}},{"type":"Feature","properties":{"territoire":"29072","nom":"Guilvinec","type":"commune"},"geometry":{"type":"MultiPolygon","coordinates":[[[[-4.2968,47.8058],[-4.2752,47.8076],[-4.2726,47.8007],[-4.2749,47.7969],[-4.285,47.7915],[-4.2865,47.7932],[-4.2926,47.7918],[-4.2958,47.7929],[-4.2936,47.7971],[-4.3016,47.8014],[-4.2968,47.8058]]]]}},{"type":"Feature","properties":{"territoire":"29073","nom":"Guimaëc","type":"commune"},"geometry":{"type":"MultiPolygon","coordinates":[[[[-3.6828,48.6564],[-3.6855,48.6593],[-3.6839,48.6651],[-3.691,48.6634],[-3.6963,48.6679],[-3.7065,48.6673],[-3.7162,48.662],[-3.7201,48.6562],[-3.7228,48.6563],[-3.7283,48.6616],[-3.7265,48.6712],[-3.7322,48.6709],[-3.7362,48.677],[-3.7401,48.6775],[-3.7356,48.6782],[-3.7408,48.6799],[-3.7382,48.6806],[-3.7415,48.6826],[-3.7425,48.6892],[-3.7374,48.6926],[-3.7426,48.6941],[-3.7479,48.6993],[-3.7458,48.7039],[-3.7482,48.7078],[-3.7442,48.709],[-3.7417,48.7067],[-3.7339,48.7089],[-3.7294,48.7057],[-3.7164,48.7047],[-3.7187,48.7009],[-3.7047,48.6946],[-3.7038,48.6913],[-3.7003,48.6896],[-3.7026,48.6834],[-3.6988,48.6823],[-3.6989,48.6792],[-3.6959,48.6775],[-3.6925,48.68],[-3.6901,48.679],[-3.6914,48.6775],[-3.677,48.6861],[-3.6734,48.6848],[-3.6732,48.6755],[-3.6644,48.6753],[-3.6618,48.6715],[-3.6558,48.6721],[-3.6538,48.6663],[-3.6632,48.654],[-3.6828,48.6564]]]]}},{"type":"Feature","properties":{"territoire":"29144","nom":"La Martyre","type":"commune"},"geometry":{"type":"MultiPolygon","coordinates":[[[[-4.1792,48.4627],[-4.1549,48.4518],[-4.1304,48.4339],[-4.1309,48.428],[-4.1282,48.4259],[-4.1365,48.4222],[-4.137,48.413],[-4.1485,48.4106],[-4.1535,48.4049],[-4.158,48.4116],[-4.1541,48.4207],[-4.1676,48.4322],[-4.189,48.4316],[-4.1959,48.4269],[-4.1938,48.42],[-4.1971,48.4178],[-4.204,48.4174],[-4.2142,48.4256],[-4.2057,48.4302],[-4.2001,48.4355],[-4.2012,48.4368],[-4.1951,48.438],[-4.1985,48.4379],[-4.197,48.4404],[-4.2003,48.442],[-4.2075,48.4403],[-4.209,48.442],[-4.2026,48.4466],[-4.2051,48.4484],[-4.2013,48.4491],[-4.2061,48.4494],[-4.2022,48.4524],[-4.2062,48.4557],[-4.2003,48.4569],[-4.2009,48.4536],[-4.1957,48.4517],[-4.1925,48.4581],[-4.1816,48.4601],[-4.1829,48.4635],[-4.1792,48.4627]]]]}},{"type":"Feature","properties":{"territoire":"29145","nom":"Confort-Meilars","type":"commune"},"geometry":{"type":"MultiPolygon","coordinates":[[[[-4.4014,48.0442],[-4.4031,48.0366],[-4.4463,48.0421],[-4.469,48.0383],[-4.4664,48.0439],[-4.4665,48.0548],[-4.4496,48.0597],[-4.4511,48.0639],[-4.4535,48.0636],[-4.4521,48.0748],[-4.4492,48.0732],[-4.4477,48.0763],[-4.4279,48.0827],[-4.4219,48.0813],[-4.4174,48.0732],[-4.4219,48.0711],[-4.4223,48.0665],[-4.4211,48.062],[-4.4188,48.0619],[-4.4189,48.0551],[-4.4018,48.0514],[-4.4014,48.0442]]]]}},{"type":"Feature","properties":{"territoire":"29146","nom":"Melgven","type":"commune"},"geometry":{"type":"MultiPolygon","coordinates":[[[[-3.8906,47.9479],[-3.8775,47.9488],[-3.8708,47.9516],[-3.8697,47.9497],[-3.8585,47.9494],[-3.8515,47.9523],[-3.8454,47.9506],[-3.8354,47.9412],[-3.8172,47.9443],[-3.8167,47.9423],[-3.8084,47.9408],[-3.8062,47.9363],[-3.7977,47.9312],[-3.8001,47.9252],[-3.7934,47.9153],[-3.7932,47.9089],[-3.7848,47.9052],[-3.787,47.9049],[-3.7862,47.9032],[-3.795,47.8911],[-3.7937,47.8879],[-3.7957,47.8872],[-3.7956,47.8828],[-3.8046,47.8808],[-3.8021,47.8775],[-3.805,47.875],[-3.797,47.8782],[-3.7961,47.8725],[-3.8117,47.8645],[-3.8174,47.8656],[-3.814,47.8707],[-3.8251,47.8844],[-3.8489,47.8796],[-3.8514,47.883],[-3.8583,47.8814],[-3.8697,47.8847],[-3.8773,47.8835],[-3.8778,47.8905],[-3.8947,47.9107],[-3.8919,47.9151],[-3.8805,47.9215],[-3.8912,47.9287],[-3.8971,47.938],[-3.9018,47.9387],[-3.896,47.9406],[-3.8906,47.9479]]]]}},{"type":"Feature","properties":{"territoire":"29147","nom":"Mellac","type":"commune"},"geometry":{"type":"MultiPolygon","coordinates":[[[[-3.6184,47.9027],[-3.6186,47.9078],[-3.6131,47.9138],[-3.6124,47.9201],[-3.6146,47.9252],[-3.62,47.927],[-3.6079,47.9323],[-3.602,47.928],[-3.5825,47.9256],[-3.5764,47.9206],[-3.5683,47.9208],[-3.5572,47.9141],[-3.5572,47.9112],[-3.5523,47.9095],[-3.5523,47.9053],[-3.5475,47.9032],[-3.547,47.8911],[-3.5724,47.8807],[-3.5722,47.8766],[-3.579,47.8761],[-3.5792,47.8738],[-3.5853,47.8706],[-3.5845,47.8674],[-3.5922,47.8648],[-3.6069,47.8668],[-3.6104,47.8646],[-3.6077,47.8679],[-3.614,47.8701],[-3.6092,47.8722],[-3.613,47.8766],[-3.6118,47.8795],[-3.616,47.8801],[-3.6178,47.8833],[-3.6191,47.8921],[-3.6129,47.8971],[-3.6184,47.9027]]]]}},{"type":"Feature","properties":{"territoire":"29148","nom":"Mespaul","type":"commune"},"geometry":{"type":"MultiPolygon","coordinates":[[[[-4.0405,48.6284],[-4.0069,48.6252],[-4.0066,48.6204],[-4.0038,48.6187],[-4.0049,48.6146],[-3.9937,48.6128],[-3.9934,48.6024],[-3.9998,48.5984],[-4,48.6015],[-4.0229,48.5996],[-4.0212,48.6059],[-4.0252,48.6061],[-4.0246,48.6104],[-4.0286,48.6109],[-4.0339,48.6166],[-4.0435,48.6156],[-4.0458,48.6118],[-4.0436,48.6063],[-4.0493,48.6062],[-4.0492,48.6042],[-4.0537,48.6027],[-4.0533,48.6001],[-4.0611,48.6024],[-4.0602,48.6054],[-4.065,48.6084],[-4.064,48.6119],[-4.0767,48.6131],[-4.0764,48.6197],[-4.0589,48.6249],[-4.0567,48.6206],[-4.053,48.6192],[-4.0523,48.6264],[-4.0405,48.6284]]]]}},{"type":"Feature","properties":{"territoire":"29150","nom":"Moëlan-sur-Mer","type":"commune"},"geometry":{"type":"MultiPolygon","coordinates":[[[[-3.6324,47.8408],[-3.6267,47.8405],[-3.62,47.8457],[-3.6116,47.8422],[-3.6083,47.8382],[-3.6033,47.8406],[-3.5984,47.8371],[-3.5957,47.8404],[-3.5914,47.8387],[-3.5898,47.8394],[-3.5913,47.8413],[-3.5882,47.8411],[-3.5888,47.8388],[-3.5841,47.8409],[-3.5864,47.8361],[-3.5838,47.8304],[-3.5891,47.8278],[-3.5814,47.8201],[-3.5924,47.8117],[-3.5902,47.8099],[-3.5918,47.8086],[-3.5896,47.8083],[-3.5906,47.806],[-3.5981,47.8082],[-3.6031,47.8044],[-3.611,47.7843],[-3.6144,47.7822],[-3.6166,47.7693],[-3.6207,47.7721],[-3.6264,47.77],[-3.6286,47.7717],[-3.6279,47.7746],[-3.6296,47.7723],[-3.6353,47.7746],[-3.6397,47.7736],[-3.639,47.7772],[-3.6431,47.7742],[-3.6465,47.7748],[-3.6456,47.7774],[-3.6493,47.7796],[-3.649,47.7817],[-3.6448,47.7833],[-3.6383,47.7928],[-3.6429,47.7908],[-3.6457,47.7847],[-3.6512,47.7823],[-3.6522,47.7792],[-3.661,47.7799],[-3.663,47.7828],[-3.6686,47.7813],[-3.6704,47.7841],[-3.6678,47.7873],[-3.6687,47.7908],[-3.6687,47.7868],[-3.6713,47.7856],[-3.6695,47.7811],[-3.6776,47.7755],[-3.6934,47.7829],[-3.6953,47.7872],[-3.7007,47.7869],[-3.7231,47.7981],[-3.7203,47.8014],[-3.7227,47.8034],[-3.7179,47.8071],[-3.7131,47.8069],[-3.7079,47.8133],[-3.7029,47.8125],[-3.6991,47.8084],[-3.7008,47.8109],[-3.6987,47.8124],[-3.7022,47.8139],[-3.697,47.819],[-3.6851,47.8186],[-3.6805,47.8223],[-3.6718,47.8244],[-3.6644,47.8237],[-3.6659,47.8221],[-3.662,47.8225],[-3.6612,47.8199],[-3.6578,47.8226],[-3.6518,47.8198],[-3.6501,47.8232],[-3.6469,47.8228],[-3.635,47.8316],[-3.6356,47.8368],[-3.6324,47.8408]]]]}},{"type":"Feature","properties":{"territoire":"29151","nom":"Morlaix","type":"commune"},"geometry":{"type":"MultiPolygon","coordinates":[[[[-3.7998,48.5671],[-3.8004,48.5635],[-3.8099,48.5641],[-3.8207,48.5735],[-3.8231,48.5726],[-3.8229,48.5674],[-3.8257,48.566],[-3.8371,48.5679],[-3.8379,48.5709],[-3.8446,48.5703],[-3.8458,48.5739],[-3.8373,48.5766],[-3.8411,48.5802],[-3.8359,48.5839],[-3.8416,48.5982],[-3.8577,48.6105],[-3.8592,48.6149],[-3.8503,48.6241],[-3.8393,48.6292],[-3.8117,48.6294],[-3.8028,48.6221],[-3.7989,48.6237],[-3.7978,48.6198],[-3.8006,48.6179],[-3.7928,48.6135],[-3.7866,48.6053],[-3.7834,48.5962],[-3.7947,48.5875],[-3.7909,48.5814],[-3.7985,48.5788],[-3.7989,48.5763],[-3.8027,48.5791],[-3.8102,48.5778],[-3.8127,48.5745],[-3.8032,48.5709],[-3.7998,48.5671]]]]}},{"type":"Feature","properties":{"territoire":"29152","nom":"Motreff","type":"commune"},"geometry":{"type":"MultiPolygon","coordinates":[[[[-3.5213,48.1976],[-3.5194,48.1895],[-3.5222,48.1885],[-3.5423,48.1939],[-3.562,48.1896],[-3.5678,48.1904],[-3.5718,48.1954],[-3.5822,48.1996],[-3.5839,48.2043],[-3.5801,48.2109],[-3.5815,48.2164],[-3.5881,48.222],[-3.5925,48.2226],[-3.5881,48.229],[-3.5963,48.2359],[-3.6001,48.2365],[-3.6009,48.2416],[-3.5917,48.2435],[-3.5901,48.2466],[-3.5849,48.2448],[-3.582,48.2476],[-3.5768,48.2472],[-3.5549,48.2545],[-3.5456,48.252],[-3.5407,48.2531],[-3.5418,48.2434],[-3.5494,48.2442],[-3.5491,48.2418],[-3.556,48.242],[-3.5525,48.2345],[-3.5575,48.2302],[-3.5579,48.2286],[-3.5546,48.2279],[-3.5574,48.2251],[-3.5531,48.2257],[-3.5542,48.2212],[-3.5445,48.214],[-3.5395,48.2066],[-3.522,48.2039],[-3.5213,48.1976]]]]}},{"type":"Feature","properties":{"territoire":"29153","nom":"Névez","type":"commune"},"geometry":{"type":"MultiPolygon","coordinates":[[[[-3.8029,47.784],[-3.7998,47.7852],[-3.799,47.7834],[-3.8029,47.784]]],[[[-3.8036,47.8186],[-3.8065,47.8221],[-3.7989,47.8284],[-3.8004,47.8346],[-3.7897,47.8431],[-3.7706,47.848],[-3.7588,47.8434],[-3.7509,47.845],[-3.7487,47.8407],[-3.7526,47.8391],[-3.7539,47.8407],[-3.7554,47.8396],[-3.7526,47.8377],[-3.7573,47.8362],[-3.7518,47.8271],[-3.7494,47.8287],[-3.7496,47.8268],[-3.746,47.8267],[-3.7453,47.819],[-3.7513,47.8165],[-3.7556,47.8179],[-3.7564,47.8214],[-3.7561,47.8176],[-3.7591,47.8164],[-3.7536,47.8171],[-3.7542,47.8155],[-3.7494,47.8135],[-3.7466,47.8157],[-3.744,47.8122],[-3.7455,47.8091],[-3.7436,47.811],[-3.7413,47.8093],[-3.7394,47.8053],[-3.7406,47.802],[-3.7378,47.8003],[-3.7487,47.7941],[-3.7621,47.7902],[-3.7667,47.7943],[-3.7665,47.7917],[-3.7698,47.79],[-3.7882,47.7911],[-3.7999,47.7875],[-3.8066,47.789],[-3.8111,47.7941],[-3.8036,47.8186]]]]}},{"type":"Feature","properties":{"territoire":"29011","nom":"Bohars","type":"commune"},"geometry":{"type":"MultiPolygon","coordinates":[[[[-4.5249,48.4093],[-4.5319,48.4163],[-4.5391,48.4297],[-4.5367,48.433],[-4.5422,48.4381],[-4.5407,48.4401],[-4.5328,48.4406],[-4.5326,48.4449],[-4.5254,48.4422],[-4.5232,48.4445],[-4.5252,48.4492],[-4.5153,48.449],[-4.5153,48.4457],[-4.5015,48.4443],[-4.509,48.4434],[-4.5076,48.439],[-4.5019,48.4374],[-4.5005,48.4347],[-4.5033,48.4346],[-4.5065,48.4279],[-4.5153,48.4234],[-4.5145,48.4201],[-4.5182,48.4163],[-4.5189,48.411],[-4.5249,48.4093]]]]}},{"type":"Feature","properties":{"territoire":"29012","nom":"Bolazec","type":"commune"},"geometry":{"type":"MultiPolygon","coordinates":[[[[-3.6001,48.4023],[-3.6039,48.4014],[-3.6105,48.4133],[-3.61,48.4197],[-3.619,48.4262],[-3.6252,48.4272],[-3.6251,48.4342],[-3.6221,48.4404],[-3.6177,48.447],[-3.6106,48.45],[-3.6084,48.4545],[-3.6131,48.4669],[-3.6026,48.4711],[-3.5946,48.4705],[-3.5931,48.464],[-3.5814,48.4648],[-3.5785,48.463],[-3.5795,48.4596],[-3.5684,48.4526],[-3.5536,48.4535],[-3.5511,48.4466],[-3.5779,48.4338],[-3.5855,48.4331],[-3.6003,48.422],[-3.6018,48.4174],[-3.5986,48.4054],[-3.6001,48.4023]]]]}},{"type":"Feature","properties":{"territoire":"29013","nom":"Botmeur","type":"commune"},"geometry":{"type":"MultiPolygon","coordinates":[[[[-3.9003,48.3574],[-3.9123,48.362],[-3.9332,48.3623],[-3.9493,48.3584],[-3.9529,48.3615],[-3.9503,48.3653],[-3.9567,48.3673],[-3.9491,48.3793],[-3.9196,48.4018],[-3.9116,48.3988],[-3.9095,48.3957],[-3.9115,48.3937],[-3.9052,48.3931],[-3.9032,48.3896],[-3.8963,48.3865],[-3.899,48.3831],[-3.8984,48.3787],[-3.8923,48.3671],[-3.8946,48.3635],[-3.9014,48.3621],[-3.9003,48.3574]]]]}},{"type":"Feature","properties":{"territoire":"29014","nom":"Botsorhel","type":"commune"},"geometry":{"type":"MultiPolygon","coordinates":[[[[-3.6119,48.4619],[-3.6233,48.464],[-3.6267,48.4727],[-3.6404,48.4735],[-3.6419,48.4789],[-3.6486,48.4836],[-3.6366,48.4914],[-3.6435,48.4966],[-3.6499,48.5077],[-3.6559,48.5088],[-3.6605,48.5153],[-3.6587,48.5203],[-3.6529,48.5221],[-3.6583,48.5275],[-3.657,48.535],[-3.6507,48.5367],[-3.6441,48.5439],[-3.6449,48.5473],[-3.6399,48.5483],[-3.6331,48.554],[-3.6275,48.5483],[-3.6289,48.5439],[-3.6168,48.5337],[-3.6179,48.5168],[-3.6115,48.5145],[-3.6073,48.5056],[-3.6037,48.508],[-3.6006,48.5062],[-3.6005,48.5031],[-3.596,48.5012],[-3.5997,48.4971],[-3.6045,48.4962],[-3.6013,48.4848],[-3.6046,48.4793],[-3.6076,48.4784],[-3.6056,48.4768],[-3.6,48.4785],[-3.598,48.4715],[-3.6128,48.4672],[-3.6119,48.4619]]]]}},{"type":"Feature","properties":{"territoire":"29015","nom":"Bourg-Blanc","type":"commune"},"geometry":{"type":"MultiPolygon","coordinates":[[[[-4.4568,48.4965],[-4.4529,48.4925],[-4.4679,48.4876],[-4.4633,48.4842],[-4.468,48.4817],[-4.4676,48.478],[-4.4717,48.4796],[-4.4752,48.4752],[-4.4827,48.4785],[-4.4922,48.4786],[-4.479,48.4678],[-4.4785,48.4652],[-4.4892,48.4587],[-4.4905,48.4537],[-4.4951,48.4595],[-4.4988,48.4588],[-4.4983,48.4555],[-4.5019,48.455],[-4.5055,48.4603],[-4.5035,48.4678],[-4.516,48.4691],[-4.5205,48.4664],[-4.5198,48.4767],[-4.5274,48.4763],[-4.5233,48.4843],[-4.5292,48.4879],[-4.5271,48.4938],[-4.5314,48.5],[-4.5224,48.5031],[-4.5301,48.5062],[-4.5354,48.5118],[-4.5351,48.5154],[-4.5407,48.5178],[-4.5361,48.5234],[-4.5234,48.5253],[-4.5194,48.5329],[-4.5169,48.5303],[-4.5078,48.5287],[-4.5062,48.5239],[-4.5026,48.523],[-4.4996,48.5272],[-4.4908,48.5206],[-4.48,48.5183],[-4.4789,48.5146],[-4.4743,48.5124],[-4.475,48.5092],[-4.4644,48.5039],[-4.4671,48.5026],[-4.4662,48.5005],[-4.4684,48.5005],[-4.4678,48.4969],[-4.4698,48.4957],[-4.4568,48.4965]]]]}},{"type":"Feature","properties":{"territoire":"29016","nom":"Brasparts","type":"commune"},"geometry":{"type":"MultiPolygon","coordinates":[[[[-3.9003,48.3574],[-3.896,48.3545],[-3.8979,48.3404],[-3.9005,48.3379],[-3.8943,48.3292],[-3.9017,48.3205],[-3.9102,48.3165],[-3.9105,48.3131],[-3.9043,48.3113],[-3.9075,48.3085],[-3.9035,48.3053],[-3.9633,48.2877],[-3.9688,48.2824],[-3.9671,48.2773],[-3.9708,48.2753],[-3.9733,48.2748],[-3.9773,48.2783],[-3.9903,48.2759],[-3.996,48.2796],[-4.0019,48.301],[-3.9996,48.3136],[-4.0113,48.3235],[-4.0006,48.3278],[-4.0034,48.331],[-3.9475,48.3387],[-3.9428,48.3425],[-3.9407,48.3492],[-3.9493,48.3584],[-3.9332,48.3623],[-3.9123,48.362],[-3.9003,48.3574]]]]}},{"type":"Feature","properties":{"territoire":"29036","nom":"Collorec","type":"commune"},"geometry":{"type":"MultiPolygon","coordinates":[[[[-3.7909,48.3207],[-3.7853,48.3165],[-3.7672,48.3143],[-3.7659,48.3096],[-3.7528,48.3025],[-3.7461,48.3022],[-3.7368,48.3059],[-3.7254,48.3043],[-3.7233,48.2969],[-3.7114,48.2927],[-3.7118,48.2878],[-3.7083,48.2842],[-3.7225,48.2814],[-3.7408,48.2843],[-3.7422,48.2822],[-3.7522,48.2816],[-3.7568,48.2765],[-3.7566,48.2737],[-3.761,48.2725],[-3.7615,48.2685],[-3.7642,48.2689],[-3.7667,48.2659],[-3.7657,48.2637],[-3.7762,48.2602],[-3.7831,48.2621],[-3.7902,48.2576],[-3.791,48.2612],[-3.7974,48.2616],[-3.7954,48.268],[-3.7973,48.2698],[-3.7915,48.2706],[-3.7887,48.2744],[-3.7967,48.2763],[-3.7999,48.2813],[-3.7974,48.2834],[-3.7988,48.2852],[-3.8041,48.2837],[-3.8072,48.2873],[-3.8163,48.2884],[-3.8128,48.2923],[-3.8175,48.2954],[-3.8149,48.299],[-3.8116,48.299],[-3.8152,48.3021],[-3.8087,48.3053],[-3.8195,48.3075],[-3.8201,48.3118],[-3.8103,48.3118],[-3.7997,48.3186],[-3.7982,48.3145],[-3.7939,48.3151],[-3.7909,48.3207]]]]}},{"type":"Feature","properties":{"territoire":"29037","nom":"Combrit","type":"commune"},"geometry":{"type":"MultiPolygon","coordinates":[[[[-4.2078,47.8934],[-4.2087,47.8993],[-4.2017,47.9051],[-4.2008,47.919],[-4.189,47.9297],[-4.1723,47.9154],[-4.178,47.9075],[-4.1759,47.9074],[-4.1738,47.8992],[-4.1697,47.8965],[-4.1715,47.8945],[-4.1567,47.8917],[-4.1558,47.8954],[-4.1516,47.8946],[-4.1514,47.8908],[-4.1481,47.8892],[-4.1498,47.8933],[-4.1476,47.8949],[-4.138,47.8949],[-4.1298,47.8893],[-4.1317,47.8871],[-4.1228,47.8843],[-4.1214,47.8819],[-4.1248,47.8782],[-4.1144,47.8714],[-4.1123,47.8646],[-4.1132,47.8622],[-4.1202,47.8647],[-4.1284,47.8633],[-4.1513,47.8547],[-4.155,47.8619],[-4.1621,47.8604],[-4.1666,47.8567],[-4.1713,47.8621],[-4.1684,47.8655],[-4.1765,47.8724],[-4.1711,47.8729],[-4.1718,47.8751],[-4.1786,47.8803],[-4.185,47.8809],[-4.184,47.8832],[-4.1864,47.8846],[-4.1902,47.8841],[-4.2027,47.8892],[-4.2078,47.8934]]]]}},{"type":"Feature","properties":{"territoire":"29038","nom":"Commana","type":"commune"},"geometry":{"type":"MultiPolygon","coordinates":[[[[-3.9697,48.45],[-3.961,48.4415],[-3.9531,48.4443],[-3.9341,48.4333],[-3.9232,48.4199],[-3.921,48.4118],[-3.9169,48.4068],[-3.9177,48.4026],[-3.9434,48.3832],[-3.9444,48.3867],[-3.98,48.3744],[-3.9959,48.3838],[-4.0071,48.3852],[-4.0072,48.3895],[-4.012,48.3938],[-4.0122,48.4019],[-4.0213,48.4048],[-4.0218,48.408],[-4.0256,48.407],[-4.0278,48.412],[-4.0229,48.4164],[-4.0091,48.4177],[-4.0078,48.424],[-4.0123,48.4258],[-4.0103,48.43],[-4.0026,48.431],[-3.9994,48.4285],[-3.9916,48.4347],[-3.9875,48.4311],[-3.9828,48.4352],[-3.982,48.4334],[-3.9787,48.4367],[-3.9822,48.4407],[-3.9722,48.4509],[-3.9697,48.45]]]]}},{"type":"Feature","properties":{"territoire":"29039","nom":"Concarneau","type":"commune"},"geometry":{"type":"MultiPolygon","coordinates":[[[[-3.9164,47.8723],[-3.9116,47.8729],[-3.9129,47.8712],[-3.9164,47.8723]]],[[[-3.9385,47.9399],[-3.9378,47.9433],[-3.9243,47.944],[-3.9227,47.9463],[-3.9139,47.9373],[-3.9066,47.9392],[-3.8971,47.938],[-3.8912,47.9287],[-3.8805,47.9215],[-3.8919,47.9151],[-3.8947,47.9107],[-3.8778,47.8905],[-3.8773,47.8835],[-3.8697,47.8847],[-3.8583,47.8814],[-3.8514,47.883],[-3.8487,47.8794],[-3.8486,47.8704],[-3.8601,47.8706],[-3.8634,47.8658],[-3.8693,47.8642],[-3.8709,47.8603],[-3.8846,47.8588],[-3.897,47.849],[-3.9055,47.8516],[-3.9097,47.85],[-3.9106,47.8533],[-3.9191,47.8558],[-3.9133,47.8593],[-3.9079,47.8561],[-3.9012,47.8602],[-3.8988,47.8589],[-3.9003,47.8624],[-3.9055,47.8605],[-3.9078,47.8624],[-3.9067,47.8643],[-3.9114,47.8665],[-3.9116,47.8713],[-3.9066,47.8729],[-3.9085,47.8736],[-3.9055,47.8771],[-3.9174,47.8738],[-3.9138,47.8689],[-3.9266,47.8695],[-3.9311,47.8724],[-3.9291,47.8744],[-3.9318,47.8805],[-3.9476,47.8876],[-3.9413,47.8945],[-3.9498,47.8908],[-3.9453,47.9029],[-3.9482,47.9094],[-3.9459,47.9147],[-3.9494,47.916],[-3.9495,47.9243],[-3.9312,47.9267],[-3.931,47.9288],[-3.935,47.9302],[-3.9323,47.931],[-3.9332,47.934],[-3.9285,47.9358],[-3.9299,47.9392],[-3.9366,47.9388],[-3.9377,47.9369],[-3.9366,47.9388],[-3.9385,47.9399]]]]}},{"type":"Feature","properties":{"territoire":"29040","nom":"Le Conquet","type":"commune"},"geometry":{"type":"MultiPolygon","coordinates":[[[[-5.0142,48.426],[-5.0128,48.4311],[-5.0109,48.4312],[-5.012,48.428],[-5.0102,48.4264],[-5.0123,48.4242],[-5.0142,48.426]]],[[[-4.9872,48.4155],[-4.983,48.4206],[-4.9803,48.4189],[-4.9807,48.4153],[-4.9872,48.4155]]],[[[-4.9112,48.3744],[-4.8973,48.376],[-4.893,48.3733],[-4.9054,48.3722],[-4.9112,48.3744]]],[[[-4.9452,48.3699],[-4.9357,48.3754],[-4.9327,48.3741],[-4.9452,48.3699]]],[[[-4.9,48.3805],[-4.8999,48.3833],[-4.8967,48.38],[-4.9,48.3805]]],[[[-4.8657,48.3421],[-4.8633,48.3452],[-4.8593,48.3457],[-4.8579,48.351],[-4.8503,48.3535],[-4.8482,48.357],[-4.842,48.3557],[-4.858,48.3456],[-4.8581,48.3414],[-4.8657,48.3421]]],[[[-4.7466,48.3668],[-4.7562,48.3619],[-4.7507,48.3614],[-4.7433,48.3539],[-4.7429,48.3512],[-4.7507,48.3498],[-4.7433,48.344],[-4.7712,48.3353],[-4.7758,48.3362],[-4.7701,48.3477],[-4.7814,48.3536],[-4.7781,48.3564],[-4.783,48.3597],[-4.7671,48.3618],[-4.766,48.3636],[-4.7901,48.362],[-4.785,48.3659],[-4.7881,48.3666],[-4.7863,48.3684],[-4.7792,48.3642],[-4.7691,48.3652],[-4.7614,48.3717],[-4.7603,48.3743],[-4.7625,48.3772],[-4.76,48.3787],[-4.7554,48.3778],[-4.7559,48.3752],[-4.7522,48.3728],[-4.7477,48.375],[-4.7455,48.3706],[-4.7466,48.3668]]],[[[-4.8877,48.3749],[-4.887,48.3773],[-4.8837,48.3741],[-4.8877,48.3749]]]]}},{"type":"Feature","properties":{"territoire":"29059","nom":"Garlan","type":"commune"},"geometry":{"type":"MultiPolygon","coordinates":[[[[-3.7467,48.6109],[-3.7502,48.609],[-3.7418,48.5921],[-3.766,48.5842],[-3.7905,48.5795],[-3.7947,48.5875],[-3.7834,48.5962],[-3.7919,48.6122],[-3.7877,48.6112],[-3.7851,48.614],[-3.7805,48.6137],[-3.7688,48.6266],[-3.7546,48.6274],[-3.7503,48.6314],[-3.7436,48.623],[-3.7474,48.6162],[-3.7467,48.6109]]]]}},{"type":"Feature","properties":{"territoire":"29060","nom":"Gouesnach","type":"commune"},"geometry":{"type":"MultiPolygon","coordinates":[[[[-4.0757,47.9194],[-4.0958,47.9178],[-4.0958,47.9149],[-4.0928,47.9148],[-4.0927,47.9061],[-4.0877,47.9026],[-4.0973,47.8987],[-4.116,47.8977],[-4.124,47.8932],[-4.1263,47.8951],[-4.1287,47.8929],[-4.1329,47.8986],[-4.1411,47.9001],[-4.1416,47.9068],[-4.1439,47.9081],[-4.1422,47.9091],[-4.1446,47.9094],[-4.1392,47.9213],[-4.1394,47.9258],[-4.1325,47.9248],[-4.1295,47.9301],[-4.1119,47.9313],[-4.1128,47.9332],[-4.1087,47.9365],[-4.1086,47.9423],[-4.1041,47.9396],[-4.0995,47.943],[-4.096,47.9409],[-4.0965,47.9384],[-4.0793,47.9366],[-4.0782,47.9255],[-4.0748,47.9236],[-4.0757,47.9194]]]]}},{"type":"Feature","properties":{"territoire":"29061","nom":"Gouesnou","type":"commune"},"geometry":{"type":"MultiPolygon","coordinates":[[[[-4.4926,48.454],[-4.4905,48.4537],[-4.4894,48.4584],[-4.4862,48.4592],[-4.4853,48.4622],[-4.4789,48.4646],[-4.4797,48.4684],[-4.4711,48.4701],[-4.4699,48.4655],[-4.4651,48.4639],[-4.4654,48.4572],[-4.444,48.4552],[-4.4321,48.4601],[-4.4335,48.4518],[-4.4301,48.4517],[-4.4302,48.4493],[-4.4319,48.4462],[-4.4383,48.4479],[-4.4419,48.4458],[-4.4413,48.4372],[-4.4441,48.4355],[-4.4413,48.4328],[-4.4604,48.4241],[-4.466,48.4298],[-4.4734,48.4276],[-4.4734,48.4312],[-4.4787,48.4373],[-4.4882,48.4384],[-4.4819,48.445],[-4.4894,48.4473],[-4.4892,48.4504],[-4.4926,48.4515],[-4.4926,48.454]]]]}},{"type":"Feature","properties":{"territoire":"29062","nom":"Gouézec","type":"commune"},"geometry":{"type":"MultiPolygon","coordinates":[[[[-3.9348,48.1521],[-3.9519,48.1527],[-3.9743,48.1462],[-4.005,48.1415],[-4.0107,48.144],[-4.0178,48.1627],[-3.9998,48.1815],[-4.0006,48.1854],[-4.0048,48.1854],[-4.0101,48.1893],[-4.009,48.1976],[-3.9965,48.198],[-3.9927,48.1912],[-3.9856,48.1907],[-3.9664,48.2019],[-3.9605,48.1971],[-3.9592,48.1874],[-3.9429,48.1911],[-3.9335,48.1896],[-3.9278,48.1734],[-3.9213,48.1703],[-3.9235,48.1653],[-3.9227,48.1598],[-3.9351,48.1558],[-3.9328,48.1533],[-3.9348,48.1521]]]]}},{"type":"Feature","properties":{"territoire":"29063","nom":"Goulien","type":"commune"},"geometry":{"type":"MultiPolygon","coordinates":[[[[-4.588,48.0391],[-4.5935,48.037],[-4.6129,48.0382],[-4.609,48.0404],[-4.6078,48.047],[-4.6123,48.0499],[-4.6123,48.0549],[-4.6182,48.0542],[-4.6173,48.0625],[-4.6209,48.0636],[-4.619,48.0668],[-4.6204,48.0698],[-4.6106,48.0715],[-4.6107,48.0736],[-4.6083,48.0724],[-4.6049,48.0761],[-4.5912,48.0737],[-4.592,48.0764],[-4.5874,48.0778],[-4.5888,48.0795],[-4.5862,48.0806],[-4.5812,48.0774],[-4.5836,48.0746],[-4.5791,48.0696],[-4.5715,48.0665],[-4.5627,48.067],[-4.5592,48.0628],[-4.5611,48.0599],[-4.5665,48.0593],[-4.5647,48.0552],[-4.588,48.0391]]]]}},{"type":"Feature","properties":{"territoire":"29078","nom":"Hanvec","type":"commune"},"geometry":{"type":"MultiPolygon","coordinates":[[[[-4.05,48.3574],[-4.0456,48.349],[-4.0504,48.3366],[-4.0495,48.3296],[-4.0527,48.3226],[-4.0609,48.319],[-4.0616,48.3149],[-4.0667,48.3112],[-4.0899,48.3101],[-4.1041,48.316],[-4.1083,48.3204],[-4.1216,48.3212],[-4.128,48.3244],[-4.1442,48.3201],[-4.1509,48.3088],[-4.1655,48.3019],[-4.1734,48.301],[-4.1815,48.3053],[-4.1817,48.3034],[-4.1885,48.3036],[-4.187,48.3014],[-4.1896,48.2982],[-4.2226,48.296],[-4.2391,48.299],[-4.2362,48.3021],[-4.2412,48.3056],[-4.2408,48.3078],[-4.2211,48.3133],[-4.2209,48.3164],[-4.2047,48.3259],[-4.2092,48.3335],[-4.2075,48.3401],[-4.2106,48.3407],[-4.211,48.3433],[-4.2186,48.3431],[-4.1979,48.353],[-4.1845,48.3472],[-4.1704,48.3473],[-4.1426,48.3573],[-4.1155,48.3579],[-4.0928,48.3539],[-4.0696,48.3548],[-4.0642,48.3504],[-4.05,48.3574]]]]}},{"type":"Feature","properties":{"territoire":"29079","nom":"Henvic","type":"commune"},"geometry":{"type":"MultiPolygon","coordinates":[[[[-3.8954,48.6386],[-3.8994,48.6365],[-3.9032,48.6298],[-3.9119,48.6299],[-3.9194,48.6262],[-3.9183,48.619],[-3.9269,48.6184],[-3.9295,48.6113],[-3.9378,48.6149],[-3.9446,48.615],[-3.9486,48.6198],[-3.9523,48.6206],[-3.9508,48.6232],[-3.9538,48.626],[-3.9489,48.6379],[-3.9516,48.6448],[-3.9507,48.6531],[-3.9424,48.6554],[-3.9415,48.6505],[-3.9391,48.6511],[-3.9352,48.6455],[-3.8954,48.6386]]]]}},{"type":"Feature","properties":{"territoire":"29080","nom":"Hôpital-Camfrout","type":"commune"},"geometry":{"type":"MultiPolygon","coordinates":[[[[-4.2497,48.3401],[-4.2327,48.3391],[-4.211,48.3433],[-4.2106,48.3407],[-4.2074,48.3399],[-4.2092,48.3335],[-4.2047,48.3259],[-4.2137,48.3219],[-4.2148,48.3189],[-4.2209,48.3164],[-4.2209,48.3138],[-4.2314,48.3144],[-4.2331,48.3119],[-4.2451,48.3111],[-4.2449,48.3063],[-4.249,48.3024],[-4.2456,48.2996],[-4.2471,48.299],[-4.255,48.3059],[-4.2599,48.3066],[-4.2556,48.3078],[-4.2558,48.3096],[-4.2608,48.3094],[-4.2593,48.3075],[-4.2719,48.3088],[-4.2821,48.3129],[-4.2665,48.3182],[-4.2665,48.3208],[-4.2542,48.3217],[-4.242,48.3285],[-4.2538,48.3259],[-4.2557,48.3275],[-4.2542,48.3299],[-4.2622,48.3324],[-4.258,48.338],[-4.2497,48.3401]]]]}},{"type":"Feature","properties":{"territoire":"29081","nom":"Huelgoat","type":"commune"},"geometry":{"type":"MultiPolygon","coordinates":[[[[-3.737,48.3457],[-3.7494,48.3489],[-3.7709,48.3465],[-3.7768,48.3481],[-3.8106,48.3682],[-3.8056,48.3718],[-3.7974,48.3725],[-3.79,48.3675],[-3.7763,48.3665],[-3.7716,48.3622],[-3.77,48.3637],[-3.7745,48.3697],[-3.7607,48.3773],[-3.7522,48.376],[-3.7486,48.3786],[-3.7412,48.3785],[-3.7346,48.3664],[-3.7245,48.367],[-3.7224,48.3687],[-3.7249,48.3727],[-3.7184,48.375],[-3.7135,48.3628],[-3.724,48.362],[-3.7237,48.3558],[-3.7307,48.3509],[-3.7386,48.3489],[-3.737,48.3457]]]]}},{"type":"Feature","properties":{"territoire":"29082","nom":"Île-de-Batz","type":"commune"},"geometry":{"type":"MultiPolygon","coordinates":[[[[-4.0407,48.7458],[-4.0365,48.7483],[-4.0328,48.7471],[-4.0321,48.7494],[-4.0252,48.7492],[-4.0235,48.7534],[-4.0188,48.7518],[-4.0064,48.7531],[-4.0058,48.7502],[-3.9997,48.7461],[-3.9904,48.7456],[-3.9919,48.7431],[-3.9888,48.7393],[-3.9937,48.737],[-3.9952,48.7415],[-4.0081,48.7405],[-4.0091,48.7432],[-4.0137,48.7444],[-4.0155,48.7437],[-4.014,48.7415],[-4.0171,48.7429],[-4.0184,48.7397],[-4.0117,48.7381],[-4.02,48.7404],[-4.0227,48.7388],[-4.0287,48.7426],[-4.0331,48.7432],[-4.0355,48.7411],[-4.0407,48.7458]]]]}},{"type":"Feature","properties":{"territoire":"29083","nom":"Île-de-Sein","type":"commune"},"geometry":{"type":"MultiPolygon","coordinates":[[[[-4.8406,48.0318],[-4.8358,48.0322],[-4.838,48.0302],[-4.8406,48.0318]]],[[[-4.8714,48.0405],[-4.8668,48.0443],[-4.8625,48.041],[-4.8565,48.0411],[-4.8547,48.0384],[-4.8517,48.0407],[-4.8483,48.0361],[-4.8509,48.0352],[-4.8504,48.0333],[-4.8439,48.0325],[-4.8432,48.0345],[-4.8421,48.0322],[-4.8496,48.0317],[-4.8531,48.035],[-4.8561,48.032],[-4.8541,48.0363],[-4.8564,48.039],[-4.8655,48.0402],[-4.8666,48.0372],[-4.8714,48.0405]]]]}},{"type":"Feature","properties":{"territoire":"29084","nom":"Île-Molène","type":"commune"},"geometry":{"type":"MultiPolygon","coordinates":[[[[-4.9673,48.3983],[-4.9563,48.4025],[-4.9592,48.3998],[-4.9548,48.398],[-4.9537,48.3933],[-4.9588,48.3903],[-4.9628,48.3912],[-4.9673,48.3983]]],[[[-4.9526,48.4006],[-4.9488,48.4027],[-4.9454,48.4013],[-4.9502,48.3979],[-4.9526,48.4006]]]]}},{"type":"Feature","properties":{"territoire":"29155","nom":"Ouessant","type":"commune"},"geometry":{"type":"MultiPolygon","coordinates":[[[[-5.1412,48.4493],[-5.1403,48.4522],[-5.1366,48.4529],[-5.1378,48.4552],[-5.1328,48.4557],[-5.1338,48.4578],[-5.1306,48.4605],[-5.1208,48.462],[-5.117,48.465],[-5.1073,48.4652],[-5.1062,48.4666],[-5.1096,48.4685],[-5.1056,48.4727],[-5.0949,48.4729],[-5.0953,48.475],[-5.0912,48.4765],[-5.0922,48.4742],[-5.0881,48.4724],[-5.0758,48.474],[-5.0696,48.4791],[-5.0764,48.4799],[-5.0743,48.4833],[-5.0635,48.4808],[-5.0662,48.4795],[-5.0614,48.4785],[-5.0601,48.4757],[-5.0536,48.4778],[-5.0503,48.4765],[-5.0577,48.4715],[-5.0528,48.4706],[-5.0541,48.4687],[-5.0567,48.4693],[-5.0587,48.4669],[-5.0543,48.4665],[-5.0549,48.465],[-5.0498,48.4667],[-5.0503,48.464],[-5.0478,48.4621],[-5.0435,48.4639],[-5.0444,48.4652],[-5.0344,48.4631],[-5.0406,48.4576],[-5.0508,48.459],[-5.0494,48.4579],[-5.0587,48.4527],[-5.0599,48.4495],[-5.0644,48.451],[-5.067,48.4493],[-5.0701,48.4522],[-5.0786,48.4489],[-5.0802,48.4514],[-5.0832,48.4469],[-5.087,48.4463],[-5.0887,48.4408],[-5.0946,48.4397],[-5.0954,48.4414],[-5.1027,48.4362],[-5.1115,48.4354],[-5.1182,48.4385],[-5.1097,48.4392],[-5.1087,48.4411],[-5.1118,48.4429],[-5.1065,48.4449],[-5.0983,48.4451],[-5.0977,48.448],[-5.0919,48.4502],[-5.0958,48.4531],[-5.0957,48.4558],[-5.0978,48.4535],[-5.0993,48.4566],[-5.1175,48.4513],[-5.1206,48.4534],[-5.1318,48.4482],[-5.1412,48.4493]]],[[[-5.1042,48.4811],[-5.1015,48.483],[-5.1023,48.481],[-5.0943,48.4823],[-5.0895,48.4799],[-5.0988,48.478],[-5.1042,48.4811]]]]}},{"type":"Feature","properties":{"territoire":"29064","nom":"Goulven","type":"commune"},"geometry":{"type":"MultiPolygon","coordinates":[[[[-4.2727,48.6223],[-4.2798,48.6197],[-4.2917,48.6105],[-4.2951,48.6134],[-4.306,48.6125],[-4.32,48.621],[-4.3156,48.6237],[-4.3116,48.6352],[-4.2965,48.6325],[-4.2935,48.6363],[-4.2867,48.6323],[-4.2719,48.6322],[-4.2698,48.6298],[-4.2737,48.6251],[-4.2727,48.6223]]]]}},{"type":"Feature","properties":{"territoire":"29065","nom":"Gourlizon","type":"commune"},"geometry":{"type":"MultiPolygon","coordinates":[[[[-4.294,48.013],[-4.288,48.0157],[-4.2853,48.0217],[-4.2893,48.0251],[-4.2888,48.0274],[-4.2922,48.0281],[-4.2829,48.0388],[-4.2854,48.0395],[-4.283,48.0455],[-4.2754,48.0395],[-4.265,48.0415],[-4.2399,48.0323],[-4.2449,48.0319],[-4.2442,48.028],[-4.251,48.0245],[-4.2523,48.0157],[-4.2608,48.0095],[-4.2869,48.0092],[-4.294,48.013]]]]}},{"type":"Feature","properties":{"territoire":"29066","nom":"Guengat","type":"commune"},"geometry":{"type":"MultiPolygon","coordinates":[[[[-4.1821,48.0213],[-4.1891,48.0248],[-4.1973,48.0248],[-4.1959,48.032],[-4.2039,48.0342],[-4.2126,48.0316],[-4.2115,48.0293],[-4.2152,48.0259],[-4.2247,48.0298],[-4.2375,48.0306],[-4.242,48.034],[-4.2397,48.039],[-4.2311,48.0443],[-4.2303,48.0487],[-4.2322,48.0518],[-4.2431,48.0554],[-4.2454,48.0592],[-4.2407,48.0632],[-4.233,48.0621],[-4.2279,48.0649],[-4.2209,48.0623],[-4.2011,48.066],[-4.1975,48.0614],[-4.1948,48.0639],[-4.1879,48.0633],[-4.1835,48.0554],[-4.1796,48.053],[-4.1824,48.0495],[-4.1763,48.0464],[-4.1795,48.0437],[-4.1707,48.0444],[-4.1709,48.0477],[-4.1684,48.0476],[-4.1641,48.0433],[-4.164,48.0395],[-4.1479,48.0319],[-4.1488,48.0296],[-4.1456,48.026],[-4.1313,48.0207],[-4.1331,48.0171],[-4.1406,48.0199],[-4.1604,48.0167],[-4.1668,48.0175],[-4.1711,48.0223],[-4.1821,48.0213]]]]}},{"type":"Feature","properties":{"territoire":"29067","nom":"Guerlesquin","type":"commune"},"geometry":{"type":"MultiPolygon","coordinates":[[[[-3.5993,48.5585],[-3.5961,48.5551],[-3.5855,48.5554],[-3.5801,48.5529],[-3.5713,48.5584],[-3.5699,48.5546],[-3.5577,48.5477],[-3.5539,48.5409],[-3.5398,48.5381],[-3.5585,48.5286],[-3.5634,48.5221],[-3.5742,48.5157],[-3.583,48.5052],[-3.5986,48.4988],[-3.596,48.5012],[-3.6005,48.5031],[-3.6007,48.5063],[-3.6037,48.508],[-3.6073,48.5056],[-3.6115,48.5145],[-3.6179,48.5168],[-3.6168,48.5337],[-3.6265,48.5414],[-3.6143,48.5471],[-3.6073,48.5461],[-3.6048,48.5527],[-3.6059,48.5561],[-3.6021,48.5592],[-3.5993,48.5585]]]]}},{"type":"Feature","properties":{"territoire":"29068","nom":"Guiclan","type":"commune"},"geometry":{"type":"MultiPolygon","coordinates":[[[[-4.0285,48.5356],[-4.0235,48.5396],[-4.0276,48.5465],[-4.0189,48.5515],[-4.0168,48.5554],[-4.0071,48.556],[-4.0156,48.5571],[-4.0134,48.56],[-3.9963,48.563],[-3.9962,48.5651],[-3.9894,48.5691],[-3.9874,48.5692],[-3.986,48.561],[-3.9821,48.5616],[-3.9757,48.5668],[-3.9735,48.5762],[-3.9666,48.581],[-3.9617,48.5789],[-3.959,48.5822],[-3.9523,48.5833],[-3.9362,48.5951],[-3.9356,48.5982],[-3.934,48.594],[-3.923,48.5886],[-3.9295,48.5725],[-3.9344,48.5694],[-3.9322,48.5652],[-3.9342,48.557],[-3.9386,48.5546],[-3.9444,48.5462],[-3.9512,48.5429],[-3.9537,48.5382],[-3.9597,48.5368],[-3.9555,48.5343],[-3.9579,48.5263],[-3.9643,48.5177],[-3.971,48.515],[-3.9736,48.5099],[-3.9717,48.5057],[-3.9753,48.4992],[-3.988,48.4989],[-3.9923,48.5029],[-3.9929,48.5001],[-3.9964,48.5023],[-4.016,48.5015],[-4.0292,48.5063],[-4.0247,48.5116],[-4.0252,48.5167],[-4.0214,48.5221],[-4.0235,48.525],[-4.0235,48.5342],[-4.0285,48.5356]]]]}},{"type":"Feature","properties":{"territoire":"29098","nom":"Lampaul-Plouarzel","type":"commune"},"geometry":{"type":"MultiPolygon","coordinates":[[[[-4.7602,48.4598],[-4.7618,48.4517],[-4.7589,48.4488],[-4.7455,48.4479],[-4.7491,48.4393],[-4.7592,48.4417],[-4.7622,48.4395],[-4.761,48.4366],[-4.7637,48.4363],[-4.7714,48.4388],[-4.7727,48.4432],[-4.7782,48.4464],[-4.7825,48.4433],[-4.7834,48.4459],[-4.7785,48.4481],[-4.7801,48.4509],[-4.7755,48.4517],[-4.7708,48.4569],[-4.7714,48.4633],[-4.7679,48.4621],[-4.7618,48.4694],[-4.7575,48.4685],[-4.7567,48.4658],[-4.7602,48.4598]]]]}},{"type":"Feature","properties":{"territoire":"29099","nom":"Lampaul-Ploudalmézeau","type":"commune"},"geometry":{"type":"MultiPolygon","coordinates":[[[[-4.6295,48.546],[-4.6269,48.5338],[-4.6438,48.5386],[-4.649,48.5437],[-4.6582,48.5457],[-4.6642,48.5558],[-4.6639,48.5618],[-4.6661,48.565],[-4.6632,48.5675],[-4.6638,48.5714],[-4.6463,48.5721],[-4.6471,48.5671],[-4.6498,48.5666],[-4.6439,48.5641],[-4.6379,48.5528],[-4.6309,48.5497],[-4.6295,48.546]]]]}},{"type":"Feature","properties":{"territoire":"29179","nom":"Ploudaniel","type":"commune"},"geometry":{"type":"MultiPolygon","coordinates":[[[[-4.2471,48.5306],[-4.2453,48.5269],[-4.2497,48.5249],[-4.2559,48.524],[-4.2591,48.5267],[-4.2555,48.5204],[-4.2589,48.5212],[-4.2674,48.5164],[-4.2757,48.5195],[-4.2825,48.5103],[-4.281,48.5071],[-4.2935,48.507],[-4.2961,48.5045],[-4.2852,48.4923],[-4.2863,48.4843],[-4.2834,48.4829],[-4.2854,48.4813],[-4.2833,48.4802],[-4.288,48.4792],[-4.2817,48.4733],[-4.2836,48.4708],[-4.3146,48.4809],[-4.3182,48.4848],[-4.3285,48.4889],[-4.3279,48.4947],[-4.3348,48.4997],[-4.3353,48.5035],[-4.341,48.5037],[-4.3452,48.4993],[-4.3492,48.5014],[-4.3591,48.5173],[-4.3587,48.5226],[-4.3623,48.5243],[-4.3635,48.5289],[-4.3587,48.5295],[-4.3712,48.539],[-4.3738,48.5442],[-4.3678,48.5434],[-4.3621,48.5498],[-4.3478,48.5492],[-4.3472,48.5511],[-4.3431,48.5501],[-4.328,48.5544],[-4.3313,48.5587],[-4.3297,48.5623],[-4.3091,48.5594],[-4.3127,48.5646],[-4.3111,48.5667],[-4.307,48.5663],[-4.3089,48.5698],[-4.293,48.5702],[-4.2904,48.5661],[-4.2949,48.5646],[-4.2958,48.5591],[-4.3007,48.554],[-4.3004,48.5474],[-4.3088,48.5416],[-4.3084,48.538],[-4.3025,48.5361],[-4.2783,48.5419],[-4.2688,48.5418],[-4.2577,48.533],[-4.2521,48.5336],[-4.2471,48.5306]]]]}},{"type":"Feature","properties":{"territoire":"29069","nom":"Guilers","type":"commune"},"geometry":{"type":"MultiPolygon","coordinates":[[[[-4.5689,48.3928],[-4.5775,48.3952],[-4.5766,48.4014],[-4.5883,48.4103],[-4.5914,48.4104],[-4.5936,48.4188],[-4.5996,48.4224],[-4.6015,48.4272],[-4.5757,48.4368],[-4.5754,48.4405],[-4.5725,48.4398],[-4.561,48.4451],[-4.5559,48.4445],[-4.5491,48.4412],[-4.5436,48.4343],[-4.5396,48.4352],[-4.5367,48.433],[-4.5391,48.4304],[-4.5375,48.4257],[-4.5235,48.4048],[-4.5368,48.4017],[-4.545,48.4029],[-4.5508,48.401],[-4.5543,48.397],[-4.5657,48.3976],[-4.5689,48.3928]]]]}},{"type":"Feature","properties":{"territoire":"29105","nom":"Landivisiau","type":"commune"},"geometry":{"type":"MultiPolygon","coordinates":[[[[-4.0292,48.5063],[-4.0438,48.5045],[-4.0625,48.4975],[-4.0697,48.4985],[-4.0795,48.4946],[-4.0874,48.4943],[-4.0908,48.4986],[-4.0995,48.4986],[-4.0968,48.499],[-4.0969,48.5063],[-4.1002,48.5078],[-4.1016,48.515],[-4.0945,48.5157],[-4.0924,48.5214],[-4.0937,48.5242],[-4.0824,48.5304],[-4.0749,48.5252],[-4.0739,48.5304],[-4.067,48.5384],[-4.0564,48.5318],[-4.0492,48.5324],[-4.045,48.5365],[-4.0335,48.5374],[-4.0235,48.5342],[-4.0235,48.525],[-4.0214,48.5223],[-4.0252,48.5167],[-4.0247,48.5116],[-4.0292,48.5063]]]]}},{"type":"Feature","properties":{"territoire":"29106","nom":"Landrévarzec","type":"commune"},"geometry":{"type":"MultiPolygon","coordinates":[[[[-4.1065,48.0647],[-4.1027,48.0659],[-4.0985,48.0736],[-4.0966,48.0838],[-4.099,48.0886],[-4.0957,48.0909],[-4.0981,48.098],[-4.0967,48.1014],[-4.1018,48.1049],[-4.1003,48.1079],[-4.0823,48.1147],[-4.0808,48.1204],[-4.073,48.1262],[-4.0647,48.1218],[-4.0701,48.1132],[-4.062,48.1158],[-4.0622,48.1123],[-4.0571,48.1088],[-4.048,48.1079],[-4.0497,48.1062],[-4.046,48.1011],[-4.0535,48.0959],[-4.0539,48.0925],[-4.0504,48.0938],[-4.0448,48.0883],[-4.052,48.0872],[-4.0481,48.0845],[-4.0626,48.0692],[-4.0614,48.0642],[-4.0672,48.0609],[-4.068,48.0584],[-4.0658,48.0581],[-4.0665,48.0541],[-4.0642,48.0515],[-4.0655,48.0498],[-4.0722,48.053],[-4.077,48.0641],[-4.091,48.064],[-4.0961,48.0661],[-4.1065,48.0647]]]]}},{"type":"Feature","properties":{"territoire":"29070","nom":"Guiler-sur-Goyen","type":"commune"},"geometry":{"type":"MultiPolygon","coordinates":[[[[-4.3888,48.0104],[-4.3875,48.0139],[-4.3909,48.0203],[-4.3893,48.0225],[-4.391,48.0223],[-4.3876,48.0281],[-4.3924,48.0307],[-4.384,48.0313],[-4.3846,48.0371],[-4.3879,48.0373],[-4.3848,48.0386],[-4.3811,48.0356],[-4.3694,48.0345],[-4.3685,48.0261],[-4.3649,48.0249],[-4.3319,48.024],[-4.3294,48.019],[-4.3306,48.0167],[-4.326,48.01],[-4.3308,48.008],[-4.3346,48.0022],[-4.3451,48.0017],[-4.3487,48.0063],[-4.3524,48.0054],[-4.3544,48.0013],[-4.3888,48.0104]]]]}},{"type":"Feature","properties":{"territoire":"29071","nom":"Guilligomarc'h","type":"commune"},"geometry":{"type":"MultiPolygon","coordinates":[[[[-3.4676,47.9458],[-3.4621,47.9492],[-3.4605,47.9607],[-3.457,47.957],[-3.4456,47.9585],[-3.4337,47.9654],[-3.4213,47.9675],[-3.4151,47.9751],[-3.4083,47.967],[-3.4036,47.967],[-3.4024,47.9604],[-3.3919,47.9574],[-3.393,47.951],[-3.4017,47.9434],[-3.3983,47.9346],[-3.39,47.9313],[-3.3866,47.9263],[-3.3939,47.9173],[-3.3993,47.919],[-3.4066,47.9173],[-3.4218,47.9258],[-3.4404,47.9278],[-3.4504,47.9236],[-3.4489,47.9208],[-3.4516,47.9192],[-3.4616,47.9265],[-3.4586,47.9336],[-3.4622,47.9391],[-3.4702,47.9435],[-3.4676,47.9458]]]]}},{"type":"Feature","properties":{"territoire":"29074","nom":"Guimiliau","type":"commune"},"geometry":{"type":"MultiPolygon","coordinates":[[[[-3.97,48.4708],[-3.9732,48.465],[-3.9809,48.4673],[-3.9846,48.4712],[-3.9892,48.4698],[-3.989,48.467],[-3.9933,48.4666],[-3.9922,48.4636],[-3.999,48.4623],[-4.0092,48.467],[-4.017,48.4636],[-4.026,48.4785],[-4.0152,48.4779],[-4.0165,48.479],[-4.0118,48.4825],[-4.0163,48.4869],[-4.0066,48.4874],[-4.0084,48.4914],[-4.0155,48.4953],[-4.0165,48.5016],[-3.9964,48.5023],[-3.9929,48.5001],[-3.9923,48.5029],[-3.988,48.4989],[-3.9784,48.4989],[-3.9822,48.4957],[-3.9797,48.49],[-3.9835,48.4879],[-3.9797,48.487],[-3.9803,48.4832],[-3.9721,48.4782],[-3.97,48.4708]]]]}},{"type":"Feature","properties":{"territoire":"29075","nom":"Guipavas","type":"commune"},"geometry":{"type":"MultiPolygon","coordinates":[[[[-4.4339,48.396],[-4.4481,48.4035],[-4.4508,48.4105],[-4.4574,48.4116],[-4.4603,48.4164],[-4.4516,48.4168],[-4.4538,48.422],[-4.4591,48.4248],[-4.4413,48.4328],[-4.4441,48.4355],[-4.4413,48.4372],[-4.4419,48.4458],[-4.4383,48.4479],[-4.4316,48.4463],[-4.4301,48.4517],[-4.4335,48.4519],[-4.4309,48.4591],[-4.4036,48.461],[-4.3996,48.4653],[-4.3862,48.4588],[-4.38,48.4613],[-4.3813,48.459],[-4.3794,48.4596],[-4.3748,48.4532],[-4.3625,48.4572],[-4.3509,48.454],[-4.3512,48.451],[-4.3465,48.4505],[-4.3494,48.445],[-4.3409,48.4426],[-4.3448,48.4371],[-4.3381,48.4269],[-4.3393,48.4221],[-4.3283,48.418],[-4.3288,48.4153],[-4.3424,48.4128],[-4.3475,48.4073],[-4.3612,48.41],[-4.3604,48.4086],[-4.3691,48.4064],[-4.3691,48.4014],[-4.3753,48.4],[-4.3872,48.4148],[-4.3958,48.414],[-4.3977,48.4166],[-4.3979,48.4147],[-4.4049,48.4149],[-4.4127,48.4103],[-4.4193,48.41],[-4.4191,48.4039],[-4.4261,48.4043],[-4.4265,48.3993],[-4.4223,48.3985],[-4.4227,48.3969],[-4.4339,48.396]]]]}},{"type":"Feature","properties":{"territoire":"29076","nom":"Milizac-Guipronvel","type":"commune"},"geometry":{"type":"MultiPolygon","coordinates":[[[[-4.5475,48.4805],[-4.5364,48.481],[-4.5337,48.4753],[-4.5279,48.4775],[-4.5269,48.4758],[-4.5198,48.4767],[-4.5205,48.4664],[-4.512,48.4694],[-4.5051,48.4691],[-4.5031,48.4667],[-4.5055,48.4603],[-4.5015,48.4535],[-4.5123,48.457],[-4.5121,48.4532],[-4.5148,48.4506],[-4.5252,48.4492],[-4.5232,48.4445],[-4.5254,48.4422],[-4.5326,48.4449],[-4.5328,48.4406],[-4.5407,48.4401],[-4.5422,48.4381],[-4.5398,48.4351],[-4.5436,48.4343],[-4.5497,48.4416],[-4.561,48.4451],[-4.5725,48.4398],[-4.5754,48.4405],[-4.5757,48.4368],[-4.5993,48.4284],[-4.6002,48.4317],[-4.6123,48.433],[-4.6091,48.4403],[-4.6094,48.4421],[-4.6145,48.4406],[-4.6132,48.4515],[-4.6204,48.4513],[-4.6231,48.4489],[-4.6263,48.4555],[-4.6138,48.4536],[-4.6128,48.4552],[-4.6106,48.4649],[-4.6175,48.4708],[-4.61,48.4757],[-4.6133,48.4804],[-4.6127,48.4833],[-4.6078,48.4857],[-4.5956,48.4814],[-4.5855,48.4852],[-4.5837,48.4886],[-4.5858,48.4921],[-4.5851,48.4995],[-4.5832,48.502],[-4.5853,48.5025],[-4.5825,48.5057],[-4.5864,48.5118],[-4.5785,48.5129],[-4.5735,48.5106],[-4.5716,48.5058],[-4.5604,48.5058],[-4.555,48.5007],[-4.5569,48.497],[-4.5537,48.4914],[-4.5463,48.4848],[-4.5475,48.4805]]]]}},{"type":"Feature","properties":{"territoire":"29077","nom":"Guissény","type":"commune"},"geometry":{"type":"MultiPolygon","coordinates":[[[[-4.35,48.6164],[-4.3564,48.6145],[-4.3695,48.6167],[-4.3693,48.6124],[-4.3741,48.6146],[-4.3836,48.6116],[-4.3878,48.6081],[-4.3872,48.5996],[-4.3932,48.5958],[-4.3981,48.5866],[-4.4184,48.5922],[-4.4284,48.5994],[-4.4351,48.5973],[-4.4464,48.6058],[-4.4519,48.6112],[-4.4538,48.6186],[-4.4473,48.6227],[-4.448,48.6261],[-4.4439,48.6296],[-4.4511,48.6325],[-4.4533,48.6257],[-4.4632,48.6272],[-4.4474,48.6382],[-4.4493,48.6434],[-4.4485,48.64],[-4.4402,48.6417],[-4.4403,48.6379],[-4.433,48.6352],[-4.4306,48.6373],[-4.4329,48.6421],[-4.4203,48.6375],[-4.4117,48.6387],[-4.3971,48.6366],[-4.3927,48.6318],[-4.3884,48.6317],[-4.3821,48.6271],[-4.3728,48.6284],[-4.3515,48.6219],[-4.349,48.619],[-4.35,48.6164]]]]}},{"type":"Feature","properties":{"territoire":"29085","nom":"Île-Tudy","type":"commune"},"geometry":{"type":"MultiPolygon","coordinates":[[[[-4.1663,47.8567],[-4.1621,47.8604],[-4.155,47.8619],[-4.1513,47.8546],[-4.1633,47.8483],[-4.169,47.8393],[-4.1711,47.841],[-4.1688,47.8418],[-4.1685,47.8496],[-4.1652,47.8522],[-4.1663,47.8567]]]]}},{"type":"Feature","properties":{"territoire":"29086","nom":"Irvillac","type":"commune"},"geometry":{"type":"MultiPolygon","coordinates":[[[[-4.1548,48.3536],[-4.1704,48.3473],[-4.1845,48.3472],[-4.1979,48.353],[-4.2224,48.3408],[-4.2463,48.3389],[-4.2497,48.3401],[-4.2463,48.3459],[-4.2526,48.3522],[-4.2454,48.357],[-4.2525,48.3654],[-4.2314,48.3733],[-4.2076,48.3945],[-4.1792,48.396],[-4.1828,48.3924],[-4.1802,48.3884],[-4.1654,48.3884],[-4.1425,48.3748],[-4.1572,48.3734],[-4.1602,48.3686],[-4.1589,48.3656],[-4.1686,48.3637],[-4.1654,48.3611],[-4.1687,48.3587],[-4.1667,48.3561],[-4.1556,48.3561],[-4.1548,48.3536]]]]}},{"type":"Feature","properties":{"territoire":"29087","nom":"Le Juch","type":"commune"},"geometry":{"type":"MultiPolygon","coordinates":[[[[-4.242,48.034],[-4.2529,48.0385],[-4.2595,48.038],[-4.265,48.0415],[-4.2754,48.0395],[-4.2825,48.0454],[-4.2988,48.0485],[-4.2934,48.0534],[-4.2955,48.0538],[-4.2952,48.0576],[-4.2917,48.0588],[-4.2887,48.0638],[-4.2909,48.0708],[-4.2854,48.0706],[-4.2829,48.0761],[-4.2786,48.0753],[-4.2734,48.0782],[-4.2637,48.0751],[-4.2582,48.0758],[-4.2509,48.0633],[-4.2441,48.0607],[-4.2435,48.0557],[-4.2322,48.0518],[-4.2303,48.0487],[-4.2311,48.0443],[-4.2397,48.039],[-4.242,48.034]]]]}},{"type":"Feature","properties":{"territoire":"29089","nom":"Kergloff","type":"commune"},"geometry":{"type":"MultiPolygon","coordinates":[[[[-3.607,48.2634],[-3.6131,48.2649],[-3.6159,48.2685],[-3.6212,48.2674],[-3.6264,48.2653],[-3.6236,48.2608],[-3.6276,48.2584],[-3.6377,48.2673],[-3.6497,48.2643],[-3.6515,48.2613],[-3.6477,48.2612],[-3.6544,48.2578],[-3.6701,48.2619],[-3.6891,48.2621],[-3.696,48.265],[-3.6917,48.2738],[-3.6929,48.2788],[-3.6795,48.296],[-3.659,48.2924],[-3.6525,48.2951],[-3.6521,48.2974],[-3.6445,48.2967],[-3.6443,48.3004],[-3.637,48.3021],[-3.6382,48.3049],[-3.6137,48.3057],[-3.6115,48.3048],[-3.611,48.2991],[-3.6059,48.2964],[-3.6099,48.2917],[-3.6056,48.2878],[-3.6064,48.2857],[-3.6,48.2839],[-3.6041,48.2802],[-3.6002,48.2703],[-3.607,48.2634]]]]}},{"type":"Feature","properties":{"territoire":"29090","nom":"Kerlaz","type":"commune"},"geometry":{"type":"MultiPolygon","coordinates":[[[[-4.2352,48.0946],[-4.2391,48.0902],[-4.2365,48.088],[-4.2399,48.0869],[-4.2313,48.0825],[-4.2308,48.0793],[-4.2435,48.0733],[-4.2503,48.0753],[-4.2526,48.0714],[-4.2563,48.0718],[-4.2582,48.0758],[-4.2637,48.0751],[-4.2696,48.0783],[-4.2717,48.0852],[-4.2923,48.0894],[-4.2991,48.094],[-4.2937,48.1002],[-4.2869,48.1029],[-4.2846,48.1079],[-4.2687,48.11],[-4.2579,48.1078],[-4.2502,48.0987],[-4.2407,48.0939],[-4.2352,48.0946]]]]}},{"type":"Feature","properties":{"territoire":"29091","nom":"Kerlouan","type":"commune"},"geometry":{"type":"MultiPolygon","coordinates":[[[[-4.3494,48.6272],[-4.3555,48.6229],[-4.3747,48.6287],[-4.3821,48.6271],[-4.3884,48.6317],[-4.3927,48.6318],[-4.4023,48.6409],[-4.4178,48.6419],[-4.4248,48.6468],[-4.4329,48.6475],[-4.4337,48.6519],[-4.4376,48.653],[-4.4356,48.656],[-4.4271,48.6523],[-4.4177,48.655],[-4.4016,48.6551],[-4.3921,48.6577],[-4.3879,48.6616],[-4.3794,48.6594],[-4.3787,48.6617],[-4.3812,48.6612],[-4.3803,48.6599],[-4.3811,48.6627],[-4.3761,48.6642],[-4.3737,48.6698],[-4.3661,48.6689],[-4.3494,48.6766],[-4.3475,48.6681],[-4.3506,48.6614],[-4.3488,48.6571],[-4.355,48.6487],[-4.3475,48.6284],[-4.3494,48.6272]]],[[[-4.4375,48.6568],[-4.4367,48.6584],[-4.436,48.6561],[-4.4375,48.6568]]]]}},{"type":"Feature","properties":{"territoire":"29107","nom":"Landudal","type":"commune"},"geometry":{"type":"MultiPolygon","coordinates":[[[[-3.9735,48.0389],[-3.9769,48.0361],[-3.9867,48.0401],[-4.0042,48.0378],[-4.0058,48.0413],[-4,48.0434],[-4.023,48.0562],[-4.013,48.0571],[-4.0139,48.0607],[-4.0081,48.0654],[-3.9949,48.0633],[-3.9886,48.0655],[-3.9891,48.0705],[-3.9856,48.0721],[-3.986,48.0743],[-3.9794,48.076],[-3.9777,48.0799],[-3.9712,48.0808],[-3.9663,48.0748],[-3.9539,48.0769],[-3.9454,48.0673],[-3.9514,48.0569],[-3.9401,48.0487],[-3.951,48.0426],[-3.9666,48.0427],[-3.9735,48.0389]]]]}},{"type":"Feature","properties":{"territoire":"29108","nom":"Landudec","type":"commune"},"geometry":{"type":"MultiPolygon","coordinates":[[[[-4.2887,48.0098],[-4.2937,48.0038],[-4.2903,47.9977],[-4.295,47.9975],[-4.296,47.9954],[-4.2865,47.9864],[-4.2952,47.9844],[-4.3022,47.9798],[-4.3066,47.9806],[-4.3062,47.9787],[-4.3099,47.9785],[-4.3166,47.9805],[-4.3245,47.9779],[-4.327,47.9738],[-4.3318,47.9756],[-4.3354,47.9731],[-4.3413,47.9749],[-4.3395,47.9791],[-4.3414,47.9819],[-4.3442,47.9813],[-4.3465,47.9758],[-4.3609,47.9757],[-4.3588,47.98],[-4.3632,47.9819],[-4.3632,47.988],[-4.3654,47.9882],[-4.3698,47.9813],[-4.3757,47.9832],[-4.3759,47.9797],[-4.3785,47.9805],[-4.3705,47.9917],[-4.3705,48.0052],[-4.3542,48.0013],[-4.3524,48.0054],[-4.3487,48.0063],[-4.3451,48.0017],[-4.3354,48.0021],[-4.3308,48.008],[-4.326,48.01],[-4.3306,48.0167],[-4.3294,48.019],[-4.3319,48.024],[-4.3145,48.0216],[-4.3059,48.015],[-4.294,48.013],[-4.2887,48.0098]]]]}},{"type":"Feature","properties":{"territoire":"29109","nom":"Landunvez","type":"commune"},"geometry":{"type":"MultiPolygon","coordinates":[[[[-4.7781,48.5294],[-4.7737,48.5309],[-4.773,48.5282],[-4.7757,48.5269],[-4.7781,48.5294]]],[[[-4.7009,48.5381],[-4.7082,48.5336],[-4.7055,48.5277],[-4.7155,48.5244],[-4.719,48.5192],[-4.7193,48.5102],[-4.7302,48.5144],[-4.7375,48.5135],[-4.7387,48.5179],[-4.7461,48.518],[-4.7519,48.5153],[-4.7582,48.5191],[-4.7695,48.5209],[-4.7653,48.5234],[-4.7628,48.5197],[-4.758,48.5209],[-4.7599,48.5237],[-4.7633,48.523],[-4.7598,48.526],[-4.7655,48.528],[-4.7634,48.5282],[-4.7645,48.531],[-4.7575,48.5299],[-4.7565,48.5322],[-4.7589,48.5344],[-4.7494,48.5279],[-4.7462,48.5291],[-4.7505,48.531],[-4.7489,48.5369],[-4.753,48.5439],[-4.7393,48.5477],[-4.731,48.5562],[-4.7225,48.5596],[-4.7157,48.5596],[-4.7182,48.5567],[-4.7131,48.5537],[-4.7077,48.5552],[-4.7016,48.5442],[-4.7009,48.5381]]]]}},{"type":"Feature","properties":{"territoire":"29110","nom":"Langolen","type":"commune"},"geometry":{"type":"MultiPolygon","coordinates":[[[[-3.9367,48.0976],[-3.9015,48.098],[-3.9039,48.0943],[-3.899,48.087],[-3.8993,48.0821],[-3.8892,48.0817],[-3.8825,48.0858],[-3.8745,48.0864],[-3.8706,48.0809],[-3.881,48.0773],[-3.8818,48.0721],[-3.8868,48.072],[-3.8864,48.0687],[-3.8982,48.0652],[-3.9081,48.0568],[-3.9401,48.0489],[-3.9514,48.0569],[-3.9419,48.07],[-3.9431,48.0719],[-3.9347,48.0737],[-3.9316,48.0777],[-3.9343,48.0773],[-3.9385,48.0843],[-3.9292,48.092],[-3.9348,48.0911],[-3.9367,48.0976]]]]}},{"type":"Feature","properties":{"territoire":"29111","nom":"Lanhouarneau","type":"commune"},"geometry":{"type":"MultiPolygon","coordinates":[[[[-4.1688,48.5672],[-4.1762,48.5687],[-4.1781,48.5596],[-4.1817,48.5548],[-4.1866,48.5543],[-4.2151,48.5618],[-4.2188,48.5607],[-4.2415,48.5648],[-4.2455,48.5672],[-4.2467,48.5732],[-4.2386,48.5748],[-4.2388,48.5768],[-4.243,48.5769],[-4.2438,48.5799],[-4.2384,48.5849],[-4.244,48.5868],[-4.2453,48.592],[-4.2276,48.5867],[-4.216,48.5898],[-4.199,48.5867],[-4.1948,48.5933],[-4.1896,48.5962],[-4.1874,48.5961],[-4.186,48.5883],[-4.1702,48.5939],[-4.1651,48.5856],[-4.1706,48.5795],[-4.166,48.5714],[-4.1688,48.5672]]]]}},{"type":"Feature","properties":{"territoire":"29112","nom":"Lanildut","type":"commune"},"geometry":{"type":"MultiPolygon","coordinates":[[[[-4.7291,48.491],[-4.7227,48.4942],[-4.7045,48.4921],[-4.6983,48.4892],[-4.6983,48.4858],[-4.7034,48.4859],[-4.7145,48.4802],[-4.7248,48.4793],[-4.726,48.4751],[-4.7465,48.4723],[-4.751,48.4743],[-4.7597,48.4704],[-4.7708,48.4792],[-4.7627,48.48],[-4.7589,48.484],[-4.7438,48.4807],[-4.7364,48.4823],[-4.7291,48.491]]]]}},{"type":"Feature","properties":{"territoire":"29113","nom":"Lanmeur","type":"commune"},"geometry":{"type":"MultiPolygon","coordinates":[[[[-3.7467,48.6109],[-3.7474,48.6162],[-3.7436,48.623],[-3.7512,48.632],[-3.7495,48.6355],[-3.7556,48.643],[-3.7498,48.6494],[-3.7531,48.6521],[-3.7528,48.6574],[-3.7448,48.6583],[-3.7444,48.6601],[-3.7495,48.6586],[-3.754,48.6618],[-3.7484,48.6655],[-3.7508,48.6664],[-3.7487,48.6724],[-3.7441,48.6768],[-3.7368,48.6773],[-3.7322,48.6709],[-3.7265,48.6712],[-3.7283,48.6616],[-3.7219,48.6559],[-3.7162,48.662],[-3.7065,48.6673],[-3.696,48.6679],[-3.691,48.6634],[-3.6839,48.6651],[-3.6855,48.6593],[-3.6828,48.6564],[-3.6821,48.6499],[-3.6914,48.6383],[-3.698,48.6362],[-3.7007,48.6321],[-3.695,48.6275],[-3.6965,48.6183],[-3.7061,48.6118],[-3.7105,48.6167],[-3.7232,48.611],[-3.7467,48.6109]]]]}},{"type":"Feature","properties":{"territoire":"29180","nom":"Ploudiry","type":"commune"},"geometry":{"type":"MultiPolygon","coordinates":[[[[-4.1283,48.4258],[-4.1309,48.428],[-4.1304,48.4339],[-4.1549,48.4518],[-4.1792,48.4627],[-4.1697,48.4629],[-4.1741,48.4688],[-4.1722,48.4697],[-4.1723,48.4762],[-4.168,48.4739],[-4.1538,48.4848],[-4.149,48.4833],[-4.1495,48.4851],[-4.1193,48.4915],[-4.118,48.4878],[-4.1111,48.4862],[-4.1048,48.4784],[-4.115,48.4673],[-4.11,48.4654],[-4.1008,48.4666],[-4.0981,48.4625],[-4.1034,48.4577],[-4.1011,48.4562],[-4.1021,48.4519],[-4.0933,48.4491],[-4.0855,48.4513],[-4.0968,48.4378],[-4.1013,48.4367],[-4.106,48.4315],[-4.1051,48.4244],[-4.0992,48.4198],[-4.0989,48.4152],[-4.1109,48.4149],[-4.1201,48.4238],[-4.1283,48.4258]]]]}},{"type":"Feature","properties":{"territoire":"29093","nom":"Kernilis","type":"commune"},"geometry":{"type":"MultiPolygon","coordinates":[[[[-4.375,48.578],[-4.3791,48.5768],[-4.382,48.5693],[-4.394,48.5708],[-4.394,48.567],[-4.4037,48.5636],[-4.4075,48.5596],[-4.4489,48.5701],[-4.4333,48.5774],[-4.4305,48.5824],[-4.4224,48.5813],[-4.4215,48.5859],[-4.425,48.5871],[-4.4182,48.5922],[-4.405,48.5896],[-4.375,48.578]]]]}},{"type":"Feature","properties":{"territoire":"29183","nom":"Plouégat-Moysan","type":"commune"},"geometry":{"type":"MultiPolygon","coordinates":[[[[-3.594,48.5857],[-3.5917,48.5826],[-3.5886,48.5827],[-3.5839,48.5744],[-3.5906,48.5636],[-3.5951,48.5641],[-3.5992,48.5585],[-3.6021,48.5592],[-3.6059,48.5561],[-3.6048,48.5527],[-3.6073,48.5461],[-3.6135,48.5472],[-3.619,48.5434],[-3.6285,48.5435],[-3.6275,48.5483],[-3.6354,48.5574],[-3.6332,48.5616],[-3.6365,48.5658],[-3.6355,48.569],[-3.6443,48.5776],[-3.6444,48.5864],[-3.6367,48.5938],[-3.6295,48.5879],[-3.6174,48.5902],[-3.6,48.5834],[-3.594,48.5857]]]]}},{"type":"Feature","properties":{"territoire":"29094","nom":"Kernouës","type":"commune"},"geometry":{"type":"MultiPolygon","coordinates":[[[[-4.3333,48.5766],[-4.3509,48.5798],[-4.3527,48.584],[-4.3602,48.5834],[-4.3689,48.5885],[-4.3655,48.5942],[-4.3575,48.5986],[-4.3573,48.6034],[-4.3474,48.6091],[-4.3445,48.6152],[-4.3411,48.6147],[-4.3327,48.6046],[-4.3241,48.6034],[-4.326,48.5958],[-4.3329,48.5916],[-4.3282,48.5788],[-4.3312,48.5792],[-4.3333,48.5766]]]]}},{"type":"Feature","properties":{"territoire":"29095","nom":"Kersaint-Plabennec","type":"commune"},"geometry":{"type":"MultiPolygon","coordinates":[[[[-4.3477,48.5008],[-4.3535,48.4893],[-4.3453,48.4831],[-4.3517,48.4797],[-4.3402,48.4741],[-4.3405,48.4657],[-4.3748,48.4532],[-4.3794,48.4596],[-4.3813,48.459],[-4.38,48.4613],[-4.3862,48.4588],[-4.3877,48.4601],[-4.38,48.4617],[-4.3814,48.4706],[-4.3845,48.4733],[-4.3832,48.4802],[-4.3734,48.482],[-4.3744,48.4844],[-4.3698,48.4862],[-4.3742,48.4918],[-4.3745,48.4971],[-4.3707,48.5],[-4.362,48.4955],[-4.3635,48.5008],[-4.3585,48.5041],[-4.3623,48.5066],[-4.3652,48.5139],[-4.3565,48.5153],[-4.3531,48.5058],[-4.3477,48.5008]]]]}},{"type":"Feature","properties":{"territoire":"29097","nom":"Lampaul-Guimiliau","type":"commune"},"geometry":{"type":"MultiPolygon","coordinates":[[[[-4.0283,48.455],[-4.0354,48.4576],[-4.0414,48.4659],[-4.0546,48.4699],[-4.0562,48.4741],[-4.073,48.4767],[-4.0743,48.4858],[-4.0776,48.489],[-4.0761,48.4935],[-4.0795,48.4946],[-4.0741,48.4977],[-4.0625,48.4975],[-4.0543,48.5015],[-4.0325,48.5064],[-4.0167,48.5019],[-4.0155,48.4953],[-4.0084,48.4914],[-4.0066,48.4874],[-4.0163,48.4869],[-4.0118,48.4825],[-4.0165,48.479],[-4.0152,48.4779],[-4.026,48.4785],[-4.0226,48.4757],[-4.0151,48.4577],[-4.0189,48.4559],[-4.0177,48.454],[-4.0283,48.455]]]]}},{"type":"Feature","properties":{"territoire":"29100","nom":"Lanarvily","type":"commune"},"geometry":{"type":"MultiPolygon","coordinates":[[[[-4.3691,48.5523],[-4.3794,48.5487],[-4.3798,48.5454],[-4.3856,48.5447],[-4.3944,48.5557],[-4.4075,48.5596],[-4.4037,48.5636],[-4.394,48.567],[-4.394,48.5708],[-4.382,48.5693],[-4.3791,48.5768],[-4.3752,48.5777],[-4.3671,48.5708],[-4.3668,48.5563],[-4.3691,48.5523]]]]}},{"type":"Feature","properties":{"territoire":"29101","nom":"Landéda","type":"commune"},"geometry":{"type":"MultiPolygon","coordinates":[[[[-4.6375,48.6004],[-4.6365,48.6023],[-4.6332,48.6001],[-4.6375,48.6004]]],[[[-4.5298,48.5921],[-4.5442,48.5884],[-4.5496,48.5781],[-4.5583,48.581],[-4.5648,48.5761],[-4.5881,48.5805],[-4.5943,48.5793],[-4.5945,48.5746],[-4.5995,48.5741],[-4.6086,48.5748],[-4.6124,48.5783],[-4.6074,48.579],[-4.6037,48.5831],[-4.6035,48.5872],[-4.6087,48.5887],[-4.6051,48.5912],[-4.6081,48.5968],[-4.6043,48.6024],[-4.6065,48.6046],[-4.6016,48.6049],[-4.5983,48.6084],[-4.594,48.6041],[-4.5859,48.6022],[-4.5942,48.598],[-4.5957,48.5933],[-4.5726,48.5958],[-4.5624,48.5995],[-4.5573,48.5943],[-4.5433,48.5986],[-4.5284,48.5947],[-4.5298,48.5921]]]]}},{"type":"Feature","properties":{"territoire":"29184","nom":"Plouénan","type":"commune"},"geometry":{"type":"MultiPolygon","coordinates":[[[[-3.997,48.5989],[-3.9934,48.6024],[-3.9937,48.6128],[-4.0049,48.6146],[-4.0038,48.6187],[-4.0066,48.6204],[-4.006,48.6247],[-4.0188,48.6278],[-4.0279,48.6261],[-4.0402,48.6274],[-4.0452,48.6354],[-4.0417,48.6371],[-4.0421,48.6394],[-4.0258,48.6378],[-4.0239,48.6408],[-4.0198,48.641],[-4.0193,48.6436],[-4.0088,48.6448],[-4.009,48.651],[-4.0044,48.6512],[-4.0038,48.654],[-3.9908,48.6512],[-3.9873,48.6471],[-3.9807,48.6504],[-3.9728,48.6445],[-3.9577,48.6481],[-3.9516,48.6448],[-3.9488,48.6388],[-3.9539,48.6265],[-3.9508,48.6232],[-3.9523,48.6206],[-3.9459,48.6177],[-3.9407,48.6097],[-3.9404,48.6036],[-3.935,48.5991],[-3.9362,48.5951],[-3.9523,48.5833],[-3.9568,48.5825],[-3.9552,48.5843],[-3.96,48.5876],[-3.9645,48.5883],[-3.9678,48.5857],[-3.9731,48.5871],[-3.9761,48.5899],[-3.9739,48.5924],[-3.9921,48.5935],[-3.997,48.5962],[-3.997,48.5989]]]]}},{"type":"Feature","properties":{"territoire":"29185","nom":"Plouescat","type":"commune"},"geometry":{"type":"MultiPolygon","coordinates":[[[[-4.1618,48.6899],[-4.1622,48.68],[-4.1593,48.6761],[-4.1605,48.6694],[-4.1549,48.6655],[-4.1551,48.6626],[-4.1516,48.6627],[-4.1509,48.6521],[-4.148,48.6503],[-4.1525,48.6497],[-4.1509,48.6452],[-4.1826,48.6481],[-4.1943,48.652],[-4.1987,48.6561],[-4.2221,48.6579],[-4.2141,48.6641],[-4.2135,48.6681],[-4.2181,48.6652],[-4.2159,48.668],[-4.2051,48.6712],[-4.2066,48.6729],[-4.1969,48.6772],[-4.1882,48.6863],[-4.1836,48.6874],[-4.1806,48.6841],[-4.1764,48.687],[-4.1712,48.686],[-4.1697,48.6892],[-4.1618,48.6899]]]]}},{"type":"Feature","properties":{"territoire":"29186","nom":"Plouezoc'h","type":"commune"},"geometry":{"type":"MultiPolygon","coordinates":[[[[-3.7691,48.6257],[-3.7753,48.6214],[-3.7802,48.6139],[-3.7851,48.614],[-3.7879,48.6112],[-3.8,48.6172],[-3.7978,48.6198],[-3.7989,48.6237],[-3.8028,48.6221],[-3.8117,48.6294],[-3.8209,48.628],[-3.8239,48.6308],[-3.827,48.6278],[-3.8342,48.6297],[-3.8478,48.6287],[-3.8489,48.6376],[-3.8566,48.6483],[-3.8566,48.6615],[-3.8646,48.6714],[-3.854,48.6733],[-3.8537,48.6619],[-3.8449,48.6598],[-3.8252,48.6477],[-3.8151,48.6477],[-3.8075,48.6423],[-3.7924,48.6378],[-3.7807,48.6391],[-3.7665,48.6354],[-3.7691,48.6257]]]]}},{"type":"Feature","properties":{"territoire":"29187","nom":"Plougar","type":"commune"},"geometry":{"type":"MultiPolygon","coordinates":[[[[-4.1523,48.546],[-4.1699,48.5489],[-4.1768,48.5529],[-4.1703,48.5569],[-4.1666,48.5634],[-4.1573,48.5617],[-4.1395,48.5646],[-4.1426,48.5703],[-4.1281,48.5789],[-4.1119,48.5785],[-4.1087,48.5736],[-4.1066,48.5745],[-4.0994,48.5698],[-4.0941,48.5635],[-4.0924,48.5549],[-4.104,48.5493],[-4.1001,48.5421],[-4.1012,48.539],[-4.1138,48.5364],[-4.1204,48.5374],[-4.1188,48.5398],[-4.1347,48.5388],[-4.1404,48.534],[-4.1449,48.5395],[-4.143,48.5428],[-4.1523,48.546]]]]}},{"type":"Feature","properties":{"territoire":"29188","nom":"Plougasnou","type":"commune"},"geometry":{"type":"MultiPolygon","coordinates":[[[[-3.7799,48.7018],[-3.7741,48.6949],[-3.7759,48.693],[-3.7736,48.6899],[-3.7785,48.6849],[-3.7819,48.6848],[-3.779,48.6825],[-3.7812,48.6811],[-3.7781,48.6782],[-3.7781,48.6741],[-3.7726,48.6733],[-3.7772,48.6646],[-3.7812,48.6645],[-3.7805,48.6611],[-3.7833,48.6566],[-3.7882,48.6566],[-3.7847,48.651],[-3.7856,48.6482],[-3.7806,48.6445],[-3.7826,48.6428],[-3.7837,48.645],[-3.7856,48.6441],[-3.7835,48.6428],[-3.7861,48.6405],[-3.7852,48.6378],[-3.8056,48.6415],[-3.8151,48.6477],[-3.8265,48.6482],[-3.846,48.6602],[-3.8474,48.6658],[-3.8526,48.6648],[-3.8469,48.6663],[-3.8479,48.6697],[-3.8458,48.6722],[-3.8478,48.6762],[-3.8527,48.6767],[-3.8486,48.6798],[-3.8499,48.6837],[-3.8556,48.6847],[-3.8535,48.6865],[-3.8551,48.6894],[-3.8498,48.6918],[-3.8501,48.6958],[-3.8399,48.6972],[-3.8418,48.7065],[-3.8356,48.7067],[-3.836,48.7104],[-3.8312,48.7122],[-3.8316,48.7141],[-3.8296,48.7133],[-3.8307,48.7113],[-3.8249,48.7129],[-3.83,48.7113],[-3.8288,48.7077],[-3.826,48.7077],[-3.8284,48.7046],[-3.821,48.7008],[-3.8212,48.7086],[-3.8169,48.7123],[-3.8206,48.7135],[-3.8187,48.7162],[-3.8211,48.7189],[-3.8086,48.7117],[-3.7989,48.7131],[-3.7971,48.7071],[-3.7914,48.7031],[-3.7799,48.7018]]]]}},{"type":"Feature","properties":{"territoire":"29189","nom":"Plougastel-Daoulas","type":"commune"},"geometry":{"type":"MultiPolygon","coordinates":[[[[-4.319,48.3622],[-4.332,48.3513],[-4.3451,48.3478],[-4.3417,48.3475],[-4.3414,48.3452],[-4.3464,48.3424],[-4.3503,48.3445],[-4.3535,48.3427],[-4.3558,48.3449],[-4.3454,48.3517],[-4.3467,48.3525],[-4.3405,48.3585],[-4.367,48.345],[-4.3697,48.3381],[-4.3691,48.3357],[-4.3662,48.3363],[-4.3737,48.3313],[-4.3717,48.3281],[-4.3777,48.3253],[-4.4181,48.3244],[-4.4047,48.3372],[-4.3961,48.3409],[-4.3925,48.3402],[-4.3907,48.3429],[-4.4011,48.3423],[-4.4082,48.3386],[-4.4056,48.3365],[-4.4132,48.3384],[-4.4209,48.333],[-4.4411,48.3269],[-4.4479,48.3254],[-4.4589,48.3269],[-4.4487,48.3299],[-4.4477,48.3353],[-4.4504,48.3365],[-4.4392,48.3414],[-4.439,48.344],[-4.4441,48.3449],[-4.4425,48.3461],[-4.4449,48.3495],[-4.4412,48.3539],[-4.4362,48.3553],[-4.4372,48.36],[-4.4342,48.363],[-4.4179,48.3688],[-4.4081,48.3777],[-4.4078,48.3812],[-4.3813,48.3923],[-4.3673,48.395],[-4.3636,48.3996],[-4.3568,48.4027],[-4.3481,48.402],[-4.3455,48.3984],[-4.343,48.4001],[-4.3409,48.3977],[-4.3433,48.3937],[-4.3393,48.3857],[-4.3317,48.3875],[-4.3315,48.3825],[-4.3256,48.3829],[-4.3249,48.3766],[-4.331,48.3714],[-4.3318,48.3674],[-4.3209,48.3658],[-4.319,48.3622]]]]}},{"type":"Feature","properties":{"territoire":"29190","nom":"Plougonvelin","type":"commune"},"geometry":{"type":"MultiPolygon","coordinates":[[[[-4.7198,48.3665],[-4.7106,48.3669],[-4.6859,48.3814],[-4.6748,48.3792],[-4.6754,48.3715],[-4.6812,48.365],[-4.6789,48.3556],[-4.6844,48.3532],[-4.6913,48.3547],[-4.7032,48.3474],[-4.699,48.3421],[-4.7009,48.3403],[-4.6981,48.3383],[-4.6996,48.3369],[-4.7058,48.3363],[-4.7082,48.3317],[-4.7135,48.3319],[-4.7165,48.3291],[-4.7174,48.331],[-4.7292,48.33],[-4.7383,48.3335],[-4.7452,48.3296],[-4.7552,48.3284],[-4.7697,48.3284],[-4.7741,48.3304],[-4.7699,48.336],[-4.7434,48.3439],[-4.7507,48.3498],[-4.7429,48.3512],[-4.7454,48.3563],[-4.7396,48.3583],[-4.741,48.359],[-4.7388,48.361],[-4.7278,48.3619],[-4.7198,48.3665]]]]}},{"type":"Feature","properties":{"territoire":"29191","nom":"Plougonven","type":"commune"},"geometry":{"type":"MultiPolygon","coordinates":[[[[-3.6731,48.4656],[-3.69,48.4521],[-3.7008,48.4539],[-3.7077,48.4518],[-3.7082,48.4481],[-3.726,48.4454],[-3.7291,48.4491],[-3.7531,48.4461],[-3.7503,48.4476],[-3.7537,48.4561],[-3.7504,48.4568],[-3.7527,48.4578],[-3.75,48.4618],[-3.7561,48.4638],[-3.7519,48.4645],[-3.7573,48.4743],[-3.7517,48.4757],[-3.7541,48.4772],[-3.7519,48.479],[-3.7574,48.481],[-3.7596,48.4869],[-3.7565,48.4897],[-3.7594,48.4991],[-3.7561,48.5089],[-3.7643,48.5164],[-3.7705,48.5268],[-3.7657,48.5326],[-3.7659,48.5389],[-3.7728,48.5415],[-3.7727,48.5447],[-3.7809,48.5503],[-3.7925,48.5559],[-3.7991,48.5619],[-3.8005,48.5672],[-3.7882,48.5656],[-3.781,48.5671],[-3.7669,48.5621],[-3.7468,48.5648],[-3.7235,48.5594],[-3.7204,48.5528],[-3.7164,48.5526],[-3.7115,48.5457],[-3.708,48.5466],[-3.7051,48.5428],[-3.7071,48.5406],[-3.698,48.5375],[-3.692,48.5295],[-3.6935,48.5191],[-3.6845,48.5128],[-3.6869,48.5043],[-3.6829,48.497],[-3.6742,48.4909],[-3.6788,48.4893],[-3.6758,48.4878],[-3.6705,48.4748],[-3.6731,48.4656]]]]}},{"type":"Feature","properties":{"territoire":"29102","nom":"Landeleau","type":"commune"},"geometry":{"type":"MultiPolygon","coordinates":[[[[-3.696,48.2649],[-3.6985,48.2597],[-3.7097,48.2552],[-3.7114,48.251],[-3.6984,48.2456],[-3.6998,48.2369],[-3.7025,48.2356],[-3.714,48.2397],[-3.7206,48.2351],[-3.7187,48.2228],[-3.7037,48.2187],[-3.7056,48.2163],[-3.7144,48.2151],[-3.7301,48.2214],[-3.7362,48.2197],[-3.7394,48.216],[-3.7496,48.2174],[-3.7496,48.2223],[-3.7534,48.2232],[-3.7531,48.2299],[-3.7606,48.2328],[-3.7597,48.2354],[-3.7643,48.239],[-3.7635,48.2416],[-3.773,48.2539],[-3.7703,48.2569],[-3.7747,48.2607],[-3.7657,48.2637],[-3.7667,48.2659],[-3.7642,48.2689],[-3.7615,48.2685],[-3.761,48.2725],[-3.7566,48.2737],[-3.7568,48.2765],[-3.7522,48.2816],[-3.7422,48.2822],[-3.7408,48.2843],[-3.7225,48.2814],[-3.7083,48.2842],[-3.7051,48.2812],[-3.6967,48.2823],[-3.699,48.2775],[-3.6917,48.2745],[-3.696,48.2649]]]]}},{"type":"Feature","properties":{"territoire":"29192","nom":"Plougoulm","type":"commune"},"geometry":{"type":"MultiPolygon","coordinates":[[[[-4.0775,48.6202],[-4.076,48.623],[-4.079,48.6249],[-4.0789,48.6285],[-4.0623,48.6382],[-4.0657,48.6443],[-4.0581,48.6439],[-4.0578,48.6461],[-4.0531,48.6452],[-4.0456,48.6482],[-4.0479,48.6503],[-4.0471,48.6548],[-4.0513,48.658],[-4.0503,48.6601],[-4.0548,48.663],[-4.0535,48.6669],[-4.0568,48.6703],[-4.057,48.6755],[-4.07,48.6879],[-4.0541,48.6853],[-4.0442,48.6882],[-4.0248,48.6868],[-4.0188,48.6771],[-4.0236,48.6699],[-4.0222,48.6669],[-4.0279,48.6598],[-4.0063,48.655],[-4.0066,48.6513],[-4.009,48.651],[-4.0088,48.6448],[-4.0193,48.6436],[-4.0198,48.641],[-4.0239,48.6408],[-4.0258,48.6378],[-4.0407,48.6403],[-4.0452,48.6354],[-4.0405,48.6284],[-4.0523,48.6264],[-4.053,48.6192],[-4.0567,48.6206],[-4.0589,48.6249],[-4.0775,48.6202]]]]}},{"type":"Feature","properties":{"territoire":"29103","nom":"Landerneau","type":"commune"},"geometry":{"type":"MultiPolygon","coordinates":[[[[-4.2928,48.4737],[-4.2825,48.4708],[-4.2828,48.4682],[-4.2753,48.4645],[-4.2697,48.4682],[-4.2561,48.4698],[-4.2564,48.4675],[-4.2491,48.4609],[-4.2386,48.458],[-4.2342,48.46],[-4.2376,48.4582],[-4.2349,48.4567],[-4.2436,48.4534],[-4.2311,48.4527],[-4.2309,48.4439],[-4.2436,48.441],[-4.238,48.4251],[-4.2512,48.4321],[-4.261,48.4312],[-4.2727,48.4436],[-4.2697,48.4451],[-4.2759,48.4436],[-4.2776,48.4402],[-4.2883,48.446],[-4.3012,48.446],[-4.3019,48.4488],[-4.2948,48.4522],[-4.2909,48.4601],[-4.2901,48.4666],[-4.2928,48.4737]]]]}},{"type":"Feature","properties":{"territoire":"29104","nom":"Landévennec","type":"commune"},"geometry":{"type":"MultiPolygon","coordinates":[[[[-4.289,48.2733],[-4.3282,48.2683],[-4.3291,48.2617],[-4.3466,48.2615],[-4.3544,48.2627],[-4.3567,48.2653],[-4.3557,48.2691],[-4.3415,48.2773],[-4.3352,48.2877],[-4.3067,48.2976],[-4.2882,48.2988],[-4.2937,48.2973],[-4.2722,48.296],[-4.2646,48.2927],[-4.2642,48.2882],[-4.2677,48.2839],[-4.2767,48.2901],[-4.2847,48.2883],[-4.2864,48.2832],[-4.2896,48.2813],[-4.2852,48.2796],[-4.2844,48.2765],[-4.289,48.2733]]]]}},{"type":"Feature","properties":{"territoire":"29114","nom":"Lannéanou","type":"commune"},"geometry":{"type":"MultiPolygon","coordinates":[[[[-3.6408,48.4751],[-3.6529,48.4706],[-3.6506,48.467],[-3.6731,48.4656],[-3.6705,48.4748],[-3.6758,48.4878],[-3.6788,48.4893],[-3.6742,48.4909],[-3.6829,48.497],[-3.6869,48.5043],[-3.6845,48.5128],[-3.6935,48.5191],[-3.6921,48.5274],[-3.6805,48.5293],[-3.6701,48.5281],[-3.6692,48.5248],[-3.6618,48.5246],[-3.659,48.5277],[-3.6547,48.5242],[-3.6534,48.521],[-3.6596,48.5192],[-3.6592,48.5116],[-3.6499,48.5077],[-3.6435,48.4966],[-3.6366,48.4914],[-3.6486,48.4836],[-3.6419,48.4789],[-3.6408,48.4751]]]]}},{"type":"Feature","properties":{"territoire":"29115","nom":"Lannédern","type":"commune"},"geometry":{"type":"MultiPolygon","coordinates":[[[[-3.8752,48.3011],[-3.8814,48.3037],[-3.8852,48.3027],[-3.8857,48.3006],[-3.8824,48.2991],[-3.884,48.2976],[-3.8801,48.2947],[-3.8819,48.2908],[-3.8791,48.2901],[-3.8767,48.2855],[-3.8851,48.2816],[-3.8838,48.28],[-3.8875,48.2787],[-3.8977,48.2674],[-3.908,48.2712],[-3.9221,48.272],[-3.9205,48.2746],[-3.9222,48.2789],[-3.9201,48.2797],[-3.9232,48.2805],[-3.9287,48.288],[-3.9314,48.2967],[-3.8931,48.3092],[-3.878,48.308],[-3.8751,48.3059],[-3.877,48.3041],[-3.8752,48.3011]]]]}},{"type":"Feature","properties":{"territoire":"29199","nom":"Plouigneau","type":"commune"},"geometry":{"type":"MultiPolygon","coordinates":[[[[-3.6964,48.6185],[-3.6884,48.6188],[-3.6844,48.6158],[-3.6829,48.6119],[-3.6854,48.6078],[-3.6849,48.6005],[-3.6798,48.5971],[-3.6671,48.5963],[-3.6628,48.5938],[-3.6558,48.5957],[-3.6543,48.5919],[-3.6486,48.5912],[-3.6462,48.5948],[-3.6406,48.5962],[-3.6367,48.5938],[-3.6444,48.5864],[-3.6448,48.5794],[-3.6431,48.5751],[-3.6382,48.5732],[-3.638,48.5699],[-3.6355,48.569],[-3.6365,48.5658],[-3.6332,48.5616],[-3.6354,48.5574],[-3.6326,48.5541],[-3.6399,48.5483],[-3.6449,48.5473],[-3.6441,48.5439],[-3.6467,48.5402],[-3.657,48.535],[-3.658,48.5268],[-3.6605,48.5277],[-3.6618,48.5246],[-3.6692,48.5248],[-3.6701,48.5281],[-3.6805,48.5293],[-3.6918,48.5272],[-3.6964,48.5361],[-3.7065,48.54],[-3.7051,48.5428],[-3.708,48.5466],[-3.7115,48.5457],[-3.7164,48.5526],[-3.7204,48.5528],[-3.7243,48.5599],[-3.7468,48.5648],[-3.7669,48.5621],[-3.781,48.5671],[-3.7961,48.5664],[-3.8127,48.5745],[-3.8093,48.5781],[-3.8019,48.5791],[-3.7997,48.5761],[-3.7985,48.5788],[-3.7909,48.5814],[-3.7904,48.5795],[-3.766,48.5842],[-3.7418,48.5921],[-3.7469,48.5992],[-3.7491,48.6108],[-3.7232,48.611],[-3.7105,48.6167],[-3.7061,48.6118],[-3.6964,48.6185]]]]}},{"type":"Feature","properties":{"territoire":"29201","nom":"Ploumoguer","type":"commune"},"geometry":{"type":"MultiPolygon","coordinates":[[[[-4.6859,48.3814],[-4.7106,48.3669],[-4.7201,48.3665],[-4.7189,48.3745],[-4.721,48.3757],[-4.712,48.3805],[-4.7151,48.3864],[-4.7246,48.384],[-4.7371,48.377],[-4.7467,48.3671],[-4.7455,48.3706],[-4.7477,48.375],[-4.7543,48.3736],[-4.7554,48.3778],[-4.766,48.3804],[-4.7626,48.3833],[-4.7704,48.3841],[-4.7764,48.3902],[-4.7769,48.3922],[-4.774,48.3934],[-4.7753,48.4014],[-4.7733,48.4041],[-4.7759,48.4067],[-4.7671,48.4166],[-4.7423,48.422],[-4.6966,48.417],[-4.6938,48.4176],[-4.6945,48.421],[-4.6771,48.4237],[-4.6648,48.4196],[-4.6527,48.4221],[-4.6496,48.4207],[-4.6503,48.416],[-4.641,48.4049],[-4.6576,48.4019],[-4.6571,48.3977],[-4.6624,48.3964],[-4.6616,48.3947],[-4.6671,48.3911],[-4.6706,48.3909],[-4.6724,48.396],[-4.6751,48.3942],[-4.6789,48.3955],[-4.6798,48.3936],[-4.6821,48.3953],[-4.6852,48.3926],[-4.6837,48.3874],[-4.6895,48.3833],[-4.6859,48.3814]]]]}},{"type":"Feature","properties":{"territoire":"29202","nom":"Plounéour-Ménez","type":"commune"},"geometry":{"type":"MultiPolygon","coordinates":[[[[-3.8236,48.4303],[-3.8352,48.4285],[-3.8462,48.4219],[-3.8865,48.4133],[-3.9177,48.4026],[-3.917,48.4072],[-3.9292,48.4288],[-3.9412,48.4383],[-3.9494,48.4413],[-3.9422,48.4426],[-3.9287,48.4541],[-3.9309,48.4631],[-3.9394,48.4682],[-3.9356,48.4709],[-3.9296,48.467],[-3.9262,48.4676],[-3.9233,48.4616],[-3.9153,48.4669],[-3.8997,48.4716],[-3.8899,48.4787],[-3.8831,48.4782],[-3.8732,48.482],[-3.8676,48.4806],[-3.8578,48.4837],[-3.8522,48.479],[-3.8431,48.4787],[-3.8402,48.4731],[-3.8355,48.4758],[-3.8342,48.4714],[-3.8231,48.4718],[-3.8209,48.4676],[-3.8228,48.4656],[-3.8175,48.4624],[-3.8235,48.4599],[-3.827,48.4509],[-3.834,48.4482],[-3.8308,48.441],[-3.8245,48.436],[-3.8236,48.4303]]]]}},{"type":"Feature","properties":{"territoire":"29204","nom":"Plounéventer","type":"commune"},"geometry":{"type":"MultiPolygon","coordinates":[[[[-4.2453,48.5269],[-4.2471,48.5306],[-4.243,48.5347],[-4.2326,48.5352],[-4.2253,48.5326],[-4.2245,48.535],[-4.2256,48.5374],[-4.2363,48.5403],[-4.2325,48.5406],[-4.2437,48.5565],[-4.2528,48.561],[-4.2505,48.5657],[-4.2529,48.5688],[-4.241,48.5647],[-4.2146,48.5617],[-4.2143,48.5516],[-4.2173,48.5435],[-4.2155,48.534],[-4.2106,48.533],[-4.2049,48.5354],[-4.2022,48.5322],[-4.1853,48.533],[-4.1849,48.5313],[-4.1803,48.5317],[-4.1785,48.5265],[-4.1685,48.5271],[-4.1703,48.5262],[-4.17,48.5209],[-4.1792,48.5203],[-4.1772,48.5173],[-4.184,48.5181],[-4.1794,48.5142],[-4.176,48.5149],[-4.1807,48.5099],[-4.1767,48.5054],[-4.1787,48.5034],[-4.1692,48.5022],[-4.1625,48.497],[-4.1623,48.4885],[-4.1752,48.4855],[-4.1831,48.479],[-4.1886,48.4788],[-4.1855,48.4796],[-4.1878,48.4823],[-4.1939,48.4813],[-4.195,48.4842],[-4.1999,48.4826],[-4.2022,48.4852],[-4.1937,48.4926],[-4.1868,48.4942],[-4.1884,48.4969],[-4.1932,48.498],[-4.1984,48.5059],[-4.202,48.5066],[-4.2075,48.5037],[-4.2047,48.5015],[-4.2058,48.4988],[-4.2164,48.4947],[-4.2204,48.4996],[-4.2282,48.5014],[-4.2271,48.5037],[-4.2327,48.5116],[-4.2427,48.5135],[-4.2453,48.5269]]]]}},{"type":"Feature","properties":{"territoire":"29205","nom":"Plounévézel","type":"commune"},"geometry":{"type":"MultiPolygon","coordinates":[[[[-3.5631,48.3468],[-3.5553,48.3448],[-3.5571,48.3361],[-3.5531,48.3318],[-3.5517,48.3231],[-3.5485,48.3214],[-3.5523,48.3164],[-3.5487,48.3121],[-3.5414,48.3138],[-3.5411,48.3114],[-3.5251,48.3235],[-3.5185,48.318],[-3.5293,48.3161],[-3.5411,48.2989],[-3.5543,48.2999],[-3.5616,48.2946],[-3.5621,48.2915],[-3.5751,48.2919],[-3.5807,48.2813],[-3.606,48.2853],[-3.6056,48.2878],[-3.6099,48.2917],[-3.6059,48.2964],[-3.611,48.2991],[-3.6124,48.3051],[-3.6068,48.3103],[-3.6105,48.3131],[-3.5922,48.3238],[-3.5896,48.3326],[-3.581,48.3365],[-3.5833,48.3374],[-3.5825,48.3412],[-3.5778,48.3472],[-3.5748,48.3433],[-3.5693,48.3431],[-3.5631,48.3468]]]]}},{"type":"Feature","properties":{"territoire":"29206","nom":"Plounévez-Lochrist","type":"commune"},"geometry":{"type":"MultiPolygon","coordinates":[[[[-4.2453,48.592],[-4.2496,48.5999],[-4.2487,48.6028],[-4.2379,48.602],[-4.2378,48.6092],[-4.2351,48.6123],[-4.2295,48.6111],[-4.2269,48.6216],[-4.2309,48.6254],[-4.2367,48.6261],[-4.2408,48.6384],[-4.2445,48.6396],[-4.2411,48.6427],[-4.2449,48.6497],[-4.2229,48.6559],[-4.2379,48.6498],[-4.2319,48.6473],[-4.2321,48.6491],[-4.2215,48.6482],[-4.199,48.6525],[-4.1884,48.6513],[-4.1826,48.6481],[-4.1708,48.6477],[-4.1657,48.6436],[-4.1672,48.6417],[-4.158,48.6369],[-4.1601,48.6305],[-4.1498,48.6262],[-4.147,48.6228],[-4.1489,48.6209],[-4.1478,48.6169],[-4.1511,48.6149],[-4.1514,48.6072],[-4.1536,48.6043],[-4.1588,48.6034],[-4.1583,48.5988],[-4.1856,48.5884],[-4.1879,48.5963],[-4.1944,48.5937],[-4.199,48.5867],[-4.2152,48.5898],[-4.2276,48.5867],[-4.2453,48.592]]]]}},{"type":"Feature","properties":{"territoire":"29207","nom":"Plourin-lès-Morlaix","type":"commune"},"geometry":{"type":"MultiPolygon","coordinates":[[[[-3.8261,48.4863],[-3.8327,48.502],[-3.8318,48.5061],[-3.8379,48.5116],[-3.8361,48.5177],[-3.8393,48.5213],[-3.8292,48.5342],[-3.8301,48.5373],[-3.8259,48.5442],[-3.8268,48.5469],[-3.8326,48.5479],[-3.8326,48.5505],[-3.8354,48.5516],[-3.8388,48.5632],[-3.8367,48.568],[-3.8245,48.5662],[-3.8224,48.5685],[-3.8231,48.5726],[-3.8207,48.5735],[-3.8099,48.5641],[-3.8008,48.5634],[-3.7993,48.5652],[-3.7991,48.5619],[-3.7925,48.5559],[-3.7809,48.5503],[-3.7727,48.5447],[-3.7728,48.5415],[-3.7659,48.5389],[-3.7657,48.5326],[-3.7705,48.5268],[-3.7643,48.5164],[-3.7561,48.5089],[-3.7594,48.4991],[-3.7565,48.4897],[-3.7596,48.487],[-3.7638,48.4888],[-3.7688,48.4875],[-3.7682,48.4836],[-3.7725,48.4789],[-3.7806,48.4798],[-3.7808,48.4819],[-3.7885,48.4835],[-3.8001,48.4901],[-3.803,48.4897],[-3.8056,48.4836],[-3.8211,48.4831],[-3.8261,48.4863]]]]}},{"type":"Feature","properties":{"territoire":"29208","nom":"Plourin","type":"commune"},"geometry":{"type":"MultiPolygon","coordinates":[[[[-4.7501,48.5164],[-4.7387,48.5179],[-4.7375,48.5135],[-4.7302,48.5144],[-4.7187,48.5104],[-4.719,48.5192],[-4.7155,48.5244],[-4.7055,48.5277],[-4.7089,48.5317],[-4.7078,48.5345],[-4.7025,48.5359],[-4.7001,48.5393],[-4.6922,48.527],[-4.6847,48.523],[-4.6845,48.5197],[-4.671,48.5176],[-4.6633,48.5074],[-4.6424,48.5016],[-4.6346,48.5044],[-4.6395,48.508],[-4.631,48.5085],[-4.6312,48.5056],[-4.6228,48.5041],[-4.6295,48.5005],[-4.6319,48.4883],[-4.6359,48.4872],[-4.638,48.489],[-4.6506,48.4837],[-4.6503,48.4793],[-4.6464,48.4773],[-4.649,48.475],[-4.6704,48.4721],[-4.6728,48.4746],[-4.6688,48.4757],[-4.6708,48.4766],[-4.6686,48.4804],[-4.6722,48.4805],[-4.6728,48.4826],[-4.6698,48.4843],[-4.6838,48.4915],[-4.6827,48.4953],[-4.6885,48.495],[-4.6979,48.4865],[-4.6984,48.4893],[-4.7045,48.4921],[-4.7228,48.4942],[-4.7292,48.4908],[-4.7317,48.4921],[-4.7304,48.4965],[-4.7324,48.4981],[-4.7281,48.5048],[-4.7443,48.5113],[-4.7501,48.5164]]]]}},{"type":"Feature","properties":{"territoire":"29209","nom":"Plouvien","type":"commune"},"geometry":{"type":"MultiPolygon","coordinates":[[[[-4.4568,48.4965],[-4.4698,48.4957],[-4.4678,48.4969],[-4.4684,48.5005],[-4.4662,48.5005],[-4.4671,48.5026],[-4.4644,48.5039],[-4.475,48.5092],[-4.4743,48.5124],[-4.4789,48.5146],[-4.4803,48.5185],[-4.4908,48.5206],[-4.4996,48.5272],[-4.5026,48.523],[-4.5062,48.5239],[-4.5078,48.5287],[-4.5182,48.5312],[-4.5202,48.5367],[-4.5263,48.5384],[-4.5263,48.5429],[-4.5303,48.5462],[-4.5302,48.5496],[-4.5276,48.5503],[-4.53,48.554],[-4.526,48.5544],[-4.5162,48.55],[-4.517,48.5482],[-4.5119,48.5494],[-4.5048,48.5451],[-4.5076,48.5526],[-4.4968,48.5533],[-4.482,48.55],[-4.4781,48.5513],[-4.4752,48.5579],[-4.4604,48.5662],[-4.4611,48.5692],[-4.454,48.5704],[-4.4159,48.561],[-4.4189,48.5533],[-4.4072,48.5475],[-4.4246,48.5387],[-4.4259,48.5374],[-4.4221,48.536],[-4.4253,48.5341],[-4.4247,48.5317],[-4.4318,48.5314],[-4.4303,48.5297],[-4.433,48.5274],[-4.4473,48.522],[-4.4546,48.515],[-4.4526,48.5104],[-4.4575,48.5047],[-4.4568,48.4965]]]]}},{"type":"Feature","properties":{"territoire":"29210","nom":"Plouvorn","type":"commune"},"geometry":{"type":"MultiPolygon","coordinates":[[[[-4.0559,48.601],[-4.0533,48.6001],[-4.0537,48.6027],[-4.0476,48.607],[-4.0436,48.6063],[-4.0458,48.6118],[-4.0435,48.6156],[-4.0339,48.6166],[-4.0286,48.6109],[-4.0246,48.6104],[-4.0252,48.6061],[-4.0212,48.6059],[-4.0229,48.5996],[-4,48.6015],[-3.9998,48.5984],[-3.9964,48.5989],[-3.997,48.5962],[-3.9921,48.5935],[-3.9758,48.5933],[-3.9739,48.5924],[-3.9761,48.5899],[-3.9731,48.5871],[-3.9678,48.5857],[-3.9631,48.5884],[-3.9552,48.5843],[-3.9605,48.5793],[-3.9666,48.581],[-3.9735,48.5762],[-3.9757,48.5668],[-3.9821,48.5616],[-3.986,48.561],[-3.9874,48.5692],[-3.9894,48.5691],[-3.9962,48.5651],[-3.9963,48.563],[-4.0134,48.56],[-4.0156,48.5571],[-4.0071,48.556],[-4.0168,48.5554],[-4.0189,48.5515],[-4.0276,48.5465],[-4.0235,48.5396],[-4.0285,48.5356],[-4.0335,48.5374],[-4.0531,48.536],[-4.0612,48.5413],[-4.0549,48.5486],[-4.0547,48.5546],[-4.0475,48.5587],[-4.0514,48.5627],[-4.0511,48.5658],[-4.0451,48.573],[-4.0476,48.578],[-4.0679,48.5731],[-4.0677,48.5776],[-4.0725,48.5838],[-4.0627,48.5852],[-4.059,48.5892],[-4.0556,48.5894],[-4.0552,48.591],[-4.0602,48.593],[-4.0574,48.5934],[-4.0584,48.5964],[-4.0559,48.601]]]]}},{"type":"Feature","properties":{"territoire":"29211","nom":"Plouyé","type":"commune"},"geometry":{"type":"MultiPolygon","coordinates":[[[[-3.7859,48.3526],[-3.7709,48.3465],[-3.7494,48.3489],[-3.7401,48.3458],[-3.7195,48.346],[-3.6879,48.3235],[-3.6809,48.322],[-3.6806,48.3152],[-3.6951,48.3061],[-3.6808,48.2976],[-3.68,48.2939],[-3.6929,48.2788],[-3.6929,48.2758],[-3.6976,48.2765],[-3.699,48.2791],[-3.6961,48.2817],[-3.7068,48.2818],[-3.7118,48.2878],[-3.7109,48.2921],[-3.723,48.2966],[-3.7254,48.3043],[-3.7368,48.3059],[-3.7461,48.3022],[-3.7528,48.3025],[-3.7659,48.3096],[-3.7672,48.3143],[-3.7849,48.3164],[-3.7915,48.3211],[-3.7979,48.3212],[-3.7988,48.3234],[-3.7956,48.3254],[-3.7941,48.3303],[-3.7826,48.3354],[-3.7967,48.3475],[-3.7859,48.3526]]]]}},{"type":"Feature","properties":{"territoire":"29212","nom":"Plouzané","type":"commune"},"geometry":{"type":"MultiPolygon","coordinates":[[[[-4.6446,48.41],[-4.641,48.4102],[-4.6389,48.4075],[-4.6348,48.4096],[-4.6341,48.4129],[-4.6296,48.4133],[-4.61,48.4111],[-4.6078,48.406],[-4.5883,48.4103],[-4.5766,48.4014],[-4.5775,48.3952],[-4.5689,48.3928],[-4.5615,48.3833],[-4.5606,48.374],[-4.5644,48.3746],[-4.5664,48.3649],[-4.5503,48.3585],[-4.5541,48.36],[-4.5586,48.3544],[-4.5648,48.3562],[-4.5671,48.355],[-4.5668,48.352],[-4.5721,48.3493],[-4.5864,48.3485],[-4.5867,48.3465],[-4.6086,48.3381],[-4.6238,48.3392],[-4.6229,48.3475],[-4.6172,48.357],[-4.6207,48.3614],[-4.6203,48.3679],[-4.6239,48.3702],[-4.6209,48.374],[-4.6334,48.3815],[-4.6309,48.3855],[-4.6349,48.3873],[-4.6327,48.3934],[-4.6446,48.41]]]]}},{"type":"Feature","properties":{"territoire":"29119","nom":"Lanrivoaré","type":"commune"},"geometry":{"type":"MultiPolygon","coordinates":[[[[-4.6491,48.4439],[-4.6518,48.4468],[-4.6587,48.4463],[-4.6626,48.4486],[-4.6637,48.453],[-4.6596,48.4545],[-4.6598,48.463],[-4.6561,48.4692],[-4.6504,48.472],[-4.6493,48.4767],[-4.6464,48.4768],[-4.6503,48.4793],[-4.6506,48.4837],[-4.638,48.489],[-4.6359,48.4872],[-4.6321,48.4882],[-4.6302,48.4948],[-4.6198,48.4964],[-4.6129,48.4888],[-4.6134,48.4807],[-4.61,48.4757],[-4.6175,48.4708],[-4.6106,48.4649],[-4.6136,48.4536],[-4.6263,48.4555],[-4.6231,48.449],[-4.6272,48.4403],[-4.6287,48.4434],[-4.6411,48.4407],[-4.6467,48.4413],[-4.6491,48.4439]]]]}},{"type":"Feature","properties":{"territoire":"29120","nom":"Lanvéoc","type":"commune"},"geometry":{"type":"MultiPolygon","coordinates":[[[[-4.5032,48.2811],[-4.4696,48.2874],[-4.4634,48.2909],[-4.467,48.2921],[-4.4609,48.2946],[-4.4582,48.2921],[-4.4477,48.291],[-4.4266,48.2909],[-4.4193,48.2937],[-4.4182,48.2906],[-4.4214,48.2865],[-4.4187,48.2837],[-4.4157,48.2847],[-4.4179,48.2837],[-4.4104,48.2762],[-4.3843,48.2751],[-4.3834,48.2712],[-4.3852,48.2676],[-4.398,48.2673],[-4.4073,48.2632],[-4.4124,48.2643],[-4.4444,48.2582],[-4.4557,48.2619],[-4.475,48.2633],[-4.476,48.2698],[-4.4734,48.2728],[-4.4889,48.2729],[-4.4937,48.2693],[-4.4945,48.2729],[-4.5032,48.2811]]]]}},{"type":"Feature","properties":{"territoire":"29122","nom":"Laz","type":"commune"},"geometry":{"type":"MultiPolygon","coordinates":[[[[-3.7637,48.1246],[-3.7739,48.1219],[-3.7894,48.1224],[-3.802,48.117],[-3.8094,48.1098],[-3.8184,48.1109],[-3.8245,48.1059],[-3.8315,48.106],[-3.8371,48.103],[-3.8355,48.1056],[-3.8388,48.1095],[-3.8423,48.1249],[-3.8452,48.124],[-3.845,48.122],[-3.8531,48.122],[-3.8578,48.1298],[-3.8678,48.1261],[-3.8721,48.1278],[-3.879,48.1247],[-3.8904,48.1238],[-3.89,48.1221],[-3.8992,48.1187],[-3.9059,48.1195],[-3.9089,48.1264],[-3.8941,48.1296],[-3.8905,48.1354],[-3.8936,48.1387],[-3.8921,48.1457],[-3.8867,48.1492],[-3.8818,48.1587],[-3.8707,48.1616],[-3.8671,48.1664],[-3.8391,48.1589],[-3.8225,48.1585],[-3.8263,48.1518],[-3.8182,48.1439],[-3.8013,48.1462],[-3.8022,48.1333],[-3.7886,48.1373],[-3.773,48.1367],[-3.7637,48.1246]]]]}},{"type":"Feature","properties":{"territoire":"29123","nom":"Lennon","type":"commune"},"geometry":{"type":"MultiPolygon","coordinates":[[[[-3.9133,48.2409],[-3.9009,48.2414],[-3.8995,48.2379],[-3.8911,48.238],[-3.885,48.2332],[-3.8787,48.2336],[-3.8729,48.231],[-3.8729,48.2265],[-3.8761,48.2238],[-3.8836,48.2069],[-3.8783,48.1945],[-3.8734,48.1924],[-3.8744,48.189],[-3.8708,48.1877],[-3.8758,48.1864],[-3.8762,48.1812],[-3.8896,48.1848],[-3.8914,48.1805],[-3.8961,48.1812],[-3.8978,48.1791],[-3.9054,48.1814],[-3.9182,48.1723],[-3.9278,48.1734],[-3.9343,48.19],[-3.9327,48.2026],[-3.9236,48.2072],[-3.9252,48.2126],[-3.921,48.2152],[-3.9175,48.2238],[-3.91,48.2298],[-3.914,48.2344],[-3.9133,48.2409]]]]}},{"type":"Feature","properties":{"territoire":"29124","nom":"Lesneven","type":"commune"},"geometry":{"type":"MultiPolygon","coordinates":[[[[-4.3333,48.5766],[-4.3312,48.5792],[-4.3282,48.5788],[-4.3329,48.5916],[-4.326,48.5958],[-4.3241,48.6034],[-4.3193,48.6033],[-4.3122,48.5944],[-4.2898,48.5854],[-4.2878,48.5804],[-4.2891,48.5771],[-4.2831,48.57],[-4.3089,48.5698],[-4.307,48.5663],[-4.3118,48.5663],[-4.3121,48.5629],[-4.3091,48.5595],[-4.3112,48.5594],[-4.3297,48.5623],[-4.3273,48.5688],[-4.3321,48.568],[-4.3319,48.5703],[-4.3345,48.5687],[-4.335,48.5706],[-4.3326,48.5711],[-4.3377,48.5743],[-4.3333,48.5766]]]]}},{"type":"Feature","properties":{"territoire":"29126","nom":"Loc-Brévalaire","type":"commune"},"geometry":{"type":"MultiPolygon","coordinates":[[[[-4.4159,48.561],[-4.3942,48.5553],[-4.4016,48.5474],[-4.4075,48.5471],[-4.4068,48.5487],[-4.4189,48.5533],[-4.4159,48.561]]]]}},{"type":"Feature","properties":{"territoire":"29128","nom":"Loc-Eguiner","type":"commune"},"geometry":{"type":"MultiPolygon","coordinates":[[[[-4.0731,48.4768],[-4.0712,48.4725],[-4.0764,48.4683],[-4.075,48.4638],[-4.0775,48.4552],[-4.082,48.4545],[-4.0829,48.4514],[-4.0903,48.4515],[-4.0933,48.4491],[-4.1021,48.4519],[-4.1011,48.4562],[-4.1034,48.4577],[-4.0981,48.4625],[-4.1008,48.4666],[-4.11,48.4654],[-4.115,48.4673],[-4.1048,48.4784],[-4.1111,48.4862],[-4.118,48.4878],[-4.1193,48.492],[-4.1033,48.4949],[-4.0997,48.4987],[-4.0908,48.4986],[-4.0874,48.4943],[-4.0773,48.4944],[-4.0776,48.489],[-4.0743,48.4858],[-4.0731,48.4768]]]]}},{"type":"Feature","properties":{"territoire":"29130","nom":"Locmaria-Plouzané","type":"commune"},"geometry":{"type":"MultiPolygon","coordinates":[[[[-4.6856,48.3814],[-4.6895,48.3833],[-4.6837,48.3874],[-4.6852,48.3926],[-4.6821,48.3953],[-4.6798,48.3936],[-4.6789,48.3955],[-4.6751,48.3942],[-4.6724,48.396],[-4.6706,48.3909],[-4.6671,48.3911],[-4.6616,48.3947],[-4.6624,48.3964],[-4.6571,48.3977],[-4.6576,48.4019],[-4.6406,48.4051],[-4.6327,48.3934],[-4.6349,48.3873],[-4.6309,48.3855],[-4.6334,48.3815],[-4.6209,48.374],[-4.6239,48.3702],[-4.6203,48.3679],[-4.6207,48.3614],[-4.6172,48.357],[-4.6229,48.3475],[-4.6244,48.3408],[-4.6223,48.338],[-4.6291,48.3379],[-4.6327,48.3403],[-4.6326,48.3437],[-4.6367,48.3429],[-4.6399,48.3472],[-4.6432,48.3446],[-4.651,48.345],[-4.6646,48.3525],[-4.6784,48.3549],[-4.681,48.3581],[-4.6791,48.3607],[-4.6812,48.365],[-4.6754,48.3715],[-4.6748,48.3792],[-4.6856,48.3814]]]]}},{"type":"Feature","properties":{"territoire":"29131","nom":"Locmélar","type":"commune"},"geometry":{"type":"MultiPolygon","coordinates":[[[[-4.0731,48.4768],[-4.0562,48.4741],[-4.0546,48.4699],[-4.0414,48.4659],[-4.0354,48.4576],[-4.0286,48.4554],[-4.0286,48.4461],[-4.0259,48.4429],[-4.0315,48.4375],[-4.0298,48.4358],[-4.0356,48.4318],[-4.0372,48.4366],[-4.0412,48.4311],[-4.0489,48.4327],[-4.0554,48.4298],[-4.0653,48.4312],[-4.0748,48.4361],[-4.0802,48.4351],[-4.0855,48.4384],[-4.09,48.4366],[-4.09,48.4398],[-4.0943,48.4422],[-4.086,48.4512],[-4.0823,48.4518],[-4.082,48.4545],[-4.0763,48.4564],[-4.0764,48.4683],[-4.0712,48.4725],[-4.0731,48.4768]]]]}},{"type":"Feature","properties":{"territoire":"29132","nom":"Locquénolé","type":"commune"},"geometry":{"type":"MultiPolygon","coordinates":[[[[-3.8583,48.6183],[-3.8714,48.6208],[-3.8711,48.6265],[-3.8583,48.629],[-3.8567,48.6203],[-3.8583,48.6183]]]]}},{"type":"Feature","properties":{"territoire":"29133","nom":"Locquirec","type":"commune"},"geometry":{"type":"MultiPolygon","coordinates":[[[[-3.6538,48.6665],[-3.6558,48.6721],[-3.6618,48.6715],[-3.6644,48.6753],[-3.6732,48.6755],[-3.6745,48.6857],[-3.6914,48.6775],[-3.6901,48.679],[-3.6925,48.68],[-3.6959,48.6775],[-3.6989,48.6792],[-3.6988,48.6823],[-3.7026,48.6834],[-3.7003,48.6887],[-3.7022,48.6903],[-3.6885,48.6918],[-3.6857,48.6881],[-3.6783,48.6866],[-3.6755,48.6898],[-3.6704,48.6894],[-3.656,48.6968],[-3.6502,48.6935],[-3.6441,48.6972],[-3.6443,48.6916],[-3.6525,48.6875],[-3.6548,48.6822],[-3.6393,48.6759],[-3.6392,48.6736],[-3.6538,48.6665]]]]}},{"type":"Feature","properties":{"territoire":"29241","nom":"Rosporden","type":"commune"},"geometry":{"type":"MultiPolygon","coordinates":[[[[-3.8743,47.9509],[-3.8775,47.9488],[-3.8921,47.9479],[-3.8954,47.9559],[-3.8765,47.9559],[-3.8755,47.9627],[-3.8692,47.9597],[-3.8564,47.961],[-3.8535,47.973],[-3.8565,47.9745],[-3.8564,47.9788],[-3.8525,47.979],[-3.8507,47.9854],[-3.8372,47.9954],[-3.8344,47.993],[-3.8269,47.9939],[-3.818,47.9883],[-3.8132,47.9963],[-3.7967,47.9983],[-3.7967,48.0002],[-3.7917,47.9995],[-3.791,47.9968],[-3.7872,47.9973],[-3.7854,47.9943],[-3.7818,47.9967],[-3.7711,47.9975],[-3.7691,47.9941],[-3.7694,47.9957],[-3.7595,47.9975],[-3.7531,47.9848],[-3.7501,47.9835],[-3.7498,47.9807],[-3.7534,47.98],[-3.7502,47.9749],[-3.7521,47.9686],[-3.7576,47.9691],[-3.7638,47.9654],[-3.7633,47.9593],[-3.7555,47.9495],[-3.76,47.9452],[-3.7541,47.9417],[-3.7538,47.9343],[-3.7643,47.9291],[-3.761,47.9255],[-3.7621,47.9172],[-3.7523,47.9085],[-3.7539,47.9051],[-3.7519,47.9025],[-3.757,47.901],[-3.7705,47.903],[-3.7744,47.9007],[-3.7791,47.9047],[-3.7932,47.9089],[-3.7934,47.9153],[-3.8001,47.9252],[-3.7977,47.9312],[-3.8062,47.9363],[-3.8084,47.9408],[-3.8167,47.9423],[-3.8172,47.9443],[-3.8333,47.9408],[-3.8394,47.9435],[-3.8471,47.9517],[-3.8545,47.9521],[-3.8585,47.9494],[-3.8743,47.9509]]]]}},{"type":"Feature","properties":{"territoire":"29134","nom":"Locronan","type":"commune"},"geometry":{"type":"MultiPolygon","coordinates":[[[[-4.2308,48.0793],[-4.2313,48.0825],[-4.2399,48.0869],[-4.2365,48.088],[-4.2391,48.0902],[-4.2353,48.0965],[-4.232,48.0964],[-4.2337,48.109],[-4.2253,48.1072],[-4.2117,48.1097],[-4.2097,48.1072],[-4.2034,48.1067],[-4.202,48.1118],[-4.1975,48.1115],[-4.1812,48.1029],[-4.1805,48.0989],[-4.2007,48.093],[-4.203,48.0896],[-4.2108,48.0917],[-4.2126,48.0895],[-4.2233,48.0905],[-4.2214,48.0893],[-4.2237,48.081],[-4.2308,48.0793]]]]}},{"type":"Feature","properties":{"territoire":"29135","nom":"Loctudy","type":"commune"},"geometry":{"type":"MultiPolygon","coordinates":[[[[-4.2082,47.8014],[-4.1996,47.8066],[-4.1998,47.8137],[-4.196,47.8158],[-4.2045,47.822],[-4.2025,47.8242],[-4.2058,47.827],[-4.211,47.8393],[-4.2078,47.8395],[-4.208,47.8447],[-4.2047,47.845],[-4.2079,47.85],[-4.1986,47.8512],[-4.1983,47.8489],[-4.195,47.849],[-4.1958,47.8516],[-4.1929,47.8533],[-4.1875,47.8491],[-4.1837,47.8507],[-4.1835,47.8491],[-4.1917,47.8471],[-4.1805,47.8408],[-4.1793,47.8388],[-4.1853,47.8387],[-4.1824,47.8373],[-4.1831,47.8356],[-4.18,47.8363],[-4.1781,47.8329],[-4.175,47.833],[-4.1788,47.8373],[-4.1748,47.8381],[-4.1724,47.8368],[-4.1767,47.8357],[-4.1723,47.8341],[-4.1707,47.8342],[-4.1723,47.8361],[-4.168,47.8357],[-4.1591,47.8314],[-4.1632,47.8277],[-4.1615,47.8237],[-4.1671,47.8187],[-4.1653,47.8143],[-4.175,47.812],[-4.1735,47.8069],[-4.1834,47.8003],[-4.1929,47.7959],[-4.2021,47.7996],[-4.2109,47.7992],[-4.2082,47.8014]]],[[[-4.1844,47.8451],[-4.1814,47.8474],[-4.1765,47.8437],[-4.1765,47.8406],[-4.1844,47.8451]]]]}},{"type":"Feature","properties":{"territoire":"29252","nom":"Saint-Jean-Trolimon","type":"commune"},"geometry":{"type":"MultiPolygon","coordinates":[[[[-4.344,47.8657],[-4.3385,47.8636],[-4.3207,47.869],[-4.3184,47.8666],[-4.3077,47.8721],[-4.2985,47.8674],[-4.2895,47.8759],[-4.2797,47.8804],[-4.2658,47.8681],[-4.2753,47.8655],[-4.273,47.8592],[-4.2796,47.8589],[-4.2826,47.8533],[-4.298,47.8528],[-4.3044,47.857],[-4.3045,47.8601],[-4.3091,47.8564],[-4.3255,47.8548],[-4.3275,47.8521],[-4.3477,47.849],[-4.3523,47.863],[-4.344,47.8657]]],[[[-4.311,47.8954],[-4.3033,47.8966],[-4.2978,47.8917],[-4.2977,47.8847],[-4.3019,47.8789],[-4.3274,47.8705],[-4.3315,47.8769],[-4.3349,47.8759],[-4.3317,47.8814],[-4.3173,47.8899],[-4.312,47.8907],[-4.3136,47.8921],[-4.311,47.8954]]]]}},{"type":"Feature","properties":{"territoire":"29254","nom":"Saint-Martin-des-Champs","type":"commune"},"geometry":{"type":"MultiPolygon","coordinates":[[[[-3.8371,48.5679],[-3.8388,48.5629],[-3.8365,48.5545],[-3.8428,48.5454],[-3.8454,48.5455],[-3.8448,48.5435],[-3.8536,48.5424],[-3.8526,48.5509],[-3.8672,48.5448],[-3.8747,48.5501],[-3.8643,48.5568],[-3.8668,48.5622],[-3.8747,48.569],[-3.8761,48.5748],[-3.8721,48.5809],[-3.8754,48.5898],[-3.875,48.595],[-3.8718,48.598],[-3.8723,48.6038],[-3.8573,48.6087],[-3.8421,48.5988],[-3.8359,48.5839],[-3.8411,48.5802],[-3.8373,48.5766],[-3.846,48.573],[-3.8446,48.5703],[-3.8376,48.5708],[-3.8371,48.5679]]]]}},{"type":"Feature","properties":{"territoire":"29255","nom":"Saint-Méen","type":"commune"},"geometry":{"type":"MultiPolygon","coordinates":[[[[-4.2455,48.5673],[-4.2527,48.569],[-4.2505,48.5657],[-4.2528,48.561],[-4.2437,48.5565],[-4.2325,48.5406],[-4.2363,48.5403],[-4.2256,48.5374],[-4.2245,48.535],[-4.2253,48.5326],[-4.2326,48.5352],[-4.243,48.5347],[-4.2472,48.5306],[-4.2521,48.5336],[-4.2577,48.533],[-4.2741,48.5457],[-4.2748,48.5534],[-4.2848,48.5626],[-4.2849,48.5654],[-4.291,48.5664],[-4.2927,48.57],[-4.2832,48.5698],[-4.2842,48.5734],[-4.2668,48.5735],[-4.2575,48.5752],[-4.2552,48.5778],[-4.2494,48.5755],[-4.2388,48.5768],[-4.2389,48.5745],[-4.2467,48.5732],[-4.2455,48.5673]]]]}},{"type":"Feature","properties":{"territoire":"29256","nom":"Saint-Nic","type":"commune"},"geometry":{"type":"MultiPolygon","coordinates":[[[[-4.2449,48.2227],[-4.241,48.2086],[-4.2872,48.1908],[-4.2947,48.1846],[-4.3037,48.1963],[-4.3124,48.1972],[-4.3161,48.2038],[-4.3208,48.204],[-4.3141,48.21],[-4.3136,48.2133],[-4.3071,48.2148],[-4.3044,48.2242],[-4.2887,48.2303],[-4.2698,48.2312],[-4.2449,48.2227]]]]}},{"type":"Feature","properties":{"territoire":"29257","nom":"Saint-Pabu","type":"commune"},"geometry":{"type":"MultiPolygon","coordinates":[[[[-4.5949,48.5533],[-4.6213,48.5457],[-4.6218,48.5479],[-4.6293,48.5462],[-4.6309,48.5497],[-4.6379,48.5528],[-4.6441,48.5643],[-4.6498,48.5666],[-4.6471,48.5671],[-4.6463,48.5721],[-4.6261,48.5789],[-4.625,48.5749],[-4.6156,48.5759],[-4.6128,48.5729],[-4.5967,48.5717],[-4.5952,48.5629],[-4.5909,48.5598],[-4.5916,48.557],[-4.5973,48.5562],[-4.5928,48.5562],[-4.5949,48.5533]]]]}},{"type":"Feature","properties":{"territoire":"29259","nom":"Saint-Pol-de-Léon","type":"commune"},"geometry":{"type":"MultiPolygon","coordinates":[[[[-4.0244,48.6864],[-4.0145,48.6961],[-3.997,48.6951],[-3.9879,48.7033],[-3.9737,48.704],[-3.9762,48.6996],[-3.975,48.6977],[-3.965,48.6932],[-3.9659,48.6895],[-3.9577,48.6883],[-3.9617,48.6866],[-3.9593,48.6832],[-3.9621,48.686],[-3.9611,48.6878],[-3.9682,48.6901],[-3.9707,48.685],[-3.9693,48.6762],[-3.9718,48.6746],[-3.9684,48.6733],[-3.9651,48.6768],[-3.9577,48.6731],[-3.9537,48.6758],[-3.9539,48.6736],[-3.9502,48.6728],[-3.9556,48.6691],[-3.9518,48.6615],[-3.9523,48.6568],[-3.9567,48.6517],[-3.9559,48.6488],[-3.9728,48.6445],[-3.9807,48.6504],[-3.9873,48.6471],[-3.9878,48.6499],[-3.9965,48.6511],[-3.9969,48.6531],[-4.0038,48.654],[-4.004,48.6516],[-4.0065,48.6512],[-4.0065,48.6551],[-4.0269,48.6586],[-4.0254,48.6653],[-4.0222,48.6669],[-4.0229,48.6719],[-4.0188,48.6771],[-4.0244,48.6864]]]]}},{"type":"Feature","properties":{"territoire":"29136","nom":"Locunolé","type":"commune"},"geometry":{"type":"MultiPolygon","coordinates":[[[[-3.4516,47.9192],[-3.4614,47.9163],[-3.4585,47.906],[-3.4618,47.9031],[-3.4663,47.9032],[-3.4678,47.9073],[-3.4695,47.903],[-3.4818,47.9041],[-3.4865,47.8999],[-3.5057,47.9104],[-3.5103,47.9155],[-3.5119,47.9226],[-3.5167,47.9229],[-3.5124,47.9307],[-3.5202,47.9319],[-3.5148,47.9345],[-3.509,47.9448],[-3.501,47.9478],[-3.485,47.9421],[-3.4713,47.9415],[-3.4702,47.9435],[-3.4622,47.9391],[-3.4586,47.9336],[-3.4616,47.9265],[-3.4516,47.9192]]]]}},{"type":"Feature","properties":{"territoire":"29137","nom":"Logonna-Daoulas","type":"commune"},"geometry":{"type":"MultiPolygon","coordinates":[[[[-4.2467,48.3466],[-4.2497,48.3401],[-4.258,48.338],[-4.2622,48.3324],[-4.2542,48.3299],[-4.2557,48.3256],[-4.2658,48.3242],[-4.2714,48.3194],[-4.2769,48.3211],[-4.2803,48.319],[-4.2833,48.3204],[-4.2834,48.3231],[-4.2832,48.317],[-4.2867,48.3168],[-4.2906,48.3124],[-4.3064,48.3149],[-4.3088,48.3161],[-4.3069,48.3188],[-4.3117,48.3169],[-4.3094,48.3146],[-4.3345,48.3152],[-4.3337,48.313],[-4.3367,48.3148],[-4.3293,48.3205],[-4.3257,48.32],[-4.3246,48.3235],[-4.3186,48.3222],[-4.3168,48.3256],[-4.3191,48.3256],[-4.3193,48.3234],[-4.3199,48.3262],[-4.3232,48.3264],[-4.3185,48.3294],[-4.3093,48.3272],[-4.3029,48.3304],[-4.3021,48.3319],[-4.3057,48.333],[-4.3172,48.3318],[-4.3153,48.3361],[-4.3004,48.3373],[-4.2794,48.3446],[-4.2587,48.3424],[-4.2467,48.3466]]]]}},{"type":"Feature","properties":{"territoire":"29139","nom":"Lopérec","type":"commune"},"geometry":{"type":"MultiPolygon","coordinates":[[[[-4.0725,48.3103],[-4.0659,48.3115],[-4.0616,48.3149],[-4.0609,48.319],[-4.0518,48.3241],[-4.0491,48.331],[-4.0498,48.3392],[-4.0456,48.3484],[-4.0502,48.3577],[-4.0243,48.3521],[-4.0189,48.349],[-4.0176,48.3409],[-4.012,48.3388],[-4.0109,48.3353],[-4.0145,48.3314],[-4.0112,48.3272],[-4.0112,48.3231],[-3.9996,48.3136],[-4.0022,48.3068],[-3.9981,48.2827],[-4.0349,48.2572],[-4.0478,48.2549],[-4.0555,48.2602],[-4.0624,48.2606],[-4.0654,48.2638],[-4.0725,48.2638],[-4.0645,48.2724],[-4.0664,48.2746],[-4.0653,48.2781],[-4.0693,48.282],[-4.0632,48.303],[-4.0642,48.3098],[-4.0725,48.3103]]]]}},{"type":"Feature","properties":{"territoire":"29140","nom":"Loperhet","type":"commune"},"geometry":{"type":"MultiPolygon","coordinates":[[[[-4.3141,48.4157],[-4.3099,48.4169],[-4.3034,48.4139],[-4.2996,48.4081],[-4.2864,48.4002],[-4.2879,48.3984],[-4.2862,48.3967],[-4.2913,48.3946],[-4.2857,48.3944],[-4.2803,48.3852],[-4.2831,48.3842],[-4.2806,48.3818],[-4.2925,48.3798],[-4.3046,48.372],[-4.3077,48.3632],[-4.3036,48.3602],[-4.3054,48.3563],[-4.3024,48.3556],[-4.3065,48.3546],[-4.3048,48.3521],[-4.3073,48.3483],[-4.2993,48.347],[-4.2991,48.3453],[-4.3192,48.3433],[-4.3302,48.3389],[-4.3312,48.3464],[-4.326,48.3497],[-4.327,48.3521],[-4.3174,48.3622],[-4.3241,48.367],[-4.3318,48.3674],[-4.331,48.3714],[-4.3249,48.3766],[-4.3256,48.3829],[-4.3315,48.3825],[-4.3317,48.3875],[-4.3393,48.3857],[-4.3433,48.3937],[-4.3411,48.3982],[-4.343,48.4001],[-4.3455,48.3984],[-4.3481,48.402],[-4.3141,48.4157]]]]}},{"type":"Feature","properties":{"territoire":"29141","nom":"Loqueffret","type":"commune"},"geometry":{"type":"MultiPolygon","coordinates":[[[[-3.7958,48.327],[-3.7964,48.3296],[-3.8223,48.3276],[-3.8286,48.3246],[-3.8391,48.3265],[-3.8424,48.3228],[-3.843,48.3162],[-3.8363,48.3105],[-3.8488,48.3122],[-3.8609,48.3045],[-3.8658,48.3084],[-3.868,48.3063],[-3.8665,48.3033],[-3.8715,48.304],[-3.8752,48.3011],[-3.877,48.3041],[-3.8751,48.3059],[-3.878,48.308],[-3.8931,48.3092],[-3.9033,48.3055],[-3.9075,48.3085],[-3.9043,48.3113],[-3.9105,48.3131],[-3.9086,48.3182],[-3.9017,48.3205],[-3.8943,48.3292],[-3.9005,48.3379],[-3.8979,48.3404],[-3.896,48.3545],[-3.8766,48.3528],[-3.8718,48.3543],[-3.8613,48.3511],[-3.8566,48.345],[-3.8469,48.3454],[-3.8356,48.3412],[-3.8277,48.3418],[-3.8185,48.3392],[-3.8102,48.3451],[-3.795,48.3445],[-3.7887,48.3418],[-3.7826,48.3354],[-3.7912,48.3323],[-3.7958,48.327]]]]}},{"type":"Feature","properties":{"territoire":"29142","nom":"Lothey","type":"commune"},"geometry":{"type":"MultiPolygon","coordinates":[[[[-4.009,48.1976],[-4.0101,48.1893],[-4.0048,48.1854],[-4.0006,48.1854],[-4.0001,48.1798],[-4.0151,48.1675],[-4.0144,48.1644],[-4.0178,48.1627],[-4.017,48.1593],[-4.0318,48.1596],[-4.0346,48.1639],[-4.0439,48.1612],[-4.0543,48.1618],[-4.0556,48.1655],[-4.0499,48.1675],[-4.0428,48.1761],[-4.0458,48.1814],[-4.0415,48.1817],[-4.0357,48.1894],[-4.0386,48.2026],[-4.0367,48.2134],[-4.0316,48.2158],[-4.0224,48.2142],[-4.0277,48.208],[-4.0291,48.1994],[-4.0239,48.1965],[-4.0214,48.1997],[-4.0218,48.2075],[-4.0175,48.2118],[-4.012,48.2118],[-4.0085,48.2077],[-4.0151,48.1998],[-4.013,48.1972],[-4.009,48.1976]]]]}},{"type":"Feature","properties":{"territoire":"29143","nom":"Mahalon","type":"commune"},"geometry":{"type":"MultiPolygon","coordinates":[[[[-4.37,48.0345],[-4.3807,48.0355],[-4.3872,48.0386],[-4.3846,48.0371],[-4.384,48.0313],[-4.3924,48.0307],[-4.3876,48.0281],[-4.391,48.0223],[-4.3893,48.0225],[-4.3909,48.0203],[-4.3886,48.018],[-4.388,48.0111],[-4.393,48.007],[-4.3993,48.007],[-4.4049,48.0034],[-4.4149,48.0016],[-4.426,48.0101],[-4.4336,48.0082],[-4.4447,48.0126],[-4.4494,48.016],[-4.4492,48.0227],[-4.4537,48.0264],[-4.4629,48.0295],[-4.4737,48.029],[-4.4825,48.0412],[-4.4708,48.0382],[-4.4464,48.0421],[-4.4299,48.0414],[-4.4031,48.0366],[-4.4014,48.0442],[-4.3784,48.0423],[-4.3817,48.0454],[-4.3744,48.0449],[-4.3698,48.0556],[-4.3655,48.0521],[-4.3659,48.0493],[-4.3592,48.0466],[-4.3592,48.0442],[-4.3685,48.0454],[-4.3689,48.042],[-4.3713,48.0413],[-4.37,48.0345]]]]}},{"type":"Feature","properties":{"territoire":"29156","nom":"Pencran","type":"commune"},"geometry":{"type":"MultiPolygon","coordinates":[[[[-4.2123,48.4238],[-4.2291,48.4321],[-4.2374,48.4258],[-4.2399,48.4278],[-4.2436,48.441],[-4.2309,48.4439],[-4.2311,48.4527],[-4.2436,48.4534],[-4.2349,48.4567],[-4.2376,48.4582],[-4.225,48.4656],[-4.2234,48.4648],[-4.2263,48.4627],[-4.2117,48.4578],[-4.2075,48.4598],[-4.2057,48.4584],[-4.2065,48.4546],[-4.2022,48.4524],[-4.2063,48.4498],[-4.2013,48.4491],[-4.2051,48.4484],[-4.2026,48.4466],[-4.209,48.442],[-4.2075,48.4403],[-4.2003,48.442],[-4.197,48.4404],[-4.1985,48.4379],[-4.1951,48.438],[-4.2012,48.4368],[-4.2001,48.4355],[-4.2057,48.4302],[-4.2142,48.4258],[-4.2123,48.4238]]]]}},{"type":"Feature","properties":{"territoire":"29158","nom":"Penmarch","type":"commune"},"geometry":{"type":"MultiPolygon","coordinates":[[[[-4.3494,47.8302],[-4.3321,47.825],[-4.3192,47.8284],[-4.3204,47.826],[-4.3182,47.823],[-4.3142,47.824],[-4.3141,47.8217],[-4.3176,47.8201],[-4.3053,47.8197],[-4.304,47.8089],[-4.2966,47.8047],[-4.301,47.8005],[-4.312,47.8008],[-4.3245,47.7978],[-4.3455,47.7995],[-4.3504,47.7981],[-4.3498,47.794],[-4.3505,47.798],[-4.3549,47.7969],[-4.3541,47.7956],[-4.3748,47.7973],[-4.3749,47.8041],[-4.3719,47.8106],[-4.3787,47.8135],[-4.3749,47.815],[-4.3802,47.8151],[-4.3777,47.8174],[-4.3834,47.8135],[-4.3821,47.8124],[-4.3825,47.8149],[-4.3845,47.8129],[-4.3828,47.8113],[-4.3846,47.8122],[-4.3804,47.8175],[-4.3804,47.8216],[-4.3712,47.826],[-4.3679,47.8248],[-4.3665,47.8283],[-4.3587,47.8261],[-4.3494,47.8302]]]]}},{"type":"Feature","properties":{"territoire":"29159","nom":"Peumerit","type":"commune"},"geometry":{"type":"MultiPolygon","coordinates":[[[[-4.2538,47.948],[-4.263,47.9474],[-4.2618,47.9442],[-4.2715,47.9398],[-4.2703,47.9383],[-4.2791,47.937],[-4.28,47.9294],[-4.289,47.929],[-4.2884,47.933],[-4.2987,47.9328],[-4.3083,47.9306],[-4.3117,47.9243],[-4.3181,47.9238],[-4.3205,47.9287],[-4.34,47.9259],[-4.339,47.9285],[-4.3421,47.9333],[-4.3407,47.9384],[-4.3311,47.9432],[-4.3289,47.952],[-4.3229,47.954],[-4.3214,47.9577],[-4.3026,47.9608],[-4.3029,47.9585],[-4.296,47.9593],[-4.296,47.9623],[-4.2912,47.9675],[-4.2794,47.9653],[-4.2714,47.9683],[-4.2567,47.9656],[-4.2493,47.9532],[-4.2538,47.948]]]]}},{"type":"Feature","properties":{"territoire":"29160","nom":"Plabennec","type":"commune"},"geometry":{"type":"MultiPolygon","coordinates":[[[[-4.4798,48.4683],[-4.4922,48.4786],[-4.4827,48.4785],[-4.4752,48.4752],[-4.4717,48.4796],[-4.4676,48.478],[-4.468,48.4817],[-4.4633,48.4842],[-4.4679,48.4876],[-4.4529,48.4925],[-4.4578,48.4988],[-4.4575,48.5047],[-4.4526,48.5104],[-4.4546,48.515],[-4.4473,48.522],[-4.433,48.5274],[-4.4303,48.5297],[-4.4318,48.5314],[-4.4247,48.5317],[-4.4253,48.5341],[-4.4221,48.536],[-4.4259,48.5374],[-4.4246,48.5387],[-4.4076,48.5471],[-4.4018,48.5474],[-4.408,48.5436],[-4.4043,48.5349],[-4.3983,48.5344],[-4.4,48.5318],[-4.3966,48.5275],[-4.4005,48.5263],[-4.3981,48.5258],[-4.3967,48.5217],[-4.3844,48.5224],[-4.3806,48.5188],[-4.3845,48.5165],[-4.3821,48.5132],[-4.367,48.5157],[-4.3623,48.5066],[-4.3585,48.5041],[-4.3635,48.5008],[-4.362,48.4955],[-4.3707,48.5],[-4.373,48.4987],[-4.3742,48.4918],[-4.3698,48.4862],[-4.3744,48.4844],[-4.3734,48.482],[-4.3832,48.4802],[-4.3845,48.4733],[-4.3814,48.4706],[-4.38,48.4617],[-4.3905,48.46],[-4.39,48.4617],[-4.4,48.4653],[-4.4036,48.461],[-4.4171,48.4607],[-4.4188,48.4585],[-4.43,48.4583],[-4.4321,48.4601],[-4.4411,48.4558],[-4.4492,48.455],[-4.4654,48.4572],[-4.4651,48.4639],[-4.4699,48.4655],[-4.4711,48.4701],[-4.4798,48.4683]]]]}},{"type":"Feature","properties":{"territoire":"29161","nom":"Pleuven","type":"commune"},"geometry":{"type":"MultiPolygon","coordinates":[[[[-4.0456,47.8902],[-4.0501,47.8915],[-4.0467,47.8924],[-4.0484,47.8942],[-4.0465,47.8978],[-4.0416,47.8966],[-4.0427,47.8997],[-4.0407,47.902],[-4.0479,47.9014],[-4.0466,47.9063],[-4.0504,47.9053],[-4.0496,47.9027],[-4.063,47.9012],[-4.0669,47.907],[-4.0614,47.9098],[-4.0644,47.9142],[-4.0684,47.9143],[-4.0679,47.9161],[-4.0757,47.9194],[-4.0748,47.9236],[-4.0782,47.9255],[-4.0797,47.9353],[-4.0612,47.9303],[-4.0459,47.938],[-4.042,47.9304],[-4.0317,47.9287],[-4.0259,47.9251],[-4.0224,47.9265],[-4.0205,47.9225],[-4.0237,47.915],[-4.0262,47.9153],[-4.0183,47.9107],[-4.0262,47.9064],[-4.0209,47.9057],[-4.0264,47.903],[-4.0258,47.8995],[-4.0286,47.8986],[-4.0225,47.8961],[-4.0227,47.8935],[-4.0311,47.8883],[-4.0337,47.8906],[-4.0456,47.8902]]]]}},{"type":"Feature","properties":{"territoire":"29162","nom":"Pleyben","type":"commune"},"geometry":{"type":"MultiPolygon","coordinates":[[[[-4.0466,48.2548],[-4.0284,48.2603],[-4.0252,48.2656],[-4.0097,48.2732],[-3.9985,48.2827],[-3.9903,48.2759],[-3.9773,48.2783],[-3.9727,48.2748],[-3.9671,48.2773],[-3.9688,48.2824],[-3.9635,48.2876],[-3.9314,48.2967],[-3.9292,48.2888],[-3.9251,48.284],[-3.9323,48.2839],[-3.9412,48.278],[-3.9374,48.2772],[-3.9351,48.268],[-3.924,48.2605],[-3.9295,48.2567],[-3.9257,48.2535],[-3.9276,48.2502],[-3.9316,48.2507],[-3.9312,48.2446],[-3.9192,48.2446],[-3.9187,48.2412],[-3.9133,48.2409],[-3.914,48.2344],[-3.91,48.2298],[-3.9175,48.2238],[-3.921,48.2152],[-3.9252,48.2126],[-3.9236,48.2072],[-3.9327,48.2026],[-3.9343,48.19],[-3.9429,48.1911],[-3.9592,48.1874],[-3.9605,48.1971],[-3.9664,48.2019],[-3.9839,48.1913],[-3.9912,48.1904],[-3.9965,48.198],[-4.0143,48.198],[-4.0148,48.2015],[-4.0085,48.2077],[-4.0139,48.2123],[-4.0218,48.2075],[-4.0216,48.1988],[-4.0252,48.1966],[-4.0291,48.1994],[-4.0279,48.2075],[-4.0224,48.2142],[-4.0367,48.2164],[-4.0439,48.2201],[-4.0452,48.2243],[-4.0441,48.2261],[-4.0401,48.2239],[-4.0374,48.2258],[-4.039,48.2313],[-4.0428,48.2314],[-4.0447,48.2365],[-4.0352,48.2341],[-4.031,48.2363],[-4.0289,48.2411],[-4.0427,48.2471],[-4.0466,48.2548]]]]}},{"type":"Feature","properties":{"territoire":"29163","nom":"Pleyber-Christ","type":"commune"},"geometry":{"type":"MultiPolygon","coordinates":[[[[-3.8365,48.5545],[-3.8326,48.5479],[-3.8277,48.5476],[-3.8259,48.5442],[-3.8301,48.5373],[-3.8292,48.5342],[-3.8393,48.5213],[-3.8361,48.5177],[-3.8379,48.5116],[-3.8318,48.5061],[-3.8327,48.502],[-3.827,48.4909],[-3.8264,48.482],[-3.8291,48.4784],[-3.8246,48.4746],[-3.8255,48.4726],[-3.8342,48.4714],[-3.8355,48.4758],[-3.8402,48.4731],[-3.8431,48.4787],[-3.8522,48.479],[-3.8578,48.4837],[-3.8615,48.4835],[-3.8676,48.4806],[-3.8732,48.482],[-3.8831,48.4782],[-3.8899,48.4787],[-3.8997,48.4716],[-3.9153,48.4669],[-3.9242,48.4616],[-3.9263,48.4676],[-3.9203,48.4688],[-3.9225,48.4715],[-3.9198,48.473],[-3.922,48.4784],[-3.9116,48.4823],[-3.9076,48.4824],[-3.9052,48.4798],[-3.8939,48.4854],[-3.898,48.4869],[-3.8984,48.4947],[-3.9054,48.4952],[-3.9043,48.4973],[-3.9069,48.5],[-3.9114,48.4978],[-3.9109,48.5026],[-3.922,48.5084],[-3.917,48.5131],[-3.9178,48.5194],[-3.9135,48.524],[-3.9128,48.5312],[-3.9039,48.5395],[-3.9046,48.5414],[-3.8914,48.5465],[-3.8911,48.5408],[-3.8859,48.5433],[-3.8847,48.547],[-3.8778,48.5454],[-3.8747,48.5497],[-3.8672,48.5448],[-3.853,48.5509],[-3.8516,48.5482],[-3.8536,48.5424],[-3.8467,48.543],[-3.8365,48.5545]]]]}},{"type":"Feature","properties":{"territoire":"29165","nom":"Plobannalec-Lesconil","type":"commune"},"geometry":{"type":"MultiPolygon","coordinates":[[[[-4.2598,47.8222],[-4.2539,47.8227],[-4.2552,47.8258],[-4.2531,47.8255],[-4.2519,47.8305],[-4.2567,47.8314],[-4.2567,47.8362],[-4.2497,47.8419],[-4.2499,47.8448],[-4.2372,47.8446],[-4.2343,47.8398],[-4.2205,47.8445],[-4.2231,47.8483],[-4.2206,47.8501],[-4.214,47.842],[-4.2108,47.8422],[-4.2105,47.8448],[-4.2078,47.8428],[-4.2078,47.8395],[-4.211,47.8393],[-4.2058,47.827],[-4.2025,47.8242],[-4.2045,47.822],[-4.196,47.8158],[-4.1998,47.8137],[-4.1991,47.8075],[-4.2017,47.8049],[-4.2082,47.8014],[-4.2132,47.8028],[-4.2143,47.8],[-4.211,47.7966],[-4.2146,47.7977],[-4.2134,47.7957],[-4.2164,47.7954],[-4.2107,47.7948],[-4.224,47.7915],[-4.236,47.8027],[-4.2456,47.802],[-4.2493,47.8115],[-4.2533,47.8133],[-4.2542,47.8166],[-4.2574,47.8155],[-4.2603,47.818],[-4.2598,47.8222]]]]}},{"type":"Feature","properties":{"territoire":"29166","nom":"Ploéven","type":"commune"},"geometry":{"type":"MultiPolygon","coordinates":[[[[-4.1693,48.1641],[-4.1684,48.1513],[-4.1718,48.149],[-4.1834,48.1493],[-4.1841,48.1434],[-4.1936,48.1448],[-4.223,48.1557],[-4.2431,48.1532],[-4.2525,48.1483],[-4.2647,48.1491],[-4.2715,48.1468],[-4.2761,48.1506],[-4.258,48.1565],[-4.2456,48.1648],[-4.2197,48.1725],[-4.2086,48.168],[-4.1793,48.1666],[-4.1693,48.1641]]]]}},{"type":"Feature","properties":{"territoire":"29167","nom":"Plogastel-Saint-Germain","type":"commune"},"geometry":{"type":"MultiPolygon","coordinates":[[[[-4.2279,47.9986],[-4.2347,47.9962],[-4.2349,47.988],[-4.239,47.9874],[-4.2391,47.9807],[-4.2306,47.9752],[-4.2161,47.9739],[-4.2148,47.9663],[-4.2172,47.9665],[-4.2157,47.9631],[-4.2193,47.9616],[-4.2155,47.9575],[-4.2127,47.9583],[-4.2117,47.9535],[-4.2156,47.953],[-4.214,47.9515],[-4.2163,47.9513],[-4.2159,47.9494],[-4.2203,47.9484],[-4.219,47.9446],[-4.231,47.9492],[-4.2345,47.9463],[-4.2307,47.9457],[-4.2301,47.9429],[-4.2372,47.9395],[-4.238,47.942],[-4.2432,47.9424],[-4.2368,47.9452],[-4.2378,47.9469],[-4.2445,47.9463],[-4.2448,47.9496],[-4.2537,47.9472],[-4.2493,47.9532],[-4.2567,47.9656],[-4.2714,47.9683],[-4.2794,47.9653],[-4.2912,47.9675],[-4.296,47.9623],[-4.296,47.9593],[-4.3029,47.9585],[-4.3026,47.9608],[-4.3188,47.9585],[-4.3261,47.9672],[-4.3207,47.9687],[-4.3195,47.9772],[-4.3213,47.9782],[-4.3173,47.9802],[-4.3062,47.9787],[-4.3066,47.9806],[-4.3022,47.9798],[-4.2952,47.9844],[-4.2865,47.9864],[-4.296,47.9954],[-4.295,47.9975],[-4.2903,47.9977],[-4.2937,48.0038],[-4.2887,48.0098],[-4.2516,48.0101],[-4.2491,48.0092],[-4.2487,47.9989],[-4.2441,47.9975],[-4.2443,47.9956],[-4.2326,48.0003],[-4.2279,47.9986]]]]}},{"type":"Feature","properties":{"territoire":"29168","nom":"Plogoff","type":"commune"},"geometry":{"type":"MultiPolygon","coordinates":[[[[-4.6344,48.0382],[-4.6332,48.0294],[-4.641,48.0264],[-4.6428,48.0233],[-4.6494,48.0237],[-4.6513,48.0217],[-4.6634,48.0249],[-4.664,48.0269],[-4.6901,48.0263],[-4.6955,48.0287],[-4.6977,48.026],[-4.712,48.0343],[-4.7264,48.0329],[-4.7412,48.0402],[-4.7132,48.0415],[-4.706,48.0467],[-4.6758,48.0448],[-4.6344,48.0382]]]]}},{"type":"Feature","properties":{"territoire":"29169","nom":"Plogonnec","type":"commune"},"geometry":{"type":"MultiPolygon","coordinates":[[[[-4.102,48.1059],[-4.0969,48.1024],[-4.0981,48.098],[-4.0957,48.0909],[-4.099,48.0886],[-4.0966,48.0842],[-4.0985,48.0736],[-4.1027,48.0659],[-4.108,48.0636],[-4.1051,48.0591],[-4.1122,48.0563],[-4.1034,48.0546],[-4.1128,48.0492],[-4.1083,48.0428],[-4.1138,48.041],[-4.1217,48.0432],[-4.1222,48.0399],[-4.1247,48.0391],[-4.1281,48.0409],[-4.1287,48.0454],[-4.1329,48.0436],[-4.1332,48.0387],[-4.142,48.0331],[-4.1479,48.0319],[-4.1575,48.0348],[-4.1646,48.0401],[-4.1641,48.0433],[-4.1684,48.0476],[-4.1709,48.0477],[-4.1707,48.0444],[-4.1795,48.0437],[-4.1763,48.0464],[-4.1824,48.0495],[-4.1796,48.053],[-4.1889,48.0637],[-4.1957,48.0637],[-4.1975,48.0614],[-4.201,48.066],[-4.2177,48.0644],[-4.2207,48.0623],[-4.2279,48.0649],[-4.233,48.0621],[-4.2407,48.0632],[-4.2437,48.0605],[-4.2508,48.0632],[-4.2561,48.0712],[-4.2524,48.0715],[-4.2503,48.0753],[-4.2435,48.0733],[-4.2319,48.0796],[-4.2248,48.0802],[-4.2214,48.0893],[-4.2233,48.0905],[-4.2126,48.0895],[-4.2108,48.0917],[-4.203,48.0896],[-4.2007,48.093],[-4.1746,48.1012],[-4.1572,48.1029],[-4.1513,48.1009],[-4.1429,48.103],[-4.1386,48.1017],[-4.136,48.0967],[-4.1304,48.096],[-4.102,48.1059]]]]}},{"type":"Feature","properties":{"territoire":"29170","nom":"Plomelin","type":"commune"},"geometry":{"type":"MultiPolygon","coordinates":[[[[-4.1882,47.9302],[-4.1842,47.9306],[-4.186,47.9352],[-4.1776,47.9487],[-4.171,47.9507],[-4.165,47.9586],[-4.1448,47.9682],[-4.1409,47.9677],[-4.1428,47.9651],[-4.1394,47.9639],[-4.1328,47.9662],[-4.13,47.9641],[-4.1207,47.9654],[-4.1122,47.9607],[-4.1135,47.9547],[-4.1233,47.9535],[-4.1221,47.9515],[-4.1134,47.9526],[-4.112,47.9498],[-4.1146,47.947],[-4.111,47.9369],[-4.118,47.9315],[-4.1317,47.932],[-4.1325,47.9261],[-4.1412,47.9263],[-4.1421,47.9193],[-4.1501,47.9127],[-4.1482,47.9113],[-4.1518,47.9106],[-4.1476,47.9094],[-4.15,47.9079],[-4.1465,47.9045],[-4.1457,47.8974],[-4.1521,47.8978],[-4.1587,47.8943],[-4.1617,47.8974],[-4.1674,47.8964],[-4.1688,47.8998],[-4.1729,47.9007],[-4.1741,47.9076],[-4.178,47.9075],[-4.1722,47.9136],[-4.1729,47.9164],[-4.1882,47.9302]]]]}},{"type":"Feature","properties":{"territoire":"29171","nom":"Plomeur","type":"commune"},"geometry":{"type":"MultiPolygon","coordinates":[[[[-4.2461,47.8453],[-4.2499,47.8448],[-4.2497,47.8419],[-4.2567,47.8362],[-4.2567,47.8314],[-4.2519,47.8305],[-4.2531,47.8255],[-4.2552,47.8258],[-4.2539,47.8227],[-4.2705,47.8232],[-4.2826,47.8208],[-4.2848,47.8168],[-4.2752,47.8076],[-4.2879,47.8053],[-4.304,47.8089],[-4.3028,47.811],[-4.3057,47.8136],[-4.3044,47.8186],[-4.3176,47.8201],[-4.3141,47.8217],[-4.3142,47.824],[-4.3182,47.823],[-4.3204,47.826],[-4.3192,47.8284],[-4.3295,47.8249],[-4.3363,47.8258],[-4.3499,47.8304],[-4.3476,47.8329],[-4.3496,47.8371],[-4.3554,47.8365],[-4.3466,47.8384],[-4.3477,47.849],[-4.3275,47.8521],[-4.3255,47.8548],[-4.3091,47.8564],[-4.3045,47.8601],[-4.3044,47.857],[-4.298,47.8528],[-4.2826,47.8533],[-4.2796,47.8589],[-4.273,47.8592],[-4.2756,47.8645],[-4.2742,47.8663],[-4.2582,47.8701],[-4.2587,47.8656],[-4.2521,47.8643],[-4.2522,47.8588],[-4.2496,47.8589],[-4.2518,47.8556],[-4.2559,47.8562],[-4.2543,47.8524],[-4.2478,47.8515],[-4.2461,47.8453]]]]}},{"type":"Feature","properties":{"territoire":"29172","nom":"Plomodiern","type":"commune"},"geometry":{"type":"MultiPolygon","coordinates":[[[[-4.241,48.2084],[-4.2314,48.2086],[-4.2284,48.207],[-4.2288,48.2044],[-4.1918,48.2025],[-4.1826,48.1946],[-4.1579,48.1855],[-4.1264,48.1838],[-4.1259,48.1886],[-4.1118,48.1922],[-4.1098,48.188],[-4.1149,48.1839],[-4.1149,48.1782],[-4.1169,48.1766],[-4.1206,48.1753],[-4.1251,48.1786],[-4.1241,48.1742],[-4.1325,48.1714],[-4.1307,48.1694],[-4.1335,48.167],[-4.1486,48.162],[-4.1624,48.1614],[-4.1793,48.1666],[-4.208,48.1679],[-4.2197,48.1725],[-4.2456,48.1648],[-4.258,48.1565],[-4.2726,48.1523],[-4.275,48.1561],[-4.2862,48.1557],[-4.2891,48.1593],[-4.2957,48.1584],[-4.2935,48.1643],[-4.2992,48.1677],[-4.2927,48.1681],[-4.291,48.1755],[-4.2953,48.1845],[-4.2872,48.1908],[-4.241,48.2084]]]]}},{"type":"Feature","properties":{"territoire":"29173","nom":"Plonéis","type":"commune"},"geometry":{"type":"MultiPolygon","coordinates":[[[[-4.2399,48.0323],[-4.2153,48.0259],[-4.2109,48.0324],[-4.2039,48.0342],[-4.1962,48.0322],[-4.1973,48.0248],[-4.1852,48.0235],[-4.1718,48.0112],[-4.1594,48.0071],[-4.1573,48.0015],[-4.1592,48.0006],[-4.1529,47.9931],[-4.1524,47.9871],[-4.1562,47.9857],[-4.1703,47.9932],[-4.1696,47.9976],[-4.1758,47.9981],[-4.175,48.0016],[-4.1782,48.0048],[-4.1844,48.0043],[-4.1863,48.0026],[-4.184,48.001],[-4.1916,47.9991],[-4.1937,47.9934],[-4.2009,47.9918],[-4.2016,47.9945],[-4.2092,47.9963],[-4.2073,47.9999],[-4.2143,47.9974],[-4.2166,47.9921],[-4.2248,47.9936],[-4.2299,48.0006],[-4.2443,47.9956],[-4.2441,47.9975],[-4.249,47.9997],[-4.2491,48.0092],[-4.2608,48.0095],[-4.2523,48.0157],[-4.251,48.0245],[-4.2442,48.028],[-4.2449,48.0319],[-4.2399,48.0323]]]]}},{"type":"Feature","properties":{"territoire":"29174","nom":"Plonéour-Lanvern","type":"commune"},"geometry":{"type":"MultiPolygon","coordinates":[[[[-4.3274,47.8705],[-4.3021,47.8788],[-4.2977,47.8847],[-4.2978,47.8917],[-4.3033,47.8966],[-4.313,47.8953],[-4.3103,47.8973],[-4.3151,47.8989],[-4.3145,47.9004],[-4.3273,47.9032],[-4.3152,47.9093],[-4.3156,47.9169],[-4.3106,47.9212],[-4.3118,47.9261],[-4.3081,47.9307],[-4.2884,47.933],[-4.289,47.929],[-4.28,47.9294],[-4.2791,47.937],[-4.2703,47.9383],[-4.2715,47.9398],[-4.2618,47.9442],[-4.263,47.9474],[-4.2495,47.9474],[-4.2448,47.9496],[-4.2445,47.9463],[-4.2369,47.9462],[-4.2432,47.9431],[-4.238,47.942],[-4.2372,47.9395],[-4.2301,47.9429],[-4.2307,47.9457],[-4.2345,47.9466],[-4.2296,47.9495],[-4.2249,47.9458],[-4.1953,47.9406],[-4.1959,47.9385],[-4.1918,47.9346],[-4.205,47.9307],[-4.2096,47.9228],[-4.214,47.9225],[-4.2155,47.9263],[-4.2198,47.9267],[-4.2202,47.9247],[-4.2261,47.9233],[-4.2241,47.921],[-4.23,47.9166],[-4.2296,47.9135],[-4.2358,47.9146],[-4.2372,47.9193],[-4.2433,47.9168],[-4.2448,47.9129],[-4.2385,47.9048],[-4.2409,47.8945],[-4.2363,47.8826],[-4.2348,47.8798],[-4.229,47.8795],[-4.2272,47.8761],[-4.2234,47.875],[-4.229,47.8671],[-4.2432,47.8678],[-4.2548,47.8712],[-4.2658,47.8681],[-4.2797,47.8804],[-4.2895,47.8759],[-4.2985,47.8674],[-4.3077,47.8721],[-4.3184,47.8666],[-4.3207,47.869],[-4.3386,47.8636],[-4.3443,47.866],[-4.3274,47.8705]]]]}},{"type":"Feature","properties":{"territoire":"29175","nom":"Plonévez-du-Faou","type":"commune"},"geometry":{"type":"MultiPolygon","coordinates":[[[[-3.8752,48.3011],[-3.8715,48.304],[-3.8665,48.3033],[-3.868,48.3063],[-3.8658,48.3084],[-3.8609,48.3045],[-3.8488,48.3122],[-3.8363,48.3105],[-3.843,48.3162],[-3.8424,48.3228],[-3.8391,48.3265],[-3.8286,48.3246],[-3.8223,48.3276],[-3.7963,48.3296],[-3.7954,48.3258],[-3.7987,48.3221],[-3.7909,48.3207],[-3.7939,48.3151],[-3.7982,48.3145],[-3.7997,48.3186],[-3.8103,48.3118],[-3.8201,48.3118],[-3.8195,48.3075],[-3.8087,48.3053],[-3.8152,48.3021],[-3.8116,48.299],[-3.8149,48.299],[-3.8175,48.2954],[-3.8128,48.2923],[-3.8163,48.2884],[-3.8072,48.2873],[-3.8041,48.2837],[-3.7988,48.2852],[-3.7974,48.2834],[-3.7999,48.2813],[-3.7967,48.2763],[-3.7887,48.2744],[-3.7915,48.2706],[-3.7972,48.2702],[-3.7954,48.268],[-3.7974,48.2616],[-3.791,48.2612],[-3.7902,48.2576],[-3.7831,48.2621],[-3.772,48.2587],[-3.7705,48.2554],[-3.773,48.2539],[-3.7635,48.2416],[-3.7643,48.239],[-3.7597,48.2354],[-3.7606,48.2328],[-3.7531,48.2299],[-3.7534,48.2232],[-3.7496,48.2223],[-3.7496,48.2174],[-3.7394,48.216],[-3.7336,48.2033],[-3.7394,48.2021],[-3.7458,48.2068],[-3.7579,48.2086],[-3.761,48.2146],[-3.7668,48.211],[-3.7783,48.2136],[-3.791,48.2115],[-3.7998,48.2151],[-3.8281,48.209],[-3.8414,48.213],[-3.8504,48.2124],[-3.8484,48.2093],[-3.8645,48.2038],[-3.8666,48.202],[-3.8644,48.2003],[-3.8826,48.2037],[-3.882,48.2127],[-3.8729,48.2265],[-3.8726,48.233],[-3.8771,48.2361],[-3.8726,48.2378],[-3.8723,48.2408],[-3.8689,48.2416],[-3.8617,48.2507],[-3.8611,48.2557],[-3.8684,48.2602],[-3.868,48.2652],[-3.8628,48.267],[-3.8599,48.2714],[-3.871,48.2724],[-3.8688,48.2813],[-3.8819,48.2908],[-3.8801,48.2947],[-3.884,48.2976],[-3.8824,48.2991],[-3.8857,48.3006],[-3.8852,48.3027],[-3.8814,48.3037],[-3.8752,48.3011]]]]}},{"type":"Feature","properties":{"territoire":"29176","nom":"Plonévez-Porzay","type":"commune"},"geometry":{"type":"MultiPolygon","coordinates":[[[[-4.2025,48.1472],[-4.2034,48.1354],[-4.197,48.1353],[-4.1918,48.1306],[-4.1972,48.1297],[-4.1979,48.1259],[-4.2038,48.1219],[-4.2081,48.1218],[-4.2069,48.1126],[-4.202,48.1118],[-4.2034,48.1067],[-4.2097,48.1072],[-4.2117,48.1097],[-4.2253,48.1072],[-4.2337,48.109],[-4.232,48.0964],[-4.2404,48.0938],[-4.2502,48.0987],[-4.2589,48.1083],[-4.2687,48.11],[-4.2846,48.1079],[-4.2804,48.1189],[-4.2834,48.12],[-4.2856,48.1262],[-4.279,48.1287],[-4.2763,48.1341],[-4.2677,48.1304],[-4.2715,48.137],[-4.272,48.1472],[-4.2525,48.1483],[-4.2431,48.1532],[-4.2266,48.1557],[-4.2069,48.1513],[-4.2018,48.1493],[-4.2025,48.1472]]]]}},{"type":"Feature","properties":{"territoire":"29177","nom":"Plouarzel","type":"commune"},"geometry":{"type":"MultiPolygon","coordinates":[[[[-4.6497,48.4427],[-4.6516,48.4401],[-4.6498,48.4385],[-4.6504,48.4283],[-4.6482,48.4259],[-4.6496,48.4207],[-4.6531,48.4221],[-4.6648,48.4196],[-4.6771,48.4237],[-4.6945,48.421],[-4.6938,48.4176],[-4.6976,48.417],[-4.7108,48.4178],[-4.7176,48.4208],[-4.7232,48.4186],[-4.7333,48.4221],[-4.7423,48.422],[-4.7671,48.4166],[-4.7741,48.408],[-4.7829,48.4045],[-4.7851,48.4049],[-4.7836,48.4074],[-4.7868,48.4102],[-4.7955,48.4141],[-4.7841,48.43],[-4.7857,48.4359],[-4.7799,48.4395],[-4.7796,48.4432],[-4.7733,48.4437],[-4.7726,48.4397],[-4.7637,48.4363],[-4.761,48.4366],[-4.7622,48.4395],[-4.7601,48.4415],[-4.7483,48.44],[-4.7455,48.4479],[-4.7564,48.4475],[-4.7618,48.4517],[-4.7602,48.4598],[-4.7555,48.4655],[-4.7528,48.4642],[-4.7535,48.4702],[-4.7503,48.4713],[-4.743,48.4722],[-4.74,48.4701],[-4.7321,48.4712],[-4.7335,48.4728],[-4.7308,48.4741],[-4.7204,48.4748],[-4.7178,48.4688],[-4.7104,48.4654],[-4.7111,48.4606],[-4.7078,48.46],[-4.7068,48.4569],[-4.6978,48.4556],[-4.6858,48.4578],[-4.6711,48.4507],[-4.6637,48.453],[-4.6626,48.4486],[-4.6587,48.4463],[-4.6518,48.4468],[-4.6497,48.4427]]]]}},{"type":"Feature","properties":{"territoire":"29178","nom":"Ploudalmézeau","type":"commune"},"geometry":{"type":"MultiPolygon","coordinates":[[[[-4.6321,48.5083],[-4.6395,48.508],[-4.6346,48.5044],[-4.6424,48.5016],[-4.6545,48.504],[-4.6653,48.5084],[-4.6683,48.5159],[-4.6717,48.518],[-4.6845,48.5197],[-4.6847,48.523],[-4.6922,48.527],[-4.7021,48.5428],[-4.7046,48.554],[-4.6993,48.5563],[-4.7069,48.5572],[-4.7028,48.5608],[-4.7048,48.564],[-4.701,48.5658],[-4.7049,48.57],[-4.6973,48.5717],[-4.6931,48.5695],[-4.6901,48.5724],[-4.6844,48.5722],[-4.6857,48.5687],[-4.6801,48.5665],[-4.6718,48.5708],[-4.6707,48.576],[-4.6664,48.5739],[-4.6628,48.5691],[-4.6661,48.565],[-4.6639,48.5618],[-4.6642,48.5558],[-4.6593,48.5493],[-4.6604,48.5475],[-4.6437,48.5396],[-4.6449,48.5363],[-4.6422,48.5308],[-4.6312,48.5193],[-4.63,48.512],[-4.6321,48.5083]]]]}},{"type":"Feature","properties":{"territoire":"29181","nom":"Plouédern","type":"commune"},"geometry":{"type":"MultiPolygon","coordinates":[[[[-4.2164,48.4947],[-4.2166,48.4909],[-4.2226,48.4875],[-4.2212,48.4805],[-4.2143,48.4747],[-4.2154,48.4691],[-4.2228,48.4689],[-4.2271,48.4638],[-4.2386,48.458],[-4.2491,48.4609],[-4.2564,48.4675],[-4.2561,48.4698],[-4.2697,48.4682],[-4.2753,48.4645],[-4.2828,48.4682],[-4.2817,48.4733],[-4.288,48.4792],[-4.2833,48.4802],[-4.2854,48.4813],[-4.2834,48.4829],[-4.2863,48.4843],[-4.2852,48.4923],[-4.2961,48.5045],[-4.2935,48.507],[-4.2827,48.5074],[-4.2621,48.4933],[-4.2578,48.4928],[-4.2529,48.4978],[-4.2385,48.4976],[-4.2309,48.5023],[-4.2204,48.4996],[-4.2164,48.4947]]]]}},{"type":"Feature","properties":{"territoire":"29182","nom":"Plouégat-Guérand","type":"commune"},"geometry":{"type":"MultiPolygon","coordinates":[[[[-3.6543,48.6176],[-3.6513,48.6162],[-3.6495,48.6104],[-3.6389,48.6121],[-3.6393,48.6037],[-3.6422,48.599],[-3.6408,48.5954],[-3.6462,48.5948],[-3.6486,48.5912],[-3.6543,48.5919],[-3.6558,48.5957],[-3.6628,48.5938],[-3.6671,48.5963],[-3.6766,48.596],[-3.6849,48.6005],[-3.6835,48.6146],[-3.6884,48.6188],[-3.6964,48.6185],[-3.695,48.6275],[-3.7007,48.6321],[-3.6846,48.6456],[-3.6818,48.6505],[-3.6828,48.6564],[-3.6644,48.6544],[-3.6659,48.6511],[-3.6614,48.6467],[-3.6614,48.6399],[-3.6592,48.6388],[-3.66,48.6349],[-3.6545,48.6246],[-3.6559,48.6199],[-3.6543,48.6176]]]]}},{"type":"Feature","properties":{"territoire":"29193","nom":"Plougourvest","type":"commune"},"geometry":{"type":"MultiPolygon","coordinates":[[[[-4.1012,48.539],[-4.1001,48.5421],[-4.104,48.5493],[-4.0924,48.5549],[-4.0957,48.5667],[-4.0685,48.576],[-4.0676,48.573],[-4.0476,48.578],[-4.0448,48.5721],[-4.05,48.5681],[-4.0515,48.5631],[-4.0475,48.5587],[-4.0547,48.5546],[-4.0549,48.5486],[-4.0612,48.5413],[-4.0565,48.5371],[-4.0479,48.5353],[-4.0492,48.5324],[-4.0564,48.5318],[-4.067,48.5384],[-4.0739,48.5304],[-4.0748,48.5253],[-4.0773,48.5253],[-4.0806,48.5305],[-4.0852,48.5313],[-4.0832,48.5342],[-4.0866,48.5405],[-4.1012,48.539]]]]}},{"type":"Feature","properties":{"territoire":"29195","nom":"Plouguerneau","type":"commune"},"geometry":{"type":"MultiPolygon","coordinates":[[[[-4.5751,48.6105],[-4.5694,48.6078],[-4.57,48.606],[-4.5721,48.6048],[-4.5751,48.6105]]],[[[-4.5764,48.615],[-4.5746,48.6188],[-4.5746,48.615],[-4.5764,48.615]]],[[[-4.5951,48.6242],[-4.5952,48.6259],[-4.592,48.6256],[-4.5932,48.6223],[-4.5951,48.6242]]],[[[-4.573,48.6213],[-4.5715,48.6226],[-4.5705,48.6208],[-4.573,48.6213]]],[[[-4.5722,48.6381],[-4.5697,48.6404],[-4.5665,48.6395],[-4.5686,48.6374],[-4.5692,48.6392],[-4.5722,48.6381]]],[[[-4.4197,48.5915],[-4.425,48.5871],[-4.4215,48.5859],[-4.422,48.5816],[-4.4305,48.5824],[-4.4333,48.5774],[-4.448,48.5716],[-4.4495,48.5688],[-4.4544,48.5711],[-4.4773,48.5716],[-4.4871,48.5741],[-4.493,48.581],[-4.5004,48.5837],[-4.5015,48.5884],[-4.5152,48.5875],[-4.5209,48.5894],[-4.5214,48.5934],[-4.5166,48.5939],[-4.5365,48.5978],[-4.5406,48.6013],[-4.5495,48.6021],[-4.5507,48.6044],[-4.5597,48.6037],[-4.5526,48.6111],[-4.5579,48.6095],[-4.5607,48.6111],[-4.5631,48.6082],[-4.5684,48.6091],[-4.5678,48.613],[-4.5637,48.6149],[-4.57,48.6166],[-4.5696,48.6192],[-4.5626,48.6203],[-4.5658,48.6259],[-4.5594,48.6233],[-4.5504,48.6245],[-4.5498,48.6264],[-4.5418,48.6245],[-4.5481,48.633],[-4.5474,48.6352],[-4.5439,48.634],[-4.5422,48.6371],[-4.538,48.637],[-4.5405,48.6341],[-4.5396,48.6313],[-4.5355,48.6337],[-4.5357,48.6312],[-4.5312,48.6294],[-4.5263,48.6298],[-4.5215,48.6349],[-4.5132,48.6352],[-4.512,48.6294],[-4.5088,48.6293],[-4.5084,48.6312],[-4.5051,48.6291],[-4.513,48.6282],[-4.5099,48.6229],[-4.5006,48.6209],[-4.4935,48.6258],[-4.4797,48.6236],[-4.4689,48.6268],[-4.4533,48.6257],[-4.4511,48.6325],[-4.4439,48.6295],[-4.448,48.6261],[-4.4473,48.6227],[-4.4538,48.6186],[-4.4519,48.6112],[-4.4351,48.5973],[-4.4278,48.5992],[-4.4177,48.5934],[-4.4197,48.5915]]],[[[-4.5587,48.6302],[-4.5549,48.6317],[-4.5554,48.6293],[-4.5509,48.6287],[-4.5561,48.6275],[-4.5587,48.6302]]]]}},{"type":"Feature","properties":{"territoire":"29196","nom":"Plouguin","type":"commune"},"geometry":{"type":"MultiPolygon","coordinates":[[[[-4.5844,48.5077],[-4.5889,48.5102],[-4.5928,48.5087],[-4.5925,48.505],[-4.6019,48.5022],[-4.6078,48.5047],[-4.6096,48.5024],[-4.617,48.5017],[-4.6312,48.5056],[-4.6312,48.5193],[-4.6422,48.5308],[-4.6449,48.537],[-4.6438,48.5386],[-4.6358,48.5376],[-4.6269,48.5338],[-4.6285,48.5471],[-4.6218,48.5479],[-4.6213,48.5457],[-4.5862,48.5564],[-4.5592,48.5517],[-4.5552,48.5475],[-4.5526,48.5377],[-4.5454,48.5353],[-4.5436,48.5332],[-4.5455,48.5315],[-4.5414,48.5282],[-4.5521,48.524],[-4.5511,48.5214],[-4.5572,48.5182],[-4.5564,48.5122],[-4.5518,48.5086],[-4.5701,48.5054],[-4.5735,48.5106],[-4.5789,48.5129],[-4.5876,48.5114],[-4.5862,48.5092],[-4.5841,48.5101],[-4.5844,48.5077]]]]}},{"type":"Feature","properties":{"territoire":"29197","nom":"Plouhinec","type":"commune"},"geometry":{"type":"MultiPolygon","coordinates":[[[[-4.481,48.0376],[-4.4737,48.029],[-4.4629,48.0295],[-4.4537,48.0264],[-4.4492,48.0227],[-4.4485,48.0153],[-4.4346,48.0084],[-4.4311,48.0091],[-4.4309,48.0015],[-4.4361,48.0019],[-4.4369,47.9966],[-4.4485,47.9947],[-4.4509,47.9915],[-4.4592,47.9896],[-4.4639,47.9843],[-4.4705,47.9846],[-4.4761,47.9861],[-4.483,47.9939],[-4.4989,48.0014],[-4.5163,48.0063],[-4.5253,48.0059],[-4.5349,48.0097],[-4.5371,48.0121],[-4.5322,48.0209],[-4.5354,48.0246],[-4.5323,48.0288],[-4.5348,48.0318],[-4.5312,48.036],[-4.5105,48.0386],[-4.5104,48.0363],[-4.5053,48.036],[-4.4949,48.0399],[-4.4906,48.0371],[-4.481,48.0376]]]]}},{"type":"Feature","properties":{"territoire":"29198","nom":"Plouider","type":"commune"},"geometry":{"type":"MultiPolygon","coordinates":[[[[-4.2727,48.6223],[-4.2702,48.6197],[-4.274,48.6099],[-4.2635,48.6002],[-4.2504,48.6016],[-4.244,48.5868],[-4.2384,48.5849],[-4.2433,48.5814],[-4.243,48.5769],[-4.2494,48.5755],[-4.2567,48.5777],[-4.2575,48.5752],[-4.2791,48.5728],[-4.2838,48.5731],[-4.2891,48.5771],[-4.288,48.5814],[-4.2915,48.5869],[-4.3122,48.5944],[-4.3188,48.6031],[-4.3327,48.6046],[-4.3411,48.6147],[-4.349,48.6158],[-4.3515,48.6219],[-4.3561,48.6219],[-4.3493,48.6273],[-4.3369,48.6256],[-4.3279,48.6341],[-4.3259,48.6328],[-4.3174,48.6378],[-4.3116,48.6352],[-4.3156,48.6237],[-4.3195,48.6217],[-4.3196,48.6193],[-4.306,48.6125],[-4.2951,48.6134],[-4.2917,48.6105],[-4.2798,48.6197],[-4.2727,48.6223]]]]}},{"type":"Feature","properties":{"territoire":"29213","nom":"Plouzévédé","type":"commune"},"geometry":{"type":"MultiPolygon","coordinates":[[[[-4.1201,48.6058],[-4.12,48.6109],[-4.1247,48.6161],[-4.1252,48.622],[-4.1201,48.625],[-4.1144,48.6207],[-4.1093,48.6232],[-4.1071,48.6194],[-4.0997,48.6177],[-4.1057,48.6117],[-4.1041,48.6057],[-4.0982,48.6062],[-4.0831,48.6018],[-4.0722,48.6023],[-4.0699,48.5995],[-4.0611,48.6038],[-4.0555,48.6006],[-4.0584,48.5964],[-4.0574,48.5934],[-4.0602,48.593],[-4.0551,48.5906],[-4.0627,48.5852],[-4.0725,48.5838],[-4.0677,48.5776],[-4.07,48.5743],[-4.0962,48.5667],[-4.1066,48.5745],[-4.1087,48.5736],[-4.1119,48.5785],[-4.1184,48.5781],[-4.1184,48.5843],[-4.1313,48.5855],[-4.1261,48.5923],[-4.128,48.5955],[-4.1183,48.5987],[-4.1201,48.6058]]]]}},{"type":"Feature","properties":{"territoire":"29214","nom":"Plovan","type":"commune"},"geometry":{"type":"MultiPolygon","coordinates":[[[[-4.3205,47.9615],[-4.3188,47.9585],[-4.3229,47.954],[-4.3289,47.952],[-4.331,47.9433],[-4.3407,47.9384],[-4.3421,47.9333],[-4.339,47.9282],[-4.3438,47.9226],[-4.3435,47.9156],[-4.3518,47.9118],[-4.3625,47.9103],[-4.3734,47.9056],[-4.386,47.9249],[-4.3991,47.9374],[-4.3867,47.943],[-4.3762,47.9421],[-4.3682,47.9452],[-4.3571,47.9432],[-4.354,47.9496],[-4.3587,47.9492],[-4.3582,47.9525],[-4.346,47.9526],[-4.3303,47.9579],[-4.3297,47.9617],[-4.3205,47.9615]]]]}},{"type":"Feature","properties":{"territoire":"29215","nom":"Plozévet","type":"commune"},"geometry":{"type":"MultiPolygon","coordinates":[[[[-4.4311,48.0091],[-4.426,48.0101],[-4.4149,48.0016],[-4.4049,48.0034],[-4.3993,48.007],[-4.393,48.007],[-4.3888,48.0104],[-4.3705,48.0052],[-4.3705,47.9917],[-4.3784,47.9812],[-4.3788,47.9733],[-4.3852,47.9697],[-4.3862,47.9664],[-4.3838,47.9618],[-4.3881,47.961],[-4.3875,47.9571],[-4.3994,47.95],[-4.4112,47.9482],[-4.4236,47.963],[-4.444,47.9735],[-4.4515,47.9815],[-4.4634,47.9848],[-4.4592,47.9896],[-4.4509,47.9915],[-4.4485,47.9947],[-4.4369,47.9966],[-4.4361,48.0019],[-4.4309,48.0015],[-4.4311,48.0091]]]]}},{"type":"Feature","properties":{"territoire":"29216","nom":"Pluguffan","type":"commune"},"geometry":{"type":"MultiPolygon","coordinates":[[[[-4.219,47.9446],[-4.2203,47.9484],[-4.2159,47.9494],[-4.2163,47.9513],[-4.214,47.9515],[-4.2156,47.953],[-4.2117,47.9535],[-4.2127,47.9583],[-4.2155,47.9575],[-4.2193,47.9616],[-4.2157,47.9631],[-4.2172,47.9665],[-4.2148,47.9663],[-4.2154,47.9717],[-4.2166,47.9745],[-4.2306,47.9752],[-4.2385,47.9791],[-4.239,47.9874],[-4.2349,47.988],[-4.2335,47.9969],[-4.2277,47.9987],[-4.2221,47.9919],[-4.2166,47.9921],[-4.2143,47.9974],[-4.2073,47.9999],[-4.2092,47.9963],[-4.2016,47.9945],[-4.2009,47.9918],[-4.1937,47.9934],[-4.1916,47.9991],[-4.184,48.001],[-4.1863,48.0026],[-4.1844,48.0043],[-4.1776,48.0047],[-4.175,48.0016],[-4.1758,47.9981],[-4.1713,47.9991],[-4.1692,47.997],[-4.1703,47.9932],[-4.1562,47.9857],[-4.1527,47.9873],[-4.1512,47.985],[-4.1404,47.9821],[-4.1333,47.9821],[-4.1334,47.9793],[-4.1372,47.9795],[-4.1372,47.9759],[-4.1302,47.9752],[-4.134,47.9725],[-4.1297,47.9742],[-4.1289,47.9641],[-4.1328,47.9662],[-4.1394,47.9639],[-4.1428,47.9651],[-4.1409,47.9677],[-4.1448,47.9682],[-4.165,47.9586],[-4.171,47.9507],[-4.1776,47.9487],[-4.186,47.9352],[-4.1839,47.9312],[-4.1857,47.9292],[-4.1959,47.9385],[-4.1953,47.9406],[-4.219,47.9446]]]]}},{"type":"Feature","properties":{"territoire":"29217","nom":"Pont-Aven","type":"commune"},"geometry":{"type":"MultiPolygon","coordinates":[[[[-3.7965,47.8723],[-3.797,47.8782],[-3.805,47.875],[-3.8021,47.8775],[-3.8046,47.8808],[-3.7956,47.8828],[-3.7924,47.8958],[-3.7862,47.9032],[-3.787,47.9049],[-3.7829,47.9055],[-3.7744,47.9007],[-3.7705,47.903],[-3.7565,47.901],[-3.7469,47.8928],[-3.7351,47.8872],[-3.7252,47.8714],[-3.7274,47.8636],[-3.7361,47.863],[-3.7297,47.8605],[-3.7331,47.8581],[-3.7287,47.8546],[-3.7312,47.8505],[-3.7379,47.8501],[-3.7415,47.8472],[-3.7483,47.8478],[-3.7479,47.8541],[-3.7472,47.851],[-3.7526,47.8446],[-3.7588,47.8434],[-3.7706,47.848],[-3.7895,47.843],[-3.7933,47.8446],[-3.7952,47.8486],[-3.7993,47.8492],[-3.7973,47.8527],[-3.7984,47.8669],[-3.7965,47.8723]]]]}},{"type":"Feature","properties":{"territoire":"29218","nom":"Pont-Croix","type":"commune"},"geometry":{"type":"MultiPolygon","coordinates":[[[[-4.469,48.0383],[-4.4818,48.0414],[-4.4809,48.0378],[-4.484,48.0365],[-4.4949,48.0399],[-4.5063,48.0359],[-4.5107,48.0365],[-4.5101,48.0386],[-4.5276,48.037],[-4.5274,48.0397],[-4.534,48.0406],[-4.5332,48.0463],[-4.5394,48.0492],[-4.5352,48.0501],[-4.5341,48.0472],[-4.5264,48.0464],[-4.5245,48.0515],[-4.5205,48.0527],[-4.5166,48.0503],[-4.5045,48.0501],[-4.5014,48.0514],[-4.5055,48.0558],[-4.4944,48.0611],[-4.4902,48.0599],[-4.491,48.0578],[-4.4874,48.0532],[-4.4805,48.0577],[-4.466,48.0528],[-4.469,48.0383]]]]}},{"type":"Feature","properties":{"territoire":"29220","nom":"Pont-l'Abbé","type":"commune"},"geometry":{"type":"MultiPolygon","coordinates":[[[[-4.2461,47.8453],[-4.2474,47.8511],[-4.2543,47.8524],[-4.2559,47.856],[-4.2493,47.8573],[-4.2522,47.8588],[-4.2521,47.8643],[-4.2587,47.8656],[-4.2571,47.8709],[-4.229,47.8671],[-4.2234,47.875],[-4.2272,47.8761],[-4.2289,47.8797],[-4.2223,47.8856],[-4.2229,47.8881],[-4.2133,47.8911],[-4.2155,47.8932],[-4.2132,47.8947],[-4.2112,47.8917],[-4.2078,47.8934],[-4.2027,47.8892],[-4.184,47.8832],[-4.1836,47.8752],[-4.1955,47.8757],[-4.1923,47.8725],[-4.1919,47.8672],[-4.182,47.8673],[-4.1832,47.8634],[-4.1761,47.8547],[-4.178,47.8506],[-4.1932,47.8643],[-4.1899,47.8661],[-4.1913,47.8669],[-4.1944,47.8652],[-4.1976,47.8668],[-4.1951,47.8645],[-4.1972,47.8581],[-4.2043,47.8625],[-4.2058,47.8657],[-4.2041,47.8672],[-4.2217,47.8679],[-4.2109,47.8667],[-4.1986,47.8573],[-4.1942,47.8566],[-4.196,47.857],[-4.1936,47.854],[-4.1958,47.8516],[-4.1946,47.8491],[-4.1983,47.8489],[-4.1986,47.8512],[-4.2079,47.85],[-4.2047,47.845],[-4.209,47.8425],[-4.2108,47.8447],[-4.2128,47.8415],[-4.2206,47.8501],[-4.2231,47.8483],[-4.2205,47.8445],[-4.2343,47.8398],[-4.2372,47.8446],[-4.2429,47.8434],[-4.2461,47.8453]]]]}},{"type":"Feature","properties":{"territoire":"29221","nom":"Porspoder","type":"commune"},"geometry":{"type":"MultiPolygon","coordinates":[[[[-4.7787,48.4859],[-4.776,48.4857],[-4.7766,48.4837],[-4.7787,48.4859]]],[[[-4.7497,48.5163],[-4.7443,48.5113],[-4.7273,48.5036],[-4.7324,48.4981],[-4.7304,48.4965],[-4.7317,48.4921],[-4.7291,48.4905],[-4.7332,48.4846],[-4.7436,48.4807],[-4.7606,48.4838],[-4.7643,48.4799],[-4.7749,48.4845],[-4.7719,48.4845],[-4.7713,48.4868],[-4.7757,48.4886],[-4.7743,48.493],[-4.78,48.4977],[-4.7757,48.5011],[-4.7789,48.504],[-4.7666,48.5108],[-4.7701,48.5128],[-4.77,48.5164],[-4.7763,48.5144],[-4.778,48.5167],[-4.7729,48.5193],[-4.767,48.5157],[-4.7636,48.5196],[-4.7497,48.5163]]]]}},{"type":"Feature","properties":{"territoire":"29279","nom":"Taulé","type":"commune"},"geometry":{"type":"MultiPolygon","coordinates":[[[[-3.935,48.5981],[-3.9404,48.6036],[-3.94,48.6082],[-3.9447,48.6151],[-3.9295,48.6113],[-3.9269,48.6184],[-3.9183,48.619],[-3.9194,48.6262],[-3.9119,48.6299],[-3.9032,48.6298],[-3.8994,48.6365],[-3.8954,48.6386],[-3.8838,48.6351],[-3.8806,48.6394],[-3.8761,48.6387],[-3.8599,48.6322],[-3.8583,48.629],[-3.8711,48.6265],[-3.8714,48.6208],[-3.8583,48.6183],[-3.8622,48.6134],[-3.8574,48.6087],[-3.8635,48.6085],[-3.873,48.6037],[-3.8718,48.598],[-3.875,48.595],[-3.8754,48.5898],[-3.8723,48.5819],[-3.8878,48.581],[-3.8881,48.5753],[-3.9002,48.574],[-3.9075,48.5679],[-3.9056,48.5657],[-3.9112,48.5637],[-3.9104,48.5609],[-3.9204,48.5661],[-3.9188,48.5697],[-3.9265,48.5823],[-3.923,48.5886],[-3.934,48.594],[-3.935,48.5981]]]]}},{"type":"Feature","properties":{"territoire":"29280","nom":"Telgruc-sur-Mer","type":"commune"},"geometry":{"type":"MultiPolygon","coordinates":[[[[-4.3656,48.2666],[-4.3561,48.2683],[-4.3544,48.2627],[-4.3291,48.2617],[-4.3342,48.2529],[-4.3343,48.2469],[-4.3218,48.237],[-4.3176,48.2257],[-4.3188,48.222],[-4.3224,48.2206],[-4.3204,48.215],[-4.3241,48.2114],[-4.3379,48.2054],[-4.3492,48.2073],[-4.3693,48.2053],[-4.3743,48.2066],[-4.369,48.2097],[-4.3779,48.2188],[-4.3866,48.2196],[-4.3922,48.2172],[-4.3925,48.2204],[-4.3999,48.22],[-4.405,48.2224],[-4.3959,48.2305],[-4.3984,48.2351],[-4.3975,48.2433],[-4.3858,48.2455],[-4.3863,48.2537],[-4.3622,48.2587],[-4.3674,48.2621],[-4.3656,48.2666]]]]}},{"type":"Feature","properties":{"territoire":"29281","nom":"Tourch","type":"commune"},"geometry":{"type":"MultiPolygon","coordinates":[[[[-3.8182,47.9883],[-3.8269,47.9939],[-3.8344,47.993],[-3.8376,47.9978],[-3.843,48.0001],[-3.8435,48.003],[-3.8459,48.0024],[-3.8479,48.0063],[-3.8469,48.0112],[-3.8506,48.016],[-3.8469,48.0191],[-3.8492,48.0188],[-3.8444,48.0287],[-3.8461,48.0358],[-3.85,48.0384],[-3.8459,48.0418],[-3.8357,48.0438],[-3.8301,48.0483],[-3.8266,48.0478],[-3.8245,48.0526],[-3.8169,48.0511],[-3.8121,48.0668],[-3.7962,48.0656],[-3.7984,48.0483],[-3.8066,48.038],[-3.8047,48.034],[-3.8057,48.0235],[-3.8116,48.0173],[-3.8105,48.0109],[-3.8125,48.0073],[-3.8096,48.0012],[-3.8133,47.9991],[-3.8135,47.9945],[-3.8182,47.9883]]]]}},{"type":"Feature","properties":{"territoire":"29222","nom":"Port-Launay","type":"commune"},"geometry":{"type":"MultiPolygon","coordinates":[[[[-4.0971,48.2111],[-4.0997,48.2139],[-4.0913,48.2221],[-4.0801,48.223],[-4.0783,48.2262],[-4.0708,48.2203],[-4.0664,48.2132],[-4.0732,48.2102],[-4.0758,48.2111],[-4.0744,48.2157],[-4.0793,48.2173],[-4.0971,48.2111]]]]}},{"type":"Feature","properties":{"territoire":"29224","nom":"Pouldergat","type":"commune"},"geometry":{"type":"MultiPolygon","coordinates":[[[[-4.3533,48.0632],[-4.3434,48.0649],[-4.3314,48.0724],[-4.3245,48.0735],[-4.3222,48.0696],[-4.3261,48.0655],[-4.3197,48.0617],[-4.3194,48.0576],[-4.3093,48.0542],[-4.3021,48.0485],[-4.283,48.0455],[-4.2854,48.0395],[-4.2829,48.0388],[-4.292,48.0297],[-4.2853,48.0217],[-4.288,48.0157],[-4.2978,48.0126],[-4.3175,48.0223],[-4.3685,48.0261],[-4.3711,48.0422],[-4.3689,48.042],[-4.3685,48.0454],[-4.3592,48.0442],[-4.3592,48.0466],[-4.3523,48.0474],[-4.3517,48.0519],[-4.3577,48.0588],[-4.3533,48.0632]]]]}},{"type":"Feature","properties":{"territoire":"29225","nom":"Pouldreuzic","type":"commune"},"geometry":{"type":"MultiPolygon","coordinates":[[[[-4.4111,47.9482],[-4.3994,47.95],[-4.3875,47.9571],[-4.3881,47.961],[-4.3838,47.9618],[-4.3862,47.9664],[-4.3852,47.9697],[-4.3786,47.9736],[-4.3784,47.9803],[-4.3759,47.9797],[-4.3757,47.9832],[-4.3698,47.9813],[-4.3654,47.9882],[-4.3632,47.988],[-4.3632,47.9819],[-4.3588,47.98],[-4.3609,47.9757],[-4.3465,47.9758],[-4.3442,47.9813],[-4.3399,47.982],[-4.3413,47.9749],[-4.3354,47.9731],[-4.3318,47.9756],[-4.327,47.9738],[-4.3245,47.9779],[-4.3195,47.9772],[-4.3207,47.9687],[-4.3262,47.9676],[-4.3205,47.9615],[-4.3297,47.9617],[-4.3303,47.9579],[-4.346,47.9526],[-4.3582,47.9525],[-4.3587,47.9492],[-4.354,47.9496],[-4.3571,47.9432],[-4.3682,47.9452],[-4.3762,47.9421],[-4.3867,47.943],[-4.3991,47.9374],[-4.4085,47.9427],[-4.4111,47.9482]]]]}},{"type":"Feature","properties":{"territoire":"29226","nom":"Poullan-sur-Mer","type":"commune"},"geometry":{"type":"MultiPolygon","coordinates":[[[[-4.3533,48.0632],[-4.3577,48.0589],[-4.3517,48.0519],[-4.354,48.0459],[-4.3659,48.0493],[-4.3669,48.0542],[-4.3702,48.0556],[-4.3695,48.0528],[-4.3744,48.0449],[-4.3817,48.0454],[-4.3777,48.0436],[-4.379,48.042],[-4.4013,48.0441],[-4.4018,48.0514],[-4.4189,48.0551],[-4.4188,48.0619],[-4.4211,48.062],[-4.4223,48.0665],[-4.4219,48.0711],[-4.4174,48.0732],[-4.4219,48.0813],[-4.4279,48.0827],[-4.4395,48.0797],[-4.4574,48.0965],[-4.4496,48.0986],[-4.4334,48.0965],[-4.4296,48.0999],[-4.4231,48.1],[-4.4237,48.1028],[-4.4175,48.1066],[-4.4129,48.1071],[-4.4059,48.1035],[-4.4038,48.1056],[-4.3896,48.1046],[-4.3793,48.1079],[-4.3716,48.102],[-4.3707,48.0979],[-4.373,48.0952],[-4.3714,48.0902],[-4.3676,48.0864],[-4.3604,48.0857],[-4.3613,48.0809],[-4.3751,48.082],[-4.3726,48.0768],[-4.3759,48.0759],[-4.3749,48.0736],[-4.3714,48.0704],[-4.3685,48.0712],[-4.3699,48.0677],[-4.3676,48.0665],[-4.3513,48.0682],[-4.3533,48.0632]]]]}},{"type":"Feature","properties":{"territoire":"29227","nom":"Poullaouen","type":"commune"},"geometry":{"type":"MultiPolygon","coordinates":[[[[-3.6796,48.3728],[-3.675,48.3763],[-3.6769,48.3806],[-3.6734,48.3816],[-3.6656,48.3903],[-3.6569,48.3865],[-3.644,48.3858],[-3.6423,48.3826],[-3.6346,48.3802],[-3.6149,48.3821],[-3.608,48.3885],[-3.6038,48.3861],[-3.594,48.3863],[-3.5868,48.3807],[-3.5743,48.381],[-3.5677,48.3767],[-3.567,48.3794],[-3.5546,48.3788],[-3.5542,48.3724],[-3.5517,48.3712],[-3.5594,48.3659],[-3.5558,48.3635],[-3.5588,48.3591],[-3.5556,48.3564],[-3.5594,48.3553],[-3.5586,48.3523],[-3.5616,48.3516],[-3.5631,48.3468],[-3.5693,48.3431],[-3.5748,48.3433],[-3.5778,48.3472],[-3.5825,48.3412],[-3.5833,48.3374],[-3.581,48.3365],[-3.5896,48.3326],[-3.5922,48.3238],[-3.6105,48.3131],[-3.6069,48.3094],[-3.6121,48.3052],[-3.6382,48.3049],[-3.637,48.3021],[-3.6443,48.3004],[-3.6445,48.2967],[-3.6521,48.2974],[-3.6525,48.2951],[-3.663,48.2924],[-3.6797,48.2959],[-3.6949,48.3056],[-3.6921,48.3097],[-3.6806,48.3152],[-3.6809,48.322],[-3.6879,48.3235],[-3.7201,48.3463],[-3.737,48.3457],[-3.7386,48.3489],[-3.7263,48.3534],[-3.7226,48.3582],[-3.7242,48.3616],[-3.7224,48.3631],[-3.7135,48.3628],[-3.7175,48.3725],[-3.7165,48.382],[-3.7115,48.3841],[-3.714,48.3891],[-3.7032,48.3861],[-3.6966,48.3895],[-3.6861,48.386],[-3.6864,48.3827],[-3.6796,48.3728]]]]}},{"type":"Feature","properties":{"territoire":"29228","nom":"Primelin","type":"commune"},"geometry":{"type":"MultiPolygon","coordinates":[[[[-4.6129,48.0382],[-4.5757,48.0384],[-4.5768,48.0336],[-4.5811,48.0344],[-4.5767,48.0302],[-4.5761,48.0222],[-4.5881,48.0218],[-4.5934,48.0186],[-4.5989,48.0208],[-4.6031,48.0151],[-4.6119,48.0186],[-4.6142,48.0168],[-4.623,48.0177],[-4.6227,48.0207],[-4.6269,48.0213],[-4.6289,48.0257],[-4.6326,48.027],[-4.6301,48.0271],[-4.634,48.0313],[-4.6345,48.0384],[-4.6129,48.0382]]]]}},{"type":"Feature","properties":{"territoire":"29229","nom":"Quéménéven","type":"commune"},"geometry":{"type":"MultiPolygon","coordinates":[[[[-4.1805,48.0989],[-4.1812,48.1029],[-4.1878,48.1077],[-4.1975,48.1115],[-4.2065,48.112],[-4.2081,48.1218],[-4.1982,48.1256],[-4.1972,48.1297],[-4.1867,48.1311],[-4.1721,48.1283],[-4.1618,48.132],[-4.1541,48.1313],[-4.1526,48.1355],[-4.1489,48.1353],[-4.1357,48.1438],[-4.1249,48.1401],[-4.1146,48.1256],[-4.1067,48.1298],[-4.0947,48.1289],[-4.0938,48.1259],[-4.0862,48.1283],[-4.0858,48.1246],[-4.079,48.1216],[-4.0841,48.1135],[-4.1304,48.096],[-4.136,48.0967],[-4.1386,48.1017],[-4.1447,48.1034],[-4.1513,48.1009],[-4.1572,48.1029],[-4.1805,48.0989]]]]}},{"type":"Feature","properties":{"territoire":"29230","nom":"Querrien","type":"commune"},"geometry":{"type":"MultiPolygon","coordinates":[[[[-3.5898,47.9892],[-3.584,47.9845],[-3.5768,47.9907],[-3.5607,47.9914],[-3.5557,47.9941],[-3.5463,47.9866],[-3.531,47.9889],[-3.5252,47.9795],[-3.5192,47.9762],[-3.4914,47.975],[-3.4848,47.9668],[-3.4851,47.9597],[-3.4818,47.958],[-3.4812,47.9518],[-3.4777,47.9489],[-3.4667,47.9471],[-3.471,47.9416],[-3.4739,47.9413],[-3.4906,47.9429],[-3.5006,47.9478],[-3.509,47.9448],[-3.5148,47.9345],[-3.5202,47.9319],[-3.5124,47.9307],[-3.5167,47.923],[-3.5388,47.9248],[-3.5411,47.9181],[-3.5462,47.9145],[-3.5571,47.9139],[-3.5683,47.9208],[-3.5764,47.9206],[-3.5825,47.9256],[-3.5968,47.9274],[-3.5956,47.9306],[-3.5983,47.9342],[-3.5959,47.9399],[-3.6001,47.9427],[-3.5961,47.9466],[-3.5996,47.9487],[-3.5976,47.9546],[-3.5864,47.9598],[-3.5858,47.9633],[-3.5833,47.9638],[-3.5862,47.9693],[-3.6012,47.9761],[-3.6036,47.9793],[-3.6111,47.9783],[-3.6129,47.9848],[-3.608,47.9893],[-3.5898,47.9892]]]]}},{"type":"Feature","properties":{"territoire":"29232","nom":"Quimper","type":"commune"},"geometry":{"type":"MultiPolygon","coordinates":[[[[-4.1479,48.0319],[-4.1413,48.0333],[-4.1332,48.0387],[-4.1329,48.0436],[-4.1287,48.0454],[-4.1281,48.0409],[-4.1247,48.0391],[-4.1222,48.0399],[-4.1217,48.0432],[-4.1138,48.041],[-4.1089,48.0421],[-4.1128,48.0492],[-4.1033,48.0542],[-4.1121,48.0557],[-4.1051,48.0591],[-4.1074,48.0646],[-4.0961,48.0661],[-4.091,48.064],[-4.077,48.0641],[-4.0722,48.053],[-4.0676,48.0509],[-4.0687,48.0444],[-4.0632,48.0442],[-4.0655,48.0417],[-4.059,48.0401],[-4.0606,48.0388],[-4.0578,48.037],[-4.0585,48.0346],[-4.0627,48.0334],[-4.0556,48.0302],[-4.0547,48.0275],[-4.0629,48.0223],[-4.06,48.0198],[-4.0648,48.0133],[-4.0628,48.0041],[-4.0685,47.9997],[-4.0665,47.9951],[-4.0716,47.9936],[-4.0675,47.9917],[-4.056,47.9938],[-4.041,47.9931],[-4.0392,47.9912],[-4.0206,47.9916],[-4.0127,47.9853],[-4.0125,47.9804],[-4.0206,47.9724],[-4.0264,47.9718],[-4.0325,47.9656],[-4.0387,47.9662],[-4.038,47.9623],[-4.0355,47.962],[-4.0369,47.9521],[-4.0414,47.9502],[-4.0412,47.9454],[-4.0451,47.9456],[-4.0471,47.9377],[-4.0596,47.9305],[-4.0766,47.9345],[-4.0782,47.9381],[-4.0866,47.9379],[-4.0954,47.9416],[-4.089,47.9457],[-4.083,47.9447],[-4.0881,47.947],[-4.0849,47.9503],[-4.0752,47.9481],[-4.0786,47.9521],[-4.084,47.9517],[-4.0812,47.9559],[-4.0844,47.9558],[-4.085,47.9518],[-4.0916,47.9491],[-4.0905,47.9465],[-4.0961,47.9422],[-4.1013,47.9445],[-4.1037,47.9421],[-4.1097,47.9426],[-4.108,47.9506],[-4.1023,47.9503],[-4.0975,47.9534],[-4.0946,47.9631],[-4.0969,47.9714],[-4.101,47.9746],[-4.115,47.9763],[-4.1132,47.9763],[-4.1149,47.9837],[-4.1173,47.9837],[-4.1171,47.9753],[-4.1114,47.9718],[-4.1016,47.9716],[-4.1014,47.9697],[-4.1089,47.9639],[-4.113,47.9666],[-4.1279,47.9647],[-4.1297,47.9742],[-4.1344,47.9729],[-4.1302,47.9752],[-4.1372,47.9759],[-4.1372,47.9795],[-4.1334,47.9793],[-4.1333,47.9821],[-4.1512,47.985],[-4.1529,47.9931],[-4.1592,48.0006],[-4.1573,48.0015],[-4.1594,48.0071],[-4.1718,48.0112],[-4.1728,48.0139],[-4.1819,48.0189],[-4.1821,48.0213],[-4.1755,48.0226],[-4.1702,48.022],[-4.1668,48.0175],[-4.1509,48.017],[-4.1401,48.0199],[-4.1331,48.0171],[-4.1317,48.0214],[-4.1438,48.0248],[-4.1487,48.0294],[-4.1479,48.0319]]]]}},{"type":"Feature","properties":{"territoire":"29233","nom":"Quimperlé","type":"commune"},"geometry":{"type":"MultiPolygon","coordinates":[[[[-3.519,47.8492],[-3.5231,47.8495],[-3.5288,47.8453],[-3.5267,47.8427],[-3.5313,47.843],[-3.5398,47.8363],[-3.5411,47.8284],[-3.5391,47.8244],[-3.5427,47.8215],[-3.5438,47.8235],[-3.5534,47.8224],[-3.5658,47.8275],[-3.568,47.8315],[-3.5788,47.8335],[-3.5852,47.8242],[-3.5891,47.828],[-3.5838,47.8304],[-3.5864,47.8361],[-3.5847,47.8414],[-3.5888,47.8388],[-3.5882,47.8411],[-3.5913,47.8413],[-3.5898,47.8394],[-3.5914,47.8387],[-3.5957,47.8404],[-3.5985,47.8371],[-3.6033,47.8406],[-3.6083,47.8382],[-3.611,47.8418],[-3.5984,47.8483],[-3.5961,47.8542],[-3.5895,47.8533],[-3.5907,47.8596],[-3.5883,47.8619],[-3.5918,47.8602],[-3.5937,47.864],[-3.5845,47.8674],[-3.5844,47.8718],[-3.5792,47.8738],[-3.579,47.8761],[-3.5722,47.8766],[-3.5729,47.8802],[-3.5648,47.8832],[-3.5655,47.885],[-3.5585,47.8851],[-3.5503,47.8902],[-3.5437,47.8879],[-3.5427,47.8832],[-3.5384,47.8837],[-3.5387,47.8797],[-3.5192,47.8789],[-3.513,47.8743],[-3.5064,47.8761],[-3.5111,47.8723],[-3.5097,47.8672],[-3.5077,47.867],[-3.5099,47.8633],[-3.518,47.8603],[-3.5097,47.8498],[-3.519,47.8492]]]]}},{"type":"Feature","properties":{"territoire":"29234","nom":"Rédené","type":"commune"},"geometry":{"type":"MultiPolygon","coordinates":[[[[-3.4495,47.861],[-3.4519,47.8584],[-3.4491,47.8465],[-3.4541,47.8445],[-3.4577,47.8367],[-3.475,47.8356],[-3.4849,47.8246],[-3.4921,47.8243],[-3.4959,47.8284],[-3.512,47.8321],[-3.5161,47.8393],[-3.5219,47.8399],[-3.5193,47.8491],[-3.5097,47.8498],[-3.518,47.8603],[-3.5099,47.8633],[-3.5077,47.867],[-3.5097,47.8672],[-3.5111,47.8723],[-3.5062,47.8755],[-3.5085,47.8767],[-3.513,47.8743],[-3.5192,47.8789],[-3.528,47.8801],[-3.5244,47.8809],[-3.5229,47.8851],[-3.5179,47.8831],[-3.5035,47.8838],[-3.4994,47.8882],[-3.4963,47.8882],[-3.4892,47.8809],[-3.4846,47.8813],[-3.4845,47.8784],[-3.4758,47.8733],[-3.4705,47.8743],[-3.4649,47.871],[-3.4577,47.8725],[-3.4529,47.8706],[-3.4503,47.8682],[-3.4542,47.864],[-3.4495,47.861]]]]}},{"type":"Feature","properties":{"territoire":"29235","nom":"Le Relecq-Kerhuon","type":"commune"},"geometry":{"type":"MultiPolygon","coordinates":[[[[-4.4223,48.3985],[-4.4265,48.3993],[-4.4261,48.4043],[-4.4191,48.4039],[-4.4198,48.4097],[-4.4127,48.4103],[-4.4049,48.4149],[-4.3979,48.4147],[-4.3977,48.4166],[-4.3958,48.414],[-4.3872,48.4148],[-4.3843,48.4095],[-4.3771,48.4041],[-4.3764,48.4006],[-4.3836,48.3964],[-4.3935,48.3972],[-4.4017,48.3898],[-4.4121,48.392],[-4.4227,48.3969],[-4.4223,48.3985]]]]}},{"type":"Feature","properties":{"territoire":"29236","nom":"Riec-sur-Bélon","type":"commune"},"geometry":{"type":"MultiPolygon","coordinates":[[[[-3.6968,47.899],[-3.6953,47.8962],[-3.697,47.8933],[-3.6873,47.8802],[-3.6922,47.8754],[-3.6918,47.8724],[-3.6809,47.871],[-3.6807,47.8675],[-3.6768,47.8661],[-3.6767,47.864],[-3.6675,47.8679],[-3.6547,47.8658],[-3.6564,47.8696],[-3.6548,47.8721],[-3.6458,47.8729],[-3.6471,47.8774],[-3.6402,47.8786],[-3.6261,47.8795],[-3.6092,47.8722],[-3.6305,47.8657],[-3.6327,47.8608],[-3.6282,47.8544],[-3.6327,47.8486],[-3.6311,47.846],[-3.634,47.8434],[-3.635,47.8316],[-3.6469,47.8228],[-3.6513,47.8217],[-3.6704,47.8255],[-3.6736,47.8287],[-3.6727,47.8261],[-3.6752,47.8243],[-3.6838,47.8235],[-3.6861,47.8205],[-3.6945,47.8205],[-3.697,47.8211],[-3.6974,47.8242],[-3.693,47.8274],[-3.6949,47.8318],[-3.6981,47.8318],[-3.6955,47.8278],[-3.7003,47.8247],[-3.6984,47.8219],[-3.7046,47.8173],[-3.7053,47.8138],[-3.7118,47.8147],[-3.7145,47.8098],[-3.7327,47.8031],[-3.7419,47.8123],[-3.744,47.8181],[-3.7408,47.8184],[-3.7446,47.8207],[-3.7426,47.8254],[-3.7476,47.8312],[-3.7459,47.8328],[-3.7494,47.8325],[-3.7507,47.8347],[-3.745,47.8356],[-3.7483,47.8376],[-3.747,47.8419],[-3.7426,47.8406],[-3.7508,47.846],[-3.7312,47.8505],[-3.7316,47.8526],[-3.7288,47.854],[-3.7331,47.8581],[-3.7294,47.8589],[-3.7304,47.8615],[-3.7361,47.8625],[-3.7274,47.8636],[-3.7252,47.8714],[-3.7319,47.8837],[-3.7205,47.8855],[-3.7196,47.8905],[-3.7074,47.8947],[-3.7033,47.8939],[-3.7045,47.8971],[-3.6968,47.899]]]]}},{"type":"Feature","properties":{"territoire":"29287","nom":"Tréflez","type":"commune"},"geometry":{"type":"MultiPolygon","coordinates":[[[[-4.2496,48.6],[-4.2507,48.6018],[-4.2635,48.6002],[-4.274,48.6099],[-4.2702,48.6197],[-4.2735,48.6233],[-4.2698,48.6298],[-4.2719,48.6322],[-4.2894,48.633],[-4.2938,48.638],[-4.3021,48.6411],[-4.2811,48.6423],[-4.2748,48.6495],[-4.2449,48.6497],[-4.2411,48.6427],[-4.2445,48.6396],[-4.2408,48.6384],[-4.2367,48.6261],[-4.2309,48.6254],[-4.2269,48.6216],[-4.2295,48.6111],[-4.2351,48.6123],[-4.2378,48.6092],[-4.2379,48.602],[-4.2487,48.6028],[-4.2496,48.6]]]]}},{"type":"Feature","properties":{"territoire":"29237","nom":"La Roche-Maurice","type":"commune"},"geometry":{"type":"MultiPolygon","coordinates":[[[[-4.163,48.488],[-4.156,48.4897],[-4.1478,48.4838],[-4.1551,48.4843],[-4.168,48.4739],[-4.1723,48.4762],[-4.1722,48.4697],[-4.1741,48.4688],[-4.17,48.4625],[-4.1829,48.4635],[-4.1816,48.4601],[-4.1925,48.4581],[-4.1949,48.452],[-4.2009,48.4536],[-4.2003,48.4569],[-4.2062,48.4557],[-4.2075,48.4598],[-4.2117,48.4578],[-4.2264,48.4628],[-4.2235,48.4646],[-4.2234,48.4686],[-4.2154,48.4691],[-4.2143,48.4747],[-4.2212,48.4805],[-4.2226,48.4875],[-4.2166,48.4914],[-4.2042,48.4908],[-4.2034,48.4858],[-4.1999,48.4826],[-4.195,48.4842],[-4.1939,48.4813],[-4.1878,48.4823],[-4.1855,48.4796],[-4.1879,48.4786],[-4.1795,48.4804],[-4.1752,48.4855],[-4.163,48.488]]]]}},{"type":"Feature","properties":{"territoire":"29238","nom":"Roscanvel","type":"commune"},"geometry":{"type":"MultiPolygon","coordinates":[[[[-4.5674,48.292],[-4.5696,48.2937],[-4.5689,48.2972],[-4.5736,48.2995],[-4.5709,48.3005],[-4.5705,48.3046],[-4.5743,48.3066],[-4.5723,48.3068],[-4.5736,48.3097],[-4.5762,48.3098],[-4.5737,48.313],[-4.5819,48.3194],[-4.5774,48.3226],[-4.5789,48.3245],[-4.5717,48.3263],[-4.5711,48.3303],[-4.5632,48.3316],[-4.5549,48.3385],[-4.5323,48.3417],[-4.5384,48.3315],[-4.5455,48.3249],[-4.5436,48.3197],[-4.5462,48.3176],[-4.5452,48.3143],[-4.5481,48.3093],[-4.5562,48.3037],[-4.5532,48.2948],[-4.5619,48.2958],[-4.5674,48.292]]]]}},{"type":"Feature","properties":{"territoire":"29239","nom":"Roscoff","type":"commune"},"geometry":{"type":"MultiPolygon","coordinates":[[[[-4.0071,48.724],[-4.0071,48.7276],[-4.0049,48.7259],[-4.001,48.7271],[-4.008,48.7209],[-4.0027,48.7172],[-4.0051,48.7154],[-4.0008,48.7116],[-3.9917,48.7168],[-3.9928,48.7232],[-3.9892,48.7275],[-3.9813,48.7268],[-3.9824,48.7312],[-3.9813,48.7268],[-3.9775,48.726],[-3.9819,48.7264],[-3.9793,48.7246],[-3.9825,48.7253],[-3.9804,48.723],[-3.9745,48.7234],[-3.9752,48.7269],[-3.9728,48.7246],[-3.9695,48.7275],[-3.9683,48.723],[-3.9613,48.7202],[-3.9653,48.7219],[-3.9656,48.7185],[-3.9679,48.7181],[-3.9655,48.7177],[-3.9723,48.7136],[-3.9698,48.7106],[-3.9737,48.7105],[-3.9714,48.706],[-3.9736,48.704],[-3.9879,48.7033],[-3.997,48.6951],[-4.0075,48.6967],[-4.0055,48.699],[-4.0059,48.7016],[-4.0091,48.7023],[-4.0086,48.7086],[-4.0048,48.7098],[-4.0075,48.7142],[-4.0119,48.7155],[-4.0071,48.724]]],[[[-3.9647,48.7143],[-3.965,48.7184],[-3.963,48.7157],[-3.9647,48.7143]]]]}},{"type":"Feature","properties":{"territoire":"29240","nom":"Rosnoën","type":"commune"},"geometry":{"type":"MultiPolygon","coordinates":[[[[-4.15,48.2807],[-4.1489,48.2791],[-4.1586,48.2761],[-4.157,48.2727],[-4.15,48.2742],[-4.1505,48.2703],[-4.1452,48.2669],[-4.1407,48.2587],[-4.1538,48.2463],[-4.1594,48.2462],[-4.1906,48.2491],[-4.2007,48.2476],[-4.2008,48.2495],[-4.2081,48.2511],[-4.2105,48.2582],[-4.217,48.2612],[-4.2249,48.2603],[-4.2304,48.2567],[-4.2329,48.2579],[-4.2393,48.2539],[-4.2483,48.2654],[-4.28,48.2789],[-4.2773,48.281],[-4.261,48.2797],[-4.2396,48.2887],[-4.2375,48.2869],[-4.2387,48.2904],[-4.2333,48.2919],[-4.228,48.2909],[-4.2257,48.2872],[-4.2164,48.2901],[-4.2106,48.2894],[-4.2108,48.2913],[-4.2022,48.2943],[-4.1972,48.2916],[-4.189,48.2925],[-4.1822,48.289],[-4.1801,48.2841],[-4.1743,48.2848],[-4.1702,48.2815],[-4.1657,48.2827],[-4.1725,48.2892],[-4.1682,48.2898],[-4.1692,48.2955],[-4.1617,48.2988],[-4.1526,48.2963],[-4.1523,48.2927],[-4.1436,48.2848],[-4.1495,48.2838],[-4.1568,48.2873],[-4.1581,48.2858],[-4.15,48.2807]]],[[[-4.2819,48.2835],[-4.2791,48.2851],[-4.277,48.2828],[-4.2819,48.2835]]]]}},{"type":"Feature","properties":{"territoire":"29243","nom":"Saint-Coulitz","type":"commune"},"geometry":{"type":"MultiPolygon","coordinates":[[[[-4.0542,48.1618],[-4.0602,48.1649],[-4.0649,48.1611],[-4.0742,48.1628],[-4.0746,48.1607],[-4.0774,48.1608],[-4.0763,48.1637],[-4.0801,48.1657],[-4.0752,48.1761],[-4.0819,48.1748],[-4.0819,48.1771],[-4.096,48.178],[-4.0964,48.1752],[-4.0988,48.1747],[-4.0992,48.1815],[-4.0947,48.1848],[-4.0939,48.1891],[-4.0859,48.1879],[-4.0797,48.19],[-4.0639,48.2047],[-4.055,48.2059],[-4.0485,48.2006],[-4.0535,48.1862],[-4.0427,48.1774],[-4.0499,48.1675],[-4.0556,48.1655],[-4.0542,48.1618]]]]}},{"type":"Feature","properties":{"territoire":"29244","nom":"Saint-Derrien","type":"commune"},"geometry":{"type":"MultiPolygon","coordinates":[[[[-4.1666,48.5634],[-4.1703,48.5569],[-4.1768,48.5529],[-4.1699,48.5489],[-4.1523,48.546],[-4.1591,48.5392],[-4.1583,48.5368],[-4.1614,48.5338],[-4.1574,48.5316],[-4.161,48.5287],[-4.1638,48.53],[-4.1685,48.527],[-4.1785,48.5265],[-4.1803,48.5317],[-4.1849,48.5313],[-4.1847,48.5329],[-4.2022,48.5322],[-4.2049,48.5354],[-4.2106,48.533],[-4.2155,48.534],[-4.2173,48.5435],[-4.2143,48.5516],[-4.2143,48.5607],[-4.1836,48.5544],[-4.1781,48.5596],[-4.1762,48.5687],[-4.1708,48.5684],[-4.1666,48.5634]]]]}},{"type":"Feature","properties":{"territoire":"29300","nom":"Le Trévoux","type":"commune"},"geometry":{"type":"MultiPolygon","coordinates":[[[[-3.6101,47.874],[-3.6261,47.8795],[-3.6402,47.8786],[-3.6471,47.8774],[-3.6458,47.8729],[-3.6548,47.8721],[-3.6564,47.8696],[-3.6547,47.8658],[-3.6675,47.8679],[-3.6767,47.864],[-3.6768,47.8661],[-3.6807,47.8675],[-3.6809,47.871],[-3.6918,47.8724],[-3.6922,47.8754],[-3.6873,47.8802],[-3.697,47.8933],[-3.6954,47.8982],[-3.6989,47.9031],[-3.6948,47.9042],[-3.6906,47.9012],[-3.6827,47.901],[-3.6838,47.9027],[-3.6811,47.9029],[-3.6827,47.9045],[-3.6764,47.9051],[-3.6778,47.907],[-3.6743,47.9093],[-3.6735,47.9048],[-3.6696,47.9062],[-3.6682,47.9038],[-3.6654,47.9036],[-3.6658,47.9057],[-3.6621,47.9056],[-3.6602,47.9084],[-3.6505,47.9049],[-3.6394,47.9087],[-3.6389,47.9048],[-3.632,47.9057],[-3.6279,47.903],[-3.6182,47.9027],[-3.6129,47.8971],[-3.6191,47.8922],[-3.6178,47.8833],[-3.616,47.8801],[-3.6118,47.8795],[-3.613,47.8766],[-3.6101,47.874]]]]}},{"type":"Feature","properties":{"territoire":"29245","nom":"Saint-Divy","type":"commune"},"geometry":{"type":"MultiPolygon","coordinates":[[[[-4.3625,48.4572],[-4.3428,48.4636],[-4.3401,48.469],[-4.3301,48.4698],[-4.3279,48.4655],[-4.3195,48.4656],[-4.3077,48.461],[-4.3016,48.4533],[-4.303,48.4513],[-4.3009,48.4471],[-4.3158,48.4468],[-4.3219,48.4438],[-4.3329,48.4455],[-4.3358,48.4427],[-4.3319,48.4406],[-4.3427,48.4349],[-4.3448,48.4384],[-4.3409,48.4426],[-4.3494,48.445],[-4.3465,48.4505],[-4.3512,48.451],[-4.3509,48.454],[-4.3625,48.4572]]]]}},{"type":"Feature","properties":{"territoire":"29246","nom":"Saint-Eloy","type":"commune"},"geometry":{"type":"MultiPolygon","coordinates":[[[[-4.1548,48.3536],[-4.1556,48.3561],[-4.1654,48.3554],[-4.1687,48.3587],[-4.1653,48.3604],[-4.1686,48.3637],[-4.1584,48.3661],[-4.1602,48.3686],[-4.1572,48.3734],[-4.1419,48.3748],[-4.1348,48.3716],[-4.1365,48.3697],[-4.1326,48.3681],[-4.1312,48.3701],[-4.1245,48.3699],[-4.1234,48.3676],[-4.1208,48.3694],[-4.1196,48.3677],[-4.108,48.3685],[-4.1013,48.3725],[-4.0966,48.3793],[-4.09,48.3802],[-4.078,48.3625],[-4.0715,48.3592],[-4.0619,48.3589],[-4.0589,48.3549],[-4.059,48.3516],[-4.0642,48.3504],[-4.0696,48.3548],[-4.0928,48.3539],[-4.1155,48.3579],[-4.141,48.3576],[-4.1548,48.3536]]]]}},{"type":"Feature","properties":{"territoire":"29247","nom":"Saint-Évarzec","type":"commune"},"geometry":{"type":"MultiPolygon","coordinates":[[[[-4.0157,47.9884],[-4.0017,47.987],[-3.9964,47.9887],[-3.9803,47.9832],[-3.9808,47.976],[-3.9839,47.9759],[-3.9833,47.9724],[-3.9907,47.9702],[-3.9858,47.9669],[-3.9858,47.9599],[-3.9801,47.9583],[-3.9776,47.955],[-3.9819,47.9478],[-3.979,47.946],[-3.9815,47.9459],[-3.9918,47.9335],[-3.9877,47.9304],[-3.9924,47.9301],[-4.0032,47.9224],[-4.0096,47.9271],[-4.0206,47.9228],[-4.0225,47.9266],[-4.0259,47.9251],[-4.0317,47.9287],[-4.042,47.9304],[-4.0436,47.9365],[-4.0474,47.9385],[-4.0451,47.9456],[-4.0412,47.9454],[-4.0414,47.9502],[-4.0367,47.9526],[-4.0355,47.962],[-4.038,47.9623],[-4.0387,47.9662],[-4.0329,47.9654],[-4.0264,47.9718],[-4.0222,47.9716],[-4.0138,47.9776],[-4.0127,47.9853],[-4.0157,47.9884]]]]}},{"type":"Feature","properties":{"territoire":"29248","nom":"Saint-Frégant","type":"commune"},"geometry":{"type":"MultiPolygon","coordinates":[[[[-4.3981,48.5866],[-4.3932,48.5958],[-4.3872,48.5996],[-4.3878,48.6081],[-4.3836,48.6116],[-4.3741,48.6146],[-4.3693,48.6124],[-4.3695,48.6167],[-4.3446,48.6151],[-4.3513,48.6054],[-4.3573,48.6034],[-4.3575,48.5986],[-4.3677,48.5919],[-4.375,48.578],[-4.3981,48.5866]]]]}},{"type":"Feature","properties":{"territoire":"29249","nom":"Saint-Goazec","type":"commune"},"geometry":{"type":"MultiPolygon","coordinates":[[[[-3.696,48.1521],[-3.6947,48.1509],[-3.6977,48.1456],[-3.7146,48.1431],[-3.7146,48.1387],[-3.7088,48.1355],[-3.7207,48.1308],[-3.7234,48.1249],[-3.7402,48.1268],[-3.7469,48.1303],[-3.7637,48.1246],[-3.773,48.1367],[-3.7886,48.1373],[-3.8022,48.1333],[-3.8013,48.1462],[-3.8182,48.1439],[-3.8263,48.1525],[-3.8179,48.1613],[-3.8196,48.165],[-3.8181,48.1821],[-3.8118,48.1845],[-3.8076,48.1832],[-3.807,48.1712],[-3.801,48.1648],[-3.7914,48.1702],[-3.7912,48.1807],[-3.7842,48.1821],[-3.78,48.1788],[-3.7791,48.1705],[-3.7713,48.1742],[-3.7601,48.1729],[-3.7412,48.1634],[-3.7225,48.16],[-3.7211,48.1547],[-3.7073,48.153],[-3.7041,48.1519],[-3.7058,48.1499],[-3.696,48.1521]]]]}},{"type":"Feature","properties":{"territoire":"29250","nom":"Saint-Hernin","type":"commune"},"geometry":{"type":"MultiPolygon","coordinates":[[[[-3.6127,48.2471],[-3.6009,48.2416],[-3.6001,48.2365],[-3.5892,48.2311],[-3.5878,48.2275],[-3.593,48.2234],[-3.5815,48.2164],[-3.5801,48.2109],[-3.5838,48.2067],[-3.5831,48.201],[-3.5793,48.1973],[-3.5718,48.1954],[-3.5648,48.1858],[-3.5811,48.1823],[-3.5882,48.1778],[-3.6209,48.1712],[-3.6238,48.1744],[-3.6238,48.1848],[-3.6266,48.19],[-3.6246,48.196],[-3.6291,48.2003],[-3.6283,48.2029],[-3.6333,48.2055],[-3.6522,48.2071],[-3.6616,48.2157],[-3.6614,48.2178],[-3.6573,48.2188],[-3.654,48.2261],[-3.6373,48.2259],[-3.6333,48.2329],[-3.619,48.2376],[-3.6195,48.2444],[-3.617,48.2469],[-3.6186,48.248],[-3.6127,48.2471]]]]}},{"type":"Feature","properties":{"territoire":"29251","nom":"Saint-Jean-du-Doigt","type":"commune"},"geometry":{"type":"MultiPolygon","coordinates":[[[[-3.7504,48.6314],[-3.7546,48.6274],[-3.7688,48.6266],[-3.7662,48.6352],[-3.7861,48.6405],[-3.7835,48.6428],[-3.7856,48.6441],[-3.7837,48.645],[-3.7826,48.6428],[-3.7806,48.6445],[-3.7856,48.6482],[-3.7847,48.651],[-3.7882,48.6566],[-3.7833,48.6566],[-3.7805,48.6611],[-3.7812,48.6645],[-3.7772,48.6646],[-3.7726,48.6733],[-3.7781,48.6741],[-3.7781,48.6782],[-3.7812,48.6811],[-3.779,48.6825],[-3.7819,48.6848],[-3.7785,48.6849],[-3.7736,48.6899],[-3.7759,48.693],[-3.7741,48.6949],[-3.7799,48.7018],[-3.7659,48.7094],[-3.7475,48.7077],[-3.7458,48.7036],[-3.7479,48.6993],[-3.7426,48.6941],[-3.7374,48.6926],[-3.7425,48.6891],[-3.7415,48.6826],[-3.7382,48.6806],[-3.7408,48.6799],[-3.7356,48.6782],[-3.7441,48.6768],[-3.7487,48.6724],[-3.7508,48.6664],[-3.7484,48.6655],[-3.754,48.6618],[-3.7495,48.6586],[-3.7444,48.6601],[-3.748,48.657],[-3.7528,48.6574],[-3.7535,48.6549],[-3.7498,48.6494],[-3.7556,48.643],[-3.7495,48.6355],[-3.7504,48.6314]]]]}},{"type":"Feature","properties":{"territoire":"29260","nom":"Saint-Renan","type":"commune"},"geometry":{"type":"MultiPolygon","coordinates":[[[[-4.5914,48.4104],[-4.6078,48.406],[-4.61,48.4111],[-4.6296,48.4133],[-4.6341,48.4129],[-4.6348,48.4096],[-4.6389,48.4075],[-4.641,48.4102],[-4.6437,48.4095],[-4.6509,48.4174],[-4.6482,48.4259],[-4.6504,48.4283],[-4.6511,48.4421],[-4.6491,48.4439],[-4.6467,48.4413],[-4.6411,48.4407],[-4.6287,48.4434],[-4.6272,48.4403],[-4.6215,48.451],[-4.6132,48.4515],[-4.6145,48.4406],[-4.6094,48.4421],[-4.6091,48.4403],[-4.6123,48.433],[-4.6,48.4315],[-4.601,48.4249],[-4.5936,48.4188],[-4.5914,48.4104]]]]}},{"type":"Feature","properties":{"territoire":"29261","nom":"Saint-Rivoal","type":"commune"},"geometry":{"type":"MultiPolygon","coordinates":[[[[-4.0486,48.3578],[-4.0033,48.3664],[-3.962,48.359],[-3.9567,48.3673],[-3.9503,48.3653],[-3.9529,48.3615],[-3.9407,48.3479],[-3.9428,48.3425],[-3.9479,48.3385],[-3.9981,48.3327],[-4.0034,48.331],[-4,48.3285],[-4.0013,48.3272],[-4.0108,48.3243],[-4.0145,48.3314],[-4.0109,48.3353],[-4.012,48.3388],[-4.0179,48.3413],[-4.0194,48.3495],[-4.0486,48.3578]]]]}},{"type":"Feature","properties":{"territoire":"29262","nom":"Saint-Sauveur","type":"commune"},"geometry":{"type":"MultiPolygon","coordinates":[[[[-4.0283,48.455],[-4.0177,48.454],[-4.0189,48.4559],[-4.0151,48.4577],[-4.017,48.4633],[-4.0152,48.4649],[-4.0092,48.467],[-3.999,48.4623],[-3.9922,48.4636],[-3.9933,48.4666],[-3.989,48.467],[-3.9892,48.4698],[-3.9846,48.4712],[-3.9809,48.4673],[-3.9732,48.465],[-3.9784,48.4584],[-3.9697,48.45],[-3.9722,48.4509],[-3.9822,48.4407],[-3.9787,48.4367],[-3.982,48.4334],[-3.9828,48.4352],[-3.9875,48.4311],[-3.9916,48.4347],[-3.9975,48.4288],[-4.0026,48.431],[-4.0103,48.43],[-4.0123,48.4258],[-4.0211,48.427],[-4.0176,48.4324],[-4.0264,48.439],[-4.0283,48.455]]]]}},{"type":"Feature","properties":{"territoire":"29263","nom":"Saint-Ségal","type":"commune"},"geometry":{"type":"MultiPolygon","coordinates":[[[[-4.0447,48.2365],[-4.0526,48.2365],[-4.0505,48.2347],[-4.0526,48.2333],[-4.066,48.2302],[-4.0672,48.2256],[-4.0713,48.2228],[-4.0683,48.2175],[-4.0783,48.2262],[-4.0801,48.223],[-4.0913,48.2221],[-4.0997,48.2139],[-4.0971,48.2111],[-4.108,48.2069],[-4.1113,48.2072],[-4.1177,48.2142],[-4.115,48.2312],[-4.111,48.2402],[-4.1045,48.2367],[-4.0845,48.2386],[-4.0835,48.2473],[-4.0779,48.2461],[-4.0762,48.249],[-4.0807,48.2499],[-4.0785,48.2532],[-4.0654,48.2632],[-4.0618,48.2603],[-4.0546,48.2598],[-4.0466,48.2548],[-4.0423,48.2468],[-4.0289,48.2411],[-4.031,48.2363],[-4.0352,48.2341],[-4.0447,48.2365]]]]}},{"type":"Feature","properties":{"territoire":"29264","nom":"Saint-Servais","type":"commune"},"geometry":{"type":"MultiPolygon","coordinates":[[[[-4.1495,48.4851],[-4.156,48.4897],[-4.163,48.488],[-4.162,48.4963],[-4.1692,48.5022],[-4.1787,48.5034],[-4.1767,48.5054],[-4.1807,48.5099],[-4.176,48.5149],[-4.1794,48.5142],[-4.184,48.5181],[-4.1772,48.5173],[-4.1792,48.5203],[-4.17,48.5209],[-4.1703,48.5262],[-4.1574,48.5316],[-4.1614,48.5338],[-4.1583,48.5368],[-4.1579,48.5413],[-4.1523,48.546],[-4.1433,48.5431],[-4.1449,48.5395],[-4.1421,48.5343],[-4.138,48.5342],[-4.1424,48.5325],[-4.1423,48.5268],[-4.1473,48.517],[-4.1462,48.497],[-4.1495,48.4851]]]]}},{"type":"Feature","properties":{"territoire":"29265","nom":"Sainte-Sève","type":"commune"},"geometry":{"type":"MultiPolygon","coordinates":[[[[-3.8723,48.5819],[-3.8761,48.5748],[-3.8747,48.569],[-3.8668,48.5622],[-3.8645,48.5564],[-3.8747,48.5501],[-3.8778,48.5454],[-3.8834,48.5477],[-3.8872,48.5421],[-3.8911,48.5408],[-3.8915,48.5465],[-3.9046,48.5414],[-3.9085,48.5454],[-3.9076,48.5506],[-3.9117,48.5539],[-3.91,48.5565],[-3.9112,48.5637],[-3.9056,48.5657],[-3.9075,48.5679],[-3.9002,48.574],[-3.8881,48.5753],[-3.8878,48.581],[-3.8723,48.5819]]]]}},{"type":"Feature","properties":{"territoire":"29266","nom":"Saint-Thégonnec Loc-Eguiner","type":"commune"},"geometry":{"type":"MultiPolygon","coordinates":[[[[-3.9112,48.561],[-3.91,48.5565],[-3.9117,48.5539],[-3.9076,48.5506],[-3.9085,48.5454],[-3.9039,48.5395],[-3.9128,48.5312],[-3.9135,48.524],[-3.9178,48.5194],[-3.917,48.5131],[-3.922,48.5084],[-3.9109,48.5026],[-3.9114,48.4978],[-3.9069,48.5],[-3.9043,48.4973],[-3.9054,48.4952],[-3.8984,48.4947],[-3.898,48.4869],[-3.894,48.485],[-3.9052,48.4798],[-3.9076,48.4824],[-3.9199,48.48],[-3.9221,48.4783],[-3.9198,48.473],[-3.9225,48.4715],[-3.9204,48.4703],[-3.9215,48.4682],[-3.9296,48.467],[-3.9362,48.4706],[-3.9394,48.4682],[-3.9309,48.4631],[-3.9292,48.4534],[-3.9436,48.4419],[-3.9494,48.4413],[-3.9537,48.4443],[-3.961,48.4415],[-3.9784,48.4584],[-3.9774,48.4617],[-3.9741,48.462],[-3.9698,48.4727],[-3.9726,48.4787],[-3.9803,48.4832],[-3.9797,48.487],[-3.9834,48.4877],[-3.9796,48.4903],[-3.9822,48.4957],[-3.9735,48.5016],[-3.9717,48.5062],[-3.9736,48.5099],[-3.971,48.515],[-3.9643,48.5177],[-3.9579,48.5263],[-3.9555,48.5343],[-3.9597,48.5368],[-3.9537,48.5382],[-3.9512,48.5429],[-3.9444,48.5462],[-3.9386,48.5546],[-3.9342,48.557],[-3.9322,48.5652],[-3.9344,48.5694],[-3.9295,48.5725],[-3.9262,48.5814],[-3.9188,48.5697],[-3.9204,48.5661],[-3.9112,48.561]]]]}},{"type":"Feature","properties":{"territoire":"29267","nom":"Saint-Thois","type":"commune"},"geometry":{"type":"MultiPolygon","coordinates":[[[[-3.9217,48.1716],[-3.9046,48.1814],[-3.8669,48.1666],[-3.8707,48.1616],[-3.8818,48.1587],[-3.8867,48.1492],[-3.8921,48.1457],[-3.8936,48.1387],[-3.8905,48.1354],[-3.8941,48.1296],[-3.911,48.1252],[-3.9148,48.1259],[-3.9155,48.1299],[-3.9193,48.1298],[-3.9272,48.1252],[-3.9314,48.1327],[-3.9265,48.1339],[-3.9293,48.1355],[-3.9288,48.1419],[-3.9416,48.1404],[-3.9313,48.1489],[-3.9348,48.1521],[-3.9332,48.1558],[-3.9351,48.1558],[-3.9227,48.1598],[-3.9217,48.1716]]]]}},{"type":"Feature","properties":{"territoire":"29268","nom":"Saint-Thonan","type":"commune"},"geometry":{"type":"MultiPolygon","coordinates":[[[[-4.3403,48.4689],[-4.3402,48.4741],[-4.3517,48.4797],[-4.3454,48.4837],[-4.3535,48.4894],[-4.35,48.4935],[-4.3498,48.499],[-4.3476,48.5011],[-4.3452,48.4993],[-4.3385,48.5045],[-4.3344,48.503],[-4.3348,48.4997],[-4.3279,48.4947],[-4.3285,48.4889],[-4.3182,48.4848],[-4.3146,48.4809],[-4.2929,48.4738],[-4.2901,48.4662],[-4.2948,48.4522],[-4.3019,48.4488],[-4.3016,48.4533],[-4.3077,48.461],[-4.3195,48.4656],[-4.3279,48.4655],[-4.3301,48.4698],[-4.3403,48.4689]]]]}},{"type":"Feature","properties":{"territoire":"29269","nom":"Saint-Thurien","type":"commune"},"geometry":{"type":"MultiPolygon","coordinates":[[[[-3.6414,47.9857],[-3.6331,47.9837],[-3.6311,47.9866],[-3.6281,47.9834],[-3.6194,47.9817],[-3.6128,47.9851],[-3.6111,47.9783],[-3.6046,47.9798],[-3.6012,47.9761],[-3.5862,47.9693],[-3.5833,47.9631],[-3.5973,47.9549],[-3.5995,47.9492],[-3.5961,47.9467],[-3.6001,47.9427],[-3.5959,47.9399],[-3.5983,47.9342],[-3.5956,47.9306],[-3.5968,47.9274],[-3.6091,47.9323],[-3.6225,47.9258],[-3.6228,47.929],[-3.635,47.9395],[-3.6378,47.9398],[-3.6406,47.936],[-3.6447,47.9429],[-3.6525,47.9429],[-3.6524,47.9483],[-3.6571,47.9498],[-3.6582,47.9527],[-3.6551,47.9559],[-3.6492,47.9558],[-3.6496,47.9631],[-3.6423,47.9601],[-3.6366,47.9637],[-3.636,47.9726],[-3.6461,47.9833],[-3.6414,47.9857]]]]}},{"type":"Feature","properties":{"territoire":"29270","nom":"Saint-Urbain","type":"commune"},"geometry":{"type":"MultiPolygon","coordinates":[[[[-4.1792,48.396],[-4.2076,48.3945],[-4.2314,48.3733],[-4.2514,48.3663],[-4.259,48.3738],[-4.2586,48.3797],[-4.2556,48.3837],[-4.2381,48.3887],[-4.2365,48.3969],[-4.2333,48.4002],[-4.2373,48.4073],[-4.2376,48.4149],[-4.2311,48.4174],[-4.2332,48.422],[-4.2303,48.4236],[-4.2236,48.4194],[-4.2121,48.4237],[-4.1819,48.4016],[-4.1792,48.396]]]]}},{"type":"Feature","properties":{"territoire":"29271","nom":"Saint-Vougay","type":"commune"},"geometry":{"type":"MultiPolygon","coordinates":[[[[-4.1666,48.5634],[-4.1689,48.5679],[-4.166,48.5714],[-4.1706,48.5795],[-4.1651,48.5856],[-4.1702,48.5939],[-4.1583,48.5988],[-4.1588,48.6034],[-4.1527,48.6049],[-4.1501,48.6116],[-4.1511,48.6149],[-4.1473,48.6187],[-4.1488,48.621],[-4.1379,48.6183],[-4.1352,48.6158],[-4.137,48.6137],[-4.134,48.6141],[-4.1298,48.6068],[-4.1199,48.6057],[-4.1183,48.5987],[-4.128,48.5955],[-4.1261,48.5923],[-4.1313,48.5855],[-4.1184,48.5843],[-4.119,48.5792],[-4.1281,48.5789],[-4.1353,48.5761],[-4.1349,48.574],[-4.1398,48.5736],[-4.1392,48.5712],[-4.1426,48.5703],[-4.1395,48.5652],[-4.1413,48.564],[-4.1469,48.5649],[-4.1476,48.5626],[-4.1573,48.5617],[-4.1666,48.5634]]]]}},{"type":"Feature","properties":{"territoire":"29272","nom":"Saint-Yvi","type":"commune"},"geometry":{"type":"MultiPolygon","coordinates":[[[[-3.9388,47.9395],[-3.9585,47.9376],[-3.9602,47.9406],[-3.9585,47.9436],[-3.971,47.9472],[-3.9743,47.9472],[-3.9719,47.9455],[-3.9778,47.9459],[-3.9829,47.9397],[-3.9836,47.9426],[-3.979,47.946],[-3.9819,47.9475],[-3.98,47.9484],[-3.9813,47.9502],[-3.9776,47.955],[-3.9801,47.9583],[-3.9858,47.9599],[-3.9858,47.9669],[-3.9907,47.9704],[-3.9833,47.9724],[-3.9839,47.9759],[-3.9808,47.976],[-3.9803,47.9838],[-3.9646,47.9834],[-3.9217,47.9752],[-3.9144,47.9763],[-3.9128,47.9695],[-3.9008,47.9686],[-3.8918,47.9619],[-3.8912,47.9659],[-3.89,47.963],[-3.8841,47.965],[-3.8751,47.9628],[-3.8765,47.9559],[-3.8954,47.9559],[-3.8939,47.9492],[-3.8906,47.9479],[-3.896,47.9406],[-3.9139,47.9373],[-3.923,47.9463],[-3.9243,47.944],[-3.9378,47.9433],[-3.9388,47.9395]]]]}},{"type":"Feature","properties":{"territoire":"29273","nom":"Santec","type":"commune"},"geometry":{"type":"MultiPolygon","coordinates":[[[[-4.0081,48.6967],[-4.0145,48.6961],[-4.0244,48.6864],[-4.0387,48.6873],[-4.0427,48.6887],[-4.0412,48.6901],[-4.0562,48.6865],[-4.0579,48.6891],[-4.0567,48.7008],[-4.052,48.704],[-4.0533,48.7064],[-4.0426,48.7025],[-4.0372,48.7064],[-4.0354,48.7141],[-4.025,48.7106],[-4.012,48.7154],[-4.0075,48.7142],[-4.0048,48.7098],[-4.0086,48.7086],[-4.0091,48.7023],[-4.0059,48.7016],[-4.0055,48.699],[-4.0081,48.6967]]],[[[-4.073,48.7053],[-4.0644,48.7067],[-4.0598,48.7055],[-4.0599,48.703],[-4.073,48.7053]]],[[[-4.007,48.7231],[-4.0111,48.7167],[-4.0133,48.7184],[-4.007,48.7231]]]]}},{"type":"Feature","properties":{"territoire":"29274","nom":"Scaër","type":"commune"},"geometry":{"type":"MultiPolygon","coordinates":[[[[-3.6414,47.9857],[-3.6461,47.9835],[-3.6452,47.9815],[-3.6482,47.9841],[-3.6649,47.983],[-3.6658,47.981],[-3.6627,47.979],[-3.6686,47.9782],[-3.6711,47.9802],[-3.668,47.9857],[-3.6697,47.9877],[-3.6737,47.9851],[-3.6785,47.9886],[-3.6919,47.989],[-3.6998,47.9804],[-3.7034,47.9794],[-3.704,47.976],[-3.6938,47.965],[-3.6833,47.9616],[-3.6889,47.9592],[-3.6873,47.9557],[-3.7076,47.9552],[-3.7124,47.9591],[-3.7207,47.9602],[-3.7203,47.9582],[-3.7229,47.9583],[-3.7271,47.9649],[-3.7338,47.9664],[-3.7275,47.968],[-3.7252,47.9653],[-3.7223,47.9687],[-3.7237,47.97],[-3.7513,47.9712],[-3.7502,47.9757],[-3.7534,47.98],[-3.7498,47.9807],[-3.7501,47.9835],[-3.7531,47.9848],[-3.7595,47.9975],[-3.7694,47.9957],[-3.7691,47.9941],[-3.7711,47.9975],[-3.7818,47.9967],[-3.7854,47.9943],[-3.7872,47.9973],[-3.791,47.9968],[-3.7917,47.9995],[-3.7967,48.0002],[-3.7967,47.9983],[-3.8133,47.9963],[-3.8133,47.9991],[-3.8096,48.0012],[-3.8125,48.0073],[-3.8105,48.0109],[-3.8116,48.0173],[-3.8053,48.0251],[-3.8066,48.038],[-3.7989,48.0471],[-3.7964,48.0587],[-3.7904,48.058],[-3.7903,48.0644],[-3.7941,48.066],[-3.794,48.0683],[-3.7901,48.0689],[-3.7908,48.074],[-3.781,48.0751],[-3.7816,48.0781],[-3.7712,48.0814],[-3.7702,48.0862],[-3.7513,48.0887],[-3.7427,48.0928],[-3.744,48.0893],[-3.7415,48.0894],[-3.7333,48.0964],[-3.7255,48.095],[-3.7138,48.0989],[-3.6988,48.0961],[-3.695,48.0937],[-3.7044,48.0869],[-3.7048,48.0841],[-3.6984,48.0687],[-3.708,48.0696],[-3.7086,48.0666],[-3.6992,48.0624],[-3.6921,48.0633],[-3.6869,48.0588],[-3.6734,48.0586],[-3.6757,48.0474],[-3.6698,48.0425],[-3.6713,48.0371],[-3.6637,48.0369],[-3.662,48.0302],[-3.6644,48.0294],[-3.6613,48.0237],[-3.6645,48.0227],[-3.6606,48.0154],[-3.6482,48.0064],[-3.6442,47.9934],[-3.6408,47.991],[-3.6414,47.9857]]]]}},{"type":"Feature","properties":{"territoire":"29275","nom":"Scrignac","type":"commune"},"geometry":{"type":"MultiPolygon","coordinates":[[[[-3.7739,48.4399],[-3.7692,48.4419],[-3.7697,48.4441],[-3.7537,48.4468],[-3.7291,48.4491],[-3.726,48.4454],[-3.7088,48.4479],[-3.7077,48.4518],[-3.7008,48.4539],[-3.69,48.4521],[-3.6731,48.4656],[-3.6506,48.467],[-3.6529,48.4706],[-3.6408,48.4751],[-3.6382,48.4722],[-3.6267,48.4727],[-3.6233,48.464],[-3.6119,48.4619],[-3.6084,48.4548],[-3.6106,48.45],[-3.6177,48.447],[-3.6221,48.4404],[-3.6251,48.4342],[-3.6252,48.4272],[-3.619,48.4262],[-3.6099,48.4196],[-3.6105,48.4133],[-3.6035,48.4026],[-3.604,48.3954],[-3.6011,48.3934],[-3.6149,48.3821],[-3.6277,48.3802],[-3.6372,48.3805],[-3.6423,48.3826],[-3.6437,48.3857],[-3.6569,48.3865],[-3.6656,48.3903],[-3.6734,48.3816],[-3.6769,48.3806],[-3.6752,48.3758],[-3.6805,48.3728],[-3.6873,48.3871],[-3.6836,48.3939],[-3.6871,48.4006],[-3.6861,48.4057],[-3.6967,48.4074],[-3.7021,48.4117],[-3.7166,48.4162],[-3.7175,48.4218],[-3.723,48.4263],[-3.731,48.4242],[-3.7329,48.4199],[-3.7421,48.4203],[-3.747,48.4239],[-3.7543,48.4246],[-3.7577,48.4308],[-3.7708,48.4331],[-3.7691,48.4353],[-3.7739,48.4399]]]]}},{"type":"Feature","properties":{"territoire":"29276","nom":"Sibiril","type":"commune"},"geometry":{"type":"MultiPolygon","coordinates":[[[[-4.0661,48.6429],[-4.0823,48.6395],[-4.0904,48.6412],[-4.077,48.6517],[-4.0855,48.6549],[-4.0839,48.6649],[-4.0872,48.6743],[-4.0857,48.6771],[-4.0958,48.6847],[-4.0921,48.692],[-4.0862,48.6905],[-4.0829,48.6937],[-4.0808,48.6906],[-4.0748,48.6892],[-4.0791,48.6873],[-4.0714,48.686],[-4.0716,48.6835],[-4.0673,48.6822],[-4.0688,48.6796],[-4.058,48.6754],[-4.0576,48.6695],[-4.0538,48.6677],[-4.0548,48.663],[-4.0503,48.6601],[-4.0513,48.658],[-4.0471,48.6548],[-4.0479,48.6503],[-4.0456,48.6482],[-4.0531,48.6452],[-4.0578,48.6461],[-4.0598,48.6436],[-4.0634,48.6456],[-4.0661,48.6429]]]]}},{"type":"Feature","properties":{"territoire":"29277","nom":"Sizun","type":"commune"},"geometry":{"type":"MultiPolygon","coordinates":[[[[-4.1053,48.4145],[-4.1002,48.4145],[-4.0978,48.4173],[-4.105,48.4242],[-4.106,48.4315],[-4.0948,48.4416],[-4.09,48.4398],[-4.09,48.4366],[-4.0855,48.4384],[-4.0802,48.4351],[-4.0748,48.4361],[-4.0653,48.4312],[-4.0554,48.4298],[-4.0489,48.4327],[-4.0412,48.4311],[-4.0372,48.4366],[-4.0356,48.4318],[-4.0267,48.4405],[-4.0176,48.4324],[-4.0211,48.427],[-4.0078,48.424],[-4.0091,48.4177],[-4.0229,48.4164],[-4.0278,48.4114],[-4.0256,48.407],[-4.0218,48.408],[-4.0213,48.4048],[-4.0122,48.4019],[-4.012,48.3938],[-4.0072,48.3895],[-4.0071,48.3852],[-3.9959,48.3838],[-3.9791,48.3743],[-3.948,48.3858],[-3.9444,48.3867],[-3.9441,48.3836],[-3.9511,48.3772],[-3.962,48.359],[-4.0033,48.3664],[-4.0502,48.3577],[-4.059,48.3516],[-4.0619,48.3589],[-4.0715,48.3592],[-4.078,48.3625],[-4.0865,48.3762],[-4.0974,48.3872],[-4.0962,48.3948],[-4.1017,48.3972],[-4.101,48.4008],[-4.1036,48.4025],[-4.1003,48.4053],[-4.1044,48.407],[-4.1019,48.4089],[-4.1059,48.4115],[-4.1042,48.4123],[-4.1053,48.4145]]]]}},{"type":"Feature","properties":{"territoire":"29278","nom":"Spézet","type":"commune"},"geometry":{"type":"MultiPolygon","coordinates":[[[[-3.696,48.1521],[-3.7058,48.1499],[-3.7041,48.1519],[-3.7073,48.153],[-3.7215,48.1549],[-3.7225,48.16],[-3.7412,48.1634],[-3.758,48.1722],[-3.7709,48.1741],[-3.7518,48.1835],[-3.7532,48.1881],[-3.763,48.1928],[-3.7542,48.2075],[-3.7493,48.2079],[-3.7408,48.2025],[-3.7358,48.2021],[-3.7336,48.2063],[-3.74,48.2139],[-3.7362,48.2197],[-3.7301,48.2214],[-3.7162,48.2153],[-3.708,48.2158],[-3.696,48.2251],[-3.6896,48.2226],[-3.6863,48.2178],[-3.6686,48.2218],[-3.6614,48.2178],[-3.6536,48.2077],[-3.6333,48.2055],[-3.6283,48.2029],[-3.6291,48.2003],[-3.6246,48.196],[-3.6266,48.19],[-3.6238,48.1848],[-3.6238,48.1744],[-3.6209,48.1712],[-3.6521,48.1567],[-3.667,48.1524],[-3.696,48.1521]]]]}},{"type":"Feature","properties":{"territoire":"29282","nom":"Trébabu","type":"commune"},"geometry":{"type":"MultiPolygon","coordinates":[[[[-4.7454,48.3563],[-4.7507,48.3614],[-4.7558,48.3626],[-4.7471,48.3657],[-4.7371,48.377],[-4.7246,48.384],[-4.7151,48.3864],[-4.712,48.3805],[-4.721,48.3757],[-4.7189,48.3745],[-4.7205,48.3667],[-4.7278,48.3619],[-4.7388,48.361],[-4.741,48.359],[-4.7396,48.3583],[-4.7454,48.3563]]]]}},{"type":"Feature","properties":{"territoire":"29284","nom":"Treffiagat","type":"commune"},"geometry":{"type":"MultiPolygon","coordinates":[[[[-4.2752,47.8076],[-4.2849,47.819],[-4.2705,47.8232],[-4.2598,47.8222],[-4.2603,47.818],[-4.2574,47.8155],[-4.2542,47.8166],[-4.2533,47.8133],[-4.2493,47.8115],[-4.2456,47.802],[-4.236,47.8027],[-4.2264,47.7934],[-4.2668,47.7903],[-4.2794,47.793],[-4.2862,47.7908],[-4.2714,47.7981],[-4.2752,47.8076]]]]}},{"type":"Feature","properties":{"territoire":"29285","nom":"Tréflaouénan","type":"commune"},"geometry":{"type":"MultiPolygon","coordinates":[[[[-4.1038,48.6198],[-4.1071,48.6194],[-4.1093,48.6232],[-4.1144,48.6207],[-4.1172,48.6241],[-4.1229,48.6238],[-4.1252,48.6181],[-4.1197,48.607],[-4.1254,48.6049],[-4.132,48.6084],[-4.134,48.6141],[-4.137,48.6137],[-4.1352,48.6158],[-4.1405,48.6186],[-4.134,48.6219],[-4.1348,48.625],[-4.1233,48.6243],[-4.1064,48.63],[-4.1063,48.6342],[-4.0986,48.642],[-4.0823,48.6395],[-4.0659,48.6429],[-4.0627,48.6396],[-4.0634,48.6366],[-4.0789,48.6285],[-4.079,48.6249],[-4.076,48.623],[-4.0785,48.6196],[-4.0922,48.6171],[-4.0963,48.6212],[-4.1038,48.6198]]]]}},{"type":"Feature","properties":{"territoire":"29286","nom":"Tréflévénez","type":"commune"},"geometry":{"type":"MultiPolygon","coordinates":[[[[-4.153,48.4048],[-4.1612,48.3996],[-4.1791,48.3961],[-4.1819,48.4016],[-4.204,48.4174],[-4.1938,48.42],[-4.1959,48.4269],[-4.189,48.4316],[-4.1671,48.4321],[-4.1605,48.4242],[-4.1541,48.4207],[-4.158,48.4116],[-4.153,48.4048]]]]}},{"type":"Feature","properties":{"territoire":"29288","nom":"Trégarantec","type":"commune"},"geometry":{"type":"MultiPolygon","coordinates":[[[[-4.2904,48.5661],[-4.2848,48.5653],[-4.2848,48.5626],[-4.2748,48.5534],[-4.2746,48.5463],[-4.2688,48.5418],[-4.2783,48.5419],[-4.3025,48.5361],[-4.3084,48.538],[-4.3088,48.5416],[-4.3004,48.5474],[-4.3007,48.554],[-4.2958,48.5591],[-4.2949,48.5646],[-4.2904,48.5661]]]]}},{"type":"Feature","properties":{"territoire":"29289","nom":"Trégarvan","type":"commune"},"geometry":{"type":"MultiPolygon","coordinates":[[[[-4.2449,48.2227],[-4.2652,48.2288],[-4.2659,48.231],[-4.2487,48.2388],[-4.2483,48.2434],[-4.2424,48.2473],[-4.2428,48.2504],[-4.2284,48.2513],[-4.2219,48.2573],[-4.2176,48.2582],[-4.212,48.2447],[-4.2148,48.2425],[-4.2084,48.242],[-4.2023,48.2299],[-4.2114,48.2263],[-4.2319,48.2267],[-4.2449,48.2227]]]]}},{"type":"Feature","properties":{"territoire":"29290","nom":"Tréglonou","type":"commune"},"geometry":{"type":"MultiPolygon","coordinates":[[[[-4.5266,48.5401],[-4.537,48.533],[-4.5373,48.5283],[-4.5414,48.5281],[-4.5455,48.5315],[-4.5436,48.5332],[-4.5454,48.5353],[-4.5526,48.5377],[-4.5552,48.5475],[-4.5588,48.5515],[-4.5799,48.5553],[-4.5854,48.5597],[-4.5562,48.56],[-4.5455,48.5552],[-4.5424,48.5572],[-4.5405,48.5545],[-4.5348,48.5542],[-4.5356,48.5511],[-4.5309,48.5511],[-4.5305,48.5479],[-4.5286,48.551],[-4.5318,48.5528],[-4.5282,48.5549],[-4.5152,48.549],[-4.5107,48.5495],[-4.507,48.5459],[-4.5051,48.546],[-4.5081,48.5482],[-4.5082,48.5526],[-4.5028,48.5526],[-4.5076,48.5526],[-4.5048,48.5451],[-4.5119,48.5494],[-4.517,48.5482],[-4.5162,48.55],[-4.5196,48.552],[-4.5297,48.5542],[-4.5276,48.5503],[-4.5302,48.5496],[-4.5303,48.5462],[-4.5263,48.5429],[-4.5266,48.5401]]]]}},{"type":"Feature","properties":{"territoire":"29291","nom":"Trégourez","type":"commune"},"geometry":{"type":"MultiPolygon","coordinates":[[[[-3.8707,48.0808],[-3.8745,48.0864],[-3.8825,48.0858],[-3.8892,48.0817],[-3.8994,48.0822],[-3.899,48.087],[-3.9039,48.0944],[-3.9004,48.0979],[-3.9013,48.1006],[-3.8941,48.1014],[-3.8981,48.1181],[-3.89,48.1221],[-3.8904,48.1238],[-3.879,48.1247],[-3.8721,48.1278],[-3.8678,48.1261],[-3.8578,48.1298],[-3.8531,48.122],[-3.845,48.122],[-3.8452,48.124],[-3.8423,48.1249],[-3.8388,48.1095],[-3.8355,48.1056],[-3.8377,48.1035],[-3.8359,48.1028],[-3.841,48.0999],[-3.852,48.0991],[-3.8539,48.0958],[-3.86,48.0935],[-3.8628,48.086],[-3.8707,48.0808]]]]}},{"type":"Feature","properties":{"territoire":"29292","nom":"Tréguennec","type":"commune"},"geometry":{"type":"MultiPolygon","coordinates":[[[[-4.3111,47.8954],[-4.3099,47.8944],[-4.3136,47.8921],[-4.312,47.8907],[-4.3173,47.8899],[-4.3317,47.8814],[-4.3349,47.8759],[-4.3315,47.8769],[-4.3273,47.8702],[-4.3523,47.863],[-4.3638,47.8894],[-4.3597,47.8886],[-4.3573,47.8925],[-4.3508,47.8956],[-4.3273,47.9032],[-4.3145,47.9004],[-4.3151,47.8989],[-4.3103,47.8973],[-4.3129,47.8957],[-4.3111,47.8954]]]]}},{"type":"Feature","properties":{"territoire":"29293","nom":"Trégunc","type":"commune"},"geometry":{"type":"MultiPolygon","coordinates":[[[[-3.8477,47.8801],[-3.8239,47.8839],[-3.814,47.8707],[-3.8174,47.8656],[-3.8117,47.8645],[-3.7957,47.8721],[-3.7984,47.8669],[-3.7973,47.8527],[-3.7993,47.8492],[-3.7952,47.8486],[-3.7897,47.8431],[-3.8004,47.8346],[-3.7989,47.8284],[-3.8064,47.8226],[-3.8036,47.8182],[-3.8111,47.7941],[-3.8245,47.7971],[-3.8285,47.7933],[-3.8303,47.7961],[-3.839,47.7985],[-3.846,47.7924],[-3.8518,47.7926],[-3.8556,47.7901],[-3.8539,47.7921],[-3.8557,47.7938],[-3.8531,47.7931],[-3.8503,47.7972],[-3.8516,47.7988],[-3.8436,47.806],[-3.8504,47.8002],[-3.852,47.8026],[-3.8511,47.799],[-3.855,47.8043],[-3.8654,47.8094],[-3.8933,47.8332],[-3.9027,47.8357],[-3.9009,47.8368],[-3.9018,47.8406],[-3.8983,47.8416],[-3.8988,47.8467],[-3.8929,47.8465],[-3.8938,47.8421],[-3.8899,47.8441],[-3.8911,47.8479],[-3.8866,47.8485],[-3.8961,47.8494],[-3.8921,47.8535],[-3.8846,47.8588],[-3.8709,47.8603],[-3.8693,47.8642],[-3.8634,47.8658],[-3.8601,47.8706],[-3.8486,47.8704],[-3.8497,47.8756],[-3.8477,47.8801]]]]}},{"type":"Feature","properties":{"territoire":"29294","nom":"Le Tréhou","type":"commune"},"geometry":{"type":"MultiPolygon","coordinates":[[[[-4.179,48.3961],[-4.1554,48.4026],[-4.1485,48.4106],[-4.1369,48.4131],[-4.1361,48.4227],[-4.1241,48.4255],[-4.1109,48.4149],[-4.1053,48.4145],[-4.1042,48.4123],[-4.1059,48.4115],[-4.1019,48.4089],[-4.1044,48.407],[-4.1003,48.4053],[-4.1036,48.4025],[-4.101,48.4008],[-4.1017,48.3972],[-4.0962,48.3948],[-4.0974,48.3872],[-4.0899,48.3802],[-4.0966,48.3793],[-4.1013,48.3725],[-4.108,48.3685],[-4.1196,48.3677],[-4.1208,48.3694],[-4.1234,48.3676],[-4.1245,48.3699],[-4.1312,48.3701],[-4.1326,48.3681],[-4.1365,48.3697],[-4.1348,48.3716],[-4.1654,48.3884],[-4.1802,48.3884],[-4.1828,48.3924],[-4.179,48.3961]]]]}},{"type":"Feature","properties":{"territoire":"29295","nom":"Trémaouézan","type":"commune"},"geometry":{"type":"MultiPolygon","coordinates":[[[[-4.2817,48.5068],[-4.2825,48.5103],[-4.2757,48.5195],[-4.266,48.5167],[-4.2632,48.5197],[-4.2555,48.5204],[-4.2591,48.5267],[-4.2557,48.524],[-4.2453,48.5269],[-4.2427,48.5135],[-4.2327,48.5116],[-4.2271,48.5037],[-4.2274,48.5018],[-4.2324,48.5018],[-4.2385,48.4976],[-4.2529,48.4978],[-4.2578,48.4928],[-4.271,48.4984],[-4.2817,48.5068]]]]}},{"type":"Feature","properties":{"territoire":"29296","nom":"Tréméoc","type":"commune"},"geometry":{"type":"MultiPolygon","coordinates":[[[[-4.1882,47.9302],[-4.2008,47.919],[-4.2017,47.9051],[-4.2087,47.8993],[-4.2078,47.8934],[-4.2112,47.8917],[-4.2132,47.8947],[-4.2155,47.8932],[-4.2133,47.8911],[-4.2229,47.8881],[-4.2223,47.8856],[-4.2286,47.8797],[-4.2348,47.8798],[-4.2409,47.8945],[-4.2385,47.9048],[-4.2448,47.9129],[-4.2433,47.9168],[-4.2372,47.9193],[-4.2358,47.9146],[-4.2296,47.9135],[-4.23,47.9166],[-4.2241,47.921],[-4.2262,47.9232],[-4.2202,47.9247],[-4.2198,47.9267],[-4.2155,47.9263],[-4.214,47.9225],[-4.21,47.9227],[-4.2033,47.9316],[-4.1913,47.9335],[-4.1882,47.9302]]]]}},{"type":"Feature","properties":{"territoire":"29297","nom":"Tréméven","type":"commune"},"geometry":{"type":"MultiPolygon","coordinates":[[[[-3.5167,47.923],[-3.5119,47.9226],[-3.5103,47.9155],[-3.5057,47.9104],[-3.4932,47.9032],[-3.4974,47.8987],[-3.4954,47.8955],[-3.5034,47.8957],[-3.4986,47.8936],[-3.4996,47.8874],[-3.5035,47.8838],[-3.5179,47.8831],[-3.5224,47.8852],[-3.5251,47.8806],[-3.5339,47.8784],[-3.5393,47.8799],[-3.5383,47.8836],[-3.5427,47.8832],[-3.5434,47.8875],[-3.5474,47.8897],[-3.5475,47.9032],[-3.5523,47.9053],[-3.5523,47.9095],[-3.5572,47.9112],[-3.5571,47.9139],[-3.5457,47.9146],[-3.5411,47.9181],[-3.5388,47.9248],[-3.5167,47.923]]]]}},{"type":"Feature","properties":{"territoire":"29298","nom":"Tréogat","type":"commune"},"geometry":{"type":"MultiPolygon","coordinates":[[[[-4.34,47.9259],[-4.3205,47.9287],[-4.3181,47.9238],[-4.3113,47.9243],[-4.3106,47.9212],[-4.3156,47.9169],[-4.315,47.9096],[-4.329,47.9017],[-4.3567,47.8929],[-4.3597,47.8886],[-4.3638,47.8894],[-4.3733,47.9056],[-4.3439,47.9153],[-4.3438,47.9226],[-4.34,47.9259]]]]}},{"type":"Feature","properties":{"territoire":"29299","nom":"Tréouergat","type":"commune"},"geometry":{"type":"MultiPolygon","coordinates":[[[[-4.6228,48.5041],[-4.617,48.5017],[-4.6096,48.5024],[-4.6078,48.5047],[-4.6011,48.5023],[-4.5925,48.505],[-4.5928,48.5087],[-4.5889,48.5102],[-4.5825,48.5057],[-4.5853,48.5025],[-4.5832,48.502],[-4.5858,48.4923],[-4.5837,48.4886],[-4.5912,48.4818],[-4.5976,48.4816],[-4.6078,48.4857],[-4.6127,48.4833],[-4.6129,48.4888],[-4.6198,48.4964],[-4.6303,48.4947],[-4.6293,48.5008],[-4.6228,48.5041]]]]}},{"type":"Feature","properties":{"territoire":"29301","nom":"Trézilidé","type":"commune"},"geometry":{"type":"MultiPolygon","coordinates":[[[[-4.0775,48.6202],[-4.0755,48.6185],[-4.0755,48.6118],[-4.0645,48.6122],[-4.0647,48.6077],[-4.0602,48.6054],[-4.0698,48.5995],[-4.0722,48.6023],[-4.0831,48.6018],[-4.0982,48.6062],[-4.1041,48.6057],[-4.1061,48.6088],[-4.0998,48.6172],[-4.1035,48.6205],[-4.0963,48.6212],[-4.0922,48.6171],[-4.0775,48.6202]]]]}},{"type":"Feature","properties":{"territoire":"29302","nom":"Pont-de-Buis-lès-Quimerch","type":"commune"},"geometry":{"type":"MultiPolygon","coordinates":[[[[-4.1538,48.2463],[-4.1407,48.2587],[-4.1452,48.2669],[-4.1505,48.2703],[-4.15,48.2742],[-4.157,48.2727],[-4.1586,48.2761],[-4.1489,48.2791],[-4.1504,48.2812],[-4.1485,48.2833],[-4.1436,48.2848],[-4.1523,48.2927],[-4.1526,48.2963],[-4.1229,48.3016],[-4.1104,48.3089],[-4.1,48.3061],[-4.0917,48.3073],[-4.086,48.311],[-4.0642,48.3098],[-4.0632,48.303],[-4.0693,48.282],[-4.0653,48.2781],[-4.0664,48.2746],[-4.0645,48.2724],[-4.0725,48.2639],[-4.0646,48.2631],[-4.0785,48.2532],[-4.0807,48.2499],[-4.0762,48.249],[-4.0779,48.2461],[-4.0835,48.2473],[-4.0845,48.2386],[-4.1062,48.2369],[-4.111,48.2402],[-4.1081,48.2441],[-4.1122,48.2474],[-4.124,48.2441],[-4.1309,48.2378],[-4.1376,48.2369],[-4.1538,48.2463]]]]}},{"type":"Feature","properties":{"territoire":"35007","nom":"Aubigné","type":"commune"},"geometry":{"type":"MultiPolygon","coordinates":[[[[-1.6302,48.2853],[-1.6382,48.295],[-1.6385,48.3004],[-1.6343,48.3035],[-1.6408,48.3067],[-1.6382,48.3109],[-1.6309,48.3113],[-1.6302,48.3047],[-1.6225,48.3033],[-1.6219,48.2958],[-1.6302,48.2853]]]]}},{"type":"Feature","properties":{"territoire":"35022","nom":"Bécherel","type":"commune"},"geometry":{"type":"MultiPolygon","coordinates":[[[[-1.948,48.2913],[-1.9496,48.2936],[-1.9479,48.2976],[-1.9392,48.3007],[-1.9351,48.2988],[-1.948,48.2913]]]]}},{"type":"Feature","properties":{"territoire":"35023","nom":"Bédée","type":"commune"},"geometry":{"type":"MultiPolygon","coordinates":[[[[-1.9689,48.2147],[-1.9535,48.2172],[-1.9551,48.223],[-1.9511,48.2275],[-1.9401,48.2271],[-1.9281,48.2292],[-1.9297,48.2312],[-1.9271,48.2319],[-1.9166,48.2316],[-1.9177,48.2283],[-1.9144,48.2223],[-1.9216,48.2135],[-1.9083,48.2074],[-1.9047,48.1995],[-1.9182,48.1983],[-1.9243,48.2005],[-1.9277,48.1971],[-1.9318,48.197],[-1.9342,48.1893],[-1.9325,48.1885],[-1.9349,48.1856],[-1.9292,48.1801],[-1.9301,48.1766],[-1.9113,48.17],[-1.9159,48.1694],[-1.9145,48.1666],[-1.9227,48.1633],[-1.9167,48.161],[-1.9222,48.1575],[-1.9274,48.1439],[-1.9356,48.138],[-1.9473,48.1385],[-1.9478,48.1433],[-1.9629,48.1457],[-1.9635,48.1504],[-1.9724,48.1513],[-1.9713,48.1551],[-1.9809,48.1535],[-1.9775,48.1583],[-1.9631,48.1575],[-1.9628,48.1631],[-1.9659,48.1636],[-1.9684,48.1677],[-1.9628,48.168],[-1.9618,48.1709],[-1.9677,48.1722],[-1.9644,48.175],[-1.9832,48.1735],[-1.9893,48.167],[-1.9972,48.1716],[-1.9965,48.1746],[-1.9989,48.1765],[-1.9966,48.179],[-1.9864,48.1825],[-1.9993,48.1857],[-2.002,48.1914],[-1.9944,48.1894],[-1.9841,48.1932],[-1.9819,48.1963],[-1.9887,48.2052],[-1.9846,48.2069],[-1.9851,48.209],[-1.9889,48.2112],[-1.9689,48.2147]]]]}},{"type":"Feature","properties":{"territoire":"35051","nom":"Cesson-Sévigné","type":"commune"},"geometry":{"type":"MultiPolygon","coordinates":[[[[-1.5564,48.0985],[-1.5632,48.0922],[-1.5824,48.0923],[-1.5829,48.0902],[-1.5905,48.0893],[-1.5968,48.0905],[-1.5967,48.0866],[-1.606,48.0879],[-1.607,48.0937],[-1.6138,48.0955],[-1.6139,48.0991],[-1.6328,48.1028],[-1.635,48.1064],[-1.6334,48.1107],[-1.6362,48.114],[-1.6339,48.1141],[-1.628,48.1255],[-1.6367,48.1356],[-1.6294,48.1455],[-1.625,48.1457],[-1.6247,48.155],[-1.6188,48.1558],[-1.6124,48.1604],[-1.6091,48.1577],[-1.5995,48.1581],[-1.5904,48.154],[-1.5927,48.1528],[-1.588,48.1493],[-1.5937,48.1464],[-1.5855,48.1414],[-1.5916,48.1399],[-1.5899,48.1366],[-1.5959,48.1329],[-1.5969,48.1289],[-1.5891,48.1277],[-1.5846,48.138],[-1.572,48.1378],[-1.5691,48.1256],[-1.5622,48.1228],[-1.5571,48.1237],[-1.5557,48.119],[-1.5505,48.1198],[-1.5523,48.1167],[-1.5505,48.111],[-1.5541,48.1095],[-1.5521,48.1069],[-1.5559,48.1068],[-1.5564,48.0985]]]]}},{"type":"Feature","properties":{"territoire":"35261","nom":"Saint-Christophe-de-Valains","type":"commune"},"geometry":{"type":"MultiPolygon","coordinates":[[[[-1.47,48.3312],[-1.4607,48.3444],[-1.4685,48.3527],[-1.4412,48.3445],[-1.434,48.3459],[-1.4275,48.3413],[-1.431,48.3375],[-1.4373,48.3389],[-1.4461,48.3346],[-1.4548,48.336],[-1.47,48.3312]]]]}},{"type":"Feature","properties":{"territoire":"35059","nom":"La Chapelle-des-Fougeretz","type":"commune"},"geometry":{"type":"MultiPolygon","coordinates":[[[[-1.7613,48.1866],[-1.7469,48.1945],[-1.7403,48.1911],[-1.7296,48.1927],[-1.7205,48.1724],[-1.7116,48.161],[-1.717,48.1653],[-1.7208,48.1642],[-1.7304,48.1668],[-1.7378,48.1662],[-1.7439,48.1612],[-1.7574,48.1639],[-1.7632,48.1696],[-1.7594,48.1749],[-1.7628,48.1838],[-1.7613,48.1866]]]]}},{"type":"Feature","properties":{"territoire":"35070","nom":"Châteauneuf-d'Ille-et-Vilaine","type":"commune"},"geometry":{"type":"MultiPolygon","coordinates":[[[[-1.9417,48.5539],[-1.9331,48.5589],[-1.9331,48.5619],[-1.9293,48.565],[-1.9156,48.5626],[-1.9305,48.5513],[-1.9417,48.5539]]]]}},{"type":"Feature","properties":{"territoire":"35077","nom":"Chelun","type":"commune"},"geometry":{"type":"MultiPolygon","coordinates":[[[[-1.213,47.8573],[-1.2157,47.8575],[-1.2234,47.8514],[-1.2147,47.847],[-1.2153,47.8366],[-1.2279,47.8369],[-1.2416,47.8438],[-1.2465,47.8427],[-1.2701,47.8463],[-1.2701,47.849],[-1.2637,47.8519],[-1.2656,47.8555],[-1.2753,47.86],[-1.2703,47.8644],[-1.2776,47.866],[-1.2733,47.8697],[-1.2576,47.8679],[-1.2517,47.8704],[-1.251,47.873],[-1.2436,47.8729],[-1.2337,47.8658],[-1.2273,47.8643],[-1.2264,47.8619],[-1.2118,47.8586],[-1.213,47.8573]]]]}},{"type":"Feature","properties":{"territoire":"35078","nom":"Cherrueix","type":"commune"},"geometry":{"type":"MultiPolygon","coordinates":[[[[-1.6942,48.576],[-1.7075,48.5702],[-1.7164,48.5759],[-1.7136,48.578],[-1.7165,48.5816],[-1.7286,48.5894],[-1.7493,48.5966],[-1.7613,48.5965],[-1.77,48.6051],[-1.7573,48.6037],[-1.667,48.611],[-1.6883,48.6056],[-1.6827,48.5945],[-1.698,48.5904],[-1.6989,48.5881],[-1.6913,48.5818],[-1.6965,48.5783],[-1.6942,48.576]]]]}},{"type":"Feature","properties":{"territoire":"35081","nom":"Clayes","type":"commune"},"geometry":{"type":"MultiPolygon","coordinates":[[[[-1.8447,48.1862],[-1.8387,48.1774],[-1.8344,48.1767],[-1.834,48.1735],[-1.8374,48.1716],[-1.843,48.172],[-1.8477,48.1679],[-1.8566,48.1665],[-1.8616,48.1767],[-1.8731,48.1747],[-1.8701,48.1791],[-1.8713,48.1867],[-1.8578,48.1898],[-1.8447,48.1862]]]]}},{"type":"Feature","properties":{"territoire":"35082","nom":"Coësmes","type":"commune"},"geometry":{"type":"MultiPolygon","coordinates":[[[[-1.476,47.8772],[-1.4688,47.879],[-1.4633,47.8845],[-1.4531,47.8834],[-1.4438,47.8877],[-1.4289,47.885],[-1.4288,47.89],[-1.4255,47.8878],[-1.4089,47.8932],[-1.3865,47.8877],[-1.3864,47.883],[-1.3644,47.8811],[-1.3628,47.8764],[-1.3697,47.8724],[-1.3754,47.8615],[-1.3809,47.8613],[-1.3829,47.8575],[-1.3942,47.8581],[-1.3958,47.8551],[-1.394,47.851],[-1.4035,47.8474],[-1.4129,47.8549],[-1.4239,47.8538],[-1.4346,47.8581],[-1.4401,47.8563],[-1.4421,47.8629],[-1.4575,47.8646],[-1.4683,47.8699],[-1.476,47.8772]]]]}},{"type":"Feature","properties":{"territoire":"35084","nom":"Comblessac","type":"commune"},"geometry":{"type":"MultiPolygon","coordinates":[[[[-2.1095,47.8489],[-2.1043,47.853],[-2.1056,47.8586],[-2.0957,47.8617],[-2.1161,47.8796],[-2.1132,47.8831],[-2.1131,47.8877],[-2.1157,47.8902],[-2.1126,47.8945],[-2.1055,47.8932],[-2.1006,47.8958],[-2.1048,47.8985],[-2.1054,47.9025],[-2.1011,47.9004],[-2.0935,47.9025],[-2.09,47.9009],[-2.0896,47.8984],[-2.0846,47.897],[-2.0777,47.8897],[-2.07,47.887],[-2.0669,47.8818],[-2.069,47.8775],[-2.0639,47.8718],[-2.0545,47.8718],[-2.0549,47.8687],[-2.0644,47.8605],[-2.0686,47.852],[-2.0771,47.8505],[-2.0912,47.8434],[-2.1021,47.844],[-2.1095,47.8489]]]]}},{"type":"Feature","properties":{"territoire":"35085","nom":"Combourg","type":"commune"},"geometry":{"type":"MultiPolygon","coordinates":[[[[-1.7869,48.3732],[-1.7894,48.3868],[-1.782,48.3882],[-1.7881,48.4022],[-1.7843,48.4099],[-1.7847,48.4179],[-1.7908,48.4122],[-1.8016,48.4141],[-1.8,48.4217],[-1.806,48.4277],[-1.7968,48.4426],[-1.7979,48.4522],[-1.7893,48.4593],[-1.7888,48.4651],[-1.7773,48.4652],[-1.7732,48.461],[-1.7558,48.4577],[-1.7531,48.4551],[-1.7605,48.445],[-1.7528,48.4437],[-1.7551,48.4392],[-1.7525,48.4359],[-1.7534,48.4333],[-1.7371,48.4363],[-1.7328,48.4263],[-1.7278,48.4252],[-1.7247,48.4298],[-1.7196,48.4312],[-1.72,48.4334],[-1.7088,48.4351],[-1.7115,48.4226],[-1.7046,48.4202],[-1.697,48.4204],[-1.6967,48.4277],[-1.6792,48.4307],[-1.6784,48.4254],[-1.6846,48.4136],[-1.6775,48.4113],[-1.6648,48.4114],[-1.661,48.4078],[-1.6606,48.404],[-1.6668,48.4026],[-1.6661,48.3982],[-1.673,48.3879],[-1.6766,48.39],[-1.6733,48.3912],[-1.6741,48.3931],[-1.682,48.3934],[-1.6895,48.402],[-1.6982,48.3997],[-1.7052,48.4019],[-1.7135,48.3982],[-1.7087,48.3905],[-1.6983,48.3871],[-1.6979,48.3848],[-1.6904,48.3861],[-1.6869,48.38],[-1.6938,48.3824],[-1.6997,48.3806],[-1.7037,48.371],[-1.7193,48.373],[-1.7188,48.3688],[-1.7273,48.3671],[-1.7329,48.3704],[-1.7387,48.3699],[-1.7402,48.3649],[-1.7565,48.3653],[-1.7671,48.3623],[-1.7694,48.3566],[-1.7739,48.3574],[-1.774,48.3622],[-1.772,48.3628],[-1.774,48.3632],[-1.774,48.3677],[-1.7833,48.3738],[-1.7869,48.3732]]]]}},{"type":"Feature","properties":{"territoire":"35093","nom":"Dinard","type":"commune"},"geometry":{"type":"MultiPolygon","coordinates":[[[[-2.0584,48.6162],[-2.0797,48.6038],[-2.0765,48.6229],[-2.0791,48.6244],[-2.0821,48.6362],[-2.0774,48.6394],[-2.0784,48.6408],[-2.0704,48.6384],[-2.0568,48.6402],[-2.0571,48.6368],[-2.0548,48.6356],[-2.0476,48.6391],[-2.047,48.6361],[-2.0547,48.6262],[-2.047,48.624],[-2.0331,48.6272],[-2.0297,48.6241],[-2.0307,48.6215],[-2.0378,48.6187],[-2.0403,48.6142],[-2.0584,48.6162]]]]}},{"type":"Feature","properties":{"territoire":"35094","nom":"Dingé","type":"commune"},"geometry":{"type":"MultiPolygon","coordinates":[[[[-1.6512,48.374],[-1.6494,48.3667],[-1.6561,48.3598],[-1.6341,48.3578],[-1.626,48.3539],[-1.6194,48.3552],[-1.6106,48.3511],[-1.621,48.3467],[-1.6376,48.3457],[-1.6391,48.3509],[-1.6429,48.3516],[-1.645,48.3462],[-1.6505,48.3444],[-1.6563,48.3497],[-1.6627,48.344],[-1.6622,48.3374],[-1.6702,48.3323],[-1.6676,48.3283],[-1.6804,48.3263],[-1.6763,48.3212],[-1.6773,48.3176],[-1.7011,48.3158],[-1.7025,48.3166],[-1.6994,48.321],[-1.7019,48.3244],[-1.7134,48.3218],[-1.7417,48.3222],[-1.747,48.2993],[-1.7587,48.3],[-1.7547,48.3028],[-1.7595,48.3064],[-1.7549,48.3078],[-1.7541,48.3116],[-1.7475,48.3133],[-1.7502,48.3176],[-1.7575,48.3204],[-1.7596,48.3236],[-1.7702,48.3225],[-1.769,48.3251],[-1.7734,48.3297],[-1.7742,48.3349],[-1.779,48.3375],[-1.7921,48.338],[-1.7874,48.3454],[-1.7851,48.3452],[-1.7723,48.3577],[-1.7686,48.3569],[-1.7671,48.3623],[-1.7565,48.3653],[-1.7402,48.3649],[-1.7387,48.3699],[-1.7329,48.3704],[-1.7277,48.3671],[-1.7188,48.3688],[-1.7193,48.373],[-1.7037,48.371],[-1.6997,48.3806],[-1.6938,48.3824],[-1.6869,48.3797],[-1.6901,48.3836],[-1.6812,48.3798],[-1.6635,48.3789],[-1.6553,48.3722],[-1.6512,48.374]]]]}},{"type":"Feature","properties":{"territoire":"35106","nom":"Ercé-en-Lamée","type":"commune"},"geometry":{"type":"MultiPolygon","coordinates":[[[[-1.5471,47.8418],[-1.5403,47.8339],[-1.5353,47.8317],[-1.5302,47.8349],[-1.5306,47.8387],[-1.5264,47.8401],[-1.523,47.8394],[-1.522,47.8336],[-1.5128,47.8303],[-1.5102,47.84],[-1.495,47.8342],[-1.5028,47.8313],[-1.5016,47.8291],[-1.5148,47.8252],[-1.5479,47.8188],[-1.5627,47.8191],[-1.5647,47.8137],[-1.5736,47.8114],[-1.5747,47.8083],[-1.5605,47.7969],[-1.567,47.7941],[-1.5634,47.792],[-1.5695,47.7887],[-1.5674,47.7859],[-1.5756,47.7779],[-1.5868,47.7797],[-1.5934,47.7756],[-1.5981,47.7783],[-1.6112,47.7788],[-1.6148,47.7828],[-1.6115,47.7898],[-1.6225,47.7963],[-1.6314,47.798],[-1.6282,47.8098],[-1.6146,47.8168],[-1.6117,47.8312],[-1.6182,47.8349],[-1.6174,47.842],[-1.6203,47.8462],[-1.6156,47.847],[-1.6164,47.8575],[-1.6019,47.854],[-1.5914,47.855],[-1.5881,47.8518],[-1.5898,47.847],[-1.5866,47.8429],[-1.5823,47.8417],[-1.5772,47.8501],[-1.5734,47.8488],[-1.5743,47.8433],[-1.5715,47.8407],[-1.5596,47.8445],[-1.5594,47.8368],[-1.552,47.8426],[-1.5471,47.8418]]]]}},{"type":"Feature","properties":{"territoire":"35001","nom":"Acigné","type":"commune"},"geometry":{"type":"MultiPolygon","coordinates":[[[[-1.4683,48.1515],[-1.4871,48.1415],[-1.4851,48.1331],[-1.4819,48.133],[-1.4853,48.1248],[-1.4977,48.1256],[-1.496,48.1209],[-1.5015,48.1188],[-1.518,48.1206],[-1.5195,48.1262],[-1.5253,48.1319],[-1.5383,48.1303],[-1.5468,48.1214],[-1.5545,48.1187],[-1.557,48.1198],[-1.5571,48.1237],[-1.5622,48.1228],[-1.5679,48.1251],[-1.5652,48.1292],[-1.5577,48.1329],[-1.5578,48.1388],[-1.5695,48.1411],[-1.5621,48.1484],[-1.562,48.1591],[-1.5359,48.1694],[-1.5233,48.1722],[-1.5059,48.1681],[-1.4984,48.1736],[-1.4848,48.165],[-1.4838,48.1675],[-1.4794,48.1669],[-1.4777,48.1627],[-1.4724,48.1616],[-1.473,48.1586],[-1.4683,48.1515]]]]}},{"type":"Feature","properties":{"territoire":"35002","nom":"Amanlis","type":"commune"},"geometry":{"type":"MultiPolygon","coordinates":[[[[-1.507,48.0221],[-1.5047,48.0248],[-1.4899,48.0264],[-1.4853,48.0336],[-1.4756,48.0299],[-1.4742,48.0216],[-1.4617,48],[-1.4648,47.9993],[-1.4632,47.9911],[-1.4689,47.9885],[-1.4614,47.985],[-1.4557,47.9868],[-1.4647,47.9825],[-1.4584,47.9805],[-1.4591,47.9744],[-1.4676,47.9739],[-1.4785,47.9785],[-1.4794,47.9751],[-1.4834,47.9738],[-1.487,47.9769],[-1.4955,47.9787],[-1.5101,47.9764],[-1.517,47.9732],[-1.5156,47.9708],[-1.5201,47.9699],[-1.5224,47.9735],[-1.5212,47.9761],[-1.532,47.9841],[-1.5301,47.9904],[-1.5346,47.9931],[-1.5331,47.9952],[-1.527,47.9927],[-1.522,47.9952],[-1.527,48.0014],[-1.5256,48.0178],[-1.5287,48.0229],[-1.5148,48.0259],[-1.507,48.0221]]]]}},{"type":"Feature","properties":{"territoire":"35107","nom":"Ercé-près-Liffré","type":"commune"},"geometry":{"type":"MultiPolygon","coordinates":[[[[-1.5589,48.2517],[-1.558,48.2566],[-1.5363,48.2628],[-1.5369,48.2662],[-1.5277,48.2726],[-1.5193,48.2711],[-1.5061,48.2738],[-1.4814,48.2729],[-1.4822,48.2669],[-1.4965,48.2642],[-1.5009,48.2567],[-1.4874,48.2519],[-1.4838,48.2449],[-1.4769,48.2419],[-1.4918,48.2392],[-1.4917,48.237],[-1.4958,48.2351],[-1.5063,48.2366],[-1.5099,48.2404],[-1.5163,48.2418],[-1.5254,48.2421],[-1.5431,48.238],[-1.5444,48.2456],[-1.5603,48.2473],[-1.5589,48.2517]]]]}},{"type":"Feature","properties":{"territoire":"35108","nom":"Essé","type":"commune"},"geometry":{"type":"MultiPolygon","coordinates":[[[[-1.4417,47.9736],[-1.4348,47.9723],[-1.4282,47.9659],[-1.421,47.9667],[-1.4174,47.9603],[-1.3983,47.9587],[-1.3929,47.9541],[-1.3824,47.9516],[-1.3838,47.9488],[-1.3739,47.9432],[-1.3745,47.9391],[-1.3981,47.9287],[-1.4124,47.9343],[-1.4293,47.933],[-1.4358,47.9373],[-1.4453,47.9363],[-1.4449,47.9344],[-1.4507,47.9336],[-1.455,47.9301],[-1.4628,47.9314],[-1.4646,47.9344],[-1.4792,47.9321],[-1.4753,47.941],[-1.4823,47.9422],[-1.4798,47.95],[-1.472,47.9513],[-1.4645,47.9606],[-1.4519,47.9682],[-1.446,47.9681],[-1.4417,47.9736]]]]}},{"type":"Feature","properties":{"territoire":"35109","nom":"Étrelles","type":"commune"},"geometry":{"type":"MultiPolygon","coordinates":[[[[-1.2314,48.0926],[-1.2208,48.0895],[-1.2151,48.0836],[-1.209,48.0856],[-1.1993,48.081],[-1.1946,48.0817],[-1.1863,48.075],[-1.1659,48.0768],[-1.1627,48.0829],[-1.1626,48.0807],[-1.1511,48.0784],[-1.1574,48.0734],[-1.1637,48.0739],[-1.1684,48.0654],[-1.1668,48.0631],[-1.1689,48.0628],[-1.1708,48.0496],[-1.1791,48.0504],[-1.1789,48.053],[-1.191,48.0536],[-1.1875,48.0459],[-1.199,48.0451],[-1.1994,48.0421],[-1.2286,48.0392],[-1.2246,48.046],[-1.2357,48.0492],[-1.2324,48.0538],[-1.2351,48.0542],[-1.2357,48.0619],[-1.2378,48.0638],[-1.2365,48.0666],[-1.2421,48.0708],[-1.2641,48.0707],[-1.2624,48.0748],[-1.2579,48.0759],[-1.2687,48.0812],[-1.2698,48.0854],[-1.268,48.0886],[-1.2695,48.0901],[-1.2649,48.0905],[-1.2658,48.0944],[-1.2624,48.0944],[-1.2585,48.0998],[-1.2473,48.1008],[-1.2447,48.0962],[-1.2344,48.0963],[-1.2314,48.0926]]]]}},{"type":"Feature","properties":{"territoire":"35003","nom":"Andouillé-Neuville","type":"commune"},"geometry":{"type":"MultiPolygon","coordinates":[[[[-1.6221,48.2792],[-1.6302,48.2853],[-1.6219,48.2958],[-1.6225,48.3032],[-1.6077,48.3062],[-1.6078,48.3092],[-1.6049,48.3104],[-1.5975,48.3086],[-1.5946,48.3136],[-1.5846,48.3194],[-1.5741,48.317],[-1.5633,48.309],[-1.5793,48.298],[-1.5756,48.2939],[-1.5602,48.2966],[-1.5645,48.2906],[-1.5694,48.2903],[-1.5685,48.289],[-1.577,48.2847],[-1.5883,48.2869],[-1.6028,48.2811],[-1.6221,48.2792]]]]}},{"type":"Feature","properties":{"territoire":"35004","nom":"Val-Couesnon","type":"commune"},"geometry":{"type":"MultiPolygon","coordinates":[[[[-1.4868,48.4823],[-1.4852,48.4873],[-1.4899,48.4893],[-1.4843,48.4913],[-1.4823,48.4868],[-1.4736,48.4853],[-1.4664,48.4885],[-1.4597,48.4848],[-1.4503,48.4877],[-1.4349,48.4779],[-1.441,48.4712],[-1.4306,48.4651],[-1.4293,48.4622],[-1.4196,48.4603],[-1.4148,48.4629],[-1.4082,48.46],[-1.4044,48.4617],[-1.3981,48.4604],[-1.3942,48.4513],[-1.3945,48.4458],[-1.4026,48.4432],[-1.4027,48.4378],[-1.4068,48.435],[-1.4065,48.4307],[-1.3985,48.4287],[-1.3933,48.4225],[-1.3953,48.4209],[-1.3926,48.4198],[-1.3998,48.4138],[-1.3972,48.4071],[-1.3991,48.4067],[-1.3976,48.4049],[-1.4005,48.3998],[-1.4197,48.3963],[-1.4264,48.4009],[-1.4313,48.3963],[-1.4575,48.3907],[-1.4685,48.3977],[-1.4756,48.3915],[-1.4836,48.3965],[-1.4968,48.3978],[-1.5063,48.4055],[-1.5077,48.4114],[-1.5133,48.4129],[-1.5151,48.4176],[-1.5082,48.4181],[-1.5053,48.4211],[-1.5073,48.4269],[-1.5137,48.4303],[-1.5147,48.4334],[-1.5057,48.4383],[-1.5094,48.4425],[-1.523,48.4483],[-1.5261,48.4536],[-1.5238,48.4551],[-1.5265,48.4601],[-1.5243,48.4599],[-1.525,48.4625],[-1.5369,48.4698],[-1.5352,48.4828],[-1.5276,48.4896],[-1.5253,48.4878],[-1.5207,48.4888],[-1.5107,48.4805],[-1.502,48.4783],[-1.4868,48.4823]]]]}},{"type":"Feature","properties":{"territoire":"35130","nom":"Hédé-Bazouges","type":"commune"},"geometry":{"type":"MultiPolygon","coordinates":[[[[-1.771,48.3238],[-1.7587,48.3233],[-1.7475,48.3133],[-1.7541,48.3116],[-1.7549,48.3078],[-1.7595,48.3064],[-1.7547,48.3028],[-1.7587,48.3],[-1.7536,48.3002],[-1.7514,48.298],[-1.757,48.2952],[-1.761,48.2887],[-1.7598,48.281],[-1.765,48.282],[-1.7686,48.278],[-1.7746,48.2823],[-1.7899,48.2822],[-1.8071,48.2956],[-1.808,48.2986],[-1.7991,48.3154],[-1.771,48.3238]]]]}},{"type":"Feature","properties":{"territoire":"35005","nom":"Arbrissel","type":"commune"},"geometry":{"type":"MultiPolygon","coordinates":[[[[-1.2833,47.9331],[-1.2736,47.9317],[-1.2681,47.928],[-1.2751,47.9236],[-1.2819,47.9241],[-1.2896,47.9193],[-1.3004,47.9166],[-1.306,47.9182],[-1.3097,47.9159],[-1.3111,47.9191],[-1.3138,47.9194],[-1.3134,47.9246],[-1.3024,47.9406],[-1.2938,47.9378],[-1.2922,47.9357],[-1.2936,47.9303],[-1.2833,47.9331]]]]}},{"type":"Feature","properties":{"territoire":"35133","nom":"Iffendic","type":"commune"},"geometry":{"type":"MultiPolygon","coordinates":[[[[-2.0914,48.074],[-2.0931,48.0765],[-2.0845,48.0836],[-2.0793,48.0839],[-2.0817,48.0876],[-2.0718,48.092],[-2.0674,48.0982],[-2.0562,48.1005],[-2.056,48.1029],[-2.0417,48.1086],[-2.0441,48.1112],[-2.0432,48.1134],[-2.0487,48.113],[-2.0505,48.117],[-2.0555,48.1164],[-2.0635,48.1234],[-2.0704,48.121],[-2.0766,48.1233],[-2.0726,48.1379],[-2.0845,48.1417],[-2.0847,48.1465],[-2.0912,48.145],[-2.0868,48.1527],[-2.0681,48.1461],[-2.05,48.1514],[-2.0323,48.1497],[-2.0301,48.1538],[-2.0179,48.1547],[-2.0188,48.1801],[-2.0129,48.1803],[-2.0067,48.1759],[-2,48.1774],[-1.9965,48.1746],[-1.9959,48.17],[-1.9896,48.168],[-1.9861,48.1619],[-1.9778,48.1599],[-1.9773,48.1573],[-1.9809,48.1535],[-1.9707,48.1546],[-1.9744,48.1528],[-1.9766,48.1482],[-1.9747,48.1377],[-1.9813,48.1369],[-1.9831,48.1321],[-1.99,48.127],[-1.9921,48.119],[-1.9854,48.1093],[-1.974,48.1073],[-1.9725,48.1036],[-1.9666,48.1028],[-1.9686,48.1016],[-1.969,48.0941],[-1.9634,48.0894],[-1.9638,48.085],[-1.9585,48.084],[-1.9576,48.0817],[-1.9633,48.0795],[-1.9616,48.0762],[-1.9997,48.0663],[-1.9995,48.0628],[-2.0094,48.0605],[-2.0108,48.0654],[-2.0279,48.067],[-2.0266,48.0684],[-2.0394,48.0691],[-2.0444,48.0618],[-2.0449,48.0663],[-2.0542,48.0709],[-2.0623,48.0707],[-2.068,48.0676],[-2.074,48.0732],[-2.0914,48.074]]],[[[-2.1244,48.1567],[-2.1142,48.1596],[-2.1131,48.1502],[-2.1015,48.1537],[-2.0917,48.1461],[-2.1139,48.1501],[-2.1307,48.1474],[-2.1317,48.152],[-2.1244,48.1567]]]]}},{"type":"Feature","properties":{"territoire":"35272","nom":"Saint-Germain-du-Pinel","type":"commune"},"geometry":{"type":"MultiPolygon","coordinates":[[[[-1.1629,47.9861],[-1.1779,47.9848],[-1.1837,47.9865],[-1.1814,47.9944],[-1.1887,47.997],[-1.1878,47.9996],[-1.1903,48.001],[-1.2011,48.0011],[-1.201,48.0076],[-1.1951,48.0208],[-1.1876,48.019],[-1.1763,48.0204],[-1.166,48.0173],[-1.1582,48.0202],[-1.1506,48.0161],[-1.1496,48.0131],[-1.1434,48.012],[-1.1495,48.0036],[-1.1491,47.9953],[-1.1636,47.9909],[-1.1611,47.9875],[-1.1629,47.9861]]]]}},{"type":"Feature","properties":{"territoire":"35273","nom":"Saint-Germain-en-Coglès","type":"commune"},"geometry":{"type":"MultiPolygon","coordinates":[[[[-1.2367,48.373],[-1.2428,48.3752],[-1.2446,48.381],[-1.2551,48.3835],[-1.2749,48.3731],[-1.2785,48.3654],[-1.2953,48.3644],[-1.2939,48.3766],[-1.2987,48.3753],[-1.3087,48.3808],[-1.3061,48.3851],[-1.3078,48.3883],[-1.3003,48.3895],[-1.3036,48.4008],[-1.2976,48.4054],[-1.3006,48.4153],[-1.2961,48.4168],[-1.3036,48.4266],[-1.2924,48.4297],[-1.2876,48.4354],[-1.2757,48.4391],[-1.276,48.4323],[-1.2703,48.4334],[-1.2719,48.4264],[-1.2669,48.4225],[-1.2591,48.4233],[-1.2581,48.416],[-1.2493,48.4107],[-1.2504,48.4064],[-1.2426,48.4093],[-1.2292,48.4024],[-1.2169,48.4008],[-1.2107,48.4028],[-1.2044,48.4],[-1.2038,48.3962],[-1.2065,48.393],[-1.2025,48.3865],[-1.2093,48.3839],[-1.2144,48.3858],[-1.2121,48.3771],[-1.2176,48.3801],[-1.2367,48.373]]]]}},{"type":"Feature","properties":{"territoire":"35006","nom":"Argentré-du-Plessis","type":"commune"},"geometry":{"type":"MultiPolygon","coordinates":[[[[-1.1511,48.0784],[-1.1446,48.0834],[-1.1386,48.0836],[-1.129,48.0787],[-1.1125,48.0799],[-1.1106,48.0757],[-1.1006,48.0755],[-1.0965,48.0729],[-1.0929,48.0694],[-1.0986,48.069],[-1.0985,48.0635],[-1.0951,48.0599],[-1.0855,48.0609],[-1.0802,48.0541],[-1.0855,48.0542],[-1.088,48.0473],[-1.0822,48.0484],[-1.0854,48.0458],[-1.0814,48.0441],[-1.0826,48.0412],[-1.0779,48.0387],[-1.0843,48.0351],[-1.0854,48.03],[-1.092,48.0278],[-1.088,48.0186],[-1.0961,48.0226],[-1.1054,48.0234],[-1.104,48.0274],[-1.1114,48.0287],[-1.116,48.0328],[-1.1265,48.0336],[-1.1259,48.032],[-1.1318,48.0314],[-1.1369,48.0345],[-1.1548,48.0268],[-1.1555,48.0186],[-1.1592,48.0201],[-1.166,48.0173],[-1.1763,48.0204],[-1.1876,48.019],[-1.1951,48.0208],[-1.2011,48.0347],[-1.199,48.0451],[-1.1875,48.0459],[-1.191,48.0536],[-1.1789,48.053],[-1.1791,48.0504],[-1.1708,48.0496],[-1.1689,48.0628],[-1.1668,48.0631],[-1.1684,48.0654],[-1.1637,48.0739],[-1.1574,48.0734],[-1.1511,48.0784]]]]}},{"type":"Feature","properties":{"territoire":"35140","nom":"Lalleu","type":"commune"},"geometry":{"type":"MultiPolygon","coordinates":[[[[-1.507,47.8402],[-1.5117,47.8383],[-1.5124,47.8303],[-1.522,47.8336],[-1.5249,47.8401],[-1.5306,47.8387],[-1.5298,47.8355],[-1.5345,47.8318],[-1.5403,47.8339],[-1.5471,47.8418],[-1.5457,47.8491],[-1.5487,47.8526],[-1.5476,47.8586],[-1.5518,47.859],[-1.5489,47.8709],[-1.5436,47.8706],[-1.535,47.8744],[-1.5129,47.8699],[-1.5128,47.8732],[-1.4973,47.8752],[-1.4951,47.8777],[-1.4852,47.8731],[-1.491,47.8655],[-1.4985,47.8633],[-1.4971,47.8614],[-1.5018,47.8539],[-1.5008,47.8517],[-1.5049,47.8476],[-1.5017,47.8425],[-1.507,47.8402]]]]}},{"type":"Feature","properties":{"territoire":"35008","nom":"Availles-sur-Seiche","type":"commune"},"geometry":{"type":"MultiPolygon","coordinates":[[[[-1.1486,47.9681],[-1.1566,47.9642],[-1.1585,47.9589],[-1.1605,47.9587],[-1.1593,47.9536],[-1.1749,47.9487],[-1.1761,47.9457],[-1.1836,47.9432],[-1.1891,47.9457],[-1.1963,47.9441],[-1.2052,47.9462],[-1.2119,47.9439],[-1.2175,47.9479],[-1.2234,47.9474],[-1.2216,47.9564],[-1.2123,47.9584],[-1.2094,47.9617],[-1.2063,47.96],[-1.203,47.9631],[-1.1959,47.9626],[-1.1938,47.9665],[-1.189,47.9673],[-1.1924,47.9724],[-1.1905,47.9733],[-1.1835,47.975],[-1.1773,47.973],[-1.1742,47.969],[-1.1562,47.9736],[-1.1486,47.9681]]]]}},{"type":"Feature","properties":{"territoire":"35009","nom":"Baguer-Morvan","type":"commune"},"geometry":{"type":"MultiPolygon","coordinates":[[[[-1.7355,48.4925],[-1.7505,48.4859],[-1.7917,48.4766],[-1.7975,48.4804],[-1.8006,48.488],[-1.806,48.4906],[-1.8079,48.496],[-1.8017,48.5035],[-1.8049,48.51],[-1.8044,48.5211],[-1.7972,48.5212],[-1.7937,48.526],[-1.794,48.5301],[-1.7911,48.5307],[-1.7901,48.5269],[-1.7835,48.5289],[-1.7756,48.527],[-1.7683,48.5309],[-1.7649,48.5275],[-1.7388,48.5286],[-1.7417,48.5112],[-1.7411,48.5092],[-1.7372,48.5117],[-1.7348,48.5101],[-1.7355,48.4925]]]]}},{"type":"Feature","properties":{"territoire":"35010","nom":"Baguer-Pican","type":"commune"},"geometry":{"type":"MultiPolygon","coordinates":[[[[-1.6942,48.576],[-1.6916,48.5736],[-1.6934,48.5701],[-1.6867,48.5615],[-1.6756,48.5614],[-1.6756,48.5636],[-1.6692,48.566],[-1.6668,48.5619],[-1.6611,48.5593],[-1.6638,48.5515],[-1.6546,48.5474],[-1.6541,48.5439],[-1.6704,48.5403],[-1.6643,48.5382],[-1.6697,48.5286],[-1.6869,48.5291],[-1.6887,48.526],[-1.6923,48.533],[-1.7018,48.5305],[-1.7015,48.533],[-1.7068,48.5355],[-1.7123,48.5431],[-1.7243,48.5415],[-1.7284,48.5459],[-1.7255,48.5472],[-1.7261,48.5491],[-1.7161,48.5511],[-1.7246,48.5585],[-1.717,48.5618],[-1.714,48.567],[-1.6942,48.576]]]]}},{"type":"Feature","properties":{"territoire":"35012","nom":"Bain-de-Bretagne","type":"commune"},"geometry":{"type":"MultiPolygon","coordinates":[[[[-1.6206,47.8583],[-1.6164,47.8575],[-1.6153,47.8502],[-1.6157,47.8469],[-1.6203,47.8464],[-1.6174,47.842],[-1.619,47.837],[-1.6117,47.8312],[-1.6146,47.8168],[-1.6282,47.8098],[-1.6304,47.7968],[-1.6358,47.7954],[-1.6703,47.7908],[-1.686,47.7927],[-1.6872,47.7907],[-1.6985,47.7896],[-1.7032,47.7927],[-1.7058,47.7982],[-1.7201,47.7993],[-1.7281,47.8149],[-1.7321,47.8159],[-1.7322,47.8229],[-1.7348,47.8251],[-1.747,47.8254],[-1.7492,47.8291],[-1.7494,47.8337],[-1.7466,47.8346],[-1.7466,47.8455],[-1.7404,47.8471],[-1.7376,47.8503],[-1.7339,47.8497],[-1.7266,47.8587],[-1.7164,47.8586],[-1.705,47.8627],[-1.6956,47.8632],[-1.6821,47.8603],[-1.6762,47.866],[-1.6621,47.8671],[-1.6553,47.8752],[-1.6495,47.8728],[-1.6515,47.866],[-1.6485,47.863],[-1.6355,47.8681],[-1.6341,47.8603],[-1.6266,47.8621],[-1.6206,47.8583]]]]}},{"type":"Feature","properties":{"territoire":"35013","nom":"Bains-sur-Oust","type":"commune"},"geometry":{"type":"MultiPolygon","coordinates":[[[[-2.0314,47.7417],[-2.0371,47.7252],[-2.0167,47.7217],[-2.0198,47.7157],[-2.0238,47.716],[-2.0304,47.7077],[-2.0343,47.6993],[-2.0523,47.6883],[-2.0623,47.6777],[-2.0761,47.6798],[-2.0999,47.6786],[-2.1038,47.6763],[-2.1224,47.6827],[-2.1213,47.6881],[-2.1249,47.6912],[-2.1186,47.7083],[-2.1292,47.7177],[-2.1314,47.7223],[-2.1299,47.7235],[-2.1127,47.7282],[-2.1069,47.732],[-2.1094,47.7359],[-2.1071,47.7375],[-2.0585,47.7381],[-2.0577,47.7427],[-2.0618,47.7516],[-2.0442,47.7558],[-2.038,47.7534],[-2.0351,47.7448],[-2.0314,47.7417]]]]}},{"type":"Feature","properties":{"territoire":"35014","nom":"Bais","type":"commune"},"geometry":{"type":"MultiPolygon","coordinates":[[[[-1.302,48.0483],[-1.2892,48.047],[-1.2871,48.0447],[-1.288,48.0414],[-1.2787,48.0388],[-1.2818,48.0357],[-1.2795,48.0297],[-1.2667,48.0258],[-1.2678,48.02],[-1.2658,48.0175],[-1.2514,48.012],[-1.2511,48.0092],[-1.2585,48.0071],[-1.258,47.9971],[-1.2617,47.9955],[-1.2643,47.9972],[-1.2923,47.9964],[-1.293,47.9883],[-1.2968,47.9871],[-1.2974,47.9845],[-1.3026,47.9842],[-1.3029,47.9778],[-1.3133,47.9754],[-1.3194,47.9768],[-1.3207,47.9693],[-1.3449,47.9827],[-1.3367,47.9888],[-1.3355,47.996],[-1.3466,48.0021],[-1.3452,48.0081],[-1.3357,48.0132],[-1.3406,48.0209],[-1.3381,48.0242],[-1.342,48.0273],[-1.3358,48.031],[-1.3429,48.034],[-1.339,48.0382],[-1.3292,48.0383],[-1.32,48.0347],[-1.3211,48.0394],[-1.3182,48.0404],[-1.3172,48.0441],[-1.3095,48.0422],[-1.302,48.0483]]]]}},{"type":"Feature","properties":{"territoire":"35015","nom":"Balazé","type":"commune"},"geometry":{"type":"MultiPolygon","coordinates":[[[[-1.2092,48.2141],[-1.1912,48.2145],[-1.1912,48.2122],[-1.186,48.2102],[-1.1857,48.2064],[-1.1823,48.2046],[-1.1544,48.2059],[-1.1544,48.1986],[-1.162,48.1948],[-1.1389,48.1932],[-1.1426,48.187],[-1.1394,48.1832],[-1.1447,48.1801],[-1.1449,48.1741],[-1.1485,48.1735],[-1.1469,48.1677],[-1.1518,48.1661],[-1.1462,48.1598],[-1.1469,48.1571],[-1.154,48.1532],[-1.1552,48.1431],[-1.1575,48.1437],[-1.1654,48.1379],[-1.1747,48.1374],[-1.1694,48.143],[-1.2011,48.1456],[-1.1991,48.1484],[-1.2017,48.151],[-1.2146,48.1553],[-1.2088,48.1571],[-1.2063,48.1618],[-1.2128,48.1692],[-1.2117,48.1706],[-1.2151,48.1705],[-1.2176,48.1739],[-1.2277,48.1783],[-1.2232,48.1833],[-1.2265,48.1839],[-1.2247,48.1858],[-1.2272,48.1901],[-1.2238,48.1933],[-1.2151,48.1955],[-1.2176,48.1988],[-1.2166,48.2019],[-1.2202,48.2027],[-1.2209,48.2059],[-1.2092,48.2141]]]]}},{"type":"Feature","properties":{"territoire":"35016","nom":"Baulon","type":"commune"},"geometry":{"type":"MultiPolygon","coordinates":[[[[-1.899,47.969],[-1.9072,47.9733],[-1.914,47.9743],[-1.9211,47.971],[-1.9257,47.9745],[-1.9342,47.9762],[-1.9626,47.9742],[-1.9672,47.9952],[-1.9623,48.0019],[-1.9701,48.0045],[-1.974,48.0135],[-1.9471,48.0138],[-1.9466,48.017],[-1.9406,48.0176],[-1.9304,48.015],[-1.9278,48.0228],[-1.9056,48.0242],[-1.9094,48.019],[-1.9073,48.0135],[-1.9087,48.0028],[-1.8957,47.9975],[-1.8904,47.9924],[-1.8907,47.9888],[-1.8834,47.9871],[-1.8838,47.9823],[-1.8815,47.9804],[-1.8863,47.9815],[-1.8913,47.9784],[-1.8896,47.9758],[-1.8932,47.9756],[-1.899,47.969]]]]}},{"type":"Feature","properties":{"territoire":"35017","nom":"La Baussaine","type":"commune"},"geometry":{"type":"MultiPolygon","coordinates":[[[[-1.9152,48.3219],[-1.9156,48.325],[-1.9081,48.3261],[-1.9061,48.3302],[-1.89,48.3318],[-1.8892,48.3287],[-1.8844,48.3264],[-1.8848,48.3237],[-1.8893,48.3218],[-1.8763,48.3188],[-1.8765,48.3135],[-1.8703,48.3137],[-1.8749,48.3081],[-1.872,48.3066],[-1.8719,48.3028],[-1.8786,48.2965],[-1.8814,48.2967],[-1.8805,48.3014],[-1.8835,48.3016],[-1.8893,48.3016],[-1.8938,48.2967],[-1.8979,48.2985],[-1.9008,48.2965],[-1.9237,48.3061],[-1.9161,48.3159],[-1.9152,48.3219]]]]}},{"type":"Feature","properties":{"territoire":"35018","nom":"La Bazouge-du-Désert","type":"commune"},"geometry":{"type":"MultiPolygon","coordinates":[[[[-1.0789,48.4183],[-1.0834,48.4188],[-1.0847,48.4243],[-1.0898,48.4251],[-1.1037,48.4219],[-1.1107,48.416],[-1.1202,48.4153],[-1.1312,48.4188],[-1.1373,48.424],[-1.1356,48.4281],[-1.138,48.4287],[-1.1386,48.4331],[-1.1491,48.441],[-1.1441,48.4445],[-1.1455,48.4518],[-1.1415,48.4524],[-1.1443,48.4567],[-1.143,48.4628],[-1.1334,48.4631],[-1.129,48.4707],[-1.1224,48.4659],[-1.1169,48.465],[-1.1132,48.4697],[-1.109,48.4669],[-1.1078,48.4694],[-1.104,48.4674],[-1.1037,48.4702],[-1.0883,48.4659],[-1.0827,48.4588],[-1.0671,48.4602],[-1.0652,48.4514],[-1.0796,48.4436],[-1.0836,48.4337],[-1.0782,48.4253],[-1.0789,48.4183]]]]}},{"type":"Feature","properties":{"territoire":"35019","nom":"Bazouges-la-Pérouse","type":"commune"},"geometry":{"type":"MultiPolygon","coordinates":[[[[-1.6201,48.4478],[-1.6222,48.4506],[-1.6176,48.4592],[-1.6168,48.4663],[-1.6056,48.4676],[-1.5979,48.4739],[-1.5901,48.4725],[-1.59,48.4755],[-1.5815,48.4754],[-1.5686,48.4842],[-1.5717,48.4898],[-1.5576,48.4906],[-1.5554,48.4866],[-1.5456,48.485],[-1.5486,48.4818],[-1.5437,48.4831],[-1.5417,48.4805],[-1.5412,48.4829],[-1.5391,48.4782],[-1.5359,48.4781],[-1.5369,48.4698],[-1.525,48.4625],[-1.5243,48.4599],[-1.5265,48.4601],[-1.5238,48.4551],[-1.5261,48.4536],[-1.523,48.4483],[-1.5094,48.4425],[-1.5058,48.4385],[-1.5147,48.4339],[-1.5137,48.4303],[-1.5112,48.4305],[-1.5065,48.4257],[-1.5053,48.4211],[-1.508,48.4182],[-1.5151,48.4176],[-1.5133,48.4129],[-1.5077,48.4114],[-1.5066,48.4061],[-1.5155,48.4062],[-1.5267,48.4102],[-1.5466,48.4019],[-1.5495,48.3977],[-1.5605,48.3982],[-1.5755,48.4045],[-1.5855,48.4046],[-1.5901,48.4007],[-1.6146,48.3977],[-1.6075,48.4051],[-1.5978,48.4061],[-1.5962,48.4079],[-1.5987,48.4104],[-1.59,48.4166],[-1.6009,48.4199],[-1.6026,48.4235],[-1.6009,48.4247],[-1.6097,48.4301],[-1.6125,48.4383],[-1.6186,48.4431],[-1.6201,48.4478]]]]}},{"type":"Feature","properties":{"territoire":"35021","nom":"Beaucé","type":"commune"},"geometry":{"type":"MultiPolygon","coordinates":[[[[-1.1733,48.3387],[-1.1746,48.3487],[-1.1721,48.349],[-1.1773,48.3619],[-1.1681,48.3645],[-1.1614,48.3573],[-1.1547,48.3575],[-1.1485,48.366],[-1.1423,48.3656],[-1.1421,48.3599],[-1.1374,48.3528],[-1.1459,48.3395],[-1.1347,48.336],[-1.1363,48.3308],[-1.1511,48.3259],[-1.155,48.328],[-1.1572,48.3328],[-1.1625,48.3338],[-1.1632,48.3372],[-1.1733,48.3387]]]]}},{"type":"Feature","properties":{"territoire":"35024","nom":"Betton","type":"commune"},"geometry":{"type":"MultiPolygon","coordinates":[[[[-1.5983,48.1988],[-1.6238,48.1689],[-1.6127,48.1598],[-1.6188,48.1558],[-1.6299,48.1548],[-1.6345,48.1493],[-1.6386,48.1497],[-1.6424,48.154],[-1.653,48.1561],[-1.6546,48.1602],[-1.6581,48.1615],[-1.6759,48.1627],[-1.6774,48.1664],[-1.674,48.1754],[-1.6837,48.1756],[-1.6874,48.1792],[-1.697,48.1811],[-1.6905,48.1904],[-1.687,48.1898],[-1.676,48.2006],[-1.6621,48.1994],[-1.663,48.2017],[-1.6581,48.2038],[-1.6571,48.2101],[-1.6402,48.2029],[-1.6369,48.2002],[-1.6374,48.198],[-1.6305,48.1982],[-1.6289,48.1957],[-1.6251,48.1966],[-1.6278,48.2017],[-1.6261,48.206],[-1.6189,48.2027],[-1.6126,48.2048],[-1.5983,48.1988]]]]}},{"type":"Feature","properties":{"territoire":"35025","nom":"Billé","type":"commune"},"geometry":{"type":"MultiPolygon","coordinates":[[[[-1.2315,48.2704],[-1.2352,48.2707],[-1.2367,48.2771],[-1.2431,48.2796],[-1.2557,48.2795],[-1.2606,48.2746],[-1.2669,48.2752],[-1.2682,48.2788],[-1.2736,48.2811],[-1.273,48.2856],[-1.2809,48.2857],[-1.2878,48.2895],[-1.2801,48.2974],[-1.2859,48.2991],[-1.2859,48.3036],[-1.2923,48.308],[-1.2804,48.3056],[-1.2759,48.3093],[-1.2696,48.3079],[-1.2677,48.3163],[-1.2582,48.3145],[-1.2525,48.3177],[-1.2471,48.3164],[-1.2443,48.3143],[-1.246,48.3109],[-1.24,48.3052],[-1.2301,48.3045],[-1.2289,48.3004],[-1.2221,48.2975],[-1.2182,48.2983],[-1.2125,48.2922],[-1.2195,48.2787],[-1.2315,48.2704]]]]}},{"type":"Feature","properties":{"territoire":"35026","nom":"Bléruais","type":"commune"},"geometry":{"type":"MultiPolygon","coordinates":[[[[-2.116,48.1263],[-2.111,48.1232],[-2.1049,48.124],[-2.102,48.1197],[-2.1021,48.1142],[-2.1002,48.1129],[-2.1057,48.1071],[-2.113,48.1056],[-2.1217,48.1117],[-2.1285,48.1098],[-2.136,48.1115],[-2.133,48.1135],[-2.1344,48.1148],[-2.116,48.1263]]]]}},{"type":"Feature","properties":{"territoire":"35141","nom":"Landavran","type":"commune"},"geometry":{"type":"MultiPolygon","coordinates":[[[[-1.3084,48.1504],[-1.3087,48.1542],[-1.2984,48.1605],[-1.2977,48.1647],[-1.2935,48.1681],[-1.278,48.1706],[-1.2715,48.1761],[-1.2634,48.1698],[-1.277,48.1506],[-1.2975,48.1507],[-1.3011,48.1527],[-1.3029,48.1499],[-1.3084,48.1504]]]]}},{"type":"Feature","properties":{"territoire":"35142","nom":"Landéan","type":"commune"},"geometry":{"type":"MultiPolygon","coordinates":[[[[-1.1957,48.3795],[-1.1994,48.3808],[-1.1963,48.3853],[-1.199,48.3883],[-1.1895,48.3958],[-1.1912,48.3996],[-1.1862,48.4078],[-1.1782,48.411],[-1.1673,48.4205],[-1.1691,48.4266],[-1.1778,48.4375],[-1.1723,48.4414],[-1.1754,48.4444],[-1.1688,48.4514],[-1.162,48.4474],[-1.1503,48.4536],[-1.1455,48.4518],[-1.1441,48.4445],[-1.1491,48.441],[-1.1386,48.4331],[-1.138,48.4287],[-1.1356,48.4281],[-1.1373,48.424],[-1.1284,48.4176],[-1.1202,48.4153],[-1.1107,48.416],[-1.1037,48.4219],[-1.0898,48.4251],[-1.0847,48.4243],[-1.0834,48.4188],[-1.0789,48.4183],[-1.0865,48.4172],[-1.0998,48.4089],[-1.1042,48.4057],[-1.1092,48.3964],[-1.1162,48.3967],[-1.1183,48.3924],[-1.1217,48.3954],[-1.1302,48.3969],[-1.1414,48.3924],[-1.1444,48.3865],[-1.158,48.3822],[-1.1777,48.3934],[-1.1818,48.3908],[-1.1868,48.3915],[-1.1957,48.3795]]]]}},{"type":"Feature","properties":{"territoire":"35027","nom":"Boisgervilly","type":"commune"},"geometry":{"type":"MultiPolygon","coordinates":[[[[-2.0437,48.1806],[-2.044,48.1776],[-2.0464,48.1773],[-2.0454,48.169],[-2.0521,48.1685],[-2.0455,48.1597],[-2.0446,48.1515],[-2.0681,48.1461],[-2.0868,48.1527],[-2.0915,48.1461],[-2.1015,48.1537],[-2.1131,48.1502],[-2.1142,48.1596],[-2.1253,48.1575],[-2.1231,48.1636],[-2.1252,48.1707],[-2.1287,48.171],[-2.127,48.1729],[-2.1293,48.1736],[-2.1199,48.1823],[-2.113,48.1853],[-2.0999,48.1809],[-2.0888,48.1845],[-2.0876,48.1789],[-2.0816,48.177],[-2.0694,48.1806],[-2.0684,48.186],[-2.0657,48.1876],[-2.0572,48.1845],[-2.0485,48.1846],[-2.0473,48.1816],[-2.0437,48.1806]]]]}},{"type":"Feature","properties":{"territoire":"35028","nom":"Boistrudan","type":"commune"},"geometry":{"type":"MultiPolygon","coordinates":[[[[-1.384,48.0006],[-1.3784,47.9904],[-1.3626,47.9864],[-1.3627,47.9845],[-1.3697,47.9846],[-1.3703,47.9819],[-1.3741,47.9816],[-1.3732,47.9789],[-1.3767,47.972],[-1.3824,47.9665],[-1.3831,47.9546],[-1.3898,47.953],[-1.3983,47.9587],[-1.4149,47.9594],[-1.4187,47.9612],[-1.421,47.9667],[-1.4282,47.9659],[-1.4348,47.9723],[-1.4387,47.9731],[-1.4184,47.9809],[-1.4031,47.9803],[-1.4009,47.9848],[-1.404,47.9888],[-1.4028,47.9909],[-1.3929,47.9953],[-1.3918,48.002],[-1.384,48.0006]]]]}},{"type":"Feature","properties":{"territoire":"35029","nom":"Bonnemain","type":"commune"},"geometry":{"type":"MultiPolygon","coordinates":[[[[-1.7355,48.4925],[-1.7288,48.4925],[-1.7179,48.4724],[-1.7093,48.4695],[-1.7117,48.4599],[-1.7038,48.4583],[-1.7062,48.4522],[-1.71,48.4516],[-1.7099,48.4482],[-1.7231,48.4479],[-1.728,48.4542],[-1.7499,48.4503],[-1.7559,48.4524],[-1.7531,48.4551],[-1.758,48.4592],[-1.772,48.4606],[-1.7773,48.4652],[-1.7888,48.4651],[-1.7923,48.4707],[-1.7974,48.4687],[-1.807,48.4715],[-1.8127,48.4646],[-1.8227,48.4631],[-1.8265,48.4723],[-1.8358,48.4727],[-1.8393,48.4759],[-1.8296,48.4806],[-1.8218,48.4801],[-1.8209,48.4881],[-1.8158,48.4866],[-1.807,48.4949],[-1.806,48.4906],[-1.8006,48.488],[-1.7975,48.4804],[-1.7917,48.4766],[-1.7505,48.4859],[-1.7355,48.4925]]]]}},{"type":"Feature","properties":{"territoire":"35030","nom":"La Bosse-de-Bretagne","type":"commune"},"geometry":{"type":"MultiPolygon","coordinates":[[[[-1.5899,47.8537],[-1.6198,47.8575],[-1.6126,47.8609],[-1.6129,47.8637],[-1.6195,47.8679],[-1.6177,47.8776],[-1.6016,47.8812],[-1.5731,47.8766],[-1.5614,47.8775],[-1.5567,47.873],[-1.5488,47.871],[-1.5511,47.8647],[-1.5674,47.8609],[-1.577,47.8628],[-1.5899,47.8537]]]]}},{"type":"Feature","properties":{"territoire":"35031","nom":"La Bouëxière","type":"commune"},"geometry":{"type":"MultiPolygon","coordinates":[[[[-1.3683,48.1632],[-1.3706,48.1595],[-1.3778,48.1625],[-1.3848,48.1472],[-1.3913,48.149],[-1.3947,48.1533],[-1.4052,48.1563],[-1.41,48.1552],[-1.4042,48.1468],[-1.4145,48.1472],[-1.4264,48.1418],[-1.4301,48.1443],[-1.4345,48.1373],[-1.4409,48.1386],[-1.445,48.1364],[-1.4465,48.141],[-1.4636,48.1321],[-1.4663,48.1326],[-1.4631,48.1379],[-1.4657,48.1399],[-1.4724,48.1616],[-1.4777,48.1627],[-1.4794,48.1669],[-1.4838,48.1675],[-1.4848,48.165],[-1.4882,48.1687],[-1.4942,48.1698],[-1.4984,48.1736],[-1.4947,48.177],[-1.5012,48.1828],[-1.4911,48.1842],[-1.4882,48.1881],[-1.4886,48.1921],[-1.4831,48.1923],[-1.4789,48.1966],[-1.4706,48.196],[-1.4715,48.1994],[-1.4814,48.2059],[-1.4781,48.2118],[-1.4642,48.2156],[-1.4529,48.2092],[-1.4574,48.2074],[-1.4528,48.2054],[-1.4525,48.2024],[-1.4461,48.2011],[-1.4459,48.2039],[-1.4361,48.2037],[-1.4326,48.2057],[-1.4268,48.2003],[-1.4253,48.2029],[-1.4199,48.2033],[-1.4217,48.2007],[-1.417,48.1997],[-1.4111,48.2024],[-1.4122,48.2047],[-1.4157,48.2067],[-1.4222,48.2059],[-1.4203,48.2098],[-1.4258,48.2156],[-1.4244,48.2174],[-1.4167,48.2148],[-1.4111,48.2159],[-1.4102,48.2117],[-1.4051,48.2091],[-1.4089,48.2024],[-1.4057,48.1969],[-1.412,48.1928],[-1.4076,48.1928],[-1.409,48.192],[-1.4064,48.1867],[-1.3869,48.1812],[-1.3661,48.1707],[-1.3647,48.1686],[-1.3683,48.1632]]]]}},{"type":"Feature","properties":{"territoire":"35032","nom":"Bourgbarré","type":"commune"},"geometry":{"type":"MultiPolygon","coordinates":[[[[-1.6181,48.0123],[-1.6021,48.0128],[-1.6004,48.015],[-1.5946,48.0005],[-1.5902,47.9996],[-1.5984,47.9946],[-1.5943,47.992],[-1.5985,47.9855],[-1.597,47.9806],[-1.6136,47.9807],[-1.6117,47.9773],[-1.6275,47.973],[-1.6325,47.9668],[-1.6233,47.9584],[-1.6349,47.956],[-1.6417,47.9516],[-1.6491,47.9649],[-1.64,47.9658],[-1.6411,47.97],[-1.6357,47.9737],[-1.6337,47.9795],[-1.6406,47.9848],[-1.6413,47.99],[-1.6505,47.9883],[-1.6506,47.9901],[-1.6549,47.9905],[-1.6566,47.9967],[-1.6387,47.9981],[-1.6391,48.0012],[-1.6354,48.0018],[-1.6342,48.0046],[-1.622,48.0084],[-1.6181,48.0123]]]]}},{"type":"Feature","properties":{"territoire":"35033","nom":"Bourg-des-Comptes","type":"commune"},"geometry":{"type":"MultiPolygon","coordinates":[[[[-1.713,47.9025],[-1.7202,47.9043],[-1.7316,47.9025],[-1.7461,47.9068],[-1.7573,47.8993],[-1.7703,47.919],[-1.7657,47.9224],[-1.7502,47.9207],[-1.7464,47.9234],[-1.748,47.927],[-1.7545,47.9254],[-1.7619,47.9291],[-1.7501,47.9401],[-1.7518,47.9455],[-1.7495,47.9495],[-1.7442,47.9482],[-1.7362,47.9411],[-1.7203,47.9381],[-1.7214,47.9356],[-1.7189,47.9343],[-1.6843,47.937],[-1.6841,47.9318],[-1.6778,47.9293],[-1.6718,47.9303],[-1.6726,47.9282],[-1.6661,47.9239],[-1.6721,47.9228],[-1.6767,47.9174],[-1.6828,47.917],[-1.6872,47.909],[-1.6863,47.9052],[-1.6911,47.9015],[-1.6931,47.9025],[-1.6919,47.9052],[-1.698,47.9058],[-1.713,47.9025]]]]}},{"type":"Feature","properties":{"territoire":"35034","nom":"La Boussac","type":"commune"},"geometry":{"type":"MultiPolygon","coordinates":[[[[-1.6537,48.5447],[-1.6219,48.5425],[-1.6218,48.5392],[-1.6171,48.5356],[-1.6191,48.5288],[-1.6177,48.5265],[-1.6268,48.5035],[-1.6348,48.4972],[-1.632,48.4911],[-1.651,48.4898],[-1.6586,48.4862],[-1.6629,48.4885],[-1.6694,48.4871],[-1.6772,48.4937],[-1.6731,48.5074],[-1.6766,48.5154],[-1.6748,48.5159],[-1.6751,48.521],[-1.6766,48.5243],[-1.6847,48.5285],[-1.6697,48.5286],[-1.6643,48.5382],[-1.6704,48.5403],[-1.6537,48.5447]]]]}},{"type":"Feature","properties":{"territoire":"35035","nom":"Bovel","type":"commune"},"geometry":{"type":"MultiPolygon","coordinates":[[[[-1.9885,47.9615],[-1.9716,47.9688],[-1.9725,47.9723],[-1.9588,47.9755],[-1.9342,47.9762],[-1.9257,47.9745],[-1.9211,47.971],[-1.9333,47.968],[-1.9323,47.9629],[-1.9353,47.9554],[-1.9503,47.9408],[-1.9463,47.9362],[-1.9471,47.9299],[-1.9579,47.9381],[-1.9764,47.938],[-1.9837,47.9407],[-1.9885,47.9392],[-1.9903,47.9452],[-1.9885,47.9615]]]]}},{"type":"Feature","properties":{"territoire":"35037","nom":"Bréal-sous-Montfort","type":"commune"},"geometry":{"type":"MultiPolygon","coordinates":[[[[-1.8212,48.0473],[-1.8193,48.04],[-1.8261,48.0379],[-1.8258,48.0282],[-1.8296,48.0217],[-1.833,48.0224],[-1.8343,48.0196],[-1.8474,48.0159],[-1.8643,48.016],[-1.8662,48.0192],[-1.8784,48.0224],[-1.8862,48.021],[-1.8889,48.0238],[-1.9063,48.0237],[-1.9043,48.0306],[-1.9076,48.0363],[-1.9046,48.0378],[-1.9019,48.0453],[-1.9055,48.0483],[-1.9191,48.0492],[-1.9286,48.0545],[-1.9193,48.0587],[-1.9033,48.0604],[-1.8921,48.0685],[-1.8561,48.0728],[-1.854,48.0688],[-1.8474,48.0689],[-1.8475,48.0656],[-1.8414,48.0637],[-1.8295,48.068],[-1.8219,48.0658],[-1.8235,48.0639],[-1.818,48.0597],[-1.8225,48.0563],[-1.8241,48.0503],[-1.8212,48.0473]]]]}},{"type":"Feature","properties":{"territoire":"35038","nom":"Bréal-sous-Vitré","type":"commune"},"geometry":{"type":"MultiPolygon","coordinates":[[[[-1.0254,48.0699],[-1.0379,48.0689],[-1.0373,48.0704],[-1.0434,48.072],[-1.0384,48.0744],[-1.0445,48.0779],[-1.0451,48.0825],[-1.056,48.085],[-1.0594,48.0836],[-1.0588,48.0866],[-1.0656,48.0839],[-1.0694,48.0861],[-1.0752,48.0825],[-1.0759,48.0934],[-1.087,48.0986],[-1.0862,48.1013],[-1.0753,48.1055],[-1.0657,48.1043],[-1.0599,48.1076],[-1.053,48.1061],[-1.0498,48.0901],[-1.0444,48.082],[-1.0254,48.0699]]]]}},{"type":"Feature","properties":{"territoire":"35039","nom":"Brécé","type":"commune"},"geometry":{"type":"MultiPolygon","coordinates":[[[[-1.4673,48.0992],[-1.4813,48.0925],[-1.4867,48.0996],[-1.4868,48.1034],[-1.51,48.1071],[-1.5184,48.1104],[-1.5174,48.1124],[-1.5196,48.1139],[-1.5153,48.1161],[-1.514,48.1199],[-1.5022,48.1187],[-1.4962,48.1207],[-1.4977,48.1256],[-1.4853,48.1248],[-1.4863,48.1223],[-1.4803,48.1214],[-1.4807,48.1142],[-1.4776,48.114],[-1.4747,48.1171],[-1.4692,48.1149],[-1.4673,48.0992]]]]}},{"type":"Feature","properties":{"territoire":"35040","nom":"Breteil","type":"commune"},"geometry":{"type":"MultiPolygon","coordinates":[[[[-1.8846,48.156],[-1.8857,48.1477],[-1.8884,48.1457],[-1.8879,48.1399],[-1.8941,48.1348],[-1.8908,48.1314],[-1.8834,48.1304],[-1.8843,48.1269],[-1.8872,48.1261],[-1.887,48.1229],[-1.9155,48.1168],[-1.9203,48.1118],[-1.9294,48.1178],[-1.9251,48.1256],[-1.9432,48.1293],[-1.942,48.1361],[-1.9358,48.137],[-1.9354,48.1396],[-1.9274,48.1439],[-1.9222,48.1575],[-1.9187,48.1605],[-1.9049,48.1634],[-1.8979,48.1603],[-1.8965,48.1566],[-1.8895,48.1579],[-1.8846,48.156]]]]}},{"type":"Feature","properties":{"territoire":"35274","nom":"Saint-Germain-sur-Ille","type":"commune"},"geometry":{"type":"MultiPolygon","coordinates":[[[[-1.6471,48.2373],[-1.6677,48.2461],[-1.6646,48.2535],[-1.667,48.2569],[-1.6518,48.2576],[-1.6524,48.2611],[-1.6479,48.2624],[-1.6408,48.2614],[-1.6346,48.2575],[-1.6343,48.2539],[-1.644,48.2537],[-1.6418,48.2492],[-1.6471,48.2373]]]]}},{"type":"Feature","properties":{"territoire":"35275","nom":"Saint-Gilles","type":"commune"},"geometry":{"type":"MultiPolygon","coordinates":[[[[-1.8219,48.1385],[-1.8315,48.1419],[-1.836,48.1386],[-1.8456,48.1379],[-1.8514,48.1339],[-1.8649,48.1339],[-1.8784,48.1267],[-1.8849,48.1291],[-1.8834,48.1304],[-1.8908,48.1314],[-1.8941,48.1348],[-1.8879,48.1399],[-1.8884,48.1457],[-1.8857,48.1477],[-1.8846,48.156],[-1.8801,48.1554],[-1.8818,48.1603],[-1.8795,48.1631],[-1.8824,48.1687],[-1.8742,48.1748],[-1.8619,48.1767],[-1.8566,48.1665],[-1.8477,48.1679],[-1.843,48.172],[-1.8374,48.1716],[-1.8372,48.1734],[-1.8252,48.174],[-1.8261,48.169],[-1.8233,48.1619],[-1.8156,48.1594],[-1.8164,48.1564],[-1.8098,48.1549],[-1.806,48.1509],[-1.8139,48.1493],[-1.8158,48.1471],[-1.8135,48.1436],[-1.8173,48.1439],[-1.8219,48.1385]]]]}},{"type":"Feature","properties":{"territoire":"35041","nom":"Brie","type":"commune"},"geometry":{"type":"MultiPolygon","coordinates":[[[[-1.5807,47.9432],[-1.5713,47.9515],[-1.5675,47.952],[-1.5688,47.958],[-1.5656,47.9586],[-1.5623,47.9721],[-1.5582,47.9758],[-1.5384,47.9732],[-1.5376,47.971],[-1.5312,47.9695],[-1.5318,47.9646],[-1.5273,47.9629],[-1.5277,47.9503],[-1.533,47.9517],[-1.528,47.939],[-1.5329,47.9385],[-1.5441,47.9315],[-1.552,47.9233],[-1.5568,47.9302],[-1.5707,47.9359],[-1.5705,47.9384],[-1.5794,47.9387],[-1.5807,47.9432]]]]}},{"type":"Feature","properties":{"territoire":"35042","nom":"Brielles","type":"commune"},"geometry":{"type":"MultiPolygon","coordinates":[[[[-1.0789,47.9845],[-1.093,47.9876],[-1.0915,47.9953],[-1.0963,48.0004],[-1.1056,47.9976],[-1.1082,48.0076],[-1.1255,48.0148],[-1.1247,48.0178],[-1.1306,48.0197],[-1.1308,48.0246],[-1.1335,48.0261],[-1.1318,48.0314],[-1.1259,48.032],[-1.1265,48.0336],[-1.116,48.0328],[-1.1114,48.0287],[-1.104,48.0274],[-1.1054,48.0234],[-1.0961,48.0226],[-1.0872,48.0183],[-1.0798,48.0191],[-1.0741,48.0136],[-1.0675,48.0133],[-1.0668,48.0063],[-1.0806,47.9971],[-1.0787,47.995],[-1.08,47.9905],[-1.0774,47.9895],[-1.0789,47.9845]]]]}},{"type":"Feature","properties":{"territoire":"35044","nom":"Broualan","type":"commune"},"geometry":{"type":"MultiPolygon","coordinates":[[[[-1.6283,48.4696],[-1.6353,48.4649],[-1.6448,48.4673],[-1.6465,48.4636],[-1.6501,48.4641],[-1.6514,48.4693],[-1.6557,48.4691],[-1.6673,48.463],[-1.6702,48.4589],[-1.6814,48.4543],[-1.6945,48.4646],[-1.6914,48.4691],[-1.6911,48.4781],[-1.6844,48.4814],[-1.6758,48.4921],[-1.673,48.4919],[-1.6694,48.4871],[-1.6629,48.4885],[-1.6586,48.4862],[-1.651,48.4898],[-1.6313,48.4909],[-1.6268,48.4844],[-1.6306,48.4785],[-1.6271,48.4735],[-1.6283,48.4696]]]]}},{"type":"Feature","properties":{"territoire":"35045","nom":"Bruc-sur-Aff","type":"commune"},"geometry":{"type":"MultiPolygon","coordinates":[[[[-2.0363,47.8338],[-2.0335,47.8386],[-2.0238,47.8407],[-2.0227,47.8465],[-2.0167,47.8461],[-2.0098,47.8416],[-2.0083,47.837],[-1.9981,47.8336],[-1.9912,47.8242],[-1.9774,47.8176],[-1.9728,47.8051],[-1.9661,47.8008],[-1.9664,47.7985],[-1.984,47.7863],[-1.9964,47.7879],[-2.02,47.7971],[-2.0296,47.8064],[-2.034,47.8157],[-2.047,47.8192],[-2.0457,47.8239],[-2.0401,47.8281],[-2.042,47.8297],[-2.0374,47.8303],[-2.0363,47.8338]]]]}},{"type":"Feature","properties":{"territoire":"35046","nom":"Les Brulais","type":"commune"},"geometry":{"type":"MultiPolygon","coordinates":[[[[-2.0933,47.9025],[-2.086,47.9035],[-2.0856,47.9069],[-2.0761,47.9106],[-2.0678,47.9053],[-2.0513,47.9055],[-2.0483,47.8985],[-2.0413,47.8991],[-2.0229,47.8937],[-2.022,47.8897],[-2.0228,47.8862],[-2.0281,47.8822],[-2.0549,47.8687],[-2.0545,47.8718],[-2.0639,47.8718],[-2.0673,47.875],[-2.0692,47.8784],[-2.0669,47.8818],[-2.07,47.887],[-2.0777,47.8897],[-2.0933,47.9025]]]]}},{"type":"Feature","properties":{"territoire":"35047","nom":"Bruz","type":"commune"},"geometry":{"type":"MultiPolygon","coordinates":[[[[-1.7084,48.0239],[-1.7142,48.0211],[-1.7115,48.0148],[-1.717,48.0146],[-1.7191,48.0073],[-1.7247,48.0119],[-1.7301,48.012],[-1.7313,48.0087],[-1.7375,48.0055],[-1.7344,47.9989],[-1.7412,47.9808],[-1.7443,47.9822],[-1.7531,47.9795],[-1.7577,47.9856],[-1.7584,47.9878],[-1.7516,47.9947],[-1.7522,47.9966],[-1.7645,47.9982],[-1.7631,48.002],[-1.7851,48.0043],[-1.7823,48.0159],[-1.7734,48.0249],[-1.7741,48.0283],[-1.7779,48.0299],[-1.7732,48.0318],[-1.7764,48.0417],[-1.7665,48.0468],[-1.7715,48.0563],[-1.763,48.065],[-1.7552,48.0662],[-1.754,48.0686],[-1.7498,48.0681],[-1.7452,48.0599],[-1.7265,48.0577],[-1.7293,48.0542],[-1.7292,48.0411],[-1.7176,48.0399],[-1.7172,48.0364],[-1.715,48.0367],[-1.7122,48.0325],[-1.7146,48.0313],[-1.7084,48.0239]]]]}},{"type":"Feature","properties":{"territoire":"35049","nom":"Cancale","type":"commune"},"geometry":{"type":"MultiPolygon","coordinates":[[[[-1.8923,48.696],[-1.8903,48.6993],[-1.8849,48.6969],[-1.8805,48.6987],[-1.8801,48.6959],[-1.8771,48.6957],[-1.8704,48.698],[-1.8698,48.7011],[-1.8621,48.7001],[-1.856,48.7067],[-1.8508,48.7065],[-1.8437,48.7126],[-1.8425,48.7095],[-1.8455,48.7058],[-1.8436,48.7027],[-1.8493,48.7023],[-1.8501,48.7002],[-1.845,48.6964],[-1.8492,48.6947],[-1.8471,48.6902],[-1.8418,48.6883],[-1.8421,48.6851],[-1.8357,48.6805],[-1.8466,48.6761],[-1.8517,48.6684],[-1.8534,48.671],[-1.8573,48.6678],[-1.8626,48.6678],[-1.8643,48.6573],[-1.8827,48.6612],[-1.8849,48.6624],[-1.8831,48.6744],[-1.8857,48.6761],[-1.8829,48.6859],[-1.8934,48.6922],[-1.8909,48.6947],[-1.8923,48.696]]]]}},{"type":"Feature","properties":{"territoire":"35050","nom":"Cardroc","type":"commune"},"geometry":{"type":"MultiPolygon","coordinates":[[[[-1.905,48.2984],[-1.8938,48.2967],[-1.8893,48.3016],[-1.8805,48.3014],[-1.8814,48.2967],[-1.8786,48.2965],[-1.8767,48.2918],[-1.8765,48.2827],[-1.8738,48.2832],[-1.8757,48.277],[-1.8819,48.278],[-1.8822,48.2711],[-1.8956,48.2701],[-1.8986,48.2669],[-1.9046,48.2682],[-1.9066,48.2792],[-1.9148,48.2844],[-1.905,48.2984]]]]}},{"type":"Feature","properties":{"territoire":"35052","nom":"Champeaux","type":"commune"},"geometry":{"type":"MultiPolygon","coordinates":[[[[-1.2988,48.12],[-1.3139,48.1281],[-1.3266,48.1315],[-1.3256,48.1381],[-1.33,48.1458],[-1.3273,48.1505],[-1.3235,48.1523],[-1.3085,48.1492],[-1.3021,48.1502],[-1.3011,48.1527],[-1.2975,48.1507],[-1.277,48.1506],[-1.2699,48.1403],[-1.2736,48.1376],[-1.2739,48.1341],[-1.2771,48.1303],[-1.2855,48.1314],[-1.2939,48.1291],[-1.2936,48.1217],[-1.2988,48.12]]]]}},{"type":"Feature","properties":{"territoire":"35054","nom":"Chanteloup","type":"commune"},"geometry":{"type":"MultiPolygon","coordinates":[[[[-1.6491,47.9649],[-1.6417,47.9516],[-1.6349,47.956],[-1.6237,47.9582],[-1.6325,47.967],[-1.6275,47.973],[-1.6197,47.9757],[-1.6158,47.9731],[-1.6027,47.9714],[-1.6039,47.9609],[-1.6085,47.9593],[-1.6055,47.955],[-1.5964,47.9543],[-1.5899,47.9578],[-1.5807,47.954],[-1.5687,47.958],[-1.5675,47.952],[-1.5713,47.9515],[-1.5748,47.9465],[-1.5825,47.9426],[-1.5842,47.9365],[-1.5871,47.9362],[-1.5887,47.9416],[-1.5938,47.945],[-1.5972,47.9438],[-1.5969,47.9392],[-1.5993,47.9386],[-1.6191,47.9373],[-1.6307,47.9415],[-1.64,47.9393],[-1.6428,47.9427],[-1.6671,47.9481],[-1.6722,47.9509],[-1.6715,47.9533],[-1.6769,47.9552],[-1.6717,47.9691],[-1.6659,47.9725],[-1.662,47.9697],[-1.6568,47.971],[-1.6491,47.9649]]]]}},{"type":"Feature","properties":{"territoire":"35155","nom":"Lohéac","type":"commune"},"geometry":{"type":"MultiPolygon","coordinates":[[[[-1.8921,47.856],[-1.9043,47.8649],[-1.9046,47.871],[-1.9017,47.8733],[-1.9016,47.8768],[-1.8922,47.8815],[-1.8923,47.8872],[-1.8835,47.8857],[-1.8706,47.8878],[-1.8755,47.8818],[-1.8781,47.8655],[-1.8921,47.856]]]]}},{"type":"Feature","properties":{"territoire":"35055","nom":"Chantepie","type":"commune"},"geometry":{"type":"MultiPolygon","coordinates":[[[[-1.5687,48.0927],[-1.5686,48.0887],[-1.5644,48.088],[-1.5634,48.0802],[-1.5665,48.0801],[-1.5693,48.0758],[-1.5686,48.0697],[-1.5742,48.0695],[-1.5757,48.0665],[-1.6013,48.0768],[-1.606,48.0775],[-1.6069,48.0757],[-1.6191,48.0796],[-1.6319,48.077],[-1.6296,48.073],[-1.6306,48.0682],[-1.6398,48.0662],[-1.643,48.0675],[-1.6421,48.0715],[-1.6477,48.0709],[-1.6497,48.0799],[-1.6409,48.0815],[-1.6354,48.0842],[-1.6355,48.0864],[-1.6274,48.0892],[-1.6245,48.0999],[-1.6139,48.0991],[-1.6138,48.0955],[-1.607,48.0937],[-1.606,48.0879],[-1.5967,48.0866],[-1.5968,48.0905],[-1.5905,48.0893],[-1.5829,48.0902],[-1.5824,48.0923],[-1.5687,48.0927]]]]}},{"type":"Feature","properties":{"territoire":"35178","nom":"Mézières-sur-Couesnon","type":"commune"},"geometry":{"type":"MultiPolygon","coordinates":[[[[-1.4786,48.3226],[-1.4552,48.3202],[-1.4405,48.3163],[-1.4391,48.3139],[-1.4317,48.3143],[-1.43,48.3116],[-1.4176,48.3101],[-1.4127,48.312],[-1.4058,48.3029],[-1.4009,48.3045],[-1.3969,48.302],[-1.3904,48.3041],[-1.3931,48.2927],[-1.3893,48.2868],[-1.4107,48.2721],[-1.411,48.2782],[-1.4151,48.2804],[-1.4202,48.2724],[-1.4652,48.2828],[-1.469,48.2803],[-1.4674,48.2834],[-1.4754,48.2851],[-1.475,48.2938],[-1.4837,48.3024],[-1.4843,48.3062],[-1.4772,48.3198],[-1.4786,48.3226]]]]}},{"type":"Feature","properties":{"territoire":"35179","nom":"Miniac-Morvan","type":"commune"},"geometry":{"type":"MultiPolygon","coordinates":[[[[-1.909,48.4816],[-1.914,48.4908],[-1.9177,48.4932],[-1.9208,48.4921],[-1.9236,48.5012],[-1.9227,48.5052],[-1.9116,48.5061],[-1.911,48.517],[-1.9159,48.5235],[-1.9186,48.5355],[-1.9228,48.5349],[-1.923,48.5374],[-1.9269,48.5384],[-1.9223,48.5448],[-1.9318,48.5509],[-1.9158,48.5628],[-1.8983,48.5661],[-1.8912,48.5625],[-1.8892,48.559],[-1.8811,48.5586],[-1.8671,48.5511],[-1.8656,48.5432],[-1.8701,48.5379],[-1.8706,48.5316],[-1.8673,48.529],[-1.865,48.5184],[-1.8608,48.5155],[-1.8603,48.5112],[-1.8707,48.5063],[-1.8717,48.5036],[-1.8744,48.5039],[-1.8719,48.4962],[-1.8683,48.4939],[-1.8693,48.4913],[-1.8923,48.4956],[-1.8939,48.4911],[-1.8872,48.4867],[-1.8899,48.4782],[-1.8971,48.4808],[-1.9103,48.477],[-1.909,48.4816]]]]}},{"type":"Feature","properties":{"territoire":"35056","nom":"La Chapelle-aux-Filtzméens","type":"commune"},"geometry":{"type":"MultiPolygon","coordinates":[[[[-1.7894,48.3862],[-1.788,48.3727],[-1.7983,48.376],[-1.7984,48.3739],[-1.807,48.3716],[-1.8169,48.3791],[-1.828,48.3828],[-1.8333,48.3807],[-1.8295,48.3741],[-1.8389,48.3708],[-1.8461,48.372],[-1.8437,48.3807],[-1.8494,48.3857],[-1.838,48.3899],[-1.827,48.3904],[-1.8271,48.3949],[-1.818,48.393],[-1.8162,48.3919],[-1.8172,48.3884],[-1.8069,48.3857],[-1.7975,48.3891],[-1.7968,48.3871],[-1.7894,48.3862]]]]}},{"type":"Feature","properties":{"territoire":"35276","nom":"Saint-Gondran","type":"commune"},"geometry":{"type":"MultiPolygon","coordinates":[[[[-1.8334,48.2575],[-1.836,48.2592],[-1.8357,48.2625],[-1.8431,48.267],[-1.8432,48.272],[-1.8401,48.2724],[-1.8404,48.2749],[-1.8369,48.2778],[-1.8303,48.2763],[-1.8282,48.2793],[-1.8219,48.281],[-1.8221,48.2773],[-1.8171,48.276],[-1.8184,48.2717],[-1.8089,48.2679],[-1.8029,48.2687],[-1.8029,48.2659],[-1.8073,48.2621],[-1.8334,48.2575]]]]}},{"type":"Feature","properties":{"territoire":"35277","nom":"Saint-Gonlay","type":"commune"},"geometry":{"type":"MultiPolygon","coordinates":[[[[-2.0699,48.096],[-2.0824,48.1077],[-2.0925,48.1053],[-2.1057,48.1071],[-2.1002,48.1129],[-2.1049,48.124],[-2.0975,48.128],[-2.0893,48.1242],[-2.082,48.1283],[-2.0714,48.1212],[-2.0638,48.1235],[-2.0555,48.1164],[-2.0505,48.117],[-2.0487,48.113],[-2.0432,48.1134],[-2.0441,48.1112],[-2.0417,48.1086],[-2.0699,48.096]]]]}},{"type":"Feature","properties":{"territoire":"35057","nom":"La Chapelle-Bouëxic","type":"commune"},"geometry":{"type":"MultiPolygon","coordinates":[[[[-1.8994,47.9694],[-1.9073,47.9661],[-1.9027,47.9529],[-1.8987,47.9498],[-1.8974,47.9403],[-1.9081,47.9336],[-1.9046,47.9222],[-1.9153,47.9179],[-1.9142,47.9089],[-1.908,47.9004],[-1.9155,47.8953],[-1.9221,47.8998],[-1.9286,47.9006],[-1.9322,47.91],[-1.9472,47.9107],[-1.9406,47.9144],[-1.9399,47.9186],[-1.9441,47.9234],[-1.95,47.9242],[-1.9507,47.9272],[-1.9469,47.9289],[-1.9478,47.9321],[-1.9457,47.9333],[-1.9503,47.9408],[-1.9353,47.9554],[-1.9323,47.9629],[-1.933,47.9683],[-1.9193,47.971],[-1.914,47.9743],[-1.9009,47.9715],[-1.8994,47.9694]]]]}},{"type":"Feature","properties":{"territoire":"35058","nom":"La Chapelle-Chaussée","type":"commune"},"geometry":{"type":"MultiPolygon","coordinates":[[[[-1.8274,48.2797],[-1.8303,48.2763],[-1.8374,48.2776],[-1.8401,48.2724],[-1.8432,48.272],[-1.8431,48.267],[-1.8357,48.2625],[-1.8328,48.2538],[-1.8391,48.2545],[-1.8435,48.2506],[-1.8559,48.25],[-1.8736,48.2574],[-1.8768,48.249],[-1.8961,48.2541],[-1.9022,48.2513],[-1.9053,48.2563],[-1.9051,48.2602],[-1.9025,48.2601],[-1.9009,48.264],[-1.9019,48.2674],[-1.8822,48.2711],[-1.8819,48.278],[-1.8748,48.2767],[-1.8722,48.2809],[-1.857,48.2822],[-1.8515,48.2856],[-1.8454,48.2841],[-1.834,48.2885],[-1.8277,48.2876],[-1.8251,48.2817],[-1.8274,48.2797]]]]}},{"type":"Feature","properties":{"territoire":"35060","nom":"La Chapelle du Lou du Lac","type":"commune"},"geometry":{"type":"MultiPolygon","coordinates":[[[[-2.0195,48.2233],[-2.0154,48.225],[-2.0152,48.2273],[-2.0052,48.2292],[-2.0059,48.2347],[-1.9871,48.2354],[-1.979,48.2319],[-1.9781,48.2279],[-1.9717,48.2269],[-1.9669,48.2212],[-1.9689,48.2147],[-1.9889,48.2112],[-1.9846,48.2069],[-1.9885,48.2055],[-1.988,48.2019],[-1.9819,48.1962],[-1.985,48.1927],[-1.9944,48.1894],[-2.005,48.1936],[-2.0046,48.1979],[-2.0087,48.2017],[-2.0084,48.2048],[-2.0015,48.2048],[-2,48.2088],[-2.0094,48.2101],[-2.0091,48.2121],[-2.0145,48.2161],[-2.0135,48.2199],[-2.0195,48.2233]]]]}},{"type":"Feature","properties":{"territoire":"35183","nom":"Mondevert","type":"commune"},"geometry":{"type":"MultiPolygon","coordinates":[[[[-1.0752,48.0825],[-1.0788,48.0814],[-1.0737,48.0763],[-1.0785,48.0756],[-1.0788,48.0737],[-1.0873,48.0758],[-1.0965,48.0727],[-1.1006,48.0755],[-1.1106,48.0757],[-1.1125,48.0799],[-1.108,48.0814],[-1.1034,48.0889],[-1.093,48.0909],[-1.0931,48.0999],[-1.0769,48.0944],[-1.0752,48.0825]]]]}},{"type":"Feature","properties":{"territoire":"35184","nom":"Montauban-de-Bretagne","type":"commune"},"geometry":{"type":"MultiPolygon","coordinates":[[[[-2.0936,48.2357],[-2.0872,48.2339],[-2.0826,48.2285],[-2.0741,48.2285],[-2.0727,48.233],[-2.0638,48.2328],[-2.0618,48.2377],[-2.0567,48.2391],[-2.0572,48.2328],[-2.05,48.2263],[-2.0518,48.2242],[-2.0362,48.2267],[-2.0167,48.2224],[-2.0094,48.2101],[-1.9999,48.2086],[-2.0015,48.2048],[-2.0088,48.204],[-2.0046,48.1979],[-2.005,48.1936],[-2.0024,48.1932],[-1.9993,48.1857],[-1.9867,48.1827],[-1.987,48.1808],[-2.0067,48.1759],[-2.0116,48.1801],[-2.0283,48.1806],[-2.0345,48.1854],[-2.0367,48.1854],[-2.0383,48.1814],[-2.0437,48.1806],[-2.0473,48.1816],[-2.0485,48.1846],[-2.06,48.185],[-2.0635,48.1878],[-2.0684,48.186],[-2.0677,48.1823],[-2.0704,48.18],[-2.0816,48.177],[-2.0876,48.1789],[-2.0888,48.1845],[-2.0999,48.1809],[-2.1084,48.1831],[-2.1109,48.1852],[-2.1092,48.1866],[-2.1176,48.1862],[-2.1215,48.1947],[-2.1313,48.1947],[-2.137,48.1973],[-2.1338,48.2095],[-2.1274,48.2127],[-2.127,48.2176],[-2.1027,48.2247],[-2.1017,48.2301],[-2.0936,48.2357]]]]}},{"type":"Feature","properties":{"territoire":"35061","nom":"La Chapelle-Erbrée","type":"commune"},"geometry":{"type":"MultiPolygon","coordinates":[[[[-1.0744,48.1593],[-1.0641,48.1608],[-1.0603,48.1502],[-1.0611,48.1366],[-1.0581,48.1312],[-1.0595,48.1256],[-1.0773,48.1235],[-1.0799,48.1285],[-1.079,48.1317],[-1.0907,48.1334],[-1.1174,48.1306],[-1.1206,48.1331],[-1.1314,48.1334],[-1.1344,48.1388],[-1.133,48.1443],[-1.1232,48.1486],[-1.1134,48.1482],[-1.1093,48.1448],[-1.1059,48.1464],[-1.1,48.1438],[-1.0938,48.1498],[-1.0837,48.1487],[-1.0821,48.1528],[-1.0736,48.1553],[-1.0744,48.1593]]]]}},{"type":"Feature","properties":{"territoire":"35185","nom":"Montautour","type":"commune"},"geometry":{"type":"MultiPolygon","coordinates":[[[[-1.0817,48.2048],[-1.0908,48.2029],[-1.0975,48.2061],[-1.1081,48.1988],[-1.1254,48.1987],[-1.1351,48.1965],[-1.1389,48.1932],[-1.162,48.1948],[-1.1544,48.1986],[-1.1543,48.2056],[-1.1318,48.2064],[-1.1262,48.2097],[-1.1175,48.2082],[-1.116,48.2127],[-1.0998,48.2189],[-1.0929,48.2123],[-1.0816,48.2068],[-1.0817,48.2048]]]]}},{"type":"Feature","properties":{"territoire":"35186","nom":"Mont-Dol","type":"commune"},"geometry":{"type":"MultiPolygon","coordinates":[[[[-1.8075,48.5607],[-1.8081,48.5641],[-1.8006,48.5716],[-1.7942,48.5682],[-1.7866,48.5734],[-1.7832,48.5854],[-1.7779,48.5881],[-1.7787,48.5925],[-1.7674,48.5992],[-1.768,48.6026],[-1.761,48.5964],[-1.7493,48.5966],[-1.7299,48.5901],[-1.7165,48.5816],[-1.7136,48.578],[-1.7164,48.5759],[-1.7075,48.5702],[-1.7224,48.5591],[-1.7549,48.5529],[-1.7571,48.5548],[-1.7614,48.5522],[-1.7594,48.5515],[-1.7609,48.5448],[-1.7701,48.5455],[-1.7832,48.5401],[-1.791,48.5536],[-1.8075,48.5607]]]]}},{"type":"Feature","properties":{"territoire":"35187","nom":"Monterfil","type":"commune"},"geometry":{"type":"MultiPolygon","coordinates":[[[[-1.9361,48.0804],[-1.936,48.0773],[-1.9489,48.0742],[-1.9567,48.0664],[-1.9616,48.0646],[-1.9566,48.0615],[-1.9532,48.0523],[-1.9692,48.0464],[-1.9646,48.0458],[-1.9767,48.0442],[-1.9822,48.0409],[-1.9911,48.0437],[-1.9977,48.0424],[-1.9964,48.0517],[-2.0017,48.0539],[-2.0192,48.0469],[-2.033,48.0484],[-2.0384,48.0462],[-2.0385,48.05],[-2.0441,48.0563],[-2.0442,48.0626],[-2.0394,48.0691],[-2.0108,48.0654],[-2.0094,48.0605],[-1.9995,48.0628],[-1.9997,48.0663],[-1.9616,48.0762],[-1.9633,48.0795],[-1.9576,48.0817],[-1.9585,48.084],[-1.9455,48.0839],[-1.9439,48.0817],[-1.9361,48.0804]]]]}},{"type":"Feature","properties":{"territoire":"35062","nom":"La Chapelle-Fleurigné","type":"commune"},"geometry":{"type":"MultiPolygon","coordinates":[[[[-1.1362,48.3309],[-1.1347,48.336],[-1.1459,48.3395],[-1.1374,48.3528],[-1.1421,48.3599],[-1.1423,48.3656],[-1.1485,48.366],[-1.1464,48.3708],[-1.1345,48.3728],[-1.109,48.3827],[-1.0859,48.3792],[-1.0571,48.3791],[-1.0574,48.3753],[-1.0644,48.3702],[-1.0651,48.3673],[-1.0557,48.3647],[-1.0555,48.3619],[-1.06,48.3577],[-1.0602,48.3489],[-1.0451,48.3278],[-1.0541,48.3214],[-1.0613,48.3115],[-1.0895,48.3092],[-1.1246,48.3156],[-1.1225,48.3186],[-1.1367,48.3274],[-1.1362,48.3309]]]]}},{"type":"Feature","properties":{"territoire":"35063","nom":"La Chapelle-Saint-Aubert","type":"commune"},"geometry":{"type":"MultiPolygon","coordinates":[[[[-1.2923,48.308],[-1.2966,48.3084],[-1.3009,48.3021],[-1.3155,48.3024],[-1.3164,48.2972],[-1.3222,48.2908],[-1.3354,48.2907],[-1.336,48.2966],[-1.3387,48.2988],[-1.3385,48.3123],[-1.342,48.3138],[-1.3392,48.3172],[-1.33,48.3195],[-1.3282,48.3224],[-1.3229,48.3217],[-1.3202,48.3244],[-1.3128,48.3182],[-1.304,48.324],[-1.2966,48.3238],[-1.2903,48.3276],[-1.2869,48.3148],[-1.2819,48.3104],[-1.2854,48.3065],[-1.2923,48.308]]]]}},{"type":"Feature","properties":{"territoire":"35064","nom":"La Chapelle-de-Brain","type":"commune"},"geometry":{"type":"MultiPolygon","coordinates":[[[[-1.9565,47.6712],[-1.9695,47.6736],[-1.969,47.6898],[-1.9726,47.6941],[-1.965,47.7072],[-1.9556,47.7093],[-1.9471,47.7045],[-1.9391,47.7162],[-1.923,47.714],[-1.9204,47.7196],[-1.9161,47.7174],[-1.9058,47.7177],[-1.9069,47.7111],[-1.8883,47.7071],[-1.8896,47.7011],[-1.8849,47.6959],[-1.8983,47.6956],[-1.9379,47.6862],[-1.9565,47.6712]]]]}},{"type":"Feature","properties":{"territoire":"35188","nom":"Montfort-sur-Meu","type":"commune"},"geometry":{"type":"MultiPolygon","coordinates":[[[[-1.9264,48.121],[-1.9302,48.1227],[-1.9451,48.1191],[-1.9544,48.109],[-1.9583,48.1085],[-1.9598,48.1018],[-1.9725,48.1036],[-1.974,48.1073],[-1.9854,48.1093],[-1.9921,48.119],[-1.99,48.127],[-1.9831,48.1321],[-1.9813,48.1369],[-1.9747,48.1377],[-1.9766,48.1482],[-1.9744,48.1528],[-1.9635,48.1504],[-1.9629,48.1457],[-1.9478,48.1433],[-1.9473,48.1385],[-1.9356,48.138],[-1.942,48.1361],[-1.9432,48.1293],[-1.9345,48.1263],[-1.9272,48.1269],[-1.9244,48.1248],[-1.9264,48.121]]]]}},{"type":"Feature","properties":{"territoire":"35065","nom":"La Chapelle-Thouarault","type":"commune"},"geometry":{"type":"MultiPolygon","coordinates":[[[[-1.8849,48.1291],[-1.8774,48.1268],[-1.8649,48.1339],[-1.8514,48.1339],[-1.8456,48.1379],[-1.836,48.1386],[-1.8315,48.1419],[-1.8259,48.1365],[-1.8373,48.1285],[-1.8387,48.1251],[-1.8362,48.1196],[-1.8518,48.1182],[-1.8613,48.1148],[-1.8625,48.1118],[-1.8702,48.1143],[-1.8802,48.1117],[-1.8846,48.1133],[-1.8878,48.1245],[-1.8841,48.1272],[-1.8849,48.1291]]]]}},{"type":"Feature","properties":{"territoire":"35066","nom":"Chartres-de-Bretagne","type":"commune"},"geometry":{"type":"MultiPolygon","coordinates":[[[[-1.7281,48.0585],[-1.7092,48.0671],[-1.6995,48.0627],[-1.7055,48.0529],[-1.6828,48.0486],[-1.6773,48.0441],[-1.6847,48.0401],[-1.683,48.0351],[-1.6901,48.0338],[-1.6939,48.0274],[-1.7081,48.0231],[-1.7146,48.0313],[-1.7122,48.0325],[-1.715,48.0367],[-1.7172,48.0364],[-1.7176,48.0399],[-1.7292,48.0411],[-1.7293,48.0542],[-1.7265,48.0577],[-1.7281,48.0585]]]]}},{"type":"Feature","properties":{"territoire":"35067","nom":"Chasné-sur-Illet","type":"commune"},"geometry":{"type":"MultiPolygon","coordinates":[[[[-1.598,48.2387],[-1.5992,48.2422],[-1.5944,48.243],[-1.5913,48.2485],[-1.5846,48.2481],[-1.5821,48.252],[-1.5789,48.2459],[-1.573,48.2481],[-1.5682,48.2454],[-1.5537,48.2476],[-1.5444,48.2456],[-1.5437,48.2377],[-1.5387,48.2327],[-1.5547,48.224],[-1.5765,48.2314],[-1.5769,48.2251],[-1.5811,48.2215],[-1.5822,48.2169],[-1.586,48.2176],[-1.5872,48.2143],[-1.591,48.2143],[-1.5953,48.2254],[-1.5916,48.2373],[-1.598,48.2387]]]]}},{"type":"Feature","properties":{"territoire":"35068","nom":"Châteaubourg","type":"commune"},"geometry":{"type":"MultiPolygon","coordinates":[[[[-1.4334,48.0945],[-1.4344,48.0984],[-1.44,48.0991],[-1.4405,48.1017],[-1.4374,48.1031],[-1.4401,48.1089],[-1.43,48.1132],[-1.4337,48.1201],[-1.4319,48.1248],[-1.4359,48.1355],[-1.441,48.1353],[-1.4399,48.1379],[-1.4345,48.1373],[-1.4301,48.1443],[-1.4264,48.1418],[-1.4145,48.1472],[-1.4042,48.1468],[-1.41,48.1552],[-1.4052,48.1563],[-1.3947,48.1533],[-1.3913,48.149],[-1.3712,48.1393],[-1.371,48.1353],[-1.3659,48.1304],[-1.3668,48.1212],[-1.3707,48.1212],[-1.3684,48.1142],[-1.3695,48.1089],[-1.3794,48.1021],[-1.3943,48.1015],[-1.3958,48.0955],[-1.3887,48.0904],[-1.4002,48.0886],[-1.4013,48.0844],[-1.4097,48.0847],[-1.4181,48.0865],[-1.4288,48.093],[-1.4313,48.0916],[-1.4334,48.0945]]]]}},{"type":"Feature","properties":{"territoire":"35069","nom":"Châteaugiron","type":"commune"},"geometry":{"type":"MultiPolygon","coordinates":[[[[-1.4853,48.0336],[-1.4899,48.0264],[-1.5047,48.0248],[-1.507,48.0221],[-1.5072,48.0296],[-1.5126,48.031],[-1.5107,48.0332],[-1.5252,48.0365],[-1.5155,48.0437],[-1.5165,48.0465],[-1.5117,48.0529],[-1.5164,48.0526],[-1.5159,48.0621],[-1.4999,48.0628],[-1.4992,48.058],[-1.4959,48.0608],[-1.4871,48.0598],[-1.4815,48.0621],[-1.4814,48.0677],[-1.4743,48.0686],[-1.4737,48.0705],[-1.4571,48.0684],[-1.4506,48.0698],[-1.4493,48.0738],[-1.445,48.074],[-1.436,48.0681],[-1.4388,48.0653],[-1.436,48.0607],[-1.425,48.0537],[-1.431,48.0522],[-1.4283,48.0414],[-1.4388,48.0421],[-1.4407,48.0379],[-1.4516,48.0361],[-1.4582,48.0359],[-1.4605,48.0387],[-1.4604,48.0326],[-1.469,48.0328],[-1.4756,48.0299],[-1.4853,48.0336]]]]}},{"type":"Feature","properties":{"territoire":"35071","nom":"Le Châtellier","type":"commune"},"geometry":{"type":"MultiPolygon","coordinates":[[[[-1.2518,48.449],[-1.2345,48.4398],[-1.2289,48.4401],[-1.228,48.4374],[-1.2326,48.4323],[-1.2325,48.4274],[-1.2284,48.4259],[-1.2255,48.42],[-1.2202,48.4193],[-1.2211,48.4172],[-1.2168,48.4134],[-1.2117,48.4015],[-1.2348,48.4038],[-1.2426,48.4093],[-1.2504,48.4064],[-1.2493,48.4107],[-1.2581,48.416],[-1.2591,48.4233],[-1.2669,48.4225],[-1.2719,48.4264],[-1.2703,48.4334],[-1.276,48.4323],[-1.277,48.4402],[-1.2738,48.4494],[-1.2666,48.445],[-1.2518,48.449]]]]}},{"type":"Feature","properties":{"territoire":"35072","nom":"Châtillon-en-Vendelais","type":"commune"},"geometry":{"type":"MultiPolygon","coordinates":[[[[-1.1543,48.2056],[-1.1823,48.2046],[-1.1857,48.2064],[-1.186,48.2102],[-1.1912,48.2122],[-1.1912,48.2145],[-1.208,48.2138],[-1.2176,48.2167],[-1.2175,48.221],[-1.2136,48.2264],[-1.2144,48.2404],[-1.2034,48.2412],[-1.1987,48.2462],[-1.1991,48.2502],[-1.1902,48.2511],[-1.1813,48.257],[-1.1706,48.2453],[-1.165,48.2515],[-1.1568,48.2553],[-1.1453,48.253],[-1.1379,48.2484],[-1.1343,48.2505],[-1.1238,48.2501],[-1.1252,48.2364],[-1.1171,48.2236],[-1.1182,48.2163],[-1.1158,48.2128],[-1.1175,48.2082],[-1.1262,48.2097],[-1.1318,48.2064],[-1.1543,48.2056]]]]}},{"type":"Feature","properties":{"territoire":"35075","nom":"Chauvigné","type":"commune"},"geometry":{"type":"MultiPolygon","coordinates":[[[[-1.4146,48.3963],[-1.4067,48.391],[-1.4199,48.3823],[-1.4334,48.3791],[-1.4369,48.3719],[-1.4357,48.3641],[-1.4388,48.3638],[-1.4384,48.3619],[-1.4445,48.3577],[-1.4456,48.3538],[-1.4393,48.3489],[-1.439,48.3443],[-1.473,48.3531],[-1.4721,48.3585],[-1.4781,48.3597],[-1.4773,48.3677],[-1.4793,48.3687],[-1.4752,48.3698],[-1.475,48.3741],[-1.4781,48.3744],[-1.4771,48.3821],[-1.4829,48.3833],[-1.4876,48.3909],[-1.4858,48.3968],[-1.4754,48.3915],[-1.4682,48.3977],[-1.4578,48.3907],[-1.4313,48.3963],[-1.4264,48.4009],[-1.42,48.3964],[-1.4146,48.3963]]]]}},{"type":"Feature","properties":{"territoire":"35076","nom":"Chavagne","type":"commune"},"geometry":{"type":"MultiPolygon","coordinates":[[[[-1.7941,48.081],[-1.7874,48.0813],[-1.7822,48.0752],[-1.7725,48.0712],[-1.7627,48.0739],[-1.7593,48.0717],[-1.7584,48.0676],[-1.7715,48.0563],[-1.7664,48.0472],[-1.7677,48.0446],[-1.7725,48.0449],[-1.7764,48.0417],[-1.7742,48.031],[-1.7953,48.0354],[-1.7982,48.0439],[-1.8035,48.0463],[-1.8123,48.0439],[-1.8178,48.051],[-1.8089,48.0551],[-1.804,48.0611],[-1.8045,48.0659],[-1.7943,48.0699],[-1.7934,48.0732],[-1.7968,48.0798],[-1.7941,48.081]]]]}},{"type":"Feature","properties":{"territoire":"35079","nom":"Chevaigné","type":"commune"},"geometry":{"type":"MultiPolygon","coordinates":[[[[-1.6343,48.2539],[-1.6318,48.2533],[-1.6324,48.2493],[-1.6286,48.245],[-1.6202,48.2417],[-1.6243,48.2111],[-1.6278,48.202],[-1.6251,48.1966],[-1.6289,48.1957],[-1.6305,48.1982],[-1.6374,48.198],[-1.6369,48.2002],[-1.6402,48.2029],[-1.6571,48.2101],[-1.6445,48.2343],[-1.6472,48.2369],[-1.6418,48.2492],[-1.644,48.2537],[-1.6343,48.2539]]]]}},{"type":"Feature","properties":{"territoire":"35189","nom":"Montgermont","type":"commune"},"geometry":{"type":"MultiPolygon","coordinates":[[[[-1.7251,48.1442],[-1.7235,48.149],[-1.7266,48.1531],[-1.7354,48.1537],[-1.7345,48.1591],[-1.731,48.1597],[-1.7352,48.1652],[-1.7304,48.1668],[-1.7208,48.1642],[-1.717,48.1653],[-1.7124,48.1604],[-1.706,48.16],[-1.7004,48.1521],[-1.6979,48.1432],[-1.7251,48.1442]]]]}},{"type":"Feature","properties":{"territoire":"35190","nom":"Monthault","type":"commune"},"geometry":{"type":"MultiPolygon","coordinates":[[[[-1.1656,48.4894],[-1.1729,48.4952],[-1.1692,48.4982],[-1.1727,48.503],[-1.1696,48.5059],[-1.1836,48.5018],[-1.1995,48.5051],[-1.2019,48.512],[-1.186,48.5248],[-1.1884,48.5288],[-1.1708,48.5313],[-1.1621,48.5263],[-1.1638,48.5182],[-1.1618,48.5082],[-1.1523,48.4975],[-1.1656,48.4894]]]]}},{"type":"Feature","properties":{"territoire":"35191","nom":"Les Portes du Coglais","type":"commune"},"geometry":{"type":"MultiPolygon","coordinates":[[[[-1.3036,48.4266],[-1.3128,48.4242],[-1.3196,48.4254],[-1.3175,48.4209],[-1.3198,48.4155],[-1.3293,48.4133],[-1.3361,48.4157],[-1.3308,48.421],[-1.3348,48.4234],[-1.3385,48.4312],[-1.3509,48.434],[-1.3527,48.4367],[-1.362,48.4321],[-1.3696,48.4317],[-1.3746,48.4256],[-1.3771,48.4284],[-1.3837,48.4296],[-1.3912,48.4264],[-1.3978,48.4312],[-1.4005,48.4293],[-1.4058,48.4304],[-1.4068,48.435],[-1.4027,48.4378],[-1.4026,48.4432],[-1.3945,48.4458],[-1.3942,48.4513],[-1.3995,48.4613],[-1.3925,48.4611],[-1.3803,48.4558],[-1.3697,48.4604],[-1.3642,48.467],[-1.3535,48.468],[-1.3505,48.4716],[-1.3448,48.4727],[-1.3495,48.4817],[-1.3376,48.4913],[-1.3322,48.4891],[-1.3274,48.48],[-1.3208,48.4764],[-1.3204,48.4691],[-1.3143,48.4641],[-1.3097,48.4681],[-1.3019,48.4659],[-1.2954,48.4685],[-1.2854,48.466],[-1.2817,48.4675],[-1.2766,48.4626],[-1.2776,48.4547],[-1.2742,48.4536],[-1.2738,48.4494],[-1.2764,48.4397],[-1.2876,48.4354],[-1.2924,48.4297],[-1.3036,48.4266]]]]}},{"type":"Feature","properties":{"territoire":"35080","nom":"Cintré","type":"commune"},"geometry":{"type":"MultiPolygon","coordinates":[[[[-1.917,48.1132],[-1.9184,48.1149],[-1.9155,48.1168],[-1.887,48.1229],[-1.8846,48.1133],[-1.8808,48.1118],[-1.8702,48.1143],[-1.8625,48.1118],[-1.8613,48.1148],[-1.8563,48.1154],[-1.8515,48.1144],[-1.849,48.109],[-1.8584,48.1036],[-1.8587,48.1013],[-1.8809,48.0981],[-1.8834,48.0951],[-1.8967,48.1004],[-1.9096,48.0983],[-1.908,48.1043],[-1.9128,48.1052],[-1.9126,48.1121],[-1.917,48.1132]]]]}},{"type":"Feature","properties":{"territoire":"35086","nom":"Combourtillé","type":"commune"},"geometry":{"type":"MultiPolygon","coordinates":[[[[-1.2352,48.2707],[-1.245,48.2591],[-1.2478,48.2586],[-1.2499,48.2559],[-1.2487,48.2535],[-1.2527,48.2544],[-1.2581,48.2518],[-1.2725,48.2569],[-1.2946,48.2553],[-1.2961,48.2601],[-1.2994,48.2605],[-1.2988,48.2647],[-1.2933,48.2676],[-1.2759,48.2698],[-1.2747,48.2714],[-1.2814,48.2766],[-1.2744,48.281],[-1.2682,48.2788],[-1.2648,48.2744],[-1.2606,48.2746],[-1.2557,48.2795],[-1.2431,48.2796],[-1.2367,48.2771],[-1.2352,48.2707]]]]}},{"type":"Feature","properties":{"territoire":"35192","nom":"Montreuil-des-Landes","type":"commune"},"geometry":{"type":"MultiPolygon","coordinates":[[[[-1.2352,48.2707],[-1.2256,48.2674],[-1.2157,48.2576],[-1.2047,48.2553],[-1.1991,48.2504],[-1.1989,48.2459],[-1.2034,48.2412],[-1.2067,48.2423],[-1.2196,48.2383],[-1.2313,48.2367],[-1.2368,48.2384],[-1.2418,48.2344],[-1.2482,48.2372],[-1.2462,48.242],[-1.2513,48.2451],[-1.2509,48.2534],[-1.2487,48.2535],[-1.2499,48.2559],[-1.2478,48.2586],[-1.245,48.2591],[-1.2352,48.2707]]]]}},{"type":"Feature","properties":{"territoire":"35087","nom":"Cornillé","type":"commune"},"geometry":{"type":"MultiPolygon","coordinates":[[[[-1.3294,48.1086],[-1.3227,48.1083],[-1.3153,48.0987],[-1.3081,48.0989],[-1.3037,48.0949],[-1.297,48.0934],[-1.2937,48.0904],[-1.2942,48.0881],[-1.2909,48.088],[-1.2846,48.0818],[-1.2736,48.0804],[-1.2778,48.077],[-1.286,48.0792],[-1.2831,48.0726],[-1.2865,48.0706],[-1.3134,48.0677],[-1.3273,48.0627],[-1.3322,48.0676],[-1.3375,48.0682],[-1.3381,48.0724],[-1.3453,48.0781],[-1.3412,48.0782],[-1.3334,48.0895],[-1.3276,48.0907],[-1.3245,48.0972],[-1.3334,48.106],[-1.3294,48.1086]]]]}},{"type":"Feature","properties":{"territoire":"35088","nom":"Corps-Nuds","type":"commune"},"geometry":{"type":"MultiPolygon","coordinates":[[[[-1.5688,47.958],[-1.5807,47.954],[-1.5899,47.9578],[-1.5964,47.9543],[-1.6055,47.955],[-1.6085,47.9593],[-1.6039,47.9609],[-1.6027,47.9714],[-1.6158,47.9731],[-1.6192,47.9761],[-1.6117,47.9773],[-1.6136,47.9807],[-1.597,47.9806],[-1.5985,47.9855],[-1.5943,47.992],[-1.5984,47.9946],[-1.5902,47.9996],[-1.5769,47.9977],[-1.5762,48.0004],[-1.5706,48.0018],[-1.569,48.0047],[-1.559,48.008],[-1.545,48.0065],[-1.5363,48.002],[-1.5328,48.002],[-1.5314,48.0054],[-1.5265,48.0068],[-1.527,48.0014],[-1.522,47.9952],[-1.527,47.9927],[-1.5345,47.9946],[-1.53,47.9896],[-1.5364,47.9825],[-1.5384,47.9732],[-1.5595,47.9753],[-1.5638,47.968],[-1.5656,47.9586],[-1.5688,47.958]]]]}},{"type":"Feature","properties":{"territoire":"35089","nom":"La Couyère","type":"commune"},"geometry":{"type":"MultiPolygon","coordinates":[[[[-1.5023,47.8756],[-1.5002,47.8792],[-1.5135,47.8873],[-1.5155,47.8908],[-1.5228,47.8922],[-1.525,47.8977],[-1.5451,47.9016],[-1.5438,47.9063],[-1.5352,47.9105],[-1.5193,47.9037],[-1.5108,47.9068],[-1.5069,47.9118],[-1.4865,47.9085],[-1.4877,47.9024],[-1.4793,47.8985],[-1.4816,47.8989],[-1.4844,47.8942],[-1.4876,47.8943],[-1.4833,47.8907],[-1.4703,47.8881],[-1.4636,47.8838],[-1.4694,47.8787],[-1.4803,47.8771],[-1.4851,47.8731],[-1.495,47.8777],[-1.4973,47.8752],[-1.5023,47.8756]]]]}},{"type":"Feature","properties":{"territoire":"35090","nom":"Crevin","type":"commune"},"geometry":{"type":"MultiPolygon","coordinates":[[[[-1.6746,47.9196],[-1.6721,47.9228],[-1.6661,47.9239],[-1.6726,47.9282],[-1.6718,47.9303],[-1.6778,47.9293],[-1.6841,47.9318],[-1.6843,47.937],[-1.6723,47.9356],[-1.668,47.9478],[-1.6428,47.9427],[-1.6399,47.9399],[-1.638,47.9205],[-1.6361,47.9192],[-1.6401,47.9196],[-1.64,47.914],[-1.6583,47.9153],[-1.6746,47.9196]]]]}},{"type":"Feature","properties":{"territoire":"35197","nom":"Mouazé","type":"commune"},"geometry":{"type":"MultiPolygon","coordinates":[[[[-1.598,48.2387],[-1.5916,48.2373],[-1.5953,48.2254],[-1.591,48.2112],[-1.5982,48.1989],[-1.6105,48.2023],[-1.6126,48.2048],[-1.6189,48.2027],[-1.6261,48.206],[-1.622,48.2345],[-1.6085,48.2329],[-1.598,48.2387]]]]}},{"type":"Feature","properties":{"territoire":"35091","nom":"Le Crouais","type":"commune"},"geometry":{"type":"MultiPolygon","coordinates":[[[[-2.137,48.1973],[-2.1606,48.1928],[-2.1609,48.1978],[-2.1525,48.2061],[-2.1529,48.209],[-2.1754,48.2088],[-2.1781,48.2189],[-2.1462,48.2185],[-2.1408,48.221],[-2.1324,48.2155],[-2.1271,48.2175],[-2.1274,48.2127],[-2.1338,48.2095],[-2.137,48.1973]]]]}},{"type":"Feature","properties":{"territoire":"35092","nom":"Cuguen","type":"commune"},"geometry":{"type":"MultiPolygon","coordinates":[[[[-1.6168,48.4663],[-1.6176,48.4592],[-1.6222,48.4506],[-1.6201,48.4478],[-1.6306,48.4456],[-1.6303,48.4389],[-1.6368,48.4388],[-1.6403,48.4327],[-1.6374,48.4244],[-1.6514,48.4204],[-1.6502,48.4144],[-1.6456,48.4126],[-1.644,48.4078],[-1.6406,48.4058],[-1.6448,48.402],[-1.652,48.4002],[-1.6609,48.404],[-1.661,48.4078],[-1.6648,48.4114],[-1.6775,48.4113],[-1.6846,48.4136],[-1.6782,48.4261],[-1.6822,48.4354],[-1.681,48.4397],[-1.6854,48.4452],[-1.6818,48.4489],[-1.6995,48.4535],[-1.6971,48.4631],[-1.6898,48.4625],[-1.6874,48.458],[-1.6814,48.4543],[-1.6702,48.4589],[-1.661,48.4671],[-1.6529,48.4697],[-1.649,48.4638],[-1.6421,48.468],[-1.6353,48.4649],[-1.6283,48.4696],[-1.6168,48.4663]]]]}},{"type":"Feature","properties":{"territoire":"35095","nom":"Dol-de-Bretagne","type":"commune"},"geometry":{"type":"MultiPolygon","coordinates":[[[[-1.7808,48.5286],[-1.7861,48.538],[-1.7725,48.5449],[-1.7609,48.5448],[-1.7594,48.5515],[-1.761,48.5529],[-1.7246,48.5585],[-1.7161,48.5511],[-1.7261,48.5491],[-1.7274,48.5445],[-1.7243,48.5415],[-1.7133,48.5435],[-1.7073,48.5366],[-1.7103,48.5294],[-1.718,48.5238],[-1.718,48.5173],[-1.7243,48.5149],[-1.7307,48.5171],[-1.7308,48.5117],[-1.7372,48.5117],[-1.7409,48.5092],[-1.7388,48.5286],[-1.7649,48.5275],[-1.7683,48.5309],[-1.7756,48.527],[-1.7808,48.5286]]]]}},{"type":"Feature","properties":{"territoire":"35096","nom":"Domagné","type":"commune"},"geometry":{"type":"MultiPolygon","coordinates":[[[[-1.455,48.0952],[-1.4387,48.0963],[-1.4313,48.0916],[-1.4288,48.093],[-1.4181,48.0865],[-1.4097,48.0847],[-1.4013,48.0844],[-1.4002,48.0886],[-1.3947,48.0899],[-1.3887,48.0904],[-1.3868,48.0874],[-1.3785,48.088],[-1.3736,48.0805],[-1.3618,48.079],[-1.3552,48.0637],[-1.3663,48.062],[-1.3712,48.0543],[-1.3722,48.046],[-1.378,48.0454],[-1.3743,48.0388],[-1.386,48.0406],[-1.3887,48.0444],[-1.397,48.0467],[-1.4016,48.0446],[-1.4101,48.0496],[-1.4092,48.0562],[-1.4171,48.0547],[-1.4155,48.0492],[-1.4107,48.0449],[-1.4128,48.0431],[-1.4059,48.0397],[-1.4103,48.0373],[-1.41,48.0351],[-1.4153,48.034],[-1.4189,48.037],[-1.4323,48.0377],[-1.434,48.0357],[-1.4407,48.0379],[-1.4411,48.0405],[-1.4283,48.0414],[-1.431,48.0522],[-1.425,48.0537],[-1.436,48.0607],[-1.4388,48.0653],[-1.436,48.0681],[-1.4382,48.0709],[-1.4516,48.0746],[-1.4541,48.0773],[-1.4502,48.0886],[-1.455,48.0952]]]]}},{"type":"Feature","properties":{"territoire":"35097","nom":"Domalain","type":"commune"},"geometry":{"type":"MultiPolygon","coordinates":[[[[-1.293,47.9883],[-1.2923,47.9964],[-1.2583,47.9967],[-1.2585,48.0071],[-1.2511,48.0092],[-1.2514,48.012],[-1.2627,48.0172],[-1.2562,48.02],[-1.2388,48.0184],[-1.2417,48.0221],[-1.2375,48.0253],[-1.2345,48.0354],[-1.2298,48.0351],[-1.2286,48.0392],[-1.1995,48.0421],[-1.2011,48.0347],[-1.1951,48.0196],[-1.201,48.0076],[-1.2011,48.0011],[-1.2059,47.9931],[-1.2119,47.9893],[-1.2281,47.9872],[-1.2283,47.9845],[-1.2325,47.9824],[-1.2277,47.978],[-1.237,47.9732],[-1.2344,47.9637],[-1.2435,47.9651],[-1.2481,47.9688],[-1.2568,47.9657],[-1.259,47.9575],[-1.265,47.953],[-1.2746,47.9559],[-1.2757,47.9599],[-1.2731,47.964],[-1.2775,47.9668],[-1.2758,47.9693],[-1.2771,47.9727],[-1.2831,47.9787],[-1.2852,47.9857],[-1.293,47.9883]]]]}},{"type":"Feature","properties":{"territoire":"35098","nom":"La Dominelais","type":"commune"},"geometry":{"type":"MultiPolygon","coordinates":[[[[-1.6443,47.7221],[-1.6473,47.7305],[-1.6668,47.739],[-1.6707,47.7402],[-1.6776,47.7378],[-1.6935,47.7437],[-1.7011,47.7432],[-1.7052,47.7538],[-1.7127,47.7544],[-1.7098,47.7698],[-1.7211,47.7674],[-1.7317,47.7735],[-1.741,47.773],[-1.7417,47.7748],[-1.7317,47.776],[-1.7235,47.772],[-1.7179,47.7745],[-1.7184,47.7779],[-1.7222,47.7802],[-1.7156,47.7839],[-1.699,47.7844],[-1.6985,47.7896],[-1.6872,47.7907],[-1.686,47.7927],[-1.6703,47.7908],[-1.6493,47.7941],[-1.6421,47.7749],[-1.6483,47.7676],[-1.6464,47.7646],[-1.6497,47.7609],[-1.6471,47.7592],[-1.6314,47.7608],[-1.626,47.7576],[-1.6335,47.7434],[-1.6368,47.7419],[-1.6399,47.7262],[-1.6382,47.7223],[-1.6443,47.7221]]]]}},{"type":"Feature","properties":{"territoire":"35099","nom":"Domloup","type":"commune"},"geometry":{"type":"MultiPolygon","coordinates":[[[[-1.5687,48.0927],[-1.5629,48.0923],[-1.5564,48.0985],[-1.5454,48.098],[-1.5377,48.1008],[-1.5353,48.0929],[-1.5317,48.0923],[-1.5358,48.0885],[-1.5342,48.0872],[-1.5364,48.0827],[-1.5291,48.0822],[-1.5274,48.0734],[-1.5234,48.0711],[-1.523,48.0682],[-1.5194,48.0686],[-1.5148,48.064],[-1.5174,48.0548],[-1.5164,48.0526],[-1.5117,48.0529],[-1.5197,48.0395],[-1.5261,48.0367],[-1.5483,48.0508],[-1.5664,48.0562],[-1.5651,48.0596],[-1.5757,48.0665],[-1.5742,48.0695],[-1.5686,48.0697],[-1.5693,48.0758],[-1.5665,48.0801],[-1.5634,48.0802],[-1.5644,48.088],[-1.5686,48.0887],[-1.5687,48.0927]]]]}},{"type":"Feature","properties":{"territoire":"35101","nom":"Dourdain","type":"commune"},"geometry":{"type":"MultiPolygon","coordinates":[[[[-1.4003,48.2129],[-1.3796,48.2133],[-1.3687,48.209],[-1.3671,48.2048],[-1.3628,48.2022],[-1.3465,48.2002],[-1.349,48.1965],[-1.3546,48.1972],[-1.3578,48.195],[-1.3557,48.188],[-1.3608,48.183],[-1.3522,48.1714],[-1.3568,48.168],[-1.3647,48.1686],[-1.3869,48.1812],[-1.4064,48.1867],[-1.409,48.192],[-1.4076,48.1928],[-1.4123,48.1932],[-1.4057,48.1969],[-1.4089,48.2024],[-1.4056,48.2052],[-1.4064,48.2085],[-1.4003,48.2129]]]]}},{"type":"Feature","properties":{"territoire":"35102","nom":"Drouges","type":"commune"},"geometry":{"type":"MultiPolygon","coordinates":[[[[-1.3009,47.894],[-1.2942,47.8964],[-1.2943,47.9058],[-1.2931,47.9084],[-1.2903,47.9084],[-1.2889,47.9129],[-1.2816,47.91],[-1.2787,47.9136],[-1.2686,47.9116],[-1.2663,47.9186],[-1.2587,47.9203],[-1.255,47.9189],[-1.248,47.9094],[-1.229,47.9053],[-1.2142,47.8968],[-1.2192,47.8957],[-1.2184,47.8943],[-1.2384,47.8936],[-1.2558,47.8876],[-1.2674,47.8941],[-1.2763,47.8934],[-1.2779,47.8902],[-1.2921,47.8946],[-1.298,47.8945],[-1.2982,47.8925],[-1.3009,47.894]]]]}},{"type":"Feature","properties":{"territoire":"35103","nom":"Eancé","type":"commune"},"geometry":{"type":"MultiPolygon","coordinates":[[[[-1.2402,47.8023],[-1.2526,47.7965],[-1.2664,47.7964],[-1.2679,47.8051],[-1.2654,47.8069],[-1.2769,47.8097],[-1.2734,47.8252],[-1.2808,47.8286],[-1.2765,47.8312],[-1.2762,47.8351],[-1.2802,47.837],[-1.2764,47.8425],[-1.2701,47.8463],[-1.2465,47.8427],[-1.2416,47.8438],[-1.2321,47.838],[-1.216,47.8361],[-1.216,47.8317],[-1.2222,47.8247],[-1.2203,47.8203],[-1.2347,47.8189],[-1.2337,47.8169],[-1.2381,47.8098],[-1.2426,47.808],[-1.2394,47.8061],[-1.2402,47.8023]]]]}},{"type":"Feature","properties":{"territoire":"35104","nom":"Epiniac","type":"commune"},"geometry":{"type":"MultiPolygon","coordinates":[[[[-1.6933,48.4633],[-1.6971,48.4631],[-1.6989,48.4589],[-1.7117,48.4599],[-1.7097,48.4701],[-1.7179,48.4724],[-1.7288,48.4925],[-1.7358,48.4927],[-1.7353,48.5109],[-1.7308,48.5117],[-1.7307,48.5171],[-1.7243,48.5149],[-1.718,48.5173],[-1.718,48.5238],[-1.7103,48.5294],[-1.7073,48.5363],[-1.7015,48.533],[-1.7015,48.5304],[-1.6923,48.533],[-1.689,48.5262],[-1.6872,48.529],[-1.6847,48.5285],[-1.6766,48.5243],[-1.675,48.5205],[-1.6748,48.5159],[-1.6766,48.5154],[-1.6731,48.5074],[-1.6769,48.4977],[-1.6759,48.492],[-1.6844,48.4814],[-1.6911,48.4781],[-1.6933,48.4633]]]]}},{"type":"Feature","properties":{"territoire":"35105","nom":"Erbrée","type":"commune"},"geometry":{"type":"MultiPolygon","coordinates":[[[[-1.1125,48.0799],[-1.129,48.0787],[-1.1413,48.0837],[-1.1511,48.0784],[-1.1626,48.0807],[-1.1633,48.0932],[-1.1605,48.0946],[-1.1614,48.0979],[-1.1567,48.1007],[-1.158,48.1057],[-1.1558,48.1078],[-1.1622,48.1119],[-1.1625,48.1149],[-1.1566,48.1207],[-1.1529,48.1213],[-1.1498,48.1282],[-1.1517,48.1302],[-1.1449,48.1344],[-1.1469,48.1395],[-1.1449,48.144],[-1.1331,48.1447],[-1.1346,48.1397],[-1.1314,48.1334],[-1.1206,48.1331],[-1.1174,48.1306],[-1.0907,48.1334],[-1.079,48.1317],[-1.0799,48.1285],[-1.0773,48.1235],[-1.0594,48.1257],[-1.0541,48.1172],[-1.0549,48.1096],[-1.0526,48.1063],[-1.0599,48.1076],[-1.0657,48.1043],[-1.0753,48.1055],[-1.0856,48.1019],[-1.0881,48.0986],[-1.0937,48.0998],[-1.093,48.0909],[-1.1034,48.0889],[-1.108,48.0814],[-1.1125,48.0799]]]]}},{"type":"Feature","properties":{"territoire":"35110","nom":"Feins","type":"commune"},"geometry":{"type":"MultiPolygon","coordinates":[[[[-1.6225,48.3032],[-1.6302,48.3047],[-1.6309,48.3113],[-1.6402,48.311],[-1.639,48.3152],[-1.646,48.3167],[-1.6564,48.3253],[-1.6699,48.3298],[-1.67,48.3325],[-1.6622,48.3374],[-1.6631,48.3428],[-1.6598,48.3473],[-1.6541,48.3494],[-1.65,48.3445],[-1.645,48.3462],[-1.6424,48.3516],[-1.6391,48.3509],[-1.6376,48.3457],[-1.6238,48.3462],[-1.6101,48.3519],[-1.6075,48.3488],[-1.6081,48.3455],[-1.6025,48.3407],[-1.6018,48.334],[-1.5873,48.328],[-1.5845,48.3194],[-1.5946,48.3136],[-1.5975,48.3086],[-1.6049,48.3104],[-1.6078,48.3092],[-1.6077,48.3062],[-1.6225,48.3032]]]]}},{"type":"Feature","properties":{"territoire":"35111","nom":"Le Ferré","type":"commune"},"geometry":{"type":"MultiPolygon","coordinates":[[[[-1.2875,48.5096],[-1.2716,48.5065],[-1.2696,48.502],[-1.2667,48.5022],[-1.261,48.4974],[-1.2563,48.486],[-1.2637,48.4828],[-1.2628,48.4815],[-1.2687,48.4815],[-1.2689,48.4768],[-1.2771,48.4762],[-1.2772,48.4722],[-1.2854,48.466],[-1.2954,48.4685],[-1.3019,48.4659],[-1.3097,48.4681],[-1.3152,48.4646],[-1.3168,48.468],[-1.3204,48.4691],[-1.3208,48.4764],[-1.3274,48.48],[-1.3273,48.483],[-1.3303,48.4853],[-1.3287,48.4862],[-1.3315,48.4926],[-1.3277,48.4938],[-1.3293,48.4962],[-1.3218,48.5001],[-1.3177,48.496],[-1.3009,48.4989],[-1.2938,48.5061],[-1.2881,48.507],[-1.2875,48.5096]]]]}},{"type":"Feature","properties":{"territoire":"35114","nom":"Forges-la-Forêt","type":"commune"},"geometry":{"type":"MultiPolygon","coordinates":[[[[-1.2701,47.8463],[-1.2759,47.8425],[-1.2789,47.8474],[-1.2778,47.8507],[-1.285,47.8525],[-1.2855,47.8548],[-1.2941,47.8533],[-1.2967,47.8579],[-1.3094,47.8572],[-1.316,47.8601],[-1.3164,47.8687],[-1.3198,47.8715],[-1.3173,47.8733],[-1.313,47.8711],[-1.3072,47.8796],[-1.2975,47.8747],[-1.2984,47.872],[-1.2953,47.8658],[-1.2853,47.8634],[-1.2776,47.866],[-1.2705,47.8646],[-1.2753,47.86],[-1.2656,47.8555],[-1.2637,47.8519],[-1.2701,47.849],[-1.2701,47.8463]]]]}},{"type":"Feature","properties":{"territoire":"35115","nom":"Fougères","type":"commune"},"geometry":{"type":"MultiPolygon","coordinates":[[[[-1.1733,48.3387],[-1.1762,48.3398],[-1.179,48.3373],[-1.1848,48.3398],[-1.1923,48.3369],[-1.1991,48.3403],[-1.207,48.3374],[-1.2058,48.3323],[-1.2084,48.3298],[-1.2185,48.3293],[-1.2135,48.3338],[-1.2158,48.3373],[-1.2083,48.3472],[-1.2152,48.3508],[-1.2146,48.359],[-1.2124,48.3595],[-1.21,48.3661],[-1.2075,48.3681],[-1.1961,48.3674],[-1.1976,48.3707],[-1.1856,48.3735],[-1.1827,48.3722],[-1.182,48.3744],[-1.1804,48.3708],[-1.1748,48.3679],[-1.1777,48.3636],[-1.1721,48.349],[-1.1746,48.3487],[-1.1733,48.3387]]]]}},{"type":"Feature","properties":{"territoire":"35279","nom":"Saint-Guinoux","type":"commune"},"geometry":{"type":"MultiPolygon","coordinates":[[[[-1.8688,48.5803],[-1.8699,48.5685],[-1.8775,48.5696],[-1.8938,48.5634],[-1.8964,48.565],[-1.8901,48.568],[-1.8936,48.5725],[-1.9025,48.5722],[-1.9035,48.577],[-1.9064,48.5761],[-1.9069,48.5806],[-1.9106,48.5838],[-1.898,48.5952],[-1.8889,48.5945],[-1.8869,48.5943],[-1.8877,48.5894],[-1.8841,48.5862],[-1.8681,48.5865],[-1.8688,48.5803]]]]}},{"type":"Feature","properties":{"territoire":"35116","nom":"La Fresnais","type":"commune"},"geometry":{"type":"MultiPolygon","coordinates":[[[[-1.8075,48.5607],[-1.845,48.5764],[-1.8465,48.5792],[-1.8688,48.5803],[-1.8667,48.5917],[-1.8632,48.5971],[-1.8642,48.6003],[-1.8602,48.604],[-1.8531,48.6007],[-1.8491,48.6078],[-1.8463,48.6084],[-1.8336,48.605],[-1.8254,48.6081],[-1.8222,48.6047],[-1.8171,48.6041],[-1.821,48.6],[-1.813,48.5965],[-1.8143,48.5935],[-1.8076,48.5853],[-1.8099,48.5725],[-1.8075,48.5607]]]]}},{"type":"Feature","properties":{"territoire":"35117","nom":"Gaël","type":"commune"},"geometry":{"type":"MultiPolygon","coordinates":[[[[-2.283,48.1456],[-2.2785,48.1459],[-2.2777,48.1485],[-2.2741,48.1468],[-2.2706,48.1495],[-2.2712,48.1514],[-2.2665,48.1518],[-2.2591,48.1513],[-2.2558,48.1454],[-2.2526,48.1442],[-2.2361,48.1445],[-2.2355,48.1489],[-2.2485,48.1527],[-2.2486,48.1594],[-2.2405,48.1629],[-2.2312,48.1634],[-2.225,48.1706],[-2.2061,48.1679],[-2.2078,48.1621],[-2.2023,48.1602],[-2.1934,48.1305],[-2.1862,48.1196],[-2.1884,48.1137],[-2.1849,48.1047],[-2.1858,48.097],[-2.1817,48.0826],[-2.2196,48.0809],[-2.2217,48.0786],[-2.2372,48.0751],[-2.2326,48.0691],[-2.2345,48.0633],[-2.256,48.0631],[-2.2577,48.0731],[-2.2551,48.0739],[-2.2554,48.0768],[-2.2479,48.0853],[-2.2536,48.0898],[-2.2517,48.094],[-2.2553,48.0972],[-2.2535,48.1064],[-2.2876,48.1338],[-2.283,48.1456]]]]}},{"type":"Feature","properties":{"territoire":"35118","nom":"Gahard","type":"commune"},"geometry":{"type":"MultiPolygon","coordinates":[[[[-1.5124,48.2724],[-1.5316,48.271],[-1.5331,48.2676],[-1.5369,48.2662],[-1.5363,48.2628],[-1.5578,48.2567],[-1.559,48.2517],[-1.5655,48.26],[-1.5623,48.2604],[-1.5616,48.264],[-1.5569,48.2673],[-1.5691,48.2671],[-1.5742,48.2764],[-1.5648,48.2869],[-1.5641,48.2935],[-1.5379,48.3108],[-1.5271,48.3037],[-1.5164,48.3086],[-1.5123,48.3067],[-1.4987,48.3106],[-1.4972,48.3133],[-1.4849,48.3183],[-1.4795,48.3152],[-1.4843,48.3062],[-1.4837,48.3024],[-1.475,48.2938],[-1.4754,48.2854],[-1.4811,48.2834],[-1.4984,48.2843],[-1.5117,48.2877],[-1.5171,48.2787],[-1.5163,48.2745],[-1.5124,48.2724]]]]}},{"type":"Feature","properties":{"territoire":"35119","nom":"Gennes-sur-Seiche","type":"commune"},"geometry":{"type":"MultiPolygon","coordinates":[[[[-1.093,47.9876],[-1.0978,47.9866],[-1.0998,47.989],[-1.1081,47.9893],[-1.1106,47.9874],[-1.1194,47.9878],[-1.1198,47.9858],[-1.1252,47.9868],[-1.1264,47.9847],[-1.1246,47.9836],[-1.1283,47.9817],[-1.1245,47.9798],[-1.128,47.9755],[-1.1252,47.9716],[-1.1324,47.9714],[-1.1334,47.968],[-1.1396,47.9706],[-1.1406,47.9676],[-1.148,47.9676],[-1.154,47.9733],[-1.1615,47.9732],[-1.1527,47.9815],[-1.1576,47.9848],[-1.1621,47.9843],[-1.1611,47.9875],[-1.1636,47.9909],[-1.1491,47.9953],[-1.1495,48.0036],[-1.1434,48.012],[-1.1496,48.0131],[-1.1551,48.0184],[-1.1552,48.0263],[-1.1385,48.034],[-1.1341,48.0332],[-1.1318,48.0314],[-1.1335,48.0261],[-1.1308,48.0246],[-1.1314,48.021],[-1.1247,48.0178],[-1.1255,48.0148],[-1.1082,48.0076],[-1.1056,47.9976],[-1.0963,48.0004],[-1.0918,47.996],[-1.093,47.9876]]]]}},{"type":"Feature","properties":{"territoire":"35120","nom":"Gévezé","type":"commune"},"geometry":{"type":"MultiPolygon","coordinates":[[[[-1.8245,48.168],[-1.8252,48.174],[-1.8228,48.1742],[-1.8208,48.1808],[-1.8133,48.1844],[-1.8199,48.1965],[-1.8206,48.2026],[-1.8296,48.2028],[-1.8267,48.2166],[-1.8232,48.2187],[-1.8229,48.2221],[-1.8202,48.2223],[-1.8194,48.2274],[-1.8238,48.2313],[-1.8268,48.2303],[-1.8261,48.2324],[-1.8299,48.2321],[-1.8307,48.2355],[-1.8353,48.236],[-1.8357,48.2403],[-1.8307,48.2447],[-1.8226,48.2435],[-1.8203,48.2463],[-1.8147,48.247],[-1.7897,48.2455],[-1.7899,48.2394],[-1.7785,48.2418],[-1.7763,48.2399],[-1.7796,48.2393],[-1.779,48.2362],[-1.7742,48.233],[-1.7761,48.2297],[-1.7731,48.2268],[-1.7739,48.2227],[-1.7652,48.2204],[-1.767,48.2191],[-1.7633,48.2178],[-1.7694,48.2134],[-1.7478,48.2059],[-1.7521,48.2037],[-1.7681,48.2028],[-1.7774,48.1964],[-1.7816,48.1962],[-1.7778,48.1912],[-1.7796,48.1882],[-1.7763,48.1871],[-1.7821,48.1835],[-1.7812,48.1822],[-1.8115,48.1849],[-1.8089,48.1811],[-1.8093,48.1707],[-1.8245,48.168]]]]}},{"type":"Feature","properties":{"territoire":"35121","nom":"Gosné","type":"commune"},"geometry":{"type":"MultiPolygon","coordinates":[[[[-1.4814,48.2729],[-1.4458,48.2707],[-1.4483,48.2633],[-1.4337,48.2616],[-1.4276,48.2556],[-1.4261,48.253],[-1.4399,48.248],[-1.4325,48.2467],[-1.429,48.2486],[-1.4305,48.2462],[-1.4221,48.2416],[-1.4291,48.2402],[-1.4252,48.235],[-1.4202,48.234],[-1.4217,48.2298],[-1.433,48.2282],[-1.4469,48.2304],[-1.4478,48.2253],[-1.4597,48.2281],[-1.4611,48.2328],[-1.4653,48.2359],[-1.4693,48.2338],[-1.4805,48.2372],[-1.4805,48.2399],[-1.4769,48.242],[-1.4838,48.2449],[-1.4874,48.2519],[-1.4939,48.2529],[-1.501,48.2581],[-1.4965,48.2642],[-1.4822,48.2669],[-1.4814,48.2729]]]]}},{"type":"Feature","properties":{"territoire":"35280","nom":"Saint-Hilaire-des-Landes","type":"commune"},"geometry":{"type":"MultiPolygon","coordinates":[[[[-1.3926,48.3169],[-1.3884,48.3191],[-1.3903,48.3282],[-1.3866,48.3289],[-1.3891,48.3335],[-1.3963,48.3374],[-1.4041,48.3368],[-1.4069,48.34],[-1.4073,48.3487],[-1.3993,48.3461],[-1.3945,48.3474],[-1.3909,48.352],[-1.3769,48.3539],[-1.3727,48.3591],[-1.3635,48.359],[-1.3598,48.3612],[-1.3538,48.3585],[-1.3425,48.3599],[-1.3356,48.3533],[-1.3371,48.351],[-1.3341,48.3441],[-1.3418,48.3316],[-1.3348,48.3298],[-1.3382,48.3205],[-1.3421,48.3229],[-1.3494,48.3209],[-1.3547,48.3235],[-1.3607,48.318],[-1.3712,48.3145],[-1.3773,48.3169],[-1.3825,48.3154],[-1.3926,48.3169]]]]}},{"type":"Feature","properties":{"territoire":"35122","nom":"La Gouesnière","type":"commune"},"geometry":{"type":"MultiPolygon","coordinates":[[[[-1.8627,48.602],[-1.8673,48.5866],[-1.8841,48.5862],[-1.8877,48.5894],[-1.8869,48.5943],[-1.8889,48.5945],[-1.898,48.5952],[-1.9076,48.5902],[-1.907,48.5991],[-1.9022,48.6025],[-1.908,48.6044],[-1.9065,48.6077],[-1.9101,48.6081],[-1.9101,48.6105],[-1.9173,48.6113],[-1.9175,48.6187],[-1.9148,48.6198],[-1.9141,48.6152],[-1.9094,48.6141],[-1.8982,48.6165],[-1.8854,48.6147],[-1.8854,48.6181],[-1.875,48.6187],[-1.8716,48.6173],[-1.8744,48.6115],[-1.873,48.6068],[-1.8627,48.602]]]]}},{"type":"Feature","properties":{"territoire":"35123","nom":"Goven","type":"commune"},"geometry":{"type":"MultiPolygon","coordinates":[[[[-1.8151,48.0465],[-1.8123,48.0439],[-1.8011,48.0456],[-1.7982,48.0439],[-1.7955,48.0355],[-1.7783,48.033],[-1.7779,48.0299],[-1.7741,48.0283],[-1.7753,48.0215],[-1.7823,48.0159],[-1.7854,48.0068],[-1.7834,48.003],[-1.7854,48.0028],[-1.7861,47.9991],[-1.7968,47.9958],[-1.8045,47.9983],[-1.8063,47.9916],[-1.8196,47.9901],[-1.8284,47.985],[-1.8604,47.9851],[-1.8618,47.9828],[-1.8821,47.9813],[-1.8834,47.9871],[-1.8907,47.9888],[-1.8904,47.9924],[-1.8957,47.9975],[-1.9087,48.0028],[-1.9073,48.0135],[-1.9094,48.019],[-1.907,48.0237],[-1.8889,48.0238],[-1.8862,48.021],[-1.8784,48.0224],[-1.8662,48.0192],[-1.8643,48.016],[-1.8454,48.0163],[-1.8343,48.0196],[-1.833,48.0224],[-1.8296,48.0217],[-1.8258,48.0282],[-1.8261,48.0379],[-1.8193,48.04],[-1.8212,48.0473],[-1.8151,48.0465]]]]}},{"type":"Feature","properties":{"territoire":"35124","nom":"Grand-Fougeray","type":"commune"},"geometry":{"type":"MultiPolygon","coordinates":[[[[-1.7417,47.7748],[-1.741,47.773],[-1.7317,47.7735],[-1.7211,47.7674],[-1.7098,47.7698],[-1.7127,47.7544],[-1.7052,47.7538],[-1.7011,47.7432],[-1.6935,47.7437],[-1.6776,47.7378],[-1.6707,47.7402],[-1.6668,47.739],[-1.6473,47.7305],[-1.6443,47.7221],[-1.6556,47.7154],[-1.6547,47.7121],[-1.6579,47.7093],[-1.6652,47.7128],[-1.6831,47.7114],[-1.6892,47.7134],[-1.6945,47.7111],[-1.6954,47.7141],[-1.7073,47.7144],[-1.7036,47.7005],[-1.7276,47.6988],[-1.7377,47.7049],[-1.752,47.7076],[-1.7689,47.6985],[-1.7852,47.6995],[-1.7797,47.7065],[-1.7769,47.724],[-1.7783,47.7341],[-1.7824,47.7352],[-1.7753,47.7383],[-1.7737,47.7407],[-1.7779,47.747],[-1.7717,47.7508],[-1.7773,47.7547],[-1.7862,47.7553],[-1.7867,47.7595],[-1.78,47.7603],[-1.7783,47.7718],[-1.7637,47.7726],[-1.7624,47.7753],[-1.7532,47.7779],[-1.7417,47.7748]]]]}},{"type":"Feature","properties":{"territoire":"35125","nom":"La Guerche-de-Bretagne","type":"commune"},"geometry":{"type":"MultiPolygon","coordinates":[[[[-1.2822,47.9415],[-1.2738,47.9456],[-1.2752,47.9475],[-1.2691,47.9541],[-1.265,47.953],[-1.2583,47.959],[-1.2493,47.9583],[-1.244,47.9611],[-1.2349,47.96],[-1.2341,47.9516],[-1.2244,47.9509],[-1.2228,47.9469],[-1.2175,47.9479],[-1.2119,47.9439],[-1.1971,47.9458],[-1.2013,47.941],[-1.2124,47.9426],[-1.2137,47.9355],[-1.2195,47.934],[-1.2197,47.9304],[-1.2241,47.9285],[-1.2319,47.9295],[-1.2354,47.9332],[-1.2557,47.9304],[-1.2614,47.935],[-1.2822,47.9415]]]]}},{"type":"Feature","properties":{"territoire":"35126","nom":"Guichen","type":"commune"},"geometry":{"type":"MultiPolygon","coordinates":[[[[-1.7574,47.9226],[-1.7671,47.9265],[-1.7684,47.9313],[-1.7771,47.928],[-1.7795,47.9292],[-1.7801,47.9345],[-1.788,47.9346],[-1.7884,47.9437],[-1.7919,47.94],[-1.8048,47.9441],[-1.8136,47.9391],[-1.8231,47.9428],[-1.8291,47.9407],[-1.8327,47.9456],[-1.8304,47.9479],[-1.8441,47.9489],[-1.8393,47.952],[-1.8486,47.9532],[-1.8455,47.9578],[-1.8483,47.9585],[-1.8447,47.9622],[-1.8398,47.963],[-1.8376,47.9761],[-1.8316,47.9793],[-1.8344,47.9846],[-1.8284,47.985],[-1.8181,47.9905],[-1.8065,47.9915],[-1.8045,47.9983],[-1.7939,47.9964],[-1.7861,47.9991],[-1.7854,48.0028],[-1.7807,48.0039],[-1.7631,48.002],[-1.7645,47.9982],[-1.7522,47.9966],[-1.7516,47.9947],[-1.7583,47.9868],[-1.7444,47.9643],[-1.7518,47.9455],[-1.7496,47.9411],[-1.7619,47.9291],[-1.7545,47.9254],[-1.7483,47.9271],[-1.7461,47.924],[-1.7502,47.9207],[-1.7574,47.9226]]]]}},{"type":"Feature","properties":{"territoire":"35127","nom":"Guignen","type":"commune"},"geometry":{"type":"MultiPolygon","coordinates":[[[[-1.908,47.9004],[-1.9142,47.9089],[-1.9153,47.9179],[-1.9046,47.9222],[-1.9081,47.9336],[-1.899,47.9386],[-1.8972,47.9419],[-1.8987,47.9498],[-1.9027,47.9529],[-1.9072,47.965],[-1.9051,47.9677],[-1.8925,47.9688],[-1.8773,47.9568],[-1.8708,47.9574],[-1.8693,47.961],[-1.8656,47.9607],[-1.8635,47.9635],[-1.8563,47.964],[-1.8539,47.9603],[-1.8455,47.9579],[-1.8486,47.9532],[-1.8393,47.952],[-1.8441,47.9489],[-1.8304,47.9479],[-1.8327,47.9456],[-1.8291,47.9407],[-1.8241,47.9429],[-1.8129,47.9391],[-1.8048,47.9441],[-1.7963,47.9416],[-1.8049,47.9303],[-1.8092,47.9148],[-1.816,47.9119],[-1.8182,47.8976],[-1.8249,47.8915],[-1.8411,47.8867],[-1.8654,47.8894],[-1.8835,47.8857],[-1.8922,47.8872],[-1.9063,47.8964],[-1.908,47.9004]]]]}},{"type":"Feature","properties":{"territoire":"35128","nom":"Guipel","type":"commune"},"geometry":{"type":"MultiPolygon","coordinates":[[[[-1.6967,48.3148],[-1.6983,48.3056],[-1.7016,48.3036],[-1.7017,48.3007],[-1.6981,48.2943],[-1.6931,48.2926],[-1.6923,48.2836],[-1.6879,48.2828],[-1.6926,48.2726],[-1.7033,48.2686],[-1.704,48.2659],[-1.7225,48.2639],[-1.7349,48.2662],[-1.7379,48.2645],[-1.7486,48.2737],[-1.7544,48.2739],[-1.7598,48.281],[-1.761,48.2887],[-1.7579,48.2941],[-1.7518,48.2995],[-1.7469,48.2995],[-1.7417,48.3222],[-1.7134,48.3218],[-1.7012,48.3243],[-1.6994,48.3199],[-1.7025,48.3166],[-1.6967,48.3148]]]]}},{"type":"Feature","properties":{"territoire":"35286","nom":"Saint-Léger-des-Prés","type":"commune"},"geometry":{"type":"MultiPolygon","coordinates":[[[[-1.6606,48.404],[-1.6493,48.4004],[-1.6475,48.3944],[-1.6406,48.3918],[-1.6386,48.3877],[-1.6429,48.3787],[-1.6511,48.3794],[-1.6512,48.374],[-1.6553,48.3722],[-1.6635,48.3789],[-1.6746,48.3799],[-1.6717,48.3834],[-1.6749,48.3837],[-1.6748,48.3865],[-1.6661,48.3982],[-1.6668,48.4026],[-1.6606,48.404]]]]}},{"type":"Feature","properties":{"territoire":"35287","nom":"Saint-Lunaire","type":"commune"},"geometry":{"type":"MultiPolygon","coordinates":[[[[-2.0792,48.6026],[-2.0866,48.5928],[-2.0946,48.5959],[-2.1022,48.6097],[-2.1056,48.6115],[-2.1081,48.6175],[-2.1117,48.6172],[-2.1178,48.6235],[-2.1243,48.6353],[-2.1166,48.6384],[-2.118,48.641],[-2.1128,48.6454],[-2.1122,48.6384],[-2.105,48.6365],[-2.1031,48.6328],[-2.1063,48.638],[-2.1036,48.6392],[-2.0995,48.6391],[-2.0955,48.6338],[-2.0821,48.6362],[-2.0791,48.6244],[-2.0765,48.6229],[-2.0792,48.6026]]]]}},{"type":"Feature","properties":{"territoire":"35131","nom":"L'Hermitage","type":"commune"},"geometry":{"type":"MultiPolygon","coordinates":[[[[-1.8282,48.1398],[-1.8219,48.1385],[-1.8235,48.1367],[-1.8215,48.1361],[-1.8124,48.1356],[-1.8157,48.1308],[-1.7933,48.1264],[-1.792,48.1238],[-1.8001,48.1203],[-1.7971,48.1097],[-1.8095,48.112],[-1.8171,48.106],[-1.8278,48.1068],[-1.8256,48.1106],[-1.8264,48.1156],[-1.8387,48.1251],[-1.8346,48.1314],[-1.8259,48.1365],[-1.8282,48.1398]]]]}},{"type":"Feature","properties":{"territoire":"35288","nom":"Saint-Malo","type":"commune"},"geometry":{"type":"MultiPolygon","coordinates":[[[[-2.0753,48.676],[-2.0691,48.6791],[-2.0679,48.6772],[-2.0753,48.676]]],[[[-1.9943,48.6609],[-1.9892,48.6641],[-1.9897,48.6662],[-1.9818,48.6743],[-1.9828,48.6772],[-1.9874,48.6773],[-1.9905,48.6835],[-1.9811,48.6812],[-1.9774,48.6834],[-1.9791,48.6844],[-1.9741,48.6831],[-1.9702,48.6867],[-1.9622,48.6866],[-1.964,48.6835],[-1.9615,48.6808],[-1.9643,48.6748],[-1.9623,48.6681],[-1.9583,48.6702],[-1.9532,48.6674],[-1.9496,48.6692],[-1.948,48.6633],[-1.9434,48.6626],[-1.9366,48.6572],[-1.9426,48.6528],[-1.9474,48.6536],[-1.9528,48.6467],[-1.9533,48.6418],[-1.9463,48.6393],[-1.9516,48.6355],[-1.9492,48.6317],[-1.9424,48.6307],[-1.9432,48.6238],[-1.9398,48.6219],[-1.9458,48.6172],[-1.9443,48.6083],[-1.9493,48.6048],[-1.9792,48.614],[-1.9901,48.6122],[-1.9943,48.6053],[-2.0005,48.6029],[-2.0014,48.6001],[-2.0054,48.6015],[-2.0068,48.5992],[-2.0132,48.5991],[-2.0099,48.601],[-2.0123,48.604],[-2.0098,48.6074],[-2.005,48.6094],[-2.001,48.6152],[-2.0078,48.6131],[-2.0151,48.6141],[-2.019,48.6194],[-2.0132,48.6234],[-2.0134,48.6274],[-2.0186,48.6283],[-2.0228,48.6327],[-2.0208,48.6331],[-2.0218,48.6348],[-2.0311,48.6342],[-2.0313,48.6377],[-2.0283,48.6404],[-2.0225,48.6362],[-2.0189,48.6386],[-2.0266,48.641],[-2.0241,48.646],[-2.0319,48.6421],[-2.0281,48.6458],[-2.0292,48.6511],[-2.0138,48.6528],[-1.9943,48.6609]]]]}},{"type":"Feature","properties":{"territoire":"35132","nom":"Hirel","type":"commune"},"geometry":{"type":"MultiPolygon","coordinates":[[[[-1.8081,48.5641],[-1.8099,48.5728],[-1.8076,48.5853],[-1.8143,48.5935],[-1.813,48.5965],[-1.821,48.6],[-1.8171,48.6041],[-1.8222,48.6047],[-1.8254,48.6081],[-1.8336,48.605],[-1.8463,48.6084],[-1.8491,48.6078],[-1.8531,48.6007],[-1.8596,48.6048],[-1.8497,48.614],[-1.8431,48.617],[-1.8386,48.6134],[-1.7909,48.6062],[-1.789,48.5939],[-1.7832,48.5854],[-1.7866,48.5734],[-1.7942,48.5682],[-1.8006,48.5716],[-1.8081,48.5641]]]]}},{"type":"Feature","properties":{"territoire":"35134","nom":"Les Iffs","type":"commune"},"geometry":{"type":"MultiPolygon","coordinates":[[[[-1.8703,48.3137],[-1.8635,48.3125],[-1.8665,48.3084],[-1.8606,48.3068],[-1.8627,48.3038],[-1.8556,48.3018],[-1.8609,48.2962],[-1.8516,48.2914],[-1.8514,48.2855],[-1.857,48.2822],[-1.8722,48.2809],[-1.8748,48.2767],[-1.8738,48.2832],[-1.8765,48.2827],[-1.8767,48.2918],[-1.879,48.2948],[-1.8719,48.3028],[-1.872,48.3066],[-1.8749,48.3081],[-1.8703,48.3137]]]]}},{"type":"Feature","properties":{"territoire":"35291","nom":"Saint-Marcan","type":"commune"},"geometry":{"type":"MultiPolygon","coordinates":[[[[-1.6203,48.5693],[-1.6318,48.5671],[-1.6341,48.5688],[-1.6353,48.5746],[-1.6414,48.5779],[-1.6406,48.581],[-1.6494,48.5901],[-1.6502,48.5984],[-1.6333,48.6004],[-1.6335,48.6039],[-1.6299,48.6039],[-1.63,48.5988],[-1.6258,48.5947],[-1.6133,48.5941],[-1.6066,48.5888],[-1.6073,48.5776],[-1.6188,48.5725],[-1.6203,48.5693]]]]}},{"type":"Feature","properties":{"territoire":"35292","nom":"Saint-Marc-le-Blanc","type":"commune"},"geometry":{"type":"MultiPolygon","coordinates":[[[[-1.3969,48.3528],[-1.4048,48.3564],[-1.4116,48.3562],[-1.4155,48.3527],[-1.4214,48.3521],[-1.4236,48.3561],[-1.4298,48.3539],[-1.4372,48.3584],[-1.4447,48.3562],[-1.4423,48.3608],[-1.4357,48.3641],[-1.4369,48.3719],[-1.4334,48.3791],[-1.4199,48.3823],[-1.4067,48.391],[-1.4146,48.3963],[-1.4072,48.4001],[-1.3959,48.3997],[-1.3891,48.402],[-1.3792,48.3988],[-1.3749,48.3879],[-1.3634,48.3911],[-1.3648,48.3727],[-1.3585,48.3663],[-1.3595,48.3612],[-1.3635,48.359],[-1.3727,48.3591],[-1.3769,48.3539],[-1.3909,48.352],[-1.3945,48.3474],[-1.3993,48.3461],[-1.4037,48.3484],[-1.3969,48.3528]]]]}},{"type":"Feature","properties":{"territoire":"35135","nom":"Irodouër","type":"commune"},"geometry":{"type":"MultiPolygon","coordinates":[[[[-1.9168,48.232],[-1.9271,48.2319],[-1.9297,48.2312],[-1.9281,48.2292],[-1.9401,48.2271],[-1.9511,48.2275],[-1.9551,48.223],[-1.9535,48.2172],[-1.9689,48.2147],[-1.9669,48.2212],[-1.9689,48.2245],[-1.974,48.228],[-1.9781,48.2279],[-1.9816,48.2334],[-1.9917,48.2348],[-1.9933,48.2408],[-1.9893,48.2402],[-1.9871,48.2435],[-1.9838,48.2428],[-1.9813,48.2456],[-1.9879,48.2481],[-1.9872,48.253],[-1.9777,48.2534],[-1.9748,48.2558],[-1.9739,48.2581],[-1.9767,48.2613],[-1.9744,48.2661],[-1.9604,48.2721],[-1.9479,48.2718],[-1.9309,48.2681],[-1.9062,48.2517],[-1.9091,48.2454],[-1.9158,48.2419],[-1.9168,48.232]]]]}},{"type":"Feature","properties":{"territoire":"35136","nom":"Janzé","type":"commune"},"geometry":{"type":"MultiPolygon","coordinates":[[[[-1.5541,47.9199],[-1.5441,47.9315],[-1.5329,47.9385],[-1.528,47.939],[-1.533,47.9517],[-1.5277,47.9503],[-1.5273,47.9629],[-1.5318,47.9646],[-1.5312,47.9695],[-1.5384,47.9724],[-1.5348,47.9852],[-1.5282,47.9829],[-1.5251,47.9773],[-1.5212,47.9761],[-1.5224,47.9735],[-1.5201,47.9699],[-1.5156,47.9708],[-1.517,47.9732],[-1.5101,47.9764],[-1.4955,47.9787],[-1.487,47.9769],[-1.4834,47.9738],[-1.4794,47.9751],[-1.4785,47.9785],[-1.4676,47.9739],[-1.4591,47.9744],[-1.4584,47.9805],[-1.4645,47.983],[-1.4567,47.9849],[-1.4546,47.9888],[-1.4495,47.9889],[-1.4483,47.9777],[-1.4422,47.9757],[-1.4417,47.9736],[-1.446,47.9681],[-1.4519,47.9682],[-1.4645,47.9606],[-1.472,47.9513],[-1.4798,47.95],[-1.4823,47.9422],[-1.4753,47.941],[-1.4793,47.9327],[-1.474,47.9318],[-1.4788,47.9291],[-1.472,47.9277],[-1.4709,47.923],[-1.4658,47.9214],[-1.4625,47.9168],[-1.4621,47.9079],[-1.4777,47.9093],[-1.475,47.9066],[-1.4773,47.8993],[-1.4795,47.8985],[-1.4877,47.9024],[-1.4865,47.9085],[-1.5013,47.9115],[-1.5069,47.9118],[-1.5108,47.9068],[-1.5193,47.9037],[-1.5352,47.9105],[-1.5418,47.9081],[-1.548,47.9193],[-1.5541,47.9199]]]]}},{"type":"Feature","properties":{"territoire":"35137","nom":"Javené","type":"commune"},"geometry":{"type":"MultiPolygon","coordinates":[[[[-1.1783,48.3375],[-1.1734,48.3333],[-1.1726,48.3176],[-1.1763,48.3111],[-1.1727,48.3094],[-1.178,48.3039],[-1.1796,48.3049],[-1.1939,48.297],[-1.2087,48.2999],[-1.2251,48.2982],[-1.2289,48.3004],[-1.2301,48.3045],[-1.24,48.3052],[-1.246,48.3109],[-1.2443,48.3143],[-1.2506,48.3175],[-1.244,48.3248],[-1.2382,48.3211],[-1.2351,48.3229],[-1.2367,48.3283],[-1.2287,48.3245],[-1.2249,48.3263],[-1.226,48.3294],[-1.2226,48.332],[-1.2166,48.3283],[-1.2084,48.3298],[-1.2058,48.3323],[-1.207,48.3374],[-1.1991,48.3403],[-1.1923,48.3369],[-1.1848,48.3398],[-1.1783,48.3375]]]]}},{"type":"Feature","properties":{"territoire":"35300","nom":"Saint-M'Hervé","type":"commune"},"geometry":{"type":"MultiPolygon","coordinates":[[[[-1.0744,48.1593],[-1.0736,48.1553],[-1.0821,48.1528],[-1.0837,48.1487],[-1.0938,48.1498],[-1.0995,48.1439],[-1.1214,48.1489],[-1.1313,48.1442],[-1.1552,48.1431],[-1.154,48.1532],[-1.1469,48.1571],[-1.1467,48.1608],[-1.1518,48.1661],[-1.1469,48.1677],[-1.1485,48.1735],[-1.1449,48.1741],[-1.1447,48.1801],[-1.1394,48.1832],[-1.1426,48.187],[-1.14,48.1931],[-1.1351,48.1965],[-1.1215,48.1994],[-1.1081,48.1988],[-1.0975,48.2061],[-1.0908,48.2029],[-1.0816,48.2048],[-1.0738,48.2009],[-1.0776,48.1938],[-1.0773,48.1867],[-1.08,48.1837],[-1.0784,48.1797],[-1.0808,48.1756],[-1.075,48.1718],[-1.0782,48.1677],[-1.0728,48.1665],[-1.0744,48.1593]]]]}},{"type":"Feature","properties":{"territoire":"35138","nom":"Laignelet","type":"commune"},"geometry":{"type":"MultiPolygon","coordinates":[[[[-1.1973,48.3708],[-1.2006,48.3738],[-1.1967,48.3756],[-1.1964,48.3808],[-1.1863,48.3917],[-1.174,48.3927],[-1.158,48.3822],[-1.1444,48.3865],[-1.1414,48.3924],[-1.1302,48.3969],[-1.1217,48.3954],[-1.1183,48.3924],[-1.1162,48.3967],[-1.1092,48.3964],[-1.1027,48.392],[-1.1039,48.3874],[-1.1091,48.3842],[-1.1081,48.3827],[-1.1345,48.3728],[-1.1464,48.3708],[-1.1504,48.3609],[-1.1547,48.3575],[-1.1614,48.3573],[-1.1681,48.3645],[-1.1773,48.3619],[-1.1748,48.3679],[-1.1804,48.3708],[-1.1806,48.3742],[-1.1827,48.3722],[-1.1856,48.3735],[-1.1973,48.3708]]]]}},{"type":"Feature","properties":{"territoire":"35139","nom":"Laillé","type":"commune"},"geometry":{"type":"MultiPolygon","coordinates":[[[[-1.7191,48.0073],[-1.7144,48.0045],[-1.7133,47.9996],[-1.7051,48.0014],[-1.7014,47.9928],[-1.6907,47.9923],[-1.6885,47.985],[-1.6909,47.9803],[-1.6887,47.9771],[-1.6916,47.9618],[-1.6901,47.9589],[-1.6715,47.9533],[-1.6722,47.9509],[-1.667,47.9481],[-1.6716,47.9416],[-1.6723,47.9356],[-1.6861,47.937],[-1.7189,47.9343],[-1.7214,47.9356],[-1.7203,47.9381],[-1.7362,47.9411],[-1.7442,47.9482],[-1.7498,47.9494],[-1.7444,47.965],[-1.7531,47.9795],[-1.7395,47.9821],[-1.7393,47.9895],[-1.7344,47.9989],[-1.7375,48.0055],[-1.7313,48.0087],[-1.7301,48.012],[-1.7247,48.0119],[-1.7191,48.0073]]]]}},{"type":"Feature","properties":{"territoire":"35143","nom":"Landujan","type":"commune"},"geometry":{"type":"MultiPolygon","coordinates":[[[[-2.0195,48.2233],[-2.0334,48.2253],[-2.0375,48.2265],[-2.0376,48.2285],[-2.0349,48.2337],[-2.0373,48.2396],[-2.026,48.2513],[-2.0263,48.256],[-2.0204,48.2621],[-2.0207,48.2666],[-2.0075,48.2691],[-2.0007,48.266],[-1.9888,48.2696],[-1.9859,48.2658],[-1.9766,48.2627],[-1.9739,48.2581],[-1.9751,48.2555],[-1.9777,48.2534],[-1.9872,48.253],[-1.9879,48.2481],[-1.9816,48.2471],[-1.9833,48.243],[-1.9933,48.2408],[-1.9919,48.2354],[-2.0059,48.2347],[-2.0052,48.2292],[-2.0152,48.2273],[-2.0154,48.225],[-2.0195,48.2233]]]]}},{"type":"Feature","properties":{"territoire":"35144","nom":"Langan","type":"commune"},"geometry":{"type":"MultiPolygon","coordinates":[[[[-1.8435,48.2506],[-1.8313,48.2439],[-1.8357,48.2403],[-1.8353,48.236],[-1.8307,48.2355],[-1.8299,48.2321],[-1.8261,48.2324],[-1.8268,48.2303],[-1.8238,48.2313],[-1.8194,48.2274],[-1.8202,48.2223],[-1.8242,48.2203],[-1.8232,48.2187],[-1.8324,48.2167],[-1.8468,48.2198],[-1.8532,48.2296],[-1.8501,48.2318],[-1.85,48.2351],[-1.8562,48.2425],[-1.8696,48.2435],[-1.8737,48.2487],[-1.8767,48.249],[-1.8736,48.2574],[-1.8624,48.2514],[-1.8435,48.2506]]]]}},{"type":"Feature","properties":{"territoire":"35315","nom":"Saint-Sulpice-la-Forêt","type":"commune"},"geometry":{"type":"MultiPolygon","coordinates":[[[[-1.5996,48.1972],[-1.5928,48.2069],[-1.591,48.2143],[-1.5872,48.2143],[-1.586,48.2176],[-1.5822,48.2169],[-1.5811,48.2215],[-1.5769,48.2251],[-1.5765,48.2314],[-1.5547,48.224],[-1.5575,48.2149],[-1.5553,48.2138],[-1.5627,48.2105],[-1.5602,48.2091],[-1.5622,48.2081],[-1.5648,48.2121],[-1.5705,48.2127],[-1.5679,48.2052],[-1.5791,48.1955],[-1.5996,48.1972]]]]}},{"type":"Feature","properties":{"territoire":"35145","nom":"Langon","type":"commune"},"geometry":{"type":"MultiPolygon","coordinates":[[[[-1.8179,47.7621],[-1.8277,47.749],[-1.8435,47.7386],[-1.8438,47.734],[-1.8369,47.7319],[-1.8377,47.7233],[-1.8345,47.7204],[-1.8385,47.7061],[-1.8626,47.7076],[-1.8667,47.7019],[-1.8768,47.6958],[-1.8828,47.6952],[-1.8896,47.7011],[-1.8883,47.7071],[-1.9069,47.7111],[-1.9058,47.7177],[-1.9161,47.7174],[-1.9205,47.7197],[-1.9172,47.7273],[-1.9186,47.7366],[-1.9166,47.7408],[-1.9219,47.7491],[-1.9189,47.753],[-1.8892,47.7531],[-1.8661,47.7464],[-1.8692,47.7491],[-1.8701,47.7549],[-1.867,47.7658],[-1.85,47.769],[-1.8465,47.7686],[-1.8458,47.7642],[-1.8252,47.7671],[-1.8179,47.7621]]]]}},{"type":"Feature","properties":{"territoire":"35146","nom":"Langouet","type":"commune"},"geometry":{"type":"MultiPolygon","coordinates":[[[[-1.8313,48.2439],[-1.8435,48.2506],[-1.8391,48.2545],[-1.8328,48.2538],[-1.8335,48.2577],[-1.8073,48.2621],[-1.8029,48.2659],[-1.8029,48.2687],[-1.783,48.2661],[-1.7871,48.2586],[-1.7862,48.2485],[-1.7918,48.2482],[-1.796,48.2451],[-1.8147,48.247],[-1.8203,48.2463],[-1.8226,48.2435],[-1.8313,48.2439]]]]}},{"type":"Feature","properties":{"territoire":"35148","nom":"Lanrigan","type":"commune"},"geometry":{"type":"MultiPolygon","coordinates":[[[[-1.6731,48.388],[-1.675,48.384],[-1.6718,48.3827],[-1.6746,48.3799],[-1.6824,48.3801],[-1.6901,48.3836],[-1.6904,48.3861],[-1.6979,48.3848],[-1.6983,48.3871],[-1.7084,48.3903],[-1.7135,48.3982],[-1.7052,48.4019],[-1.6982,48.3997],[-1.6895,48.402],[-1.682,48.3934],[-1.6741,48.3931],[-1.6733,48.3912],[-1.6766,48.39],[-1.6731,48.388]]]]}},{"type":"Feature","properties":{"territoire":"35149","nom":"Lassy","type":"commune"},"geometry":{"type":"MultiPolygon","coordinates":[[[[-1.8483,47.9585],[-1.8591,47.9648],[-1.8656,47.9607],[-1.8693,47.961],[-1.8708,47.9574],[-1.8773,47.9568],[-1.8913,47.9682],[-1.899,47.969],[-1.8932,47.9756],[-1.8897,47.9757],[-1.8917,47.9781],[-1.8863,47.9815],[-1.8822,47.9798],[-1.8805,47.9817],[-1.8618,47.9828],[-1.8604,47.9851],[-1.8344,47.9846],[-1.8316,47.9793],[-1.8376,47.9761],[-1.8398,47.963],[-1.8447,47.9622],[-1.8483,47.9585]]]]}},{"type":"Feature","properties":{"territoire":"35150","nom":"Lécousse","type":"commune"},"geometry":{"type":"MultiPolygon","coordinates":[[[[-1.2223,48.332],[-1.2231,48.3352],[-1.2414,48.3421],[-1.2408,48.3493],[-1.2385,48.3504],[-1.2405,48.3557],[-1.2384,48.3579],[-1.2367,48.373],[-1.2176,48.3801],[-1.2121,48.3771],[-1.2144,48.3858],[-1.2093,48.3839],[-1.2025,48.3865],[-1.1995,48.3847],[-1.1993,48.3807],[-1.1952,48.3792],[-1.1973,48.3749],[-1.2006,48.3738],[-1.1958,48.3676],[-1.2075,48.3681],[-1.21,48.3661],[-1.2124,48.3595],[-1.2146,48.359],[-1.2152,48.3508],[-1.2083,48.3472],[-1.2158,48.3373],[-1.2134,48.3349],[-1.215,48.3321],[-1.2186,48.3303],[-1.2223,48.332]]]]}},{"type":"Feature","properties":{"territoire":"35151","nom":"Lieuron","type":"commune"},"geometry":{"type":"MultiPolygon","coordinates":[[[[-1.9044,47.8699],[-1.9019,47.8621],[-1.8902,47.8548],[-1.8929,47.8488],[-1.8897,47.8481],[-1.8901,47.8422],[-1.8943,47.8397],[-1.9175,47.8396],[-1.9188,47.8342],[-1.9343,47.8336],[-1.9352,47.8372],[-1.9397,47.8382],[-1.9464,47.8365],[-1.9451,47.8393],[-1.9555,47.8414],[-1.9557,47.8446],[-1.9632,47.8444],[-1.9712,47.853],[-1.9841,47.8575],[-1.9807,47.862],[-1.9655,47.8629],[-1.9524,47.859],[-1.9428,47.8593],[-1.9386,47.8606],[-1.939,47.8623],[-1.931,47.8624],[-1.9273,47.8695],[-1.923,47.8717],[-1.9044,47.8699]]]]}},{"type":"Feature","properties":{"territoire":"35152","nom":"Liffré","type":"commune"},"geometry":{"type":"MultiPolygon","coordinates":[[[[-1.6143,48.1794],[-1.6129,48.1836],[-1.5996,48.1972],[-1.5791,48.1955],[-1.5679,48.2052],[-1.5705,48.2127],[-1.5648,48.2121],[-1.5644,48.2089],[-1.5606,48.2086],[-1.5627,48.2105],[-1.5553,48.2138],[-1.5575,48.2149],[-1.5547,48.2241],[-1.5452,48.2308],[-1.539,48.2313],[-1.5435,48.2381],[-1.5254,48.2421],[-1.511,48.2408],[-1.5063,48.2366],[-1.496,48.2351],[-1.4917,48.237],[-1.4918,48.2392],[-1.4804,48.2401],[-1.4805,48.2372],[-1.4693,48.2338],[-1.4653,48.2359],[-1.4611,48.2328],[-1.4597,48.2281],[-1.4478,48.2253],[-1.4469,48.2304],[-1.4311,48.2282],[-1.4219,48.2297],[-1.4209,48.2331],[-1.4159,48.2301],[-1.4117,48.2308],[-1.4175,48.2254],[-1.4097,48.226],[-1.3988,48.2232],[-1.4003,48.2129],[-1.4039,48.2094],[-1.41,48.2115],[-1.4111,48.2159],[-1.4167,48.2148],[-1.4244,48.2174],[-1.4258,48.2156],[-1.4203,48.2098],[-1.4222,48.2059],[-1.4157,48.2067],[-1.4122,48.2047],[-1.4111,48.2024],[-1.417,48.1997],[-1.4217,48.2007],[-1.4199,48.2033],[-1.4253,48.2029],[-1.4268,48.2003],[-1.4326,48.2057],[-1.4361,48.2037],[-1.4459,48.2039],[-1.4461,48.2011],[-1.4525,48.2024],[-1.4528,48.2054],[-1.4574,48.2074],[-1.4529,48.2092],[-1.4642,48.2156],[-1.4789,48.2114],[-1.4814,48.2059],[-1.4715,48.1994],[-1.4706,48.196],[-1.4789,48.1966],[-1.4831,48.1923],[-1.4886,48.1921],[-1.4882,48.1881],[-1.4911,48.1842],[-1.5011,48.183],[-1.4947,48.176],[-1.5059,48.1681],[-1.5234,48.1722],[-1.5362,48.1693],[-1.5493,48.1628],[-1.5603,48.1668],[-1.5532,48.1712],[-1.5698,48.1718],[-1.5746,48.1684],[-1.5881,48.1683],[-1.5925,48.1654],[-1.5961,48.169],[-1.5949,48.1794],[-1.6067,48.1773],[-1.609,48.1797],[-1.6143,48.1794]]]]}},{"type":"Feature","properties":{"territoire":"35153","nom":"Lillemer","type":"commune"},"geometry":{"type":"MultiPolygon","coordinates":[[[[-1.8699,48.5689],[-1.8685,48.5805],[-1.8465,48.5792],[-1.8421,48.5752],[-1.8377,48.5642],[-1.8584,48.56],[-1.8699,48.5689]]]]}},{"type":"Feature","properties":{"territoire":"35154","nom":"Livré-sur-Changeon","type":"commune"},"geometry":{"type":"MultiPolygon","coordinates":[[[[-1.3515,48.201],[-1.3628,48.2022],[-1.3671,48.2048],[-1.3687,48.209],[-1.3796,48.2133],[-1.4003,48.2129],[-1.3984,48.2185],[-1.3994,48.2262],[-1.3946,48.2319],[-1.3944,48.2367],[-1.3881,48.2384],[-1.3816,48.2359],[-1.38,48.2407],[-1.3688,48.2396],[-1.3625,48.2434],[-1.3608,48.251],[-1.3456,48.2492],[-1.3307,48.2521],[-1.329,48.25],[-1.3236,48.251],[-1.3244,48.2433],[-1.3119,48.2394],[-1.3101,48.235],[-1.3011,48.235],[-1.3045,48.2293],[-1.2945,48.2281],[-1.2885,48.233],[-1.2839,48.2306],[-1.2861,48.2255],[-1.2961,48.2184],[-1.3078,48.218],[-1.3164,48.223],[-1.3248,48.2145],[-1.3387,48.2109],[-1.3454,48.2034],[-1.3515,48.201]]]]}},{"type":"Feature","properties":{"territoire":"35156","nom":"Longaulnay","type":"commune"},"geometry":{"type":"MultiPolygon","coordinates":[[[[-1.9563,48.2903],[-1.9585,48.2932],[-1.9563,48.2965],[-1.9579,48.2983],[-1.9683,48.3033],[-1.9566,48.307],[-1.959,48.3146],[-1.9539,48.3157],[-1.9554,48.3188],[-1.9335,48.325],[-1.9317,48.3248],[-1.9327,48.3226],[-1.9233,48.319],[-1.9202,48.3235],[-1.9149,48.3217],[-1.9161,48.3159],[-1.9243,48.305],[-1.9346,48.2989],[-1.9392,48.3007],[-1.9479,48.2976],[-1.9496,48.2936],[-1.948,48.2912],[-1.9563,48.2903]]]]}},{"type":"Feature","properties":{"territoire":"35157","nom":"Le Loroux","type":"commune"},"geometry":{"type":"MultiPolygon","coordinates":[[[[-1.053,48.381],[-1.0542,48.3791],[-1.0719,48.3786],[-1.108,48.3826],[-1.1091,48.3842],[-1.1039,48.3874],[-1.1027,48.392],[-1.1092,48.3957],[-1.1088,48.398],[-1.1001,48.4087],[-1.0865,48.4172],[-1.0805,48.4171],[-1.0802,48.4138],[-1.0701,48.4074],[-1.0674,48.4018],[-1.0632,48.3991],[-1.0628,48.3939],[-1.053,48.381]]]]}},{"type":"Feature","properties":{"territoire":"35159","nom":"Lourmais","type":"commune"},"geometry":{"type":"MultiPolygon","coordinates":[[[[-1.7559,48.4524],[-1.7447,48.4499],[-1.737,48.4541],[-1.728,48.4542],[-1.7231,48.4479],[-1.7077,48.4471],[-1.7091,48.4371],[-1.7111,48.4333],[-1.72,48.4334],[-1.7196,48.4312],[-1.7247,48.4298],[-1.7263,48.4253],[-1.7308,48.4251],[-1.7358,48.43],[-1.7371,48.4363],[-1.7534,48.4333],[-1.7525,48.4359],[-1.7551,48.4392],[-1.7528,48.4437],[-1.7605,48.445],[-1.7559,48.4524]]]]}},{"type":"Feature","properties":{"territoire":"35160","nom":"Loutehel","type":"commune"},"geometry":{"type":"MultiPolygon","coordinates":[[[[-2.1045,47.9521],[-2.1046,47.9536],[-2.0944,47.9529],[-2.0903,47.9489],[-2.0739,47.9461],[-2.0732,47.944],[-2.0665,47.9477],[-2.0551,47.9339],[-2.0545,47.93],[-2.0771,47.9237],[-2.0784,47.9192],[-2.0893,47.927],[-2.0904,47.9304],[-2.0979,47.9331],[-2.0973,47.9365],[-2.1015,47.9393],[-2.0978,47.9434],[-2.1,47.9441],[-2.0996,47.9482],[-2.1025,47.9482],[-2.1045,47.9521]]]]}},{"type":"Feature","properties":{"territoire":"35161","nom":"Louvigné-de-Bais","type":"commune"},"geometry":{"type":"MultiPolygon","coordinates":[[[[-1.308,48.0681],[-1.3016,48.0488],[-1.3095,48.0422],[-1.3172,48.0441],[-1.3182,48.0404],[-1.3211,48.0394],[-1.32,48.0347],[-1.3292,48.0383],[-1.339,48.0382],[-1.3429,48.0339],[-1.3501,48.0376],[-1.3666,48.0367],[-1.3681,48.04],[-1.3743,48.0388],[-1.3766,48.0413],[-1.378,48.0454],[-1.3722,48.046],[-1.3712,48.0543],[-1.3663,48.062],[-1.3557,48.0627],[-1.3564,48.0685],[-1.3381,48.0724],[-1.3375,48.0682],[-1.3322,48.0676],[-1.3273,48.0627],[-1.308,48.0681]]]]}},{"type":"Feature","properties":{"territoire":"35162","nom":"Louvigné-du-Désert","type":"commune"},"geometry":{"type":"MultiPolygon","coordinates":[[[[-1.1172,48.5217],[-1.115,48.5183],[-1.1033,48.5129],[-1.0912,48.5105],[-1.0814,48.5115],[-1.0734,48.508],[-1.0701,48.5088],[-1.0672,48.5057],[-1.0703,48.5027],[-1.077,48.5023],[-1.0754,48.496],[-1.0784,48.4891],[-1.0699,48.4857],[-1.079,48.4818],[-1.073,48.4822],[-1.0754,48.4773],[-1.0739,48.4738],[-1.0707,48.473],[-1.0718,48.4699],[-1.0665,48.4704],[-1.0639,48.4673],[-1.0671,48.4602],[-1.0827,48.4588],[-1.0849,48.4635],[-1.0946,48.4683],[-1.1037,48.4702],[-1.104,48.4674],[-1.1078,48.4694],[-1.1091,48.4669],[-1.1132,48.4697],[-1.1162,48.4653],[-1.1203,48.4652],[-1.129,48.4707],[-1.1334,48.4631],[-1.143,48.4628],[-1.1443,48.4567],[-1.1417,48.452],[-1.1503,48.4536],[-1.162,48.4474],[-1.1684,48.4514],[-1.1735,48.4483],[-1.1848,48.4557],[-1.1851,48.4589],[-1.1725,48.4666],[-1.1619,48.4796],[-1.1573,48.4818],[-1.1656,48.4894],[-1.1523,48.4975],[-1.1618,48.5082],[-1.1638,48.5182],[-1.162,48.5243],[-1.1557,48.5197],[-1.1462,48.5177],[-1.1392,48.5184],[-1.1335,48.5223],[-1.1172,48.5217]]]]}},{"type":"Feature","properties":{"territoire":"35163","nom":"Luitré-Dompierre","type":"commune"},"geometry":{"type":"MultiPolygon","coordinates":[[[[-1.0614,48.3112],[-1.082,48.2986],[-1.0841,48.2928],[-1.0904,48.2894],[-1.0936,48.2729],[-1.0999,48.2685],[-1.1224,48.2607],[-1.1238,48.2501],[-1.1343,48.2505],[-1.1379,48.2484],[-1.1518,48.2552],[-1.1578,48.2546],[-1.165,48.2694],[-1.1709,48.2729],[-1.1763,48.2801],[-1.1816,48.2815],[-1.1854,48.2887],[-1.1937,48.2916],[-1.1989,48.2968],[-1.178,48.3039],[-1.1727,48.3094],[-1.16,48.3133],[-1.1526,48.3116],[-1.1537,48.3155],[-1.152,48.3162],[-1.1458,48.3086],[-1.1295,48.307],[-1.1244,48.3077],[-1.1199,48.3138],[-1.1145,48.3149],[-1.0895,48.3092],[-1.0614,48.3112]]]]}},{"type":"Feature","properties":{"territoire":"35164","nom":"Marcillé-Raoul","type":"commune"},"geometry":{"type":"MultiPolygon","coordinates":[[[[-1.591,48.3543],[-1.5989,48.3503],[-1.6039,48.3538],[-1.613,48.352],[-1.6194,48.3552],[-1.6265,48.354],[-1.6341,48.3578],[-1.6522,48.358],[-1.6561,48.3598],[-1.6494,48.3667],[-1.6519,48.3783],[-1.6429,48.3787],[-1.6386,48.3866],[-1.6396,48.3904],[-1.6367,48.3912],[-1.6376,48.3951],[-1.5902,48.4008],[-1.5992,48.3936],[-1.5811,48.3895],[-1.5808,48.3844],[-1.5762,48.3794],[-1.5813,48.3761],[-1.5792,48.3684],[-1.5804,48.364],[-1.591,48.3543]]]]}},{"type":"Feature","properties":{"territoire":"35165","nom":"Marcillé-Robert","type":"commune"},"geometry":{"type":"MultiPolygon","coordinates":[[[[-1.3227,47.9474],[-1.3272,47.9428],[-1.3319,47.9428],[-1.3352,47.9336],[-1.34,47.9332],[-1.3441,47.9294],[-1.3485,47.9322],[-1.3537,47.9302],[-1.3672,47.9312],[-1.368,47.9333],[-1.3638,47.9385],[-1.3687,47.9393],[-1.3838,47.9488],[-1.3824,47.9516],[-1.3896,47.953],[-1.3822,47.9553],[-1.3834,47.9633],[-1.3749,47.9754],[-1.3741,47.9816],[-1.3703,47.9819],[-1.3697,47.9846],[-1.3627,47.9845],[-1.362,47.988],[-1.3548,47.9894],[-1.3207,47.9693],[-1.3235,47.9654],[-1.3354,47.9595],[-1.3337,47.9561],[-1.3261,47.9555],[-1.3227,47.9474]]]]}},{"type":"Feature","properties":{"territoire":"35166","nom":"Marpiré","type":"commune"},"geometry":{"type":"MultiPolygon","coordinates":[[[[-1.3848,48.1472],[-1.3778,48.1625],[-1.3706,48.1595],[-1.3683,48.1632],[-1.3483,48.1567],[-1.3308,48.1611],[-1.3304,48.1579],[-1.3236,48.1548],[-1.3235,48.1522],[-1.33,48.1458],[-1.3256,48.1381],[-1.3266,48.1315],[-1.333,48.1322],[-1.3362,48.1302],[-1.3579,48.1328],[-1.3579,48.1373],[-1.363,48.1357],[-1.362,48.1404],[-1.364,48.1409],[-1.366,48.1375],[-1.3704,48.137],[-1.3848,48.1472]]]]}},{"type":"Feature","properties":{"territoire":"35167","nom":"Martigné-Ferchaud","type":"commune"},"geometry":{"type":"MultiPolygon","coordinates":[[[[-1.2759,47.8425],[-1.2802,47.837],[-1.2762,47.8351],[-1.2765,47.8312],[-1.2808,47.8284],[-1.2734,47.8252],[-1.2769,47.8097],[-1.2654,47.8069],[-1.2679,47.8051],[-1.2664,47.7964],[-1.2526,47.7965],[-1.2415,47.8024],[-1.2371,47.7997],[-1.2461,47.7767],[-1.3117,47.7912],[-1.365,47.7987],[-1.3615,47.8034],[-1.3646,47.8066],[-1.3779,47.8099],[-1.3767,47.8151],[-1.3834,47.8248],[-1.3935,47.8293],[-1.3984,47.8292],[-1.4038,47.8245],[-1.4095,47.8274],[-1.4071,47.8314],[-1.4075,47.8389],[-1.4049,47.8402],[-1.4049,47.8475],[-1.3998,47.8474],[-1.394,47.851],[-1.3958,47.8551],[-1.3942,47.8581],[-1.3829,47.8575],[-1.3809,47.8613],[-1.3763,47.861],[-1.3697,47.8724],[-1.3562,47.8792],[-1.3264,47.8761],[-1.3164,47.8687],[-1.316,47.8601],[-1.3094,47.8572],[-1.2967,47.8579],[-1.2941,47.8533],[-1.2855,47.8548],[-1.285,47.8525],[-1.2778,47.8507],[-1.2789,47.8474],[-1.2759,47.8425]]]]}},{"type":"Feature","properties":{"territoire":"35168","nom":"Val d'Anast","type":"commune"},"geometry":{"type":"MultiPolygon","coordinates":[[[[-2.0818,47.9088],[-2.0854,47.9141],[-2.0805,47.9146],[-2.0813,47.9168],[-2.0783,47.9183],[-2.0771,47.9237],[-2.0545,47.93],[-2.0551,47.9339],[-2.0665,47.9477],[-2.0593,47.9503],[-2.0497,47.9475],[-2.0491,47.9495],[-2.0417,47.948],[-2.0304,47.9526],[-2.0194,47.9534],[-1.9885,47.9615],[-1.9903,47.9458],[-1.9885,47.9392],[-1.9837,47.9407],[-1.9764,47.938],[-1.9566,47.9378],[-1.9471,47.9299],[-1.9507,47.9272],[-1.95,47.9242],[-1.9441,47.9234],[-1.9399,47.9178],[-1.9499,47.9179],[-1.9541,47.9142],[-1.9587,47.9175],[-1.9678,47.9163],[-1.97,47.9183],[-1.9831,47.9061],[-1.9909,47.9081],[-1.9914,47.9051],[-2.001,47.9063],[-2.0015,47.9018],[-1.9959,47.9005],[-1.9896,47.8924],[-1.969,47.8881],[-1.9707,47.8852],[-1.9581,47.8855],[-1.9574,47.8818],[-1.9535,47.8802],[-1.9458,47.8831],[-1.9505,47.8882],[-1.941,47.8841],[-1.9319,47.8838],[-1.923,47.8876],[-1.9067,47.8856],[-1.9064,47.8879],[-1.8965,47.8903],[-1.8922,47.8878],[-1.8922,47.8815],[-1.9016,47.8768],[-1.9044,47.8699],[-1.923,47.8717],[-1.9273,47.8695],[-1.931,47.8624],[-1.939,47.8623],[-1.9386,47.8606],[-1.9428,47.8593],[-1.9524,47.859],[-1.9655,47.8629],[-1.9807,47.862],[-1.9841,47.8575],[-1.9712,47.853],[-1.9632,47.8444],[-1.9545,47.8435],[-1.9555,47.8414],[-1.9727,47.8393],[-1.9835,47.8489],[-1.9864,47.8563],[-1.9944,47.8536],[-2.0057,47.8576],[-1.9935,47.8642],[-2.0024,47.8668],[-2.031,47.8643],[-2.0414,47.8566],[-2.0509,47.8571],[-2.0549,47.8687],[-2.0233,47.8858],[-2.0229,47.8937],[-2.0413,47.8991],[-2.0483,47.8985],[-2.0513,47.9055],[-2.0678,47.9053],[-2.0761,47.9106],[-2.0818,47.9088]]]]}},{"type":"Feature","properties":{"territoire":"35169","nom":"Maxent","type":"commune"},"geometry":{"type":"MultiPolygon","coordinates":[[[[-1.9723,48.0138],[-1.974,48.0135],[-1.9701,48.0045],[-1.9623,48.0019],[-1.9672,47.9952],[-1.9626,47.9742],[-1.9725,47.9723],[-1.9716,47.9688],[-1.9964,47.9588],[-2.0304,47.9526],[-2.0417,47.948],[-2.061,47.9502],[-2.0732,47.944],[-2.0739,47.9461],[-2.0787,47.9454],[-2.0945,47.952],[-2.0925,47.9562],[-2.0837,47.963],[-2.0638,47.9611],[-2.065,47.9637],[-2.0559,47.9769],[-2.0583,47.9839],[-2.0346,47.9907],[-2.0276,47.9964],[-2.0129,48.0018],[-2.0116,48.0043],[-2.0139,48.0091],[-2.01,48.0117],[-1.9823,48.0181],[-1.971,48.0172],[-1.9723,48.0138]]]]}},{"type":"Feature","properties":{"territoire":"35317","nom":"Saint-Symphorien","type":"commune"},"geometry":{"type":"MultiPolygon","coordinates":[[[[-1.7732,48.2816],[-1.783,48.2661],[-1.8089,48.2679],[-1.8184,48.2717],[-1.8171,48.276],[-1.8221,48.2773],[-1.8219,48.281],[-1.8274,48.2797],[-1.8251,48.2817],[-1.826,48.2851],[-1.8313,48.2898],[-1.8293,48.2902],[-1.83,48.292],[-1.8073,48.2968],[-1.7899,48.2822],[-1.7732,48.2816]]]]}},{"type":"Feature","properties":{"territoire":"35170","nom":"Mecé","type":"commune"},"geometry":{"type":"MultiPolygon","coordinates":[[[[-1.3015,48.2169],[-1.2907,48.2209],[-1.2839,48.2306],[-1.2885,48.233],[-1.2945,48.2281],[-1.3045,48.2293],[-1.3011,48.235],[-1.3101,48.235],[-1.3119,48.2394],[-1.3244,48.2433],[-1.3236,48.251],[-1.329,48.25],[-1.3307,48.2521],[-1.3193,48.2567],[-1.2963,48.2601],[-1.2946,48.2553],[-1.2725,48.2569],[-1.2581,48.2518],[-1.2509,48.2539],[-1.2513,48.2451],[-1.2538,48.2453],[-1.2608,48.233],[-1.2577,48.2234],[-1.2644,48.2205],[-1.279,48.2217],[-1.2905,48.2138],[-1.3015,48.2169]]]]}},{"type":"Feature","properties":{"territoire":"35171","nom":"Médréac","type":"commune"},"geometry":{"type":"MultiPolygon","coordinates":[[[[-2.0532,48.2983],[-2.0468,48.2944],[-2.0502,48.2903],[-2.0278,48.2848],[-2.0248,48.2811],[-2.0143,48.2819],[-2.0121,48.2705],[-2.0216,48.2657],[-2.0204,48.2621],[-2.025,48.2587],[-2.026,48.2513],[-2.037,48.2402],[-2.0349,48.2337],[-2.0381,48.2257],[-2.0518,48.2242],[-2.05,48.2263],[-2.0572,48.2328],[-2.0567,48.2391],[-2.0618,48.2377],[-2.0638,48.2328],[-2.0727,48.233],[-2.0741,48.2285],[-2.0826,48.2285],[-2.0872,48.2339],[-2.0936,48.2357],[-2.1016,48.2504],[-2.1065,48.2519],[-2.1109,48.2568],[-2.1036,48.2583],[-2.0957,48.2664],[-2.1096,48.2678],[-2.1143,48.2714],[-2.1105,48.2752],[-2.0808,48.2771],[-2.0783,48.2831],[-2.075,48.2849],[-2.0801,48.2933],[-2.0665,48.294],[-2.0532,48.2983]]]]}},{"type":"Feature","properties":{"territoire":"35172","nom":"Meillac","type":"commune"},"geometry":{"type":"MultiPolygon","coordinates":[[[[-1.8464,48.3874],[-1.8599,48.3968],[-1.8536,48.4001],[-1.8531,48.404],[-1.8451,48.4075],[-1.8451,48.4119],[-1.8486,48.4149],[-1.8658,48.414],[-1.8704,48.4187],[-1.8716,48.4275],[-1.8582,48.4333],[-1.8543,48.4443],[-1.8427,48.4443],[-1.8437,48.4398],[-1.8352,48.4366],[-1.8238,48.4379],[-1.8132,48.4578],[-1.8129,48.4644],[-1.8074,48.4713],[-1.7974,48.4687],[-1.7921,48.4706],[-1.7888,48.4653],[-1.7891,48.4596],[-1.7977,48.4526],[-1.7968,48.4426],[-1.806,48.4277],[-1.8,48.4217],[-1.8016,48.4141],[-1.7908,48.4122],[-1.7847,48.4179],[-1.7843,48.4099],[-1.7881,48.4022],[-1.782,48.3882],[-1.7917,48.3855],[-1.7975,48.3891],[-1.8069,48.3857],[-1.8172,48.3884],[-1.8162,48.3919],[-1.818,48.393],[-1.8271,48.3949],[-1.827,48.3904],[-1.8464,48.3874]]]]}},{"type":"Feature","properties":{"territoire":"35173","nom":"Melesse","type":"commune"},"geometry":{"type":"MultiPolygon","coordinates":[[[[-1.6571,48.2101],[-1.6581,48.2038],[-1.663,48.2017],[-1.6621,48.1994],[-1.676,48.2006],[-1.687,48.1898],[-1.6905,48.1904],[-1.697,48.1811],[-1.7021,48.1819],[-1.7077,48.1869],[-1.7132,48.1859],[-1.7144,48.1823],[-1.7191,48.1842],[-1.7239,48.182],[-1.7282,48.1902],[-1.7189,48.1952],[-1.7278,48.1999],[-1.7262,48.2053],[-1.722,48.208],[-1.7261,48.2142],[-1.7326,48.2146],[-1.7328,48.2166],[-1.7296,48.2242],[-1.7185,48.2241],[-1.7191,48.2333],[-1.7152,48.2342],[-1.7092,48.2312],[-1.7074,48.2341],[-1.7043,48.2334],[-1.7019,48.2398],[-1.7054,48.2435],[-1.704,48.247],[-1.698,48.2483],[-1.699,48.2511],[-1.6931,48.2512],[-1.6881,48.2569],[-1.6697,48.2573],[-1.6646,48.2539],[-1.6677,48.2461],[-1.6487,48.2364],[-1.6475,48.2379],[-1.6445,48.2343],[-1.6571,48.2101]]]]}},{"type":"Feature","properties":{"territoire":"35174","nom":"Mellé","type":"commune"},"geometry":{"type":"MultiPolygon","coordinates":[[[[-1.1656,48.4894],[-1.1577,48.4838],[-1.1581,48.48],[-1.1619,48.4796],[-1.1725,48.4666],[-1.1806,48.4624],[-1.183,48.4658],[-1.1934,48.4625],[-1.2003,48.4641],[-1.209,48.4714],[-1.2103,48.4766],[-1.2167,48.477],[-1.2251,48.4826],[-1.2213,48.4943],[-1.215,48.4992],[-1.209,48.498],[-1.2062,48.5016],[-1.2078,48.5025],[-1.2023,48.5035],[-1.2027,48.5011],[-1.2002,48.5003],[-1.1961,48.5054],[-1.1836,48.5018],[-1.1696,48.5059],[-1.1727,48.503],[-1.1692,48.4982],[-1.1729,48.4952],[-1.1656,48.4894]]]]}},{"type":"Feature","properties":{"territoire":"35175","nom":"Mernel","type":"commune"},"geometry":{"type":"MultiPolygon","coordinates":[[[[-1.908,47.9004],[-1.9063,47.8964],[-1.8964,47.8903],[-1.9064,47.8879],[-1.9067,47.8856],[-1.923,47.8876],[-1.9319,47.8838],[-1.9385,47.8838],[-1.9505,47.8882],[-1.9458,47.8831],[-1.9535,47.8802],[-1.9574,47.8818],[-1.9581,47.8855],[-1.9707,47.8852],[-1.969,47.8881],[-1.9896,47.8924],[-1.9931,47.8981],[-2.0015,47.9018],[-2.0024,47.9042],[-1.9993,47.9065],[-1.9914,47.9051],[-1.9909,47.9081],[-1.9831,47.9061],[-1.97,47.9183],[-1.9678,47.9163],[-1.9587,47.9175],[-1.9541,47.9142],[-1.9499,47.9179],[-1.9416,47.918],[-1.9399,47.9178],[-1.9406,47.9144],[-1.9472,47.9107],[-1.9322,47.91],[-1.9286,47.9006],[-1.9221,47.8998],[-1.9155,47.8953],[-1.908,47.9004]]]]}},{"type":"Feature","properties":{"territoire":"35176","nom":"Guipry-Messac","type":"commune"},"geometry":{"type":"MultiPolygon","coordinates":[[[[-1.8921,47.856],[-1.8781,47.8655],[-1.8755,47.8818],[-1.8705,47.888],[-1.8427,47.8876],[-1.8406,47.8863],[-1.8426,47.8805],[-1.8401,47.8712],[-1.8382,47.8683],[-1.833,47.8675],[-1.8299,47.86],[-1.8048,47.8578],[-1.8084,47.8527],[-1.8021,47.8439],[-1.8033,47.8388],[-1.7999,47.8364],[-1.7859,47.8368],[-1.7822,47.8413],[-1.7819,47.8475],[-1.7688,47.8451],[-1.7611,47.8492],[-1.7533,47.8455],[-1.7465,47.8453],[-1.7467,47.8341],[-1.7495,47.8321],[-1.747,47.8254],[-1.7546,47.8176],[-1.7554,47.8133],[-1.7689,47.8172],[-1.7707,47.8111],[-1.7681,47.8057],[-1.7768,47.803],[-1.7744,47.799],[-1.7898,47.7911],[-1.7747,47.7747],[-1.7785,47.7724],[-1.7885,47.7719],[-1.7929,47.7695],[-1.7934,47.7659],[-1.8024,47.7666],[-1.817,47.762],[-1.8252,47.7671],[-1.8458,47.7642],[-1.8465,47.7686],[-1.85,47.769],[-1.867,47.7658],[-1.8632,47.7742],[-1.8733,47.7897],[-1.8722,47.7988],[-1.8761,47.8074],[-1.8745,47.8126],[-1.8795,47.8158],[-1.8775,47.8199],[-1.895,47.8297],[-1.9054,47.8279],[-1.9176,47.8327],[-1.916,47.8345],[-1.9175,47.8396],[-1.8943,47.8397],[-1.8901,47.8422],[-1.8897,47.8481],[-1.8929,47.8488],[-1.8902,47.8548],[-1.8921,47.856]]]]}},{"type":"Feature","properties":{"territoire":"35177","nom":"La Mézière","type":"commune"},"geometry":{"type":"MultiPolygon","coordinates":[[[[-1.7764,48.1872],[-1.7796,48.1882],[-1.7778,48.1912],[-1.7816,48.1962],[-1.7774,48.1964],[-1.7681,48.2028],[-1.7521,48.2037],[-1.7478,48.2059],[-1.7694,48.2134],[-1.7633,48.2178],[-1.767,48.2191],[-1.7652,48.2204],[-1.7739,48.2227],[-1.7731,48.2268],[-1.7761,48.2297],[-1.7742,48.233],[-1.7784,48.2358],[-1.7567,48.2373],[-1.7562,48.2403],[-1.7532,48.2413],[-1.7471,48.2405],[-1.7356,48.2343],[-1.7295,48.2239],[-1.7329,48.2148],[-1.7261,48.2142],[-1.722,48.208],[-1.7262,48.2053],[-1.7278,48.1999],[-1.7189,48.1952],[-1.7198,48.1937],[-1.7282,48.1902],[-1.7296,48.1927],[-1.7403,48.1911],[-1.7469,48.1945],[-1.7591,48.1867],[-1.7764,48.1872]]]]}},{"type":"Feature","properties":{"territoire":"35180","nom":"Miniac-sous-Bécherel","type":"commune"},"geometry":{"type":"MultiPolygon","coordinates":[[[[-1.9051,48.2602],[-1.9082,48.2604],[-1.9064,48.2589],[-1.9067,48.2518],[-1.9309,48.2681],[-1.9503,48.2717],[-1.952,48.2752],[-1.9581,48.2748],[-1.9563,48.2903],[-1.9408,48.2943],[-1.9237,48.3061],[-1.9051,48.2985],[-1.9148,48.2844],[-1.9066,48.2792],[-1.9064,48.27],[-1.9009,48.2648],[-1.9025,48.2601],[-1.9051,48.2602]]]]}},{"type":"Feature","properties":{"territoire":"35181","nom":"Le Minihic-sur-Rance","type":"commune"},"geometry":{"type":"MultiPolygon","coordinates":[[[[-2.0193,48.5588],[-2.0211,48.5595],[-2.0204,48.5624],[-2.0241,48.5633],[-2.0223,48.5645],[-2.0251,48.5663],[-2.0226,48.5691],[-2.0246,48.5704],[-2.0224,48.5708],[-2.0268,48.5744],[-2.0245,48.5761],[-2.028,48.581],[-2.0155,48.5835],[-2.0167,48.5859],[-2.009,48.5886],[-2.0035,48.5875],[-2.0027,48.5824],[-1.9966,48.584],[-1.9939,48.578],[-2.003,48.577],[-2.0106,48.571],[-2.0155,48.572],[-2.0071,48.5657],[-2.0164,48.5626],[-2.0193,48.5588]]]]}},{"type":"Feature","properties":{"territoire":"35193","nom":"Montreuil-le-Gast","type":"commune"},"geometry":{"type":"MultiPolygon","coordinates":[[[[-1.7471,48.2405],[-1.7418,48.2459],[-1.7424,48.2483],[-1.7402,48.248],[-1.741,48.2498],[-1.7357,48.2516],[-1.7348,48.257],[-1.7228,48.2593],[-1.6876,48.256],[-1.6931,48.2512],[-1.6993,48.2509],[-1.698,48.2483],[-1.704,48.247],[-1.7053,48.2419],[-1.7019,48.2398],[-1.7043,48.2334],[-1.7074,48.2341],[-1.7092,48.2312],[-1.7152,48.2342],[-1.7191,48.2333],[-1.7185,48.2241],[-1.7301,48.2244],[-1.7356,48.2343],[-1.7471,48.2405]]]]}},{"type":"Feature","properties":{"territoire":"35320","nom":"Saint-Uniac","type":"commune"},"geometry":{"type":"MultiPolygon","coordinates":[[[[-2.0446,48.1515],[-2.0455,48.1597],[-2.0521,48.1685],[-2.0454,48.169],[-2.0464,48.1773],[-2.044,48.1776],[-2.0439,48.1805],[-2.037,48.1821],[-2.0361,48.1856],[-2.0308,48.1842],[-2.0283,48.1806],[-2.0174,48.1793],[-2.0193,48.1723],[-2.0179,48.1547],[-2.0301,48.1538],[-2.0323,48.1497],[-2.0446,48.1515]]]]}},{"type":"Feature","properties":{"territoire":"35194","nom":"Montreuil-sous-Pérouse","type":"commune"},"geometry":{"type":"MultiPolygon","coordinates":[[[[-1.2012,48.1457],[-1.2192,48.1453],[-1.2177,48.1419],[-1.2271,48.1392],[-1.2278,48.1349],[-1.2401,48.1383],[-1.2427,48.1329],[-1.2594,48.1333],[-1.2665,48.1312],[-1.2753,48.1327],[-1.2699,48.1403],[-1.2772,48.1513],[-1.2631,48.1699],[-1.2581,48.1706],[-1.239,48.1607],[-1.2277,48.1613],[-1.2206,48.1657],[-1.2187,48.171],[-1.2256,48.1727],[-1.2245,48.1762],[-1.2117,48.1706],[-1.2128,48.1692],[-1.2063,48.1618],[-1.2088,48.1571],[-1.2146,48.1553],[-1.2017,48.151],[-1.1991,48.1484],[-1.2012,48.1457]]]]}},{"type":"Feature","properties":{"territoire":"35195","nom":"Montreuil-sur-Ille","type":"commune"},"geometry":{"type":"MultiPolygon","coordinates":[[[[-1.6879,48.2828],[-1.6923,48.2836],[-1.6931,48.2926],[-1.7005,48.2972],[-1.7016,48.3036],[-1.6983,48.3056],[-1.6967,48.3148],[-1.69,48.3176],[-1.6771,48.3178],[-1.6763,48.3212],[-1.6804,48.3263],[-1.6629,48.3279],[-1.646,48.3167],[-1.639,48.3152],[-1.6402,48.311],[-1.6378,48.3099],[-1.6408,48.3067],[-1.6343,48.3035],[-1.6385,48.3004],[-1.6381,48.2947],[-1.6351,48.2909],[-1.6364,48.289],[-1.6427,48.2875],[-1.6501,48.2948],[-1.6701,48.2967],[-1.673,48.2962],[-1.6719,48.2944],[-1.6763,48.2872],[-1.6829,48.2823],[-1.6879,48.2828]]]]}},{"type":"Feature","properties":{"territoire":"35196","nom":"Mordelles","type":"commune"},"geometry":{"type":"MultiPolygon","coordinates":[[[[-1.8757,48.0713],[-1.8857,48.0758],[-1.8895,48.084],[-1.8983,48.0864],[-1.9096,48.0983],[-1.8967,48.1004],[-1.8833,48.0951],[-1.8809,48.0981],[-1.8587,48.1013],[-1.8584,48.1036],[-1.849,48.109],[-1.8515,48.1144],[-1.8574,48.1155],[-1.8518,48.1182],[-1.838,48.1188],[-1.8361,48.1198],[-1.8368,48.1241],[-1.8286,48.1184],[-1.8257,48.1132],[-1.8278,48.1068],[-1.8327,48.1041],[-1.8332,48.0998],[-1.8156,48.098],[-1.8079,48.0926],[-1.7998,48.0941],[-1.7963,48.0905],[-1.798,48.0846],[-1.7936,48.0839],[-1.794,48.08],[-1.7968,48.0798],[-1.7935,48.0712],[-1.8045,48.0659],[-1.804,48.0611],[-1.8089,48.0551],[-1.8178,48.0511],[-1.8151,48.0465],[-1.8239,48.0491],[-1.8225,48.0563],[-1.818,48.0597],[-1.8259,48.0679],[-1.8414,48.0637],[-1.8475,48.0656],[-1.8474,48.0689],[-1.854,48.0688],[-1.8561,48.0728],[-1.8626,48.0729],[-1.8643,48.0705],[-1.8757,48.0713]]]]}},{"type":"Feature","properties":{"territoire":"35198","nom":"Moulins","type":"commune"},"geometry":{"type":"MultiPolygon","coordinates":[[[[-1.342,48.0273],[-1.3381,48.0242],[-1.3406,48.0209],[-1.3357,48.0132],[-1.3452,48.0081],[-1.3466,48.0021],[-1.3355,47.996],[-1.3367,47.9888],[-1.3449,47.9827],[-1.3548,47.9894],[-1.3665,47.9863],[-1.3784,47.9904],[-1.384,48.0006],[-1.3825,48.0037],[-1.3775,48.0056],[-1.3945,48.0167],[-1.3979,48.023],[-1.393,48.0241],[-1.3929,48.0259],[-1.3789,48.024],[-1.3804,48.0332],[-1.3645,48.0309],[-1.3654,48.0285],[-1.3585,48.0281],[-1.3584,48.0259],[-1.3508,48.0241],[-1.342,48.0273]]]]}},{"type":"Feature","properties":{"territoire":"35199","nom":"Moussé","type":"commune"},"geometry":{"type":"MultiPolygon","coordinates":[[[[-1.2943,47.9058],[-1.2982,47.9066],[-1.2977,47.9179],[-1.2896,47.9193],[-1.2819,47.9241],[-1.2751,47.9236],[-1.2679,47.928],[-1.2564,47.9201],[-1.2663,47.9186],[-1.2686,47.9116],[-1.2787,47.9136],[-1.2816,47.91],[-1.2889,47.9129],[-1.2903,47.9084],[-1.2931,47.9084],[-1.2943,47.9058]]]]}},{"type":"Feature","properties":{"territoire":"35200","nom":"Moutiers","type":"commune"},"geometry":{"type":"MultiPolygon","coordinates":[[[[-1.2011,48.0011],[-1.1903,48.001],[-1.1878,47.9996],[-1.1887,47.997],[-1.1814,47.9944],[-1.1837,47.9865],[-1.1574,47.9847],[-1.1527,47.9815],[-1.1567,47.9766],[-1.1742,47.969],[-1.1773,47.973],[-1.1835,47.975],[-1.1912,47.9731],[-1.19,47.9665],[-1.1938,47.9665],[-1.1959,47.9626],[-1.203,47.9631],[-1.2063,47.96],[-1.2094,47.9617],[-1.2123,47.9584],[-1.2216,47.9564],[-1.2238,47.9505],[-1.2341,47.9516],[-1.236,47.9603],[-1.2583,47.959],[-1.2568,47.9657],[-1.2481,47.9688],[-1.2435,47.9651],[-1.2344,47.9637],[-1.237,47.9732],[-1.2277,47.978],[-1.2325,47.9824],[-1.2283,47.9845],[-1.2281,47.9872],[-1.2119,47.9893],[-1.2059,47.9931],[-1.2011,48.0011]]]]}},{"type":"Feature","properties":{"territoire":"35201","nom":"Muel","type":"commune"},"geometry":{"type":"MultiPolygon","coordinates":[[[[-2.1685,48.0762],[-2.1818,48.0831],[-2.1858,48.097],[-2.1849,48.1047],[-2.1884,48.1137],[-2.1862,48.1196],[-2.1955,48.1358],[-2.199,48.1529],[-2.197,48.1537],[-2.183,48.1558],[-2.1782,48.149],[-2.1735,48.1465],[-2.1636,48.1485],[-2.1623,48.1432],[-2.1459,48.1464],[-2.1391,48.1443],[-2.13,48.1461],[-2.1319,48.1416],[-2.1297,48.1376],[-2.1171,48.1303],[-2.116,48.1263],[-2.1189,48.1231],[-2.125,48.1214],[-2.136,48.1115],[-2.1426,48.1118],[-2.1418,48.1063],[-2.1486,48.1035],[-2.1476,48.0852],[-2.1566,48.085],[-2.1685,48.0762]]]]}},{"type":"Feature","properties":{"territoire":"35203","nom":"La Nouaye","type":"commune"},"geometry":{"type":"MultiPolygon","coordinates":[[[[-1.9775,48.1583],[-1.9861,48.1619],[-1.9889,48.1676],[-1.9832,48.1735],[-1.9644,48.175],[-1.9677,48.1722],[-1.9618,48.1709],[-1.9628,48.168],[-1.9684,48.1677],[-1.9659,48.1636],[-1.9628,48.1631],[-1.9631,48.1575],[-1.9775,48.1583]]]]}},{"type":"Feature","properties":{"territoire":"35202","nom":"La Noë-Blanche","type":"commune"},"geometry":{"type":"MultiPolygon","coordinates":[[[[-1.7783,47.7718],[-1.7747,47.7747],[-1.7898,47.7911],[-1.7744,47.799],[-1.7768,47.803],[-1.7681,47.8057],[-1.7707,47.8111],[-1.7689,47.8172],[-1.7554,47.8133],[-1.7546,47.8176],[-1.7473,47.8254],[-1.7348,47.8251],[-1.7322,47.8229],[-1.7321,47.8159],[-1.7281,47.8149],[-1.7201,47.7993],[-1.7058,47.7982],[-1.7032,47.7927],[-1.6985,47.7896],[-1.699,47.7844],[-1.7156,47.7839],[-1.7222,47.7802],[-1.7184,47.7779],[-1.7179,47.7745],[-1.7235,47.772],[-1.7317,47.776],[-1.7427,47.7745],[-1.7532,47.7779],[-1.7624,47.7753],[-1.7637,47.7726],[-1.7783,47.7718]]]]}},{"type":"Feature","properties":{"territoire":"35204","nom":"Nouvoitou","type":"commune"},"geometry":{"type":"MultiPolygon","coordinates":[[[[-1.5522,48.0074],[-1.551,48.0101],[-1.5536,48.0107],[-1.5542,48.0168],[-1.5651,48.0196],[-1.5672,48.0224],[-1.5801,48.02],[-1.584,48.0252],[-1.582,48.0289],[-1.5945,48.0299],[-1.5936,48.0357],[-1.5902,48.0374],[-1.5871,48.0452],[-1.579,48.0496],[-1.5793,48.0513],[-1.5694,48.0507],[-1.5642,48.0564],[-1.5621,48.0538],[-1.5483,48.0508],[-1.5261,48.0367],[-1.5107,48.0332],[-1.5121,48.0302],[-1.5072,48.0296],[-1.507,48.0221],[-1.5148,48.0259],[-1.5287,48.0229],[-1.5256,48.0178],[-1.5264,48.0069],[-1.5314,48.0054],[-1.5328,48.002],[-1.5522,48.0074]]]]}},{"type":"Feature","properties":{"territoire":"35205","nom":"Noyal-sous-Bazouges","type":"commune"},"geometry":{"type":"MultiPolygon","coordinates":[[[[-1.6493,48.4004],[-1.6406,48.4058],[-1.644,48.4078],[-1.6456,48.4126],[-1.6502,48.4144],[-1.6514,48.4204],[-1.6374,48.4244],[-1.6403,48.4327],[-1.6368,48.4388],[-1.6303,48.4389],[-1.6304,48.4457],[-1.6196,48.4475],[-1.6186,48.4431],[-1.6125,48.4383],[-1.6097,48.4301],[-1.6009,48.4247],[-1.6026,48.4235],[-1.6009,48.4199],[-1.59,48.4166],[-1.5987,48.4104],[-1.5962,48.4079],[-1.5985,48.4056],[-1.6075,48.4051],[-1.6146,48.3977],[-1.6376,48.3951],[-1.6379,48.3907],[-1.6475,48.3944],[-1.6493,48.4004]]]]}},{"type":"Feature","properties":{"territoire":"35206","nom":"Noyal-Châtillon-sur-Seiche","type":"commune"},"geometry":{"type":"MultiPolygon","coordinates":[[[[-1.6995,48.0627],[-1.697,48.0709],[-1.6995,48.0806],[-1.6846,48.0802],[-1.6803,48.0821],[-1.6788,48.0773],[-1.67,48.0769],[-1.6612,48.0781],[-1.6626,48.0828],[-1.6533,48.0819],[-1.6488,48.079],[-1.6477,48.0709],[-1.6421,48.0715],[-1.643,48.0675],[-1.6397,48.0667],[-1.6414,48.0622],[-1.6499,48.0622],[-1.6514,48.0551],[-1.6443,48.0539],[-1.6422,48.058],[-1.6267,48.0598],[-1.625,48.0554],[-1.6265,48.0527],[-1.6218,48.0496],[-1.6273,48.0476],[-1.6165,48.0426],[-1.624,48.0395],[-1.6248,48.035],[-1.6282,48.0333],[-1.6314,48.0264],[-1.6371,48.0258],[-1.6482,48.0299],[-1.649,48.0267],[-1.6535,48.0245],[-1.6696,48.023],[-1.6706,48.0266],[-1.6806,48.0258],[-1.6809,48.0276],[-1.6909,48.0306],[-1.6901,48.0338],[-1.683,48.0351],[-1.6846,48.0402],[-1.6773,48.0441],[-1.6828,48.0486],[-1.7055,48.0529],[-1.6995,48.0627]]]]}},{"type":"Feature","properties":{"territoire":"35207","nom":"Noyal-sur-Vilaine","type":"commune"},"geometry":{"type":"MultiPolygon","coordinates":[[[[-1.4673,48.0992],[-1.4639,48.0957],[-1.4522,48.0938],[-1.4505,48.0859],[-1.4547,48.0796],[-1.4484,48.0736],[-1.4506,48.0698],[-1.4616,48.0685],[-1.4618,48.0701],[-1.4737,48.0705],[-1.4743,48.0686],[-1.4814,48.0677],[-1.4815,48.0621],[-1.4871,48.0598],[-1.4959,48.0608],[-1.4992,48.058],[-1.4999,48.0628],[-1.5159,48.0621],[-1.5148,48.064],[-1.5185,48.068],[-1.523,48.0682],[-1.5234,48.0711],[-1.5274,48.0734],[-1.5291,48.0822],[-1.5364,48.0827],[-1.5342,48.0872],[-1.5358,48.0885],[-1.5317,48.0923],[-1.5353,48.0929],[-1.5377,48.1008],[-1.5454,48.098],[-1.5553,48.0983],[-1.5568,48.1015],[-1.5559,48.1068],[-1.5521,48.1069],[-1.5541,48.1095],[-1.5505,48.111],[-1.5517,48.1205],[-1.5468,48.1214],[-1.5383,48.1303],[-1.5253,48.1319],[-1.5195,48.1262],[-1.518,48.1206],[-1.5143,48.1198],[-1.5153,48.1161],[-1.5196,48.1139],[-1.5181,48.1102],[-1.4972,48.1041],[-1.4868,48.1034],[-1.4867,48.0996],[-1.4813,48.0925],[-1.4673,48.0992]]]]}},{"type":"Feature","properties":{"territoire":"35208","nom":"Orgères","type":"commune"},"geometry":{"type":"MultiPolygon","coordinates":[[[[-1.6491,47.9649],[-1.6568,47.971],[-1.662,47.9697],[-1.6659,47.9725],[-1.6717,47.9691],[-1.6769,47.9552],[-1.6901,47.9589],[-1.6916,47.9618],[-1.6887,47.9771],[-1.6909,47.9803],[-1.6885,47.985],[-1.6907,47.9923],[-1.6731,48.0057],[-1.6726,48.0151],[-1.662,48.017],[-1.6596,48.0126],[-1.6454,48.0074],[-1.6458,48.0026],[-1.6425,47.9966],[-1.6555,47.9975],[-1.6563,47.9923],[-1.6505,47.9883],[-1.6413,47.99],[-1.6406,47.9848],[-1.6351,47.9819],[-1.6335,47.9784],[-1.6361,47.9732],[-1.6411,47.97],[-1.64,47.9658],[-1.6491,47.9649]]]]}},{"type":"Feature","properties":{"territoire":"35210","nom":"Pacé","type":"commune"},"geometry":{"type":"MultiPolygon","coordinates":[[[[-1.7251,48.1442],[-1.7284,48.1401],[-1.7279,48.1354],[-1.7336,48.1367],[-1.7379,48.135],[-1.7399,48.1313],[-1.7451,48.1326],[-1.7463,48.1305],[-1.7532,48.1306],[-1.7585,48.1241],[-1.7768,48.125],[-1.781,48.121],[-1.7898,48.1196],[-1.7935,48.122],[-1.792,48.1238],[-1.794,48.1269],[-1.8157,48.1308],[-1.8124,48.1356],[-1.8235,48.1367],[-1.8173,48.1439],[-1.8135,48.1436],[-1.8158,48.1471],[-1.8139,48.1493],[-1.806,48.1509],[-1.8098,48.1549],[-1.8164,48.1564],[-1.8156,48.1594],[-1.8233,48.1619],[-1.8254,48.1665],[-1.8186,48.1702],[-1.8093,48.1707],[-1.8089,48.1811],[-1.8115,48.1849],[-1.7812,48.1822],[-1.7821,48.1835],[-1.7781,48.1843],[-1.7764,48.1872],[-1.7613,48.1866],[-1.7628,48.1838],[-1.7594,48.1749],[-1.7632,48.1696],[-1.7618,48.1664],[-1.7455,48.1612],[-1.7378,48.1662],[-1.7353,48.1653],[-1.731,48.1597],[-1.7345,48.1591],[-1.7354,48.1537],[-1.7266,48.1531],[-1.7235,48.149],[-1.7251,48.1442]]]]}},{"type":"Feature","properties":{"territoire":"35211","nom":"Paimpont","type":"commune"},"geometry":{"type":"MultiPolygon","coordinates":[[[[-2.0931,48.0765],[-2.0898,48.0721],[-2.0855,48.071],[-2.0835,48.0646],[-2.0808,48.0633],[-2.0881,48.0587],[-2.0886,48.055],[-2.085,48.0499],[-2.0742,48.05],[-2.0731,48.0448],[-2.0768,48.041],[-2.0697,48.0381],[-2.0793,48.0286],[-2.0872,48.0291],[-2.105,48.0253],[-2.1045,48.0181],[-2.1162,47.9985],[-2.1285,47.9973],[-2.1407,47.993],[-2.1414,47.988],[-2.1384,47.9797],[-2.1444,47.9841],[-2.1587,47.9808],[-2.1633,47.9827],[-2.1787,47.9799],[-2.187,47.9829],[-2.1856,47.9854],[-2.1913,47.991],[-2.198,47.9907],[-2.2114,47.995],[-2.2162,47.993],[-2.2192,47.9955],[-2.2261,47.9946],[-2.2368,47.9998],[-2.2876,47.9916],[-2.287,47.9985],[-2.289,48.0009],[-2.2814,48.0039],[-2.2746,48.0105],[-2.2827,48.0178],[-2.2798,48.0262],[-2.2636,48.0401],[-2.2521,48.0454],[-2.2446,48.0521],[-2.2249,48.0506],[-2.1886,48.0526],[-2.1882,48.0568],[-2.1813,48.0571],[-2.1704,48.0634],[-2.1719,48.0736],[-2.1581,48.0842],[-2.1524,48.0859],[-2.1271,48.0839],[-2.1209,48.0789],[-2.1106,48.0794],[-2.1095,48.0768],[-2.0965,48.0745],[-2.0931,48.0765]]]]}},{"type":"Feature","properties":{"territoire":"35212","nom":"Pancé","type":"commune"},"geometry":{"type":"MultiPolygon","coordinates":[[[[-1.6185,47.9126],[-1.6182,47.9094],[-1.6271,47.895],[-1.615,47.8887],[-1.6201,47.886],[-1.6157,47.8846],[-1.6195,47.8679],[-1.6129,47.8637],[-1.6126,47.8609],[-1.6206,47.8583],[-1.6274,47.8621],[-1.6324,47.8596],[-1.6347,47.8609],[-1.6342,47.867],[-1.6362,47.8682],[-1.6485,47.863],[-1.6515,47.866],[-1.6495,47.8728],[-1.6545,47.8752],[-1.6585,47.8719],[-1.6678,47.873],[-1.6704,47.8704],[-1.673,47.8712],[-1.6719,47.8764],[-1.6677,47.8804],[-1.672,47.8901],[-1.6711,47.9056],[-1.6588,47.9103],[-1.6547,47.9155],[-1.64,47.914],[-1.6401,47.9196],[-1.6355,47.9188],[-1.6359,47.9131],[-1.6185,47.9126]]]]}},{"type":"Feature","properties":{"territoire":"35214","nom":"Parcé","type":"commune"},"geometry":{"type":"MultiPolygon","coordinates":[[[[-1.1989,48.2968],[-1.1937,48.2916],[-1.1854,48.2887],[-1.1816,48.2815],[-1.175,48.2791],[-1.1709,48.2729],[-1.1619,48.2662],[-1.1624,48.2624],[-1.1599,48.2623],[-1.1582,48.2536],[-1.165,48.2515],[-1.1704,48.2453],[-1.1764,48.2495],[-1.1813,48.257],[-1.1902,48.2511],[-1.1983,48.2497],[-1.2047,48.2553],[-1.2157,48.2576],[-1.223,48.2656],[-1.2312,48.2687],[-1.2276,48.2744],[-1.2195,48.2787],[-1.218,48.2842],[-1.2127,48.2902],[-1.218,48.2985],[-1.2087,48.2999],[-1.1989,48.2968]]]]}},{"type":"Feature","properties":{"territoire":"35215","nom":"Parigné","type":"commune"},"geometry":{"type":"MultiPolygon","coordinates":[[[[-1.2025,48.3865],[-1.2065,48.393],[-1.2038,48.3962],[-1.2044,48.4],[-1.2154,48.4081],[-1.2168,48.4134],[-1.2211,48.4172],[-1.2202,48.4193],[-1.2255,48.42],[-1.2284,48.4259],[-1.2325,48.4274],[-1.2326,48.4323],[-1.228,48.4374],[-1.2127,48.4379],[-1.2128,48.4439],[-1.2063,48.4497],[-1.2092,48.4538],[-1.1893,48.4534],[-1.1862,48.4576],[-1.1731,48.448],[-1.1755,48.4437],[-1.1722,48.4416],[-1.1778,48.4375],[-1.1691,48.4266],[-1.1673,48.4205],[-1.1782,48.411],[-1.1862,48.4078],[-1.1912,48.3996],[-1.1895,48.3958],[-1.199,48.3883],[-1.197,48.3838],[-1.2025,48.3865]]]]}},{"type":"Feature","properties":{"territoire":"35216","nom":"Parthenay-de-Bretagne","type":"commune"},"geometry":{"type":"MultiPolygon","coordinates":[[[[-1.8444,48.194],[-1.8386,48.1939],[-1.8381,48.1968],[-1.835,48.1964],[-1.8296,48.2028],[-1.8211,48.2028],[-1.8133,48.1844],[-1.8208,48.1808],[-1.8228,48.1742],[-1.834,48.1735],[-1.8344,48.1767],[-1.8387,48.1774],[-1.8447,48.1862],[-1.843,48.1909],[-1.8444,48.194]]]]}},{"type":"Feature","properties":{"territoire":"35217","nom":"Le Pertre","type":"commune"},"geometry":{"type":"MultiPolygon","coordinates":[[[[-1.0752,48.0825],[-1.0694,48.0861],[-1.0656,48.0839],[-1.0588,48.0866],[-1.0594,48.0836],[-1.056,48.085],[-1.0451,48.0825],[-1.0445,48.0779],[-1.0384,48.0744],[-1.0434,48.072],[-1.0373,48.0704],[-1.0379,48.0689],[-1.0214,48.0684],[-1.0274,48.0647],[-1.0282,48.059],[-1.0336,48.053],[-1.0266,48.0456],[-1.0302,48.0434],[-1.0271,48.0402],[-1.0294,48.0361],[-1.035,48.0335],[-1.0212,48.0174],[-1.0167,48.0086],[-1.019,48.0048],[-1.0156,48.0034],[-1.0198,48.0009],[-1.0211,47.9951],[-1.0382,47.9916],[-1.0492,47.9846],[-1.0637,47.9856],[-1.071,47.9818],[-1.0789,47.9844],[-1.0774,47.9895],[-1.08,47.9905],[-1.0787,47.995],[-1.0806,47.9971],[-1.0668,48.0063],[-1.0662,48.0107],[-1.0689,48.014],[-1.0741,48.0136],[-1.0798,48.0191],[-1.088,48.0185],[-1.092,48.0278],[-1.0854,48.03],[-1.0843,48.0351],[-1.0779,48.0386],[-1.0826,48.0412],[-1.0814,48.0441],[-1.0854,48.0458],[-1.0822,48.0484],[-1.088,48.0473],[-1.0855,48.0542],[-1.0802,48.0541],[-1.0855,48.0609],[-1.0951,48.0599],[-1.099,48.0673],[-1.0929,48.0694],[-1.0958,48.0741],[-1.0873,48.0758],[-1.0788,48.0737],[-1.0785,48.0756],[-1.0738,48.0761],[-1.0788,48.0814],[-1.0752,48.0825]]]]}},{"type":"Feature","properties":{"territoire":"35218","nom":"Le Petit-Fougeray","type":"commune"},"geometry":{"type":"MultiPolygon","coordinates":[[[[-1.5871,47.9362],[-1.5953,47.9343],[-1.5925,47.9271],[-1.5955,47.9189],[-1.6072,47.9192],[-1.6192,47.9123],[-1.6362,47.9132],[-1.6354,47.9186],[-1.638,47.9205],[-1.64,47.9393],[-1.6307,47.9415],[-1.6191,47.9373],[-1.5993,47.9386],[-1.5969,47.9392],[-1.5972,47.9438],[-1.5938,47.945],[-1.5887,47.9416],[-1.5871,47.9362]]]]}},{"type":"Feature","properties":{"territoire":"35219","nom":"Pipriac","type":"commune"},"geometry":{"type":"MultiPolygon","coordinates":[[[[-2.0109,47.8423],[-2.0002,47.8494],[-1.9978,47.8536],[-1.9864,47.8563],[-1.9835,47.8489],[-1.9727,47.8393],[-1.9542,47.8413],[-1.9451,47.8393],[-1.9464,47.8365],[-1.9359,47.8376],[-1.9343,47.8336],[-1.916,47.8345],[-1.9176,47.8327],[-1.9054,47.8279],[-1.895,47.8297],[-1.8775,47.8199],[-1.8795,47.8158],[-1.8745,47.8126],[-1.8761,47.8074],[-1.8722,47.7988],[-1.8727,47.7887],[-1.8846,47.7874],[-1.8855,47.7892],[-1.8962,47.7898],[-1.9077,47.7847],[-1.9114,47.7771],[-1.9226,47.7751],[-1.9214,47.7732],[-1.9397,47.775],[-1.9441,47.779],[-1.9609,47.7841],[-1.9782,47.7793],[-1.9803,47.7872],[-1.9661,47.8008],[-1.9728,47.8051],[-1.9774,47.8176],[-1.9912,47.8242],[-1.9981,47.8336],[-2.0094,47.8378],[-2.0109,47.8423]]]]}},{"type":"Feature","properties":{"territoire":"35220","nom":"Piré-Chancé","type":"commune"},"geometry":{"type":"MultiPolygon","coordinates":[[[[-1.4387,47.9731],[-1.4479,47.9771],[-1.4495,47.9889],[-1.4546,47.9888],[-1.4609,47.985],[-1.4689,47.9885],[-1.4632,47.9911],[-1.4648,47.9993],[-1.4617,48],[-1.4662,48.0055],[-1.4763,48.0286],[-1.4694,48.0327],[-1.4604,48.0326],[-1.4609,48.0386],[-1.4582,48.0359],[-1.4429,48.0385],[-1.4333,48.0355],[-1.4323,48.0377],[-1.4189,48.037],[-1.4153,48.034],[-1.4102,48.035],[-1.4103,48.0373],[-1.4059,48.0397],[-1.4128,48.0431],[-1.4107,48.0449],[-1.4155,48.0492],[-1.4171,48.0547],[-1.4092,48.0562],[-1.4101,48.0496],[-1.4016,48.0446],[-1.397,48.0467],[-1.3887,48.0444],[-1.3835,48.04],[-1.3681,48.04],[-1.3666,48.0367],[-1.3501,48.0376],[-1.3358,48.031],[-1.3442,48.0253],[-1.3508,48.0241],[-1.3584,48.0259],[-1.3585,48.0281],[-1.3654,48.0285],[-1.3645,48.0309],[-1.3804,48.0332],[-1.3789,48.024],[-1.3929,48.0259],[-1.393,48.0241],[-1.3979,48.023],[-1.3945,48.0167],[-1.3775,48.0056],[-1.3825,48.0037],[-1.3841,48.0005],[-1.3918,48.002],[-1.3929,47.9953],[-1.4002,47.9934],[-1.404,47.9891],[-1.4009,47.9848],[-1.4031,47.9803],[-1.4184,47.9809],[-1.4387,47.9731]]]]}},{"type":"Feature","properties":{"territoire":"35221","nom":"Pléchâtel","type":"commune"},"geometry":{"type":"MultiPolygon","coordinates":[[[[-1.7573,47.8993],[-1.7461,47.9068],[-1.7316,47.9025],[-1.7154,47.9038],[-1.7122,47.9009],[-1.7148,47.8919],[-1.7091,47.8868],[-1.6983,47.8883],[-1.6867,47.8807],[-1.6709,47.8835],[-1.6677,47.8804],[-1.6719,47.8764],[-1.6729,47.8711],[-1.6663,47.873],[-1.6584,47.871],[-1.6633,47.8666],[-1.6767,47.8658],[-1.6821,47.8603],[-1.6956,47.8632],[-1.705,47.8627],[-1.7164,47.8586],[-1.7266,47.8587],[-1.7339,47.8497],[-1.7376,47.8503],[-1.7474,47.845],[-1.7611,47.8492],[-1.7688,47.8451],[-1.7819,47.8475],[-1.7777,47.8529],[-1.7758,47.8614],[-1.7778,47.8764],[-1.785,47.8836],[-1.7863,47.8901],[-1.7634,47.8944],[-1.7573,47.8993]]]]}},{"type":"Feature","properties":{"territoire":"35222","nom":"Pleine-Fougères","type":"commune"},"geometry":{"type":"MultiPolygon","coordinates":[[[[-1.6287,48.5018],[-1.6226,48.5113],[-1.6219,48.5198],[-1.6176,48.5269],[-1.6191,48.5288],[-1.6174,48.5367],[-1.6218,48.5392],[-1.6219,48.5425],[-1.5799,48.5496],[-1.5809,48.5515],[-1.5747,48.5591],[-1.555,48.5555],[-1.5285,48.5626],[-1.5295,48.5599],[-1.5264,48.5567],[-1.5335,48.5532],[-1.533,48.5462],[-1.5299,48.5464],[-1.5299,48.5441],[-1.5157,48.5376],[-1.5189,48.5349],[-1.5167,48.5324],[-1.5179,48.5298],[-1.5244,48.5298],[-1.525,48.5264],[-1.5285,48.527],[-1.5342,48.5199],[-1.5459,48.5214],[-1.548,48.5172],[-1.5559,48.5174],[-1.5548,48.5116],[-1.5728,48.513],[-1.5751,48.5049],[-1.5789,48.5016],[-1.5858,48.5008],[-1.5988,48.5084],[-1.6287,48.5018]]]]}},{"type":"Feature","properties":{"territoire":"35223","nom":"Plélan-le-Grand","type":"commune"},"geometry":{"type":"MultiPolygon","coordinates":[[[[-2.1227,47.9636],[-2.1264,47.9644],[-2.1275,47.9683],[-2.132,47.9708],[-2.1317,47.9734],[-2.139,47.9804],[-2.1407,47.993],[-2.1285,47.9973],[-2.1162,47.9985],[-2.1045,48.0181],[-2.105,48.0253],[-2.0872,48.0291],[-2.0793,48.0286],[-2.0703,48.0391],[-2.0475,48.0453],[-2.0497,48.0386],[-2.0435,48.0321],[-2.0381,48.0328],[-2.0367,48.0201],[-2.0315,48.0164],[-2.0334,48.0107],[-2.0223,48.0079],[-2.0171,48.0102],[-2.0138,48.009],[-2.0116,48.0043],[-2.0346,47.9907],[-2.0583,47.9839],[-2.0559,47.9769],[-2.065,47.9637],[-2.0652,47.9602],[-2.0837,47.963],[-2.0944,47.9529],[-2.1077,47.9521],[-2.1103,47.953],[-2.1088,47.957],[-2.1106,47.9599],[-2.1183,47.9602],[-2.1227,47.9636]]]]}},{"type":"Feature","properties":{"territoire":"35224","nom":"Plerguer","type":"commune"},"geometry":{"type":"MultiPolygon","coordinates":[[[[-1.8584,48.56],[-1.8597,48.5574],[-1.8568,48.5542],[-1.8446,48.5481],[-1.8406,48.5385],[-1.8283,48.5351],[-1.819,48.525],[-1.8211,48.5192],[-1.8044,48.5211],[-1.8049,48.51],[-1.8025,48.501],[-1.8063,48.499],[-1.8107,48.5039],[-1.8189,48.4985],[-1.8213,48.4999],[-1.8235,48.5083],[-1.8309,48.5085],[-1.8392,48.5056],[-1.8381,48.5018],[-1.8474,48.4994],[-1.8536,48.5009],[-1.8528,48.5068],[-1.8578,48.5021],[-1.8632,48.5073],[-1.866,48.5071],[-1.866,48.5088],[-1.8616,48.5092],[-1.8602,48.5131],[-1.865,48.5184],[-1.8673,48.529],[-1.8706,48.5316],[-1.8701,48.5379],[-1.8656,48.5432],[-1.8671,48.5511],[-1.8811,48.5586],[-1.8892,48.559],[-1.8938,48.5634],[-1.8775,48.5696],[-1.8699,48.5689],[-1.8584,48.56]]]]}},{"type":"Feature","properties":{"territoire":"35225","nom":"Plesder","type":"commune"},"geometry":{"type":"MultiPolygon","coordinates":[[[[-1.9487,48.4464],[-1.9409,48.4486],[-1.9384,48.4476],[-1.9385,48.441],[-1.9342,48.4383],[-1.9151,48.4339],[-1.9142,48.4248],[-1.917,48.4211],[-1.9141,48.4124],[-1.9156,48.4013],[-1.9132,48.3945],[-1.9206,48.3845],[-1.9247,48.3837],[-1.9236,48.3871],[-1.9292,48.3946],[-1.9431,48.4009],[-1.9364,48.4067],[-1.9409,48.4105],[-1.9372,48.4116],[-1.9363,48.4198],[-1.9442,48.4222],[-1.9518,48.4291],[-1.9487,48.4367],[-1.9517,48.4398],[-1.9487,48.4464]]]]}},{"type":"Feature","properties":{"territoire":"35226","nom":"Pleugueneuc","type":"commune"},"geometry":{"type":"MultiPolygon","coordinates":[[[[-1.8494,48.3857],[-1.8561,48.3839],[-1.8543,48.3801],[-1.857,48.377],[-1.8637,48.3781],[-1.8686,48.3829],[-1.8753,48.3788],[-1.881,48.3794],[-1.8864,48.3841],[-1.8979,48.3793],[-1.907,48.3814],[-1.9156,48.3796],[-1.925,48.3824],[-1.9178,48.3864],[-1.9132,48.3945],[-1.9156,48.4013],[-1.9141,48.4124],[-1.917,48.4211],[-1.9142,48.4248],[-1.9151,48.4339],[-1.9005,48.4316],[-1.862,48.4314],[-1.8716,48.4275],[-1.8707,48.4197],[-1.8653,48.4138],[-1.8486,48.4149],[-1.8451,48.4119],[-1.8451,48.4075],[-1.8539,48.4034],[-1.8536,48.4001],[-1.8597,48.3981],[-1.8586,48.3954],[-1.8478,48.3892],[-1.8464,48.3873],[-1.8494,48.3857]]]]}},{"type":"Feature","properties":{"territoire":"35227","nom":"Pleumeleuc","type":"commune"},"geometry":{"type":"MultiPolygon","coordinates":[[[[-1.8731,48.1748],[-1.8828,48.1681],[-1.8797,48.1642],[-1.8818,48.1603],[-1.8801,48.1554],[-1.8895,48.1579],[-1.8962,48.1565],[-1.8979,48.1603],[-1.9049,48.1634],[-1.9167,48.161],[-1.9227,48.1633],[-1.9145,48.1666],[-1.9159,48.1694],[-1.9113,48.17],[-1.9301,48.1766],[-1.9292,48.1801],[-1.9338,48.1834],[-1.9349,48.1856],[-1.9324,48.1894],[-1.9342,48.1893],[-1.9318,48.197],[-1.9277,48.1971],[-1.9243,48.2005],[-1.9182,48.1983],[-1.9047,48.1996],[-1.8958,48.1946],[-1.8895,48.1998],[-1.8488,48.203],[-1.844,48.1989],[-1.8447,48.1862],[-1.8578,48.1898],[-1.8713,48.1867],[-1.8701,48.1791],[-1.8731,48.1748]]]]}},{"type":"Feature","properties":{"territoire":"35228","nom":"Pleurtuit","type":"commune"},"geometry":{"type":"MultiPolygon","coordinates":[[[[-2.0526,48.5521],[-2.0538,48.5541],[-2.0519,48.5557],[-2.0452,48.5573],[-2.0474,48.5614],[-2.0444,48.5642],[-2.0571,48.5663],[-2.0595,48.5706],[-2.076,48.5676],[-2.0874,48.5711],[-2.0939,48.5704],[-2.0979,48.5768],[-2.102,48.5759],[-2.1048,48.5808],[-2.1244,48.5891],[-2.1254,48.5926],[-2.099,48.6013],[-2.0878,48.5923],[-2.0787,48.6011],[-2.0795,48.6036],[-2.0593,48.6163],[-2.0569,48.6036],[-2.0519,48.5994],[-2.0184,48.605],[-2.0247,48.603],[-2.0247,48.5986],[-2.0275,48.5976],[-2.0201,48.5977],[-2.0139,48.5875],[-2.0167,48.5859],[-2.0155,48.5835],[-2.028,48.581],[-2.0245,48.5761],[-2.0268,48.5744],[-2.0224,48.5708],[-2.0246,48.5704],[-2.0226,48.5691],[-2.0251,48.5663],[-2.0223,48.5645],[-2.0241,48.5633],[-2.0204,48.5624],[-2.0211,48.5595],[-2.0193,48.5588],[-2.0224,48.5533],[-2.0307,48.5551],[-2.0365,48.5503],[-2.0386,48.542],[-2.0446,48.5418],[-2.0526,48.5521]]]]}},{"type":"Feature","properties":{"territoire":"35229","nom":"Pocé-les-Bois","type":"commune"},"geometry":{"type":"MultiPolygon","coordinates":[[[[-1.2585,48.0998],[-1.2689,48.1004],[-1.2722,48.103],[-1.2732,48.1082],[-1.286,48.1092],[-1.2927,48.1155],[-1.2992,48.1154],[-1.2994,48.1198],[-1.2936,48.1217],[-1.2941,48.1289],[-1.2855,48.1314],[-1.2771,48.1303],[-1.2753,48.1327],[-1.2663,48.1312],[-1.2495,48.133],[-1.2477,48.128],[-1.241,48.1271],[-1.242,48.1217],[-1.2325,48.12],[-1.222,48.1119],[-1.2337,48.1064],[-1.222,48.1031],[-1.2254,48.097],[-1.2314,48.0926],[-1.2344,48.0963],[-1.2447,48.0962],[-1.2473,48.1008],[-1.2585,48.0998]]]]}},{"type":"Feature","properties":{"territoire":"35230","nom":"Poilley","type":"commune"},"geometry":{"type":"MultiPolygon","coordinates":[[[[-1.2518,48.449],[-1.2676,48.4453],[-1.2738,48.4494],[-1.2742,48.4536],[-1.2776,48.4547],[-1.2766,48.4626],[-1.2816,48.4664],[-1.2772,48.4722],[-1.2771,48.4762],[-1.2689,48.4768],[-1.2687,48.4815],[-1.2628,48.4815],[-1.2637,48.4828],[-1.2584,48.4839],[-1.2557,48.4878],[-1.2503,48.4814],[-1.2378,48.4783],[-1.2363,48.4748],[-1.2274,48.4704],[-1.2287,48.4647],[-1.239,48.461],[-1.2419,48.4558],[-1.2476,48.4558],[-1.2518,48.449]]]]}},{"type":"Feature","properties":{"territoire":"35231","nom":"Poligné","type":"commune"},"geometry":{"type":"MultiPolygon","coordinates":[[[[-1.67,47.8828],[-1.6867,47.8807],[-1.6983,47.8883],[-1.7091,47.8868],[-1.715,47.8925],[-1.713,47.9025],[-1.698,47.9058],[-1.6919,47.9052],[-1.6931,47.9025],[-1.6911,47.9015],[-1.6863,47.9052],[-1.6872,47.909],[-1.6829,47.9169],[-1.6783,47.9168],[-1.6746,47.9196],[-1.6555,47.9151],[-1.6588,47.9103],[-1.6711,47.9056],[-1.6702,47.9017],[-1.6728,47.8986],[-1.6708,47.8958],[-1.672,47.8901],[-1.6688,47.8847],[-1.67,47.8828]]]]}},{"type":"Feature","properties":{"territoire":"35232","nom":"Princé","type":"commune"},"geometry":{"type":"MultiPolygon","coordinates":[[[[-1.0872,48.2101],[-1.0929,48.2123],[-1.0991,48.2189],[-1.1074,48.2172],[-1.1152,48.2124],[-1.1174,48.214],[-1.1185,48.2285],[-1.1252,48.2364],[-1.1224,48.2607],[-1.1093,48.2665],[-1.0991,48.2681],[-1.102,48.2631],[-1.0991,48.2603],[-1.0993,48.2498],[-1.0928,48.2436],[-1.0939,48.2409],[-1.0902,48.2391],[-1.0915,48.2326],[-1.0857,48.2299],[-1.0845,48.2208],[-1.0805,48.2195],[-1.0872,48.2101]]]]}},{"type":"Feature","properties":{"territoire":"35233","nom":"Québriac","type":"commune"},"geometry":{"type":"MultiPolygon","coordinates":[[[[-1.7723,48.3577],[-1.7851,48.3452],[-1.7874,48.3454],[-1.7921,48.338],[-1.8003,48.333],[-1.8103,48.3383],[-1.8338,48.3348],[-1.8353,48.3389],[-1.8413,48.3393],[-1.8435,48.3424],[-1.8492,48.3437],[-1.8491,48.3598],[-1.8469,48.3645],[-1.8381,48.3721],[-1.8295,48.3741],[-1.8333,48.3807],[-1.828,48.3828],[-1.8169,48.3791],[-1.807,48.3716],[-1.7984,48.3739],[-1.7983,48.376],[-1.7906,48.3724],[-1.7824,48.3734],[-1.774,48.3677],[-1.774,48.3632],[-1.772,48.3628],[-1.774,48.3622],[-1.7739,48.3574],[-1.7723,48.3577]]]]}},{"type":"Feature","properties":{"territoire":"35234","nom":"Quédillac","type":"commune"},"geometry":{"type":"MultiPolygon","coordinates":[[[[-2.1781,48.2176],[-2.1839,48.2152],[-2.1849,48.2197],[-2.1904,48.2219],[-2.1886,48.2336],[-2.186,48.2361],[-2.1882,48.2408],[-2.187,48.2476],[-2.1837,48.2498],[-2.1803,48.2489],[-2.1731,48.2538],[-2.1678,48.2534],[-2.153,48.2621],[-2.1507,48.2582],[-2.1254,48.26],[-2.1027,48.2513],[-2.0935,48.2363],[-2.1017,48.2301],[-2.1027,48.2247],[-2.1324,48.2155],[-2.1408,48.221],[-2.1462,48.2185],[-2.1505,48.2199],[-2.1636,48.218],[-2.1757,48.22],[-2.1781,48.2176]]]]}},{"type":"Feature","properties":{"territoire":"35235","nom":"Rannée","type":"commune"},"geometry":{"type":"MultiPolygon","coordinates":[[[[-1.2681,47.928],[-1.2736,47.9317],[-1.2883,47.9356],[-1.2891,47.9386],[-1.2822,47.9415],[-1.2614,47.935],[-1.2557,47.9304],[-1.2354,47.9332],[-1.2319,47.9295],[-1.2241,47.9285],[-1.2197,47.9304],[-1.2195,47.934],[-1.2137,47.9355],[-1.2124,47.9426],[-1.2013,47.941],[-1.1974,47.9455],[-1.1891,47.9457],[-1.1836,47.9432],[-1.1793,47.937],[-1.1673,47.9341],[-1.1634,47.9276],[-1.1682,47.9163],[-1.1753,47.912],[-1.176,47.8975],[-1.1802,47.8959],[-1.1819,47.8921],[-1.1919,47.8922],[-1.1968,47.8891],[-1.1972,47.8779],[-1.1903,47.874],[-1.1891,47.8672],[-1.1972,47.8639],[-1.2031,47.8569],[-1.2065,47.8587],[-1.2114,47.8565],[-1.2118,47.8586],[-1.2264,47.8619],[-1.2273,47.8643],[-1.2337,47.8658],[-1.2436,47.8729],[-1.251,47.873],[-1.2517,47.8704],[-1.2576,47.8679],[-1.2733,47.8697],[-1.281,47.8641],[-1.2912,47.8644],[-1.2969,47.8671],[-1.2975,47.8747],[-1.3072,47.8795],[-1.3009,47.894],[-1.2982,47.8925],[-1.298,47.8945],[-1.2779,47.8902],[-1.2763,47.8934],[-1.2674,47.8941],[-1.2558,47.8876],[-1.2384,47.8936],[-1.215,47.8953],[-1.2142,47.8968],[-1.229,47.9053],[-1.248,47.9094],[-1.2573,47.9215],[-1.2681,47.928]]]]}},{"type":"Feature","properties":{"territoire":"35255","nom":"Saint-Benoît-des-Ondes","type":"commune"},"geometry":{"type":"MultiPolygon","coordinates":[[[[-1.8602,48.604],[-1.8628,48.602],[-1.8715,48.6052],[-1.8744,48.6115],[-1.8715,48.6174],[-1.867,48.6177],[-1.863,48.6223],[-1.8562,48.625],[-1.8456,48.6164],[-1.8602,48.604]]]]}},{"type":"Feature","properties":{"territoire":"35256","nom":"Saint-Briac-sur-Mer","type":"commune"},"geometry":{"type":"MultiPolygon","coordinates":[[[[-2.0988,48.6012],[-2.1062,48.6004],[-2.1139,48.595],[-2.1257,48.5937],[-2.1251,48.598],[-2.1272,48.5983],[-2.1248,48.5987],[-2.1235,48.6073],[-2.1308,48.6102],[-2.1295,48.6132],[-2.1365,48.6128],[-2.1374,48.6157],[-2.1354,48.6178],[-2.1382,48.6202],[-2.1381,48.6246],[-2.1416,48.6256],[-2.1438,48.6232],[-2.1454,48.6266],[-2.1499,48.6266],[-2.1514,48.63],[-2.1494,48.6321],[-2.1516,48.634],[-2.1413,48.6318],[-2.1335,48.6354],[-2.1331,48.6387],[-2.1243,48.6353],[-2.1178,48.6235],[-2.1117,48.6172],[-2.1081,48.6175],[-2.1056,48.6115],[-2.1019,48.6093],[-2.098,48.6036],[-2.0988,48.6012]]],[[[-2.162,48.6384],[-2.1565,48.641],[-2.1593,48.6372],[-2.162,48.6384]]]]}},{"type":"Feature","properties":{"territoire":"35236","nom":"Redon","type":"commune"},"geometry":{"type":"MultiPolygon","coordinates":[[[[-2.0967,47.6317],[-2.1024,47.6341],[-2.1048,47.6385],[-2.0982,47.6373],[-2.094,47.6396],[-2.0961,47.6472],[-2.1045,47.6443],[-2.1115,47.6455],[-2.1142,47.6488],[-2.1029,47.6663],[-2.1038,47.6763],[-2.0999,47.6786],[-2.0761,47.6798],[-2.0526,47.6744],[-2.047,47.6756],[-2.0454,47.6721],[-2.049,47.6712],[-2.0431,47.6657],[-2.0495,47.6621],[-2.0481,47.658],[-2.0512,47.6499],[-2.0674,47.6497],[-2.074,47.6519],[-2.0816,47.6501],[-2.0908,47.6421],[-2.0967,47.6317]]]]}},{"type":"Feature","properties":{"territoire":"35237","nom":"Renac","type":"commune"},"geometry":{"type":"MultiPolygon","coordinates":[[[[-2.0166,47.7221],[-2.0371,47.7252],[-2.0314,47.7417],[-2.0191,47.7399],[-2.0016,47.7331],[-1.9985,47.7353],[-1.9971,47.7325],[-1.9926,47.7319],[-1.9872,47.7323],[-1.9855,47.7347],[-1.9866,47.7409],[-1.9718,47.7439],[-1.9703,47.7482],[-1.9631,47.7474],[-1.963,47.7501],[-1.9498,47.7498],[-1.9316,47.7438],[-1.9199,47.746],[-1.9166,47.7408],[-1.9186,47.7366],[-1.9172,47.7273],[-1.923,47.714],[-1.9391,47.7162],[-1.9471,47.7045],[-1.9556,47.7093],[-1.965,47.7072],[-1.9712,47.6939],[-1.9807,47.7004],[-1.9756,47.7074],[-1.9832,47.714],[-1.9868,47.7231],[-1.99,47.7254],[-2.005,47.7207],[-2.0166,47.7221]]]]}},{"type":"Feature","properties":{"territoire":"35238","nom":"Rennes","type":"commune"},"geometry":{"type":"MultiPolygon","coordinates":[[[[-1.7399,48.1313],[-1.7347,48.1364],[-1.7279,48.1354],[-1.7284,48.1401],[-1.7251,48.1442],[-1.7194,48.1426],[-1.7026,48.1441],[-1.6922,48.1327],[-1.6798,48.1346],[-1.6755,48.1377],[-1.6696,48.1373],[-1.6627,48.143],[-1.6507,48.1407],[-1.647,48.1454],[-1.6426,48.145],[-1.6396,48.1512],[-1.6341,48.1494],[-1.6299,48.1548],[-1.6247,48.155],[-1.625,48.1457],[-1.6294,48.1455],[-1.6367,48.1356],[-1.628,48.1255],[-1.6339,48.1141],[-1.6362,48.114],[-1.6334,48.1107],[-1.635,48.1064],[-1.6328,48.1028],[-1.6245,48.0999],[-1.6272,48.0894],[-1.6454,48.0799],[-1.6614,48.0829],[-1.6631,48.0824],[-1.6612,48.0781],[-1.6788,48.0773],[-1.6803,48.0821],[-1.6846,48.0802],[-1.704,48.0818],[-1.6982,48.0867],[-1.693,48.0868],[-1.6893,48.0965],[-1.695,48.0973],[-1.7107,48.0948],[-1.7415,48.08],[-1.7514,48.0817],[-1.7498,48.0852],[-1.7525,48.0875],[-1.7516,48.0917],[-1.7433,48.0996],[-1.7341,48.1038],[-1.7366,48.1099],[-1.7286,48.1107],[-1.7312,48.1151],[-1.7259,48.117],[-1.724,48.1216],[-1.7301,48.1234],[-1.7284,48.1254],[-1.7399,48.1313]]]]}},{"type":"Feature","properties":{"territoire":"35239","nom":"Retiers","type":"commune"},"geometry":{"type":"MultiPolygon","coordinates":[[[[-1.3672,47.9312],[-1.3537,47.9302],[-1.3485,47.9322],[-1.3441,47.9294],[-1.34,47.9332],[-1.3352,47.9336],[-1.3319,47.9428],[-1.3266,47.9431],[-1.323,47.9473],[-1.3149,47.9471],[-1.3123,47.9447],[-1.306,47.9459],[-1.3057,47.9421],[-1.3023,47.9398],[-1.3134,47.9246],[-1.3138,47.9194],[-1.3111,47.9191],[-1.3097,47.9159],[-1.306,47.9182],[-1.3024,47.9165],[-1.2977,47.9179],[-1.2982,47.9066],[-1.2943,47.9058],[-1.2933,47.8984],[-1.3009,47.8942],[-1.3085,47.8754],[-1.3114,47.8759],[-1.3133,47.871],[-1.3173,47.8733],[-1.3198,47.8715],[-1.3264,47.8761],[-1.3454,47.8788],[-1.3562,47.8792],[-1.3628,47.8766],[-1.3644,47.8811],[-1.3864,47.883],[-1.3865,47.8877],[-1.409,47.8932],[-1.4011,47.9059],[-1.3975,47.9073],[-1.3916,47.9154],[-1.377,47.919],[-1.3691,47.9252],[-1.3672,47.9312]]]]}},{"type":"Feature","properties":{"territoire":"35240","nom":"Le Rheu","type":"commune"},"geometry":{"type":"MultiPolygon","coordinates":[[[[-1.7593,48.0717],[-1.7627,48.0739],[-1.7725,48.0712],[-1.7822,48.0752],[-1.787,48.0811],[-1.7941,48.081],[-1.7939,48.0845],[-1.7978,48.0843],[-1.7988,48.0871],[-1.7963,48.0905],[-1.7998,48.0941],[-1.8073,48.0925],[-1.8156,48.098],[-1.8329,48.0996],[-1.8327,48.1041],[-1.8278,48.1068],[-1.8171,48.106],[-1.8095,48.112],[-1.7971,48.1097],[-1.8001,48.1203],[-1.7975,48.1199],[-1.7949,48.1234],[-1.7898,48.1196],[-1.7812,48.1207],[-1.757,48.1064],[-1.7502,48.1066],[-1.7432,48.1003],[-1.7518,48.0914],[-1.7525,48.0875],[-1.7499,48.0844],[-1.7527,48.0774],[-1.7593,48.0717]]]]}},{"type":"Feature","properties":{"territoire":"35257","nom":"Maen Roch","type":"commune"},"geometry":{"type":"MultiPolygon","coordinates":[[[[-1.3196,48.4254],[-1.3128,48.4242],[-1.3036,48.4266],[-1.2961,48.4168],[-1.3006,48.4153],[-1.2976,48.4054],[-1.3036,48.4008],[-1.3003,48.3895],[-1.3079,48.3881],[-1.3061,48.3851],[-1.3084,48.3794],[-1.304,48.3772],[-1.3085,48.3765],[-1.3076,48.3722],[-1.3124,48.3725],[-1.3152,48.3693],[-1.3307,48.3673],[-1.3384,48.3638],[-1.3422,48.3648],[-1.3467,48.3602],[-1.3459,48.3586],[-1.3538,48.3585],[-1.3595,48.3612],[-1.3585,48.3663],[-1.3648,48.3727],[-1.3634,48.3911],[-1.3749,48.3879],[-1.3792,48.3988],[-1.3891,48.402],[-1.4007,48.4004],[-1.3972,48.4071],[-1.3998,48.4138],[-1.3926,48.4198],[-1.3953,48.4209],[-1.3933,48.4225],[-1.3998,48.4295],[-1.398,48.4312],[-1.3912,48.4264],[-1.3837,48.4296],[-1.3771,48.4284],[-1.3746,48.4256],[-1.3696,48.4317],[-1.362,48.4321],[-1.3527,48.4367],[-1.3509,48.434],[-1.3385,48.4312],[-1.3348,48.4234],[-1.3308,48.421],[-1.3361,48.4157],[-1.3293,48.4133],[-1.3198,48.4155],[-1.3175,48.4209],[-1.3196,48.4254]]]]}},{"type":"Feature","properties":{"territoire":"35241","nom":"La Richardais","type":"commune"},"geometry":{"type":"MultiPolygon","coordinates":[[[[-2.0361,48.6018],[-2.0534,48.6002],[-2.0569,48.6036],[-2.0578,48.6161],[-2.0403,48.6142],[-2.0372,48.6192],[-2.032,48.6206],[-2.0283,48.6166],[-2.0348,48.6107],[-2.0292,48.6081],[-2.0361,48.6018]]]]}},{"type":"Feature","properties":{"territoire":"35242","nom":"Rimou","type":"commune"},"geometry":{"type":"MultiPolygon","coordinates":[[[[-1.5597,48.3981],[-1.5495,48.3977],[-1.5466,48.4019],[-1.5266,48.4102],[-1.5155,48.4062],[-1.5044,48.4057],[-1.51,48.4009],[-1.507,48.3977],[-1.5094,48.394],[-1.5004,48.3879],[-1.5066,48.3854],[-1.506,48.3787],[-1.5101,48.3752],[-1.5075,48.3721],[-1.524,48.3678],[-1.5304,48.3696],[-1.534,48.3656],[-1.5428,48.3639],[-1.5428,48.3662],[-1.5462,48.3663],[-1.5436,48.3701],[-1.5486,48.37],[-1.5492,48.372],[-1.5453,48.3785],[-1.547,48.3867],[-1.549,48.3905],[-1.5606,48.394],[-1.5597,48.3981]]]]}},{"type":"Feature","properties":{"territoire":"35243","nom":"Romagné","type":"commune"},"geometry":{"type":"MultiPolygon","coordinates":[[[[-1.2367,48.373],[-1.2384,48.3579],[-1.2405,48.3557],[-1.2385,48.3504],[-1.2408,48.3493],[-1.2414,48.3421],[-1.2228,48.335],[-1.2223,48.332],[-1.226,48.3294],[-1.2249,48.3263],[-1.2293,48.3245],[-1.2367,48.3283],[-1.2351,48.323],[-1.2366,48.3218],[-1.244,48.3248],[-1.2504,48.3199],[-1.2505,48.3175],[-1.2582,48.3145],[-1.269,48.3156],[-1.2698,48.3111],[-1.268,48.31],[-1.27,48.3077],[-1.2759,48.3093],[-1.278,48.3061],[-1.2854,48.3065],[-1.2819,48.3117],[-1.2886,48.3184],[-1.2873,48.3214],[-1.292,48.3317],[-1.2911,48.3359],[-1.2959,48.3421],[-1.2933,48.3476],[-1.2852,48.3532],[-1.2885,48.3545],[-1.287,48.3557],[-1.2899,48.359],[-1.2881,48.3619],[-1.2894,48.3642],[-1.2781,48.3656],[-1.2749,48.3731],[-1.2551,48.3835],[-1.2446,48.381],[-1.2428,48.3752],[-1.2367,48.373]]]]}},{"type":"Feature","properties":{"territoire":"35244","nom":"Romazy","type":"commune"},"geometry":{"type":"MultiPolygon","coordinates":[[[[-1.5044,48.363],[-1.5031,48.374],[-1.5066,48.3798],[-1.5066,48.3854],[-1.5004,48.3883],[-1.5094,48.394],[-1.507,48.3977],[-1.5101,48.4004],[-1.5036,48.4047],[-1.4968,48.3978],[-1.4858,48.3968],[-1.4876,48.3909],[-1.4829,48.3833],[-1.4771,48.3821],[-1.4781,48.3744],[-1.475,48.3741],[-1.4752,48.3698],[-1.4793,48.3687],[-1.4773,48.3677],[-1.4781,48.3622],[-1.4864,48.364],[-1.5044,48.363]]]]}},{"type":"Feature","properties":{"territoire":"35245","nom":"Romillé","type":"commune"},"geometry":{"type":"MultiPolygon","coordinates":[[[[-1.8444,48.194],[-1.8459,48.2022],[-1.8498,48.2031],[-1.8895,48.1998],[-1.8959,48.1946],[-1.9051,48.2],[-1.9083,48.2074],[-1.9216,48.2135],[-1.9144,48.2223],[-1.9177,48.2283],[-1.916,48.2415],[-1.9091,48.2454],[-1.9061,48.2507],[-1.9082,48.2604],[-1.9051,48.2602],[-1.9022,48.2513],[-1.8961,48.2541],[-1.8737,48.2487],[-1.8696,48.2435],[-1.8567,48.2429],[-1.85,48.2351],[-1.8501,48.2318],[-1.8532,48.2296],[-1.8484,48.221],[-1.8339,48.2168],[-1.8263,48.2171],[-1.8306,48.2007],[-1.8344,48.1994],[-1.835,48.1964],[-1.8381,48.1968],[-1.8386,48.1939],[-1.8444,48.194]]]]}},{"type":"Feature","properties":{"territoire":"35246","nom":"Roz-Landrieux","type":"commune"},"geometry":{"type":"MultiPolygon","coordinates":[[[[-1.8044,48.5211],[-1.8211,48.5192],[-1.819,48.525],[-1.828,48.5348],[-1.8406,48.5385],[-1.8446,48.5481],[-1.8568,48.5542],[-1.8597,48.5574],[-1.8585,48.5599],[-1.8377,48.5642],[-1.8421,48.5752],[-1.791,48.5536],[-1.7827,48.5396],[-1.7861,48.538],[-1.7808,48.5286],[-1.7901,48.5269],[-1.7908,48.5306],[-1.794,48.5301],[-1.7937,48.526],[-1.7972,48.5212],[-1.8044,48.5211]]]]}},{"type":"Feature","properties":{"territoire":"35247","nom":"Roz-sur-Couesnon","type":"commune"},"geometry":{"type":"MultiPolygon","coordinates":[[[[-1.5548,48.6092],[-1.5635,48.6024],[-1.5636,48.5964],[-1.5681,48.589],[-1.5653,48.5827],[-1.5571,48.5818],[-1.5573,48.5798],[-1.5739,48.5723],[-1.5749,48.5661],[-1.5924,48.5674],[-1.6098,48.5588],[-1.6158,48.5673],[-1.6211,48.5705],[-1.6073,48.5776],[-1.6059,48.5879],[-1.6133,48.5941],[-1.6272,48.5957],[-1.6301,48.5991],[-1.6297,48.6038],[-1.6336,48.6039],[-1.6336,48.6116],[-1.6371,48.6115],[-1.6375,48.6147],[-1.5709,48.6263],[-1.5656,48.6196],[-1.5659,48.6144],[-1.5548,48.6092]]]]}},{"type":"Feature","properties":{"territoire":"35248","nom":"Sains","type":"commune"},"geometry":{"type":"MultiPolygon","coordinates":[[[[-1.6355,48.5425],[-1.6341,48.5501],[-1.6292,48.5546],[-1.6345,48.5593],[-1.6347,48.5663],[-1.6203,48.5693],[-1.6158,48.5673],[-1.6098,48.5588],[-1.5924,48.5674],[-1.5591,48.5645],[-1.5583,48.5565],[-1.5747,48.5591],[-1.5809,48.5515],[-1.5799,48.5496],[-1.6147,48.5429],[-1.6355,48.5425]]]]}},{"type":"Feature","properties":{"territoire":"35249","nom":"Sainte-Anne-sur-Vilaine","type":"commune"},"geometry":{"type":"MultiPolygon","coordinates":[[[[-1.8379,47.7069],[-1.8345,47.7204],[-1.8377,47.7233],[-1.8369,47.7319],[-1.8442,47.7347],[-1.8425,47.7405],[-1.8277,47.749],[-1.8179,47.7621],[-1.8024,47.7666],[-1.7934,47.7659],[-1.7929,47.7695],[-1.7885,47.7719],[-1.7785,47.7724],[-1.78,47.7603],[-1.7867,47.7595],[-1.7868,47.7567],[-1.7718,47.7521],[-1.7779,47.747],[-1.7737,47.7407],[-1.7824,47.7352],[-1.7783,47.7341],[-1.7769,47.724],[-1.7802,47.7058],[-1.7857,47.6998],[-1.7899,47.7021],[-1.8023,47.7014],[-1.8166,47.7059],[-1.8205,47.7047],[-1.8274,47.7108],[-1.8379,47.7069]]]]}},{"type":"Feature","properties":{"territoire":"35342","nom":"Trémeheuc","type":"commune"},"geometry":{"type":"MultiPolygon","coordinates":[[[[-1.7038,48.4586],[-1.6989,48.4589],[-1.6995,48.4535],[-1.696,48.4516],[-1.6822,48.4499],[-1.6815,48.4476],[-1.6854,48.4452],[-1.681,48.4397],[-1.6822,48.4354],[-1.6792,48.4307],[-1.6967,48.4277],[-1.697,48.4204],[-1.707,48.4203],[-1.7115,48.4226],[-1.7075,48.4451],[-1.71,48.4516],[-1.7062,48.4522],[-1.7038,48.4586]]]]}},{"type":"Feature","properties":{"territoire":"35250","nom":"Saint-Armel","type":"commune"},"geometry":{"type":"MultiPolygon","coordinates":[[[[-1.5945,48.0299],[-1.582,48.0289],[-1.584,48.0252],[-1.5801,48.02],[-1.5672,48.0224],[-1.5651,48.0196],[-1.5542,48.0168],[-1.5536,48.0107],[-1.551,48.0101],[-1.552,48.0076],[-1.559,48.008],[-1.569,48.0047],[-1.5706,48.0018],[-1.5762,48.0004],[-1.5769,47.9977],[-1.5946,48.0005],[-1.6019,48.0238],[-1.5945,48.0299]]]]}},{"type":"Feature","properties":{"territoire":"35251","nom":"Saint-Aubin-d'Aubigné","type":"commune"},"geometry":{"type":"MultiPolygon","coordinates":[[[[-1.5603,48.2473],[-1.5682,48.2454],[-1.5736,48.2481],[-1.5789,48.2459],[-1.5829,48.252],[-1.5846,48.2481],[-1.5913,48.2485],[-1.5944,48.243],[-1.5992,48.2422],[-1.5978,48.2383],[-1.5996,48.2366],[-1.6085,48.2329],[-1.6195,48.2338],[-1.622,48.2345],[-1.6202,48.2417],[-1.6286,48.245],[-1.6324,48.2493],[-1.6318,48.2533],[-1.6343,48.2539],[-1.6346,48.2575],[-1.6435,48.2616],[-1.6389,48.2727],[-1.6223,48.2792],[-1.6028,48.2811],[-1.5883,48.2869],[-1.577,48.2847],[-1.5685,48.289],[-1.5694,48.2903],[-1.5645,48.2906],[-1.566,48.2851],[-1.5742,48.2764],[-1.5691,48.2671],[-1.5569,48.2673],[-1.5616,48.264],[-1.5623,48.2604],[-1.5655,48.26],[-1.5581,48.2513],[-1.5603,48.2473]]]]}},{"type":"Feature","properties":{"territoire":"35252","nom":"Saint-Aubin-des-Landes","type":"commune"},"geometry":{"type":"MultiPolygon","coordinates":[[[[-1.3285,48.1088],[-1.3242,48.1094],[-1.3224,48.1151],[-1.315,48.1179],[-1.3033,48.1143],[-1.2944,48.1158],[-1.286,48.1092],[-1.2732,48.1082],[-1.2722,48.103],[-1.2689,48.1004],[-1.2585,48.0998],[-1.2624,48.0944],[-1.2658,48.0944],[-1.2649,48.0905],[-1.2695,48.0901],[-1.2687,48.0812],[-1.2753,48.0801],[-1.2846,48.0818],[-1.2909,48.088],[-1.2942,48.0881],[-1.2937,48.0904],[-1.297,48.0934],[-1.3037,48.0949],[-1.3081,48.0989],[-1.3153,48.0987],[-1.3227,48.1083],[-1.3285,48.1088]]]]}},{"type":"Feature","properties":{"territoire":"35253","nom":"Saint-Aubin-du-Cormier","type":"commune"},"geometry":{"type":"MultiPolygon","coordinates":[[[[-1.4814,48.2729],[-1.5124,48.2724],[-1.5163,48.2745],[-1.5171,48.2787],[-1.5151,48.2844],[-1.5104,48.2881],[-1.4984,48.2843],[-1.4811,48.2834],[-1.4754,48.2854],[-1.4674,48.2834],[-1.469,48.2803],[-1.4652,48.2828],[-1.4202,48.2724],[-1.4151,48.2804],[-1.411,48.2782],[-1.4093,48.2682],[-1.4012,48.2646],[-1.4025,48.2621],[-1.3641,48.2581],[-1.3583,48.2607],[-1.3514,48.2595],[-1.3489,48.2552],[-1.3431,48.2539],[-1.3327,48.2556],[-1.3307,48.2521],[-1.3456,48.2492],[-1.3608,48.251],[-1.3625,48.2434],[-1.3688,48.2396],[-1.38,48.2407],[-1.3816,48.2359],[-1.3881,48.2384],[-1.3944,48.2367],[-1.3989,48.2236],[-1.4097,48.226],[-1.4133,48.2247],[-1.4178,48.2266],[-1.4117,48.2308],[-1.4159,48.2301],[-1.4252,48.235],[-1.4291,48.2402],[-1.4221,48.2416],[-1.4305,48.2462],[-1.429,48.2486],[-1.4325,48.2467],[-1.4399,48.248],[-1.4261,48.253],[-1.4337,48.2616],[-1.4483,48.2633],[-1.4458,48.2707],[-1.4814,48.2729]]]]}},{"type":"Feature","properties":{"territoire":"35343","nom":"Tresbœuf","type":"commune"},"geometry":{"type":"MultiPolygon","coordinates":[[[[-1.5511,47.8647],[-1.5518,47.859],[-1.5476,47.8586],[-1.5487,47.8526],[-1.5457,47.8491],[-1.5463,47.8424],[-1.5547,47.8414],[-1.5575,47.8368],[-1.5601,47.8375],[-1.5598,47.8446],[-1.5715,47.8407],[-1.5743,47.8433],[-1.5729,47.8474],[-1.5751,47.85],[-1.5786,47.8493],[-1.582,47.8417],[-1.5866,47.8429],[-1.5898,47.847],[-1.5881,47.8518],[-1.5899,47.8537],[-1.577,47.8628],[-1.5674,47.8609],[-1.5511,47.8647]]],[[[-1.5418,47.9081],[-1.5451,47.9016],[-1.525,47.8977],[-1.5228,47.8922],[-1.5155,47.8908],[-1.5135,47.8873],[-1.5002,47.8792],[-1.5029,47.8748],[-1.5128,47.8732],[-1.5129,47.8699],[-1.535,47.8744],[-1.5454,47.8705],[-1.5567,47.873],[-1.5614,47.8775],[-1.5731,47.8766],[-1.5916,47.8797],[-1.5872,47.8882],[-1.5922,47.8901],[-1.591,47.8934],[-1.5858,47.8979],[-1.578,47.8986],[-1.5761,47.9019],[-1.5669,47.9026],[-1.5663,47.9108],[-1.5586,47.9176],[-1.5541,47.9199],[-1.548,47.9193],[-1.5418,47.9081]]]]}},{"type":"Feature","properties":{"territoire":"35345","nom":"Trévérien","type":"commune"},"geometry":{"type":"MultiPolygon","coordinates":[[[[-1.9246,48.3836],[-1.9156,48.3796],[-1.907,48.3814],[-1.8972,48.3794],[-1.8885,48.384],[-1.8829,48.3816],[-1.89,48.3714],[-1.8987,48.3678],[-1.901,48.3607],[-1.9058,48.3584],[-1.9063,48.3518],[-1.9166,48.3533],[-1.917,48.3498],[-1.9199,48.3491],[-1.9208,48.351],[-1.9239,48.35],[-1.9259,48.3557],[-1.9329,48.3553],[-1.933,48.3609],[-1.9427,48.3603],[-1.9428,48.3632],[-1.9474,48.3671],[-1.9447,48.3739],[-1.9461,48.3804],[-1.9384,48.3831],[-1.9398,48.3862],[-1.9368,48.3898],[-1.9399,48.3931],[-1.9292,48.3946],[-1.9236,48.3871],[-1.9246,48.3836]]]]}},{"type":"Feature","properties":{"territoire":"35258","nom":"Saint-Brieuc-des-Iffs","type":"commune"},"geometry":{"type":"MultiPolygon","coordinates":[[[[-1.831,48.2885],[-1.8454,48.2841],[-1.8514,48.2855],[-1.8516,48.2914],[-1.8609,48.2962],[-1.8556,48.3018],[-1.8627,48.3038],[-1.8606,48.3068],[-1.8665,48.3084],[-1.8655,48.3105],[-1.8615,48.3146],[-1.8556,48.3125],[-1.8446,48.3225],[-1.8227,48.3174],[-1.8306,48.3057],[-1.8294,48.3036],[-1.8324,48.3032],[-1.8256,48.2924],[-1.83,48.292],[-1.831,48.2885]]]]}},{"type":"Feature","properties":{"territoire":"35260","nom":"Saint-Christophe-des-Bois","type":"commune"},"geometry":{"type":"MultiPolygon","coordinates":[[[[-1.2092,48.2141],[-1.2182,48.2087],[-1.2211,48.2113],[-1.2283,48.2112],[-1.2339,48.2157],[-1.2455,48.2153],[-1.2605,48.2189],[-1.2637,48.2207],[-1.2577,48.2234],[-1.2604,48.2279],[-1.2596,48.2364],[-1.2538,48.2453],[-1.2466,48.2427],[-1.2482,48.2372],[-1.2418,48.2344],[-1.2368,48.2384],[-1.2313,48.2367],[-1.2144,48.2404],[-1.2136,48.2264],[-1.2179,48.2179],[-1.2092,48.2141]]]]}},{"type":"Feature","properties":{"territoire":"35259","nom":"Saint-Broladre","type":"commune"},"geometry":{"type":"MultiPolygon","coordinates":[[[[-1.6537,48.5447],[-1.6546,48.5474],[-1.6638,48.5515],[-1.6611,48.5593],[-1.6668,48.5619],[-1.669,48.5659],[-1.6756,48.5636],[-1.6756,48.5614],[-1.6867,48.5615],[-1.6934,48.5701],[-1.6917,48.5739],[-1.6965,48.5783],[-1.6913,48.5818],[-1.6989,48.5882],[-1.6964,48.5918],[-1.6827,48.5945],[-1.6883,48.6056],[-1.6374,48.6148],[-1.6371,48.6115],[-1.6336,48.6116],[-1.6332,48.6005],[-1.6501,48.5985],[-1.6495,48.5904],[-1.6406,48.581],[-1.6414,48.5779],[-1.6353,48.5746],[-1.6318,48.5671],[-1.6358,48.5645],[-1.6352,48.5613],[-1.6293,48.5538],[-1.6341,48.5501],[-1.6355,48.5425],[-1.6537,48.5447]]]]}},{"type":"Feature","properties":{"territoire":"35262","nom":"Sainte-Colombe","type":"commune"},"geometry":{"type":"MultiPolygon","coordinates":[[[[-1.4621,47.9079],[-1.4379,47.9019],[-1.4326,47.8976],[-1.4336,47.895],[-1.4288,47.89],[-1.4285,47.8852],[-1.4459,47.8876],[-1.4585,47.8829],[-1.4839,47.8911],[-1.4877,47.8946],[-1.4844,47.8942],[-1.4816,47.8989],[-1.4773,47.8993],[-1.475,47.9066],[-1.4777,47.9093],[-1.4621,47.9079]]]]}},{"type":"Feature","properties":{"territoire":"35263","nom":"Saint-Coulomb","type":"commune"},"geometry":{"type":"MultiPolygon","coordinates":[[[[-1.885,48.6628],[-1.903,48.6631],[-1.9096,48.6604],[-1.9225,48.6626],[-1.9388,48.6588],[-1.948,48.6633],[-1.9496,48.6692],[-1.9532,48.6674],[-1.9583,48.6702],[-1.9623,48.6681],[-1.9643,48.6748],[-1.9615,48.6808],[-1.9432,48.6854],[-1.9369,48.6842],[-1.9406,48.6869],[-1.9453,48.6862],[-1.9497,48.6907],[-1.9533,48.6905],[-1.955,48.6874],[-1.96,48.6894],[-1.9551,48.6928],[-1.9459,48.6918],[-1.9381,48.6942],[-1.9371,48.7027],[-1.9328,48.7013],[-1.933,48.6942],[-1.9276,48.6924],[-1.921,48.6928],[-1.9175,48.696],[-1.9135,48.6907],[-1.9045,48.6899],[-1.8923,48.696],[-1.8909,48.6947],[-1.8934,48.6922],[-1.8829,48.6859],[-1.8852,48.6826],[-1.8857,48.6761],[-1.8831,48.6744],[-1.885,48.6628]]]]}},{"type":"Feature","properties":{"territoire":"35264","nom":"Saint-Didier","type":"commune"},"geometry":{"type":"MultiPolygon","coordinates":[[[[-1.3294,48.1086],[-1.3332,48.1055],[-1.3245,48.0972],[-1.3276,48.0907],[-1.3334,48.0895],[-1.3361,48.0831],[-1.3395,48.0832],[-1.3412,48.0782],[-1.3453,48.0781],[-1.3392,48.0722],[-1.3565,48.0684],[-1.3618,48.079],[-1.3736,48.0805],[-1.3785,48.088],[-1.3874,48.0876],[-1.3891,48.0918],[-1.3966,48.0971],[-1.3934,48.1021],[-1.3825,48.1013],[-1.3726,48.1061],[-1.368,48.1143],[-1.3591,48.1131],[-1.3424,48.1041],[-1.3339,48.1087],[-1.3294,48.1086]]]]}},{"type":"Feature","properties":{"territoire":"35265","nom":"Saint-Domineuc","type":"commune"},"geometry":{"type":"MultiPolygon","coordinates":[[[[-1.8829,48.3816],[-1.8753,48.3788],[-1.8686,48.3829],[-1.8637,48.3781],[-1.857,48.377],[-1.8543,48.3801],[-1.8549,48.3849],[-1.8505,48.3862],[-1.8449,48.3826],[-1.8461,48.372],[-1.8389,48.3708],[-1.8466,48.365],[-1.8491,48.3598],[-1.8492,48.3437],[-1.8472,48.3437],[-1.8489,48.3407],[-1.8672,48.3384],[-1.8677,48.336],[-1.8793,48.3374],[-1.8837,48.3399],[-1.8836,48.3438],[-1.8867,48.3467],[-1.8943,48.3493],[-1.8966,48.3542],[-1.8946,48.3563],[-1.8999,48.3657],[-1.8959,48.3701],[-1.8889,48.3724],[-1.8829,48.3816]]]]}},{"type":"Feature","properties":{"territoire":"35266","nom":"Saint-Erblon","type":"commune"},"geometry":{"type":"MultiPolygon","coordinates":[[[[-1.6181,48.0123],[-1.622,48.0084],[-1.6342,48.0046],[-1.6354,48.0018],[-1.6391,48.0012],[-1.6387,47.9981],[-1.6427,47.9979],[-1.6458,48.0026],[-1.6454,48.0074],[-1.6596,48.0126],[-1.662,48.017],[-1.6726,48.0151],[-1.6718,48.0089],[-1.6765,48.0044],[-1.6793,48.0072],[-1.6821,48.0242],[-1.6769,48.0269],[-1.6706,48.0266],[-1.6696,48.023],[-1.6535,48.0245],[-1.649,48.0267],[-1.6482,48.0299],[-1.6371,48.0258],[-1.6317,48.0263],[-1.6282,48.0333],[-1.6248,48.035],[-1.6238,48.0397],[-1.6147,48.0419],[-1.6105,48.0373],[-1.6159,48.0354],[-1.6176,48.0311],[-1.6155,48.0242],[-1.6158,48.0137],[-1.6181,48.0123]]]]}},{"type":"Feature","properties":{"territoire":"35268","nom":"Saint-Ganton","type":"commune"},"geometry":{"type":"MultiPolygon","coordinates":[[[[-1.9097,47.7537],[-1.9089,47.7578],[-1.9167,47.7653],[-1.9212,47.7656],[-1.9209,47.7676],[-1.924,47.7676],[-1.9324,47.7742],[-1.9214,47.7732],[-1.9226,47.7751],[-1.9114,47.7771],[-1.9077,47.7847],[-1.8962,47.7898],[-1.8855,47.7892],[-1.8846,47.7874],[-1.8727,47.7887],[-1.8707,47.7869],[-1.8632,47.7742],[-1.8701,47.7549],[-1.8692,47.7491],[-1.8661,47.7464],[-1.8892,47.7531],[-1.9097,47.7537]]]]}},{"type":"Feature","properties":{"territoire":"35346","nom":"Trimer","type":"commune"},"geometry":{"type":"MultiPolygon","coordinates":[[[[-1.89,48.3318],[-1.9021,48.3311],[-1.9066,48.3383],[-1.9047,48.3446],[-1.9077,48.3511],[-1.9055,48.3534],[-1.9058,48.3584],[-1.901,48.3607],[-1.9001,48.3642],[-1.8946,48.3563],[-1.8966,48.3542],[-1.8943,48.3493],[-1.8836,48.3438],[-1.8837,48.3399],[-1.8887,48.3374],[-1.89,48.3318]]]]}},{"type":"Feature","properties":{"territoire":"35270","nom":"Saint-Georges-de-Gréhaigne","type":"commune"},"geometry":{"type":"MultiPolygon","coordinates":[[[[-1.5282,48.5789],[-1.5278,48.5743],[-1.519,48.5667],[-1.5224,48.5636],[-1.5273,48.5654],[-1.5243,48.562],[-1.5557,48.5555],[-1.5583,48.5565],[-1.5591,48.5645],[-1.5745,48.5645],[-1.5739,48.5723],[-1.5565,48.5807],[-1.5653,48.5827],[-1.5681,48.589],[-1.5636,48.5964],[-1.5635,48.6024],[-1.5548,48.6092],[-1.544,48.6061],[-1.5468,48.6015],[-1.5373,48.5989],[-1.5443,48.5871],[-1.5431,48.5799],[-1.5318,48.581],[-1.5282,48.5789]]]]}},{"type":"Feature","properties":{"territoire":"35271","nom":"Saint-Georges-de-Reintembault","type":"commune"},"geometry":{"type":"MultiPolygon","coordinates":[[[[-1.279,48.5093],[-1.2776,48.5157],[-1.2697,48.524],[-1.2686,48.5297],[-1.2728,48.5339],[-1.2519,48.5438],[-1.2389,48.5377],[-1.2313,48.5373],[-1.2071,48.5385],[-1.2076,48.5421],[-1.2051,48.5419],[-1.199,48.5359],[-1.199,48.5317],[-1.1858,48.5261],[-1.2019,48.512],[-1.1995,48.5051],[-1.1974,48.5052],[-1.2002,48.5003],[-1.2027,48.5011],[-1.2023,48.5035],[-1.2078,48.5025],[-1.2062,48.5016],[-1.209,48.498],[-1.215,48.4992],[-1.2213,48.4943],[-1.2251,48.4826],[-1.2167,48.477],[-1.2251,48.4699],[-1.2363,48.4748],[-1.2378,48.4783],[-1.2503,48.4814],[-1.2526,48.4863],[-1.2588,48.4897],[-1.2576,48.4925],[-1.2613,48.4978],[-1.2696,48.502],[-1.2716,48.5065],[-1.2756,48.5063],[-1.279,48.5093]]]]}},{"type":"Feature","properties":{"territoire":"35347","nom":"Val-d'Izé","type":"commune"},"geometry":{"type":"MultiPolygon","coordinates":[[[[-1.2713,48.1761],[-1.2772,48.1709],[-1.2967,48.1661],[-1.2984,48.1605],[-1.3087,48.1542],[-1.3085,48.1492],[-1.3237,48.1524],[-1.3237,48.1554],[-1.3304,48.1579],[-1.3308,48.1611],[-1.351,48.1569],[-1.3529,48.1574],[-1.352,48.159],[-1.3692,48.1645],[-1.3646,48.1687],[-1.3568,48.168],[-1.3519,48.1721],[-1.3608,48.183],[-1.3557,48.188],[-1.3578,48.195],[-1.3546,48.1972],[-1.349,48.1965],[-1.3465,48.2002],[-1.3515,48.2011],[-1.3454,48.2034],[-1.3387,48.2109],[-1.3248,48.2145],[-1.3164,48.223],[-1.3081,48.2181],[-1.2913,48.2138],[-1.276,48.2222],[-1.2455,48.2153],[-1.2339,48.2157],[-1.2284,48.2117],[-1.2368,48.2073],[-1.2397,48.2026],[-1.2449,48.2027],[-1.2538,48.1984],[-1.2567,48.1878],[-1.2628,48.1868],[-1.2713,48.1761]]]]}},{"type":"Feature","properties":{"territoire":"35278","nom":"Saint-Grégoire","type":"commune"},"geometry":{"type":"MultiPolygon","coordinates":[[[[-1.7239,48.182],[-1.7191,48.1842],[-1.7144,48.1823],[-1.7132,48.1859],[-1.7077,48.1869],[-1.7021,48.1819],[-1.6874,48.1792],[-1.6837,48.1756],[-1.674,48.1754],[-1.6774,48.1664],[-1.6759,48.1627],[-1.6556,48.1606],[-1.6533,48.1563],[-1.6424,48.154],[-1.6392,48.1493],[-1.6426,48.145],[-1.647,48.1454],[-1.6507,48.1407],[-1.6627,48.143],[-1.6696,48.1373],[-1.6755,48.1377],[-1.6798,48.1346],[-1.6922,48.1327],[-1.7025,48.1438],[-1.6979,48.1432],[-1.7009,48.153],[-1.706,48.16],[-1.7108,48.1597],[-1.7179,48.1685],[-1.7239,48.182]]]]}},{"type":"Feature","properties":{"territoire":"35352","nom":"Vern-sur-Seiche","type":"commune"},"geometry":{"type":"MultiPolygon","coordinates":[[[[-1.6004,48.015],[-1.6021,48.0128],[-1.6181,48.0123],[-1.6158,48.0137],[-1.6155,48.0242],[-1.6176,48.0311],[-1.6159,48.0354],[-1.6105,48.038],[-1.6189,48.0448],[-1.6273,48.0476],[-1.6218,48.0496],[-1.6265,48.0527],[-1.6256,48.0594],[-1.6301,48.0607],[-1.6419,48.0581],[-1.6443,48.0539],[-1.6514,48.0551],[-1.6499,48.0622],[-1.6424,48.0618],[-1.6392,48.0666],[-1.6306,48.0682],[-1.6296,48.073],[-1.6319,48.077],[-1.6184,48.0796],[-1.6069,48.0757],[-1.606,48.0775],[-1.6013,48.0768],[-1.5741,48.0659],[-1.5651,48.0596],[-1.5694,48.0507],[-1.5793,48.0513],[-1.579,48.0496],[-1.5871,48.0452],[-1.5902,48.0374],[-1.5936,48.0357],[-1.5935,48.0306],[-1.6019,48.0238],[-1.6,48.0216],[-1.6004,48.015]]]]}},{"type":"Feature","properties":{"territoire":"35281","nom":"Saint-Jacques-de-la-Lande","type":"commune"},"geometry":{"type":"MultiPolygon","coordinates":[[[[-1.7593,48.0717],[-1.7527,48.0774],[-1.7516,48.0818],[-1.7415,48.08],[-1.7107,48.0948],[-1.6893,48.0965],[-1.693,48.0868],[-1.6982,48.0867],[-1.7038,48.0826],[-1.6995,48.0806],[-1.6979,48.0759],[-1.6995,48.0627],[-1.7092,48.0671],[-1.7281,48.0585],[-1.7426,48.0593],[-1.7464,48.0606],[-1.7502,48.0683],[-1.7609,48.0655],[-1.7581,48.0681],[-1.7593,48.0717]]]]}},{"type":"Feature","properties":{"territoire":"35282","nom":"Rives-du-Couesnon","type":"commune"},"geometry":{"type":"MultiPolygon","coordinates":[[[[-1.3382,48.3205],[-1.3349,48.3183],[-1.342,48.3136],[-1.3385,48.3123],[-1.3387,48.2988],[-1.336,48.2966],[-1.3354,48.2907],[-1.3222,48.2908],[-1.3164,48.2972],[-1.3155,48.3024],[-1.3009,48.3021],[-1.2966,48.3084],[-1.2936,48.3087],[-1.2859,48.3036],[-1.2859,48.2991],[-1.2802,48.2978],[-1.2878,48.2895],[-1.2809,48.2857],[-1.273,48.2856],[-1.2725,48.2822],[-1.2814,48.2766],[-1.2747,48.2714],[-1.2759,48.2698],[-1.2933,48.2676],[-1.2988,48.2647],[-1.2989,48.2594],[-1.3193,48.2567],[-1.3305,48.2521],[-1.3327,48.2556],[-1.3431,48.2539],[-1.3489,48.2552],[-1.3514,48.2595],[-1.3583,48.2607],[-1.3641,48.2581],[-1.4025,48.2621],[-1.4012,48.2646],[-1.4093,48.2682],[-1.4107,48.2721],[-1.3893,48.2868],[-1.3931,48.2927],[-1.3897,48.3036],[-1.4062,48.3031],[-1.4118,48.3108],[-1.4089,48.3101],[-1.4075,48.3142],[-1.4024,48.317],[-1.3888,48.3154],[-1.3773,48.3169],[-1.3712,48.3145],[-1.3607,48.318],[-1.3547,48.3235],[-1.3494,48.3209],[-1.3421,48.3229],[-1.3382,48.3205]]]]}},{"type":"Feature","properties":{"territoire":"35283","nom":"Saint-Jean-sur-Vilaine","type":"commune"},"geometry":{"type":"MultiPolygon","coordinates":[[[[-1.2992,48.1154],[-1.3048,48.1145],[-1.315,48.1179],[-1.3224,48.1151],[-1.3242,48.1094],[-1.3339,48.1087],[-1.3438,48.1044],[-1.3472,48.1082],[-1.3699,48.1158],[-1.3707,48.1212],[-1.3668,48.1212],[-1.3659,48.1304],[-1.371,48.1353],[-1.364,48.1409],[-1.362,48.1404],[-1.363,48.1357],[-1.3579,48.1373],[-1.3572,48.1326],[-1.3362,48.1302],[-1.333,48.1322],[-1.3254,48.1315],[-1.3031,48.123],[-1.2988,48.12],[-1.3006,48.117],[-1.2992,48.1154]]]]}},{"type":"Feature","properties":{"territoire":"35284","nom":"Saint-Jouan-des-Guérets","type":"commune"},"geometry":{"type":"MultiPolygon","coordinates":[[[[-1.9398,48.6218],[-1.9251,48.6152],[-1.9268,48.6142],[-1.9256,48.6084],[-1.9274,48.6058],[-1.9353,48.6055],[-1.9373,48.6005],[-1.9432,48.5976],[-1.9602,48.5989],[-1.9623,48.5929],[-1.9733,48.5892],[-1.9778,48.5931],[-1.9838,48.5943],[-1.9926,48.5943],[-1.9977,48.5902],[-2.0015,48.5941],[-2.0007,48.5984],[-1.9901,48.6122],[-1.9758,48.6141],[-1.9487,48.6048],[-1.9441,48.6086],[-1.9458,48.6172],[-1.9398,48.6218]]]]}},{"type":"Feature","properties":{"territoire":"35285","nom":"Saint-Just","type":"commune"},"geometry":{"type":"MultiPolygon","coordinates":[[[[-1.9326,47.7738],[-1.9209,47.7676],[-1.9212,47.7656],[-1.9167,47.7653],[-1.9089,47.7578],[-1.91,47.7532],[-1.9207,47.7521],[-1.9219,47.7491],[-1.9199,47.746],[-1.9234,47.7442],[-1.9321,47.7439],[-1.9498,47.7498],[-1.963,47.7501],[-1.9631,47.7474],[-1.9703,47.7482],[-1.9718,47.7439],[-1.9838,47.7419],[-1.9846,47.7448],[-1.9945,47.7452],[-1.9986,47.7482],[-2.0065,47.747],[-2.0093,47.752],[-2.0095,47.7607],[-2.0146,47.7645],[-2.0212,47.7655],[-2.0154,47.776],[-2.0096,47.7797],[-2.007,47.7927],[-1.9916,47.7868],[-1.9797,47.7879],[-1.9782,47.7793],[-1.9609,47.7841],[-1.9326,47.7738]]]]}},{"type":"Feature","properties":{"territoire":"35289","nom":"Saint-Malo-de-Phily","type":"commune"},"geometry":{"type":"MultiPolygon","coordinates":[[[[-1.7858,47.8858],[-1.7778,47.8764],[-1.7757,47.8578],[-1.7821,47.8489],[-1.783,47.8397],[-1.7905,47.8352],[-1.8033,47.8388],[-1.8021,47.8439],[-1.8084,47.8527],[-1.8048,47.8578],[-1.8299,47.86],[-1.833,47.8675],[-1.8382,47.8683],[-1.8401,47.8712],[-1.8426,47.8805],[-1.839,47.8883],[-1.8291,47.89],[-1.8214,47.8945],[-1.8107,47.8869],[-1.7858,47.8858]]]]}},{"type":"Feature","properties":{"territoire":"35290","nom":"Saint-Malon-sur-Mel","type":"commune"},"geometry":{"type":"MultiPolygon","coordinates":[[[[-2.1057,48.1071],[-2.0925,48.1053],[-2.0824,48.1077],[-2.0695,48.0957],[-2.0718,48.092],[-2.0817,48.0876],[-2.0793,48.0839],[-2.0845,48.0836],[-2.0959,48.0747],[-2.1095,48.0768],[-2.1106,48.0794],[-2.1209,48.0789],[-2.1271,48.0839],[-2.1475,48.0857],[-2.1497,48.0993],[-2.148,48.0993],[-2.1486,48.1035],[-2.1418,48.1063],[-2.1426,48.1118],[-2.1285,48.1098],[-2.1217,48.1117],[-2.113,48.1056],[-2.1057,48.1071]]]]}},{"type":"Feature","properties":{"territoire":"35294","nom":"Sainte-Marie","type":"commune"},"geometry":{"type":"MultiPolygon","coordinates":[[[[-2.0122,47.6665],[-2.0291,47.667],[-2.0386,47.6698],[-2.0431,47.6657],[-2.049,47.6712],[-2.0454,47.6721],[-2.047,47.6756],[-2.0526,47.6744],[-2.0626,47.6774],[-2.0523,47.6883],[-2.0343,47.6993],[-2.0304,47.7077],[-2.0238,47.716],[-2.0198,47.7157],[-2.0166,47.7221],[-2.005,47.7207],[-1.9912,47.7259],[-1.987,47.7234],[-1.9858,47.7173],[-1.9756,47.7074],[-1.9807,47.7004],[-1.9736,47.6944],[-1.9892,47.6803],[-2.009,47.6718],[-2.0122,47.6665]]]]}},{"type":"Feature","properties":{"territoire":"35295","nom":"Saint-Maugan","type":"commune"},"geometry":{"type":"MultiPolygon","coordinates":[[[[-2.13,48.1461],[-2.1139,48.1501],[-2.0912,48.1462],[-2.0902,48.1442],[-2.0847,48.1465],[-2.0845,48.1417],[-2.0726,48.1379],[-2.0747,48.1266],[-2.0767,48.1236],[-2.082,48.1283],[-2.0901,48.1242],[-2.0975,48.128],[-2.1114,48.1233],[-2.116,48.1263],[-2.119,48.1323],[-2.1297,48.1376],[-2.1319,48.1416],[-2.13,48.1461]]]]}},{"type":"Feature","properties":{"territoire":"35296","nom":"Saint-Médard-sur-Ille","type":"commune"},"geometry":{"type":"MultiPolygon","coordinates":[[[[-1.6302,48.2853],[-1.6221,48.2792],[-1.6389,48.2727],[-1.6433,48.2618],[-1.6521,48.2613],[-1.6518,48.2576],[-1.6991,48.2562],[-1.7228,48.2593],[-1.7353,48.257],[-1.7385,48.2618],[-1.7349,48.2662],[-1.7225,48.2639],[-1.704,48.2659],[-1.7033,48.2686],[-1.6926,48.2726],[-1.6879,48.2828],[-1.6829,48.2823],[-1.6758,48.2876],[-1.6727,48.2963],[-1.6501,48.2948],[-1.6427,48.2875],[-1.6351,48.2909],[-1.6302,48.2853]]]]}},{"type":"Feature","properties":{"territoire":"35297","nom":"Saint-Méen-le-Grand","type":"commune"},"geometry":{"type":"MultiPolygon","coordinates":[[[[-2.1839,48.2152],[-2.1781,48.2176],[-2.1754,48.2088],[-2.1529,48.209],[-2.1525,48.2061],[-2.1609,48.1978],[-2.1606,48.1928],[-2.1705,48.1897],[-2.1693,48.1878],[-2.1765,48.1849],[-2.1768,48.1785],[-2.1825,48.1793],[-2.1857,48.1718],[-2.1942,48.1671],[-2.211,48.1674],[-2.2249,48.1706],[-2.2226,48.1792],[-2.2246,48.1846],[-2.2223,48.185],[-2.2215,48.1926],[-2.2194,48.1933],[-2.2215,48.2004],[-2.2182,48.2043],[-2.2242,48.204],[-2.2242,48.2083],[-2.227,48.2083],[-2.2278,48.2112],[-2.2128,48.2142],[-2.2014,48.2067],[-2.1839,48.2103],[-2.1839,48.2152]]]]}},{"type":"Feature","properties":{"territoire":"35299","nom":"Saint-Méloir-des-Ondes","type":"commune"},"geometry":{"type":"MultiPolygon","coordinates":[[[[-1.9172,48.6161],[-1.9288,48.6154],[-1.9432,48.6238],[-1.9424,48.6307],[-1.9492,48.6317],[-1.9517,48.6357],[-1.9463,48.6393],[-1.9533,48.6418],[-1.9525,48.6481],[-1.9474,48.6536],[-1.9426,48.6528],[-1.9366,48.6572],[-1.9375,48.6587],[-1.9225,48.6626],[-1.9096,48.6604],[-1.8932,48.6638],[-1.8643,48.6573],[-1.8687,48.6526],[-1.8686,48.6489],[-1.8722,48.6466],[-1.8575,48.6245],[-1.867,48.6177],[-1.8854,48.6181],[-1.8854,48.6147],[-1.8982,48.6165],[-1.9046,48.6141],[-1.9127,48.6145],[-1.9148,48.6198],[-1.9172,48.6196],[-1.9172,48.6161]]]]}},{"type":"Feature","properties":{"territoire":"35302","nom":"Saint-Onen-la-Chapelle","type":"commune"},"geometry":{"type":"MultiPolygon","coordinates":[[[[-2.1307,48.1474],[-2.1391,48.1443],[-2.1459,48.1464],[-2.1623,48.1432],[-2.1636,48.1485],[-2.1735,48.1465],[-2.1782,48.149],[-2.183,48.1558],[-2.199,48.1529],[-2.2023,48.1602],[-2.2078,48.1621],[-2.2081,48.1642],[-2.205,48.1685],[-2.1942,48.1671],[-2.186,48.1716],[-2.1825,48.1793],[-2.1768,48.1785],[-2.1765,48.1849],[-2.1645,48.1925],[-2.1358,48.1977],[-2.1313,48.1947],[-2.1215,48.1947],[-2.1176,48.1862],[-2.1092,48.1866],[-2.1199,48.1823],[-2.1293,48.1737],[-2.127,48.1729],[-2.1287,48.171],[-2.1252,48.1707],[-2.1231,48.1632],[-2.1242,48.1557],[-2.1319,48.1517],[-2.1307,48.1474]]]]}},{"type":"Feature","properties":{"territoire":"35304","nom":"Saint-Ouen-des-Alleux","type":"commune"},"geometry":{"type":"MultiPolygon","coordinates":[[[[-1.408,48.3475],[-1.4069,48.34],[-1.4041,48.3368],[-1.3963,48.3374],[-1.3891,48.3335],[-1.3866,48.3289],[-1.3903,48.3282],[-1.3884,48.3191],[-1.4039,48.3165],[-1.4091,48.31],[-1.4127,48.312],[-1.4176,48.3101],[-1.43,48.3116],[-1.4317,48.3143],[-1.4391,48.3139],[-1.4405,48.3163],[-1.4557,48.3203],[-1.4708,48.3204],[-1.4827,48.3262],[-1.4744,48.3315],[-1.4706,48.3302],[-1.4548,48.336],[-1.4461,48.3346],[-1.4373,48.3389],[-1.431,48.3375],[-1.4275,48.3413],[-1.4234,48.3396],[-1.4224,48.3424],[-1.408,48.3475]]]]}},{"type":"Feature","properties":{"territoire":"35305","nom":"Saint-Péran","type":"commune"},"geometry":{"type":"MultiPolygon","coordinates":[[[[-2.0703,48.0391],[-2.0768,48.041],[-2.0731,48.0448],[-2.0742,48.05],[-2.085,48.0499],[-2.0886,48.055],[-2.0881,48.0587],[-2.0808,48.0633],[-2.0835,48.0646],[-2.0855,48.071],[-2.0914,48.074],[-2.074,48.0732],[-2.068,48.0676],[-2.0623,48.0707],[-2.0542,48.0709],[-2.0449,48.0663],[-2.0441,48.0563],[-2.0385,48.05],[-2.0384,48.0461],[-2.0519,48.0451],[-2.0602,48.0404],[-2.0703,48.0391]]]]}},{"type":"Feature","properties":{"territoire":"35306","nom":"Saint-Père-Marc-en-Poulet","type":"commune"},"geometry":{"type":"MultiPolygon","coordinates":[[[[-1.9249,48.6149],[-1.9172,48.6161],[-1.9173,48.6113],[-1.9101,48.6105],[-1.9101,48.6081],[-1.9065,48.6077],[-1.908,48.6044],[-1.9022,48.6025],[-1.907,48.5991],[-1.9089,48.593],[-1.9078,48.5903],[-1.9044,48.5902],[-1.9106,48.5838],[-1.9069,48.5806],[-1.9064,48.5761],[-1.9035,48.577],[-1.9034,48.5728],[-1.8936,48.5725],[-1.8901,48.568],[-1.9112,48.5629],[-1.9293,48.565],[-1.9331,48.5619],[-1.9331,48.5589],[-1.9419,48.5539],[-1.9488,48.568],[-1.9469,48.5706],[-1.9565,48.5719],[-1.9541,48.5789],[-1.966,48.5854],[-1.9606,48.5886],[-1.9626,48.5931],[-1.9602,48.5989],[-1.9432,48.5976],[-1.9373,48.6005],[-1.9353,48.6055],[-1.9274,48.6058],[-1.9256,48.6084],[-1.9268,48.6142],[-1.9249,48.6149]]]]}},{"type":"Feature","properties":{"territoire":"35307","nom":"Saint-Pern","type":"commune"},"geometry":{"type":"MultiPolygon","coordinates":[[[[-1.9583,48.2929],[-1.9557,48.2859],[-1.959,48.2757],[-1.952,48.2752],[-1.9506,48.2712],[-1.9656,48.2705],[-1.9659,48.2683],[-1.9744,48.2661],[-1.9766,48.2627],[-1.9859,48.2658],[-1.9888,48.2696],[-2.0007,48.266],[-2.006,48.269],[-2.0171,48.2672],[-2.0121,48.2705],[-2.0141,48.2797],[-2.0021,48.2807],[-2.0052,48.2921],[-1.9976,48.2902],[-1.9983,48.2973],[-1.9751,48.3017],[-1.9722,48.2948],[-1.9667,48.2911],[-1.9583,48.2929]]]]}},{"type":"Feature","properties":{"territoire":"35308","nom":"Mesnil-Roc'h","type":"commune"},"geometry":{"type":"MultiPolygon","coordinates":[[[[-1.9151,48.4339],[-1.9257,48.4349],[-1.9393,48.4426],[-1.9384,48.4476],[-1.9278,48.4531],[-1.9238,48.4616],[-1.9264,48.4677],[-1.9318,48.4703],[-1.9288,48.4764],[-1.9092,48.4816],[-1.9103,48.477],[-1.8971,48.4808],[-1.8899,48.4782],[-1.887,48.4841],[-1.8875,48.4877],[-1.894,48.4913],[-1.8911,48.4967],[-1.882,48.4923],[-1.8693,48.4913],[-1.8662,48.4861],[-1.852,48.4783],[-1.8528,48.476],[-1.8401,48.477],[-1.8361,48.4728],[-1.8265,48.4723],[-1.8227,48.4631],[-1.8127,48.4646],[-1.8132,48.4578],[-1.8238,48.4379],[-1.8352,48.4366],[-1.8436,48.4397],[-1.8425,48.4442],[-1.8475,48.445],[-1.8543,48.4443],[-1.8561,48.4358],[-1.862,48.4314],[-1.9005,48.4316],[-1.9151,48.4339]]]]}},{"type":"Feature","properties":{"territoire":"35309","nom":"Saint-Rémy-du-Plain","type":"commune"},"geometry":{"type":"MultiPolygon","coordinates":[[[[-1.5394,48.3636],[-1.5401,48.3605],[-1.5471,48.36],[-1.5405,48.352],[-1.5454,48.3505],[-1.5545,48.3521],[-1.5585,48.3487],[-1.5666,48.3529],[-1.591,48.3543],[-1.5804,48.364],[-1.5792,48.3684],[-1.5813,48.3761],[-1.5762,48.3794],[-1.5808,48.3844],[-1.5811,48.3895],[-1.5991,48.3939],[-1.5859,48.4046],[-1.5755,48.4045],[-1.5597,48.3981],[-1.5606,48.394],[-1.549,48.3905],[-1.5453,48.3785],[-1.5488,48.3742],[-1.5486,48.37],[-1.5436,48.3701],[-1.5462,48.3663],[-1.5394,48.3636]]]]}},{"type":"Feature","properties":{"territoire":"35310","nom":"Saint-Sauveur-des-Landes","type":"commune"},"geometry":{"type":"MultiPolygon","coordinates":[[[[-1.3349,48.3183],[-1.3382,48.3206],[-1.3348,48.3298],[-1.3418,48.3316],[-1.3341,48.3441],[-1.3371,48.351],[-1.3356,48.3533],[-1.342,48.3596],[-1.3464,48.3607],[-1.3422,48.3648],[-1.3384,48.3638],[-1.3307,48.3673],[-1.3149,48.3694],[-1.3124,48.3725],[-1.3076,48.3722],[-1.3085,48.3765],[-1.2939,48.3766],[-1.2962,48.3661],[-1.2944,48.3641],[-1.2875,48.3645],[-1.2894,48.3642],[-1.2881,48.3619],[-1.2899,48.359],[-1.287,48.3557],[-1.2885,48.3545],[-1.2852,48.3532],[-1.2933,48.3476],[-1.2959,48.3424],[-1.2911,48.3359],[-1.292,48.3317],[-1.2893,48.327],[-1.2927,48.3277],[-1.2966,48.3238],[-1.304,48.324],[-1.3128,48.3182],[-1.3202,48.3244],[-1.3349,48.3183]]]]}},{"type":"Feature","properties":{"territoire":"35311","nom":"Saint-Séglin","type":"commune"},"geometry":{"type":"MultiPolygon","coordinates":[[[[-2.0109,47.8423],[-2.0211,47.8469],[-2.0233,47.8457],[-2.0238,47.8407],[-2.0335,47.8386],[-2.0363,47.8337],[-2.0478,47.8364],[-2.0522,47.842],[-2.0503,47.8442],[-2.0544,47.85],[-2.0541,47.8542],[-2.0509,47.8571],[-2.0402,47.8571],[-2.031,47.8643],[-2.0024,47.8668],[-1.9935,47.8642],[-2.0057,47.8576],[-1.9961,47.8541],[-2.0109,47.8423]]]]}},{"type":"Feature","properties":{"territoire":"35312","nom":"Saint-Senoux","type":"commune"},"geometry":{"type":"MultiPolygon","coordinates":[[[[-1.7963,47.9416],[-1.7917,47.94],[-1.7884,47.9437],[-1.789,47.9356],[-1.7801,47.9345],[-1.779,47.9286],[-1.7684,47.9313],[-1.7671,47.9265],[-1.7572,47.9233],[-1.7657,47.9224],[-1.7703,47.919],[-1.7577,47.9003],[-1.7585,47.8967],[-1.7855,47.8909],[-1.7858,47.8858],[-1.7905,47.8851],[-1.8107,47.8869],[-1.8211,47.8943],[-1.8158,47.9036],[-1.8174,47.906],[-1.816,47.9119],[-1.8092,47.9148],[-1.8049,47.9303],[-1.7963,47.9416]]]]}},{"type":"Feature","properties":{"territoire":"35314","nom":"Saint-Suliac","type":"commune"},"geometry":{"type":"MultiPolygon","coordinates":[[[[-1.9555,48.5761],[-1.9565,48.5719],[-1.9469,48.5706],[-1.9488,48.5681],[-1.947,48.5643],[-1.9505,48.5652],[-1.952,48.5595],[-1.96,48.5621],[-1.9609,48.556],[-1.9694,48.5576],[-1.9774,48.5561],[-1.9725,48.5652],[-1.9759,48.5703],[-1.981,48.5719],[-1.9871,48.5846],[-1.9814,48.5864],[-1.9617,48.5745],[-1.9555,48.5761]]]]}},{"type":"Feature","properties":{"territoire":"35316","nom":"Saint-Sulpice-des-Landes","type":"commune"},"geometry":{"type":"MultiPolygon","coordinates":[[[[-1.5982,47.7665],[-1.6055,47.7627],[-1.6131,47.7645],[-1.618,47.762],[-1.621,47.7643],[-1.6272,47.7597],[-1.6344,47.7611],[-1.648,47.7594],[-1.6495,47.7619],[-1.6464,47.7648],[-1.6486,47.767],[-1.6421,47.7757],[-1.6493,47.7941],[-1.6266,47.7977],[-1.6225,47.7963],[-1.6115,47.7898],[-1.6148,47.783],[-1.6116,47.779],[-1.5981,47.7783],[-1.594,47.7757],[-1.5942,47.7727],[-1.5985,47.7698],[-1.5937,47.7675],[-1.5982,47.7665]]]]}},{"type":"Feature","properties":{"territoire":"35318","nom":"Saint-Thual","type":"commune"},"geometry":{"type":"MultiPolygon","coordinates":[[[[-1.9021,48.3311],[-1.9061,48.3302],[-1.9081,48.3261],[-1.9138,48.3265],[-1.9152,48.3219],[-1.9207,48.3233],[-1.922,48.3188],[-1.9327,48.3226],[-1.9317,48.3248],[-1.9335,48.325],[-1.9554,48.3188],[-1.9669,48.343],[-1.9464,48.3424],[-1.9301,48.3466],[-1.932,48.3546],[-1.9283,48.3556],[-1.9259,48.3557],[-1.9239,48.35],[-1.9208,48.351],[-1.9199,48.3491],[-1.917,48.3498],[-1.9166,48.3533],[-1.908,48.3525],[-1.9047,48.3446],[-1.9066,48.3383],[-1.9021,48.3311]]]]}},{"type":"Feature","properties":{"territoire":"35319","nom":"Saint-Thurial","type":"commune"},"geometry":{"type":"MultiPolygon","coordinates":[[[[-1.9056,48.0242],[-1.9278,48.0228],[-1.9304,48.015],[-1.9447,48.0174],[-1.9471,48.0138],[-1.9589,48.0126],[-1.9628,48.0148],[-1.9723,48.0138],[-1.971,48.0172],[-1.983,48.0194],[-1.9804,48.0216],[-1.9806,48.0259],[-1.9748,48.0281],[-1.9716,48.0324],[-1.9624,48.0344],[-1.9647,48.0461],[-1.9692,48.0464],[-1.958,48.0513],[-1.9327,48.0551],[-1.9185,48.049],[-1.9055,48.0483],[-1.9019,48.0453],[-1.9046,48.0378],[-1.9076,48.0363],[-1.9043,48.0306],[-1.9056,48.0242]]]]}},{"type":"Feature","properties":{"territoire":"35321","nom":"Saulnières","type":"commune"},"geometry":{"type":"MultiPolygon","coordinates":[[[[-1.552,47.9233],[-1.5663,47.9108],[-1.5669,47.9026],[-1.5761,47.9019],[-1.578,47.8986],[-1.5874,47.8962],[-1.5972,47.9057],[-1.5976,47.9134],[-1.5925,47.9271],[-1.5953,47.9343],[-1.5842,47.9365],[-1.5825,47.9426],[-1.5788,47.942],[-1.5794,47.9387],[-1.5705,47.9384],[-1.5707,47.9359],[-1.5568,47.9302],[-1.552,47.9233]]]]}},{"type":"Feature","properties":{"territoire":"35322","nom":"Le Sel-de-Bretagne","type":"commune"},"geometry":{"type":"MultiPolygon","coordinates":[[[[-1.6169,47.8779],[-1.6159,47.8852],[-1.6201,47.886],[-1.615,47.8887],[-1.6273,47.8969],[-1.6182,47.9094],[-1.6185,47.9126],[-1.6118,47.9176],[-1.601,47.9203],[-1.5955,47.9189],[-1.5972,47.9057],[-1.5873,47.8962],[-1.5922,47.8901],[-1.5872,47.8884],[-1.5911,47.8799],[-1.6028,47.8812],[-1.6169,47.8779]]]]}},{"type":"Feature","properties":{"territoire":"35324","nom":"La Selle-en-Luitré","type":"commune"},"geometry":{"type":"MultiPolygon","coordinates":[[[[-1.1145,48.3149],[-1.1199,48.3138],[-1.1244,48.3077],[-1.1295,48.307],[-1.1458,48.3086],[-1.152,48.3162],[-1.1537,48.3155],[-1.1526,48.3116],[-1.16,48.3133],[-1.1714,48.3087],[-1.1763,48.3111],[-1.1726,48.3176],[-1.1734,48.3333],[-1.1782,48.3387],[-1.1749,48.3399],[-1.1632,48.3372],[-1.1625,48.3338],[-1.1572,48.3328],[-1.155,48.328],[-1.1511,48.3259],[-1.1364,48.331],[-1.1367,48.3274],[-1.1225,48.3186],[-1.1246,48.3156],[-1.1145,48.3149]]]]}},{"type":"Feature","properties":{"territoire":"35325","nom":"La Selle-Guerchaise","type":"commune"},"geometry":{"type":"MultiPolygon","coordinates":[[[[-1.1616,47.9528],[-1.1604,47.9385],[-1.1667,47.9364],[-1.1673,47.9341],[-1.1825,47.9391],[-1.1837,47.9427],[-1.1818,47.9445],[-1.1616,47.9528]]]]}},{"type":"Feature","properties":{"territoire":"35326","nom":"Sens-de-Bretagne","type":"commune"},"geometry":{"type":"MultiPolygon","coordinates":[[[[-1.6101,48.3519],[-1.6039,48.3538],[-1.5989,48.3503],[-1.5882,48.3549],[-1.5742,48.3537],[-1.5738,48.352],[-1.5666,48.3529],[-1.5585,48.3487],[-1.5545,48.3521],[-1.5454,48.3505],[-1.5405,48.352],[-1.5471,48.36],[-1.5401,48.3605],[-1.5397,48.3653],[-1.534,48.3656],[-1.5304,48.3696],[-1.524,48.3678],[-1.5075,48.3721],[-1.5101,48.3752],[-1.5065,48.3796],[-1.5034,48.3762],[-1.5026,48.3677],[-1.5044,48.363],[-1.5073,48.3623],[-1.5068,48.355],[-1.5161,48.3521],[-1.515,48.3454],[-1.5207,48.3425],[-1.5298,48.3228],[-1.5439,48.306],[-1.5657,48.2947],[-1.5762,48.294],[-1.5793,48.298],[-1.5633,48.309],[-1.5641,48.3103],[-1.575,48.3174],[-1.5844,48.3193],[-1.5878,48.3285],[-1.6018,48.334],[-1.6025,48.3407],[-1.6081,48.3455],[-1.6075,48.3488],[-1.6101,48.3519]]]]}},{"type":"Feature","properties":{"territoire":"35327","nom":"Servon-sur-Vilaine","type":"commune"},"geometry":{"type":"MultiPolygon","coordinates":[[[[-1.4399,48.1379],[-1.441,48.1353],[-1.4359,48.1355],[-1.4319,48.1248],[-1.4337,48.1201],[-1.43,48.1132],[-1.4401,48.1089],[-1.4374,48.1031],[-1.4405,48.1017],[-1.44,48.0991],[-1.4344,48.0984],[-1.4334,48.0945],[-1.4441,48.0969],[-1.4569,48.0947],[-1.4644,48.0959],[-1.468,48.1007],[-1.4692,48.1149],[-1.4747,48.1171],[-1.4776,48.114],[-1.4807,48.1142],[-1.4803,48.1214],[-1.4864,48.1225],[-1.4818,48.1316],[-1.4851,48.1331],[-1.4871,48.1415],[-1.4683,48.1515],[-1.4657,48.1399],[-1.4631,48.1379],[-1.4663,48.1326],[-1.4574,48.1343],[-1.4465,48.141],[-1.445,48.1364],[-1.4399,48.1379]]]]}},{"type":"Feature","properties":{"territoire":"35328","nom":"Sixt-sur-Aff","type":"commune"},"geometry":{"type":"MultiPolygon","coordinates":[[[[-2.0619,47.7514],[-2.0838,47.75],[-2.0856,47.7549],[-2.0845,47.7628],[-2.1271,47.761],[-2.1282,47.7688],[-2.1236,47.7715],[-2.1111,47.771],[-2.1088,47.7756],[-2.1098,47.7787],[-2.0961,47.7783],[-2.0837,47.7844],[-2.0799,47.7894],[-2.0736,47.7892],[-2.0723,47.7986],[-2.0699,47.801],[-2.0715,47.8019],[-2.0695,47.8025],[-2.0698,47.8122],[-2.047,47.8192],[-2.0397,47.8185],[-2.0339,47.8156],[-2.0296,47.8064],[-2.02,47.7971],[-2.007,47.7927],[-2.0096,47.7797],[-2.0154,47.776],[-2.0212,47.7655],[-2.0146,47.7645],[-2.0095,47.7607],[-2.0093,47.752],[-2.0065,47.747],[-1.9986,47.7482],[-1.9945,47.7452],[-1.9846,47.7448],[-1.9838,47.7419],[-1.9866,47.7409],[-1.9855,47.7347],[-1.9872,47.7323],[-1.9926,47.7319],[-1.9971,47.7325],[-1.9985,47.7353],[-2.0016,47.7331],[-2.0191,47.7399],[-2.0314,47.7417],[-2.0351,47.7448],[-2.038,47.7534],[-2.0442,47.7558],[-2.0619,47.7514]]]]}},{"type":"Feature","properties":{"territoire":"35329","nom":"Sougeal","type":"commune"},"geometry":{"type":"MultiPolygon","coordinates":[[[[-1.5179,48.5298],[-1.5107,48.527],[-1.5119,48.5238],[-1.5082,48.5234],[-1.5072,48.5199],[-1.504,48.519],[-1.506,48.5162],[-1.5033,48.5165],[-1.4956,48.5089],[-1.4956,48.5041],[-1.4897,48.4962],[-1.4897,48.4885],[-1.4852,48.4873],[-1.4857,48.4829],[-1.5011,48.4782],[-1.5107,48.4805],[-1.5207,48.4888],[-1.5284,48.4895],[-1.5315,48.485],[-1.5409,48.4862],[-1.5387,48.4892],[-1.5412,48.4969],[-1.5387,48.5033],[-1.5321,48.5059],[-1.5377,48.5176],[-1.5285,48.527],[-1.5251,48.5263],[-1.5244,48.5298],[-1.5179,48.5298]]]]}},{"type":"Feature","properties":{"territoire":"35330","nom":"Taillis","type":"commune"},"geometry":{"type":"MultiPolygon","coordinates":[[[[-1.2634,48.1698],[-1.2713,48.1761],[-1.2628,48.1868],[-1.2567,48.1878],[-1.2538,48.1984],[-1.2449,48.2027],[-1.2397,48.2026],[-1.2368,48.2073],[-1.2283,48.2112],[-1.2195,48.2103],[-1.2203,48.2029],[-1.2166,48.2019],[-1.2176,48.1988],[-1.2151,48.1955],[-1.2269,48.1908],[-1.2247,48.1858],[-1.2265,48.1839],[-1.2232,48.1833],[-1.2278,48.1788],[-1.2245,48.1762],[-1.2256,48.1727],[-1.2187,48.1712],[-1.2206,48.1657],[-1.2277,48.1613],[-1.2377,48.1605],[-1.2581,48.1706],[-1.2634,48.1698]]]]}},{"type":"Feature","properties":{"territoire":"35331","nom":"Talensac","type":"commune"},"geometry":{"type":"MultiPolygon","coordinates":[[[[-1.9096,48.0983],[-1.8983,48.0864],[-1.8895,48.084],[-1.8857,48.0758],[-1.8757,48.0713],[-1.8921,48.0688],[-1.9016,48.0614],[-1.9204,48.0583],[-1.918,48.0769],[-1.9198,48.081],[-1.9297,48.0794],[-1.9439,48.0817],[-1.9455,48.0839],[-1.9629,48.0844],[-1.9634,48.0894],[-1.969,48.0941],[-1.9684,48.1021],[-1.9598,48.1018],[-1.9583,48.1085],[-1.9544,48.109],[-1.9451,48.1191],[-1.9302,48.1227],[-1.9264,48.121],[-1.9294,48.1178],[-1.9263,48.1142],[-1.9126,48.1121],[-1.9134,48.1062],[-1.9075,48.1029],[-1.9096,48.0983]]]]}},{"type":"Feature","properties":{"territoire":"35332","nom":"Teillay","type":"commune"},"geometry":{"type":"MultiPolygon","coordinates":[[[[-1.4828,47.8316],[-1.4814,47.8283],[-1.475,47.8252],[-1.4739,47.8193],[-1.4672,47.8099],[-1.4669,47.8073],[-1.4717,47.8027],[-1.4909,47.7982],[-1.5005,47.7986],[-1.5032,47.8017],[-1.5208,47.7934],[-1.529,47.7848],[-1.5498,47.7828],[-1.5539,47.7851],[-1.5654,47.7787],[-1.5756,47.7785],[-1.5674,47.7859],[-1.5695,47.7887],[-1.5634,47.792],[-1.567,47.7941],[-1.5605,47.7969],[-1.5747,47.8083],[-1.5736,47.8114],[-1.5647,47.8137],[-1.5627,47.8191],[-1.5479,47.8188],[-1.5148,47.8252],[-1.5016,47.8291],[-1.5028,47.8313],[-1.495,47.8342],[-1.491,47.831],[-1.4828,47.8316]]]]}},{"type":"Feature","properties":{"territoire":"35333","nom":"Le Theil-de-Bretagne","type":"commune"},"geometry":{"type":"MultiPolygon","coordinates":[[[[-1.4288,47.89],[-1.4336,47.895],[-1.4326,47.8976],[-1.4398,47.903],[-1.4553,47.9047],[-1.462,47.9077],[-1.4625,47.9168],[-1.4658,47.9214],[-1.4709,47.923],[-1.472,47.9277],[-1.4789,47.9297],[-1.4646,47.9344],[-1.4628,47.9314],[-1.455,47.9301],[-1.4507,47.9336],[-1.4449,47.9344],[-1.4453,47.9363],[-1.4358,47.9373],[-1.4293,47.933],[-1.4124,47.9343],[-1.3981,47.9287],[-1.3856,47.9358],[-1.379,47.9361],[-1.3735,47.9419],[-1.3638,47.9385],[-1.368,47.9333],[-1.3713,47.9227],[-1.377,47.919],[-1.3916,47.9154],[-1.3975,47.9073],[-1.4011,47.9059],[-1.409,47.8932],[-1.4255,47.8878],[-1.4288,47.89]]]]}},{"type":"Feature","properties":{"territoire":"35334","nom":"Thorigné-Fouillard","type":"commune"},"geometry":{"type":"MultiPolygon","coordinates":[[[[-1.6124,48.1604],[-1.6238,48.1689],[-1.6143,48.1794],[-1.6098,48.1797],[-1.6067,48.1773],[-1.5949,48.1794],[-1.5961,48.169],[-1.5925,48.1654],[-1.5881,48.1683],[-1.5746,48.1684],[-1.5698,48.1718],[-1.5532,48.1712],[-1.5603,48.1668],[-1.5493,48.1628],[-1.562,48.1591],[-1.5621,48.1484],[-1.5695,48.1411],[-1.5578,48.1388],[-1.5577,48.1329],[-1.5652,48.1292],[-1.5679,48.1251],[-1.5702,48.1268],[-1.5708,48.1366],[-1.5755,48.1393],[-1.5848,48.1379],[-1.5891,48.1277],[-1.5966,48.1286],[-1.5967,48.132],[-1.5899,48.1366],[-1.5916,48.1399],[-1.5855,48.1414],[-1.5937,48.1464],[-1.588,48.1493],[-1.5938,48.1562],[-1.6091,48.1577],[-1.6124,48.1604]]]]}},{"type":"Feature","properties":{"territoire":"35335","nom":"Thourie","type":"commune"},"geometry":{"type":"MultiPolygon","coordinates":[[[[-1.507,47.8402],[-1.5017,47.8425],[-1.5049,47.8476],[-1.5008,47.8517],[-1.5018,47.8539],[-1.4971,47.8614],[-1.4985,47.8633],[-1.491,47.8655],[-1.4837,47.8752],[-1.4785,47.8774],[-1.4575,47.8646],[-1.443,47.8634],[-1.4401,47.8563],[-1.4346,47.8581],[-1.4239,47.8538],[-1.4106,47.8541],[-1.4041,47.8446],[-1.4049,47.8402],[-1.4076,47.8386],[-1.4082,47.8285],[-1.4157,47.827],[-1.4235,47.8328],[-1.4397,47.8305],[-1.4478,47.8332],[-1.4576,47.8311],[-1.4624,47.8359],[-1.4713,47.833],[-1.4786,47.8358],[-1.4832,47.8314],[-1.491,47.831],[-1.507,47.8402]]]]}},{"type":"Feature","properties":{"territoire":"35336","nom":"Le Tiercent","type":"commune"},"geometry":{"type":"MultiPolygon","coordinates":[[[[-1.408,48.3475],[-1.4224,48.3424],[-1.422,48.3402],[-1.4243,48.3396],[-1.434,48.3459],[-1.4389,48.3442],[-1.4393,48.3489],[-1.4457,48.3547],[-1.4372,48.3584],[-1.4298,48.3539],[-1.4236,48.3561],[-1.4214,48.3521],[-1.4155,48.3527],[-1.4116,48.3562],[-1.4041,48.3563],[-1.3969,48.3528],[-1.4015,48.3513],[-1.4019,48.3486],[-1.408,48.3475]]]]}},{"type":"Feature","properties":{"territoire":"35337","nom":"Tinténiac","type":"commune"},"geometry":{"type":"MultiPolygon","coordinates":[[[[-1.8635,48.3125],[-1.8765,48.3135],[-1.8763,48.3188],[-1.8893,48.3218],[-1.8844,48.3258],[-1.8902,48.3308],[-1.8887,48.3374],[-1.8839,48.3399],[-1.8677,48.336],[-1.8672,48.3384],[-1.8489,48.3407],[-1.8472,48.3437],[-1.8423,48.3397],[-1.8353,48.3389],[-1.8338,48.3348],[-1.8103,48.3383],[-1.8003,48.333],[-1.7914,48.3383],[-1.7812,48.3385],[-1.7742,48.3349],[-1.7734,48.3297],[-1.769,48.3251],[-1.7991,48.3154],[-1.8073,48.2968],[-1.8231,48.2927],[-1.8266,48.2934],[-1.8324,48.3032],[-1.8294,48.3036],[-1.8306,48.3057],[-1.8227,48.3174],[-1.8439,48.3226],[-1.8556,48.3125],[-1.861,48.3146],[-1.8635,48.3125]]]]}},{"type":"Feature","properties":{"territoire":"35338","nom":"Torcé","type":"commune"},"geometry":{"type":"MultiPolygon","coordinates":[[[[-1.2875,48.0449],[-1.2925,48.0481],[-1.302,48.0483],[-1.302,48.0538],[-1.308,48.0681],[-1.2865,48.0706],[-1.2831,48.0726],[-1.286,48.0792],[-1.2778,48.077],[-1.2723,48.0815],[-1.2646,48.0803],[-1.2622,48.0767],[-1.2579,48.0759],[-1.2625,48.0747],[-1.2628,48.0701],[-1.253,48.0722],[-1.2401,48.0701],[-1.2364,48.0663],[-1.2378,48.0638],[-1.2357,48.0619],[-1.2351,48.0542],[-1.2324,48.0538],[-1.2358,48.0495],[-1.2496,48.0481],[-1.2623,48.0498],[-1.2753,48.0471],[-1.2827,48.0488],[-1.2875,48.0449]]]]}},{"type":"Feature","properties":{"territoire":"35339","nom":"Trans-la-Forêt","type":"commune"},"geometry":{"type":"MultiPolygon","coordinates":[[[[-1.6168,48.4663],[-1.6283,48.4696],[-1.6271,48.4735],[-1.6306,48.4785],[-1.6268,48.4844],[-1.6345,48.4975],[-1.6287,48.5018],[-1.6004,48.5084],[-1.5967,48.5082],[-1.5946,48.5043],[-1.5858,48.5008],[-1.5775,48.5021],[-1.5773,48.4959],[-1.5686,48.4842],[-1.5815,48.4754],[-1.59,48.4755],[-1.5901,48.4725],[-1.5979,48.4739],[-1.6056,48.4676],[-1.6168,48.4663]]]]}},{"type":"Feature","properties":{"territoire":"35340","nom":"Treffendel","type":"commune"},"geometry":{"type":"MultiPolygon","coordinates":[[[[-2.0384,48.0462],[-2.033,48.0484],[-2.0192,48.0469],[-2.0017,48.0539],[-1.9964,48.0517],[-1.9977,48.0424],[-1.9911,48.0437],[-1.9831,48.0408],[-1.9767,48.0442],[-1.9646,48.0458],[-1.9621,48.035],[-1.9716,48.0324],[-1.9748,48.0281],[-1.9806,48.0259],[-1.982,48.0181],[-2.0223,48.0079],[-2.0334,48.0107],[-2.0315,48.0164],[-2.0367,48.0201],[-2.0381,48.0328],[-2.0435,48.0321],[-2.0497,48.0386],[-2.0478,48.0449],[-2.0384,48.0462]]]]}},{"type":"Feature","properties":{"territoire":"35350","nom":"Vergéal","type":"commune"},"geometry":{"type":"MultiPolygon","coordinates":[[[[-1.2358,48.0495],[-1.2244,48.0448],[-1.2298,48.0351],[-1.2345,48.0354],[-1.2375,48.0253],[-1.2417,48.0221],[-1.2388,48.0184],[-1.2562,48.02],[-1.2658,48.0175],[-1.2678,48.02],[-1.2667,48.0258],[-1.2795,48.0297],[-1.2818,48.0357],[-1.2787,48.0388],[-1.288,48.0414],[-1.2873,48.0468],[-1.2834,48.0487],[-1.2753,48.0471],[-1.2623,48.0498],[-1.2496,48.0481],[-1.2358,48.0495]]]]}},{"type":"Feature","properties":{"territoire":"35351","nom":"Le Verger","type":"commune"},"geometry":{"type":"MultiPolygon","coordinates":[[[[-1.9532,48.0523],[-1.9566,48.0615],[-1.9616,48.0646],[-1.9567,48.0664],[-1.9489,48.0742],[-1.936,48.0773],[-1.9346,48.0809],[-1.9246,48.0794],[-1.9198,48.081],[-1.918,48.0769],[-1.9204,48.0583],[-1.9016,48.0614],[-1.8921,48.0688],[-1.8741,48.0716],[-1.8766,48.0695],[-1.8924,48.0684],[-1.9056,48.0596],[-1.9193,48.0587],[-1.9292,48.054],[-1.9532,48.0523]]]]}},{"type":"Feature","properties":{"territoire":"35353","nom":"Vezin-le-Coquet","type":"commune"},"geometry":{"type":"MultiPolygon","coordinates":[[[[-1.7244,48.1208],[-1.7259,48.117],[-1.7312,48.1151],[-1.7286,48.1107],[-1.7366,48.1099],[-1.7341,48.1038],[-1.7421,48.0993],[-1.7502,48.1066],[-1.757,48.1064],[-1.7816,48.1208],[-1.7768,48.125],[-1.7585,48.1241],[-1.7532,48.1306],[-1.7463,48.1305],[-1.7451,48.1326],[-1.7306,48.1267],[-1.7284,48.1254],[-1.7301,48.1234],[-1.7244,48.1208]]]]}},{"type":"Feature","properties":{"territoire":"35354","nom":"Vieux-Viel","type":"commune"},"geometry":{"type":"MultiPolygon","coordinates":[[[[-1.5343,48.4852],[-1.5359,48.4781],[-1.5389,48.4781],[-1.5406,48.4827],[-1.5417,48.4805],[-1.5437,48.4831],[-1.5486,48.4818],[-1.5456,48.485],[-1.5554,48.4866],[-1.5576,48.4906],[-1.5717,48.4898],[-1.5777,48.4972],[-1.5737,48.5123],[-1.5548,48.5116],[-1.5559,48.5174],[-1.548,48.5172],[-1.5459,48.5214],[-1.536,48.52],[-1.5375,48.5156],[-1.5321,48.5059],[-1.5387,48.5033],[-1.5412,48.4974],[-1.5387,48.4892],[-1.5409,48.4862],[-1.5343,48.4852]]]]}},{"type":"Feature","properties":{"territoire":"35355","nom":"Vieux-Vy-sur-Couesnon","type":"commune"},"geometry":{"type":"MultiPolygon","coordinates":[[[[-1.47,48.3312],[-1.4744,48.3315],[-1.4784,48.3274],[-1.4824,48.3272],[-1.4773,48.3211],[-1.4795,48.3152],[-1.4849,48.3183],[-1.4972,48.3133],[-1.4987,48.3106],[-1.5123,48.3067],[-1.5164,48.3086],[-1.5271,48.3037],[-1.5379,48.3108],[-1.5406,48.3095],[-1.5241,48.332],[-1.5207,48.3425],[-1.515,48.3454],[-1.5161,48.3521],[-1.5068,48.355],[-1.5065,48.3631],[-1.4864,48.364],[-1.4721,48.3585],[-1.4739,48.3539],[-1.469,48.3531],[-1.4607,48.3444],[-1.47,48.3312]]]]}},{"type":"Feature","properties":{"territoire":"35356","nom":"Vignoc","type":"commune"},"geometry":{"type":"MultiPolygon","coordinates":[[[[-1.783,48.2661],[-1.7732,48.2816],[-1.7686,48.278],[-1.7632,48.2824],[-1.7587,48.2804],[-1.7544,48.2739],[-1.7486,48.2737],[-1.7383,48.2655],[-1.7347,48.2543],[-1.7357,48.2516],[-1.741,48.2498],[-1.7402,48.248],[-1.7424,48.2483],[-1.7418,48.2459],[-1.7471,48.2405],[-1.7543,48.2412],[-1.7567,48.2373],[-1.7775,48.2353],[-1.7796,48.2393],[-1.7763,48.2399],[-1.7785,48.2418],[-1.7899,48.2394],[-1.7897,48.2455],[-1.7941,48.2466],[-1.7862,48.2485],[-1.7871,48.2586],[-1.783,48.2661]]]]}},{"type":"Feature","properties":{"territoire":"35357","nom":"Villamée","type":"commune"},"geometry":{"type":"MultiPolygon","coordinates":[[[[-1.228,48.4374],[-1.2289,48.4401],[-1.2345,48.4398],[-1.2518,48.449],[-1.2476,48.4558],[-1.2419,48.4558],[-1.239,48.461],[-1.2303,48.4635],[-1.2278,48.4706],[-1.2231,48.4705],[-1.2166,48.4771],[-1.2103,48.4766],[-1.209,48.4714],[-1.2003,48.4641],[-1.1934,48.4625],[-1.183,48.4658],[-1.1806,48.4625],[-1.1893,48.4534],[-1.2092,48.4538],[-1.2063,48.4497],[-1.2128,48.4439],[-1.2127,48.4379],[-1.228,48.4374]]]]}},{"type":"Feature","properties":{"territoire":"35358","nom":"La Ville-ès-Nonais","type":"commune"},"geometry":{"type":"MultiPolygon","coordinates":[[[[-1.9471,48.5642],[-1.9419,48.5539],[-1.9318,48.5509],[-1.9469,48.5394],[-1.9698,48.5356],[-1.9645,48.5457],[-1.9602,48.549],[-1.9629,48.556],[-1.9609,48.556],[-1.96,48.5621],[-1.952,48.5595],[-1.9505,48.5652],[-1.9471,48.5642]]]]}},{"type":"Feature","properties":{"territoire":"35359","nom":"Visseiche","type":"commune"},"geometry":{"type":"MultiPolygon","coordinates":[[[[-1.2691,47.9541],[-1.2774,47.9426],[-1.2896,47.938],[-1.2834,47.933],[-1.2936,47.9303],[-1.2922,47.9357],[-1.2938,47.9378],[-1.3057,47.9421],[-1.306,47.9459],[-1.3123,47.9447],[-1.3149,47.9471],[-1.3227,47.9474],[-1.3261,47.9555],[-1.3337,47.9561],[-1.3354,47.9595],[-1.3229,47.9659],[-1.3193,47.9698],[-1.3211,47.9746],[-1.3194,47.9768],[-1.3041,47.977],[-1.3026,47.9842],[-1.2974,47.9845],[-1.2968,47.9871],[-1.293,47.9883],[-1.2852,47.9857],[-1.2831,47.9787],[-1.2771,47.9727],[-1.2774,47.9666],[-1.2731,47.964],[-1.2757,47.9599],[-1.2746,47.9559],[-1.2691,47.9541]]]]}},{"type":"Feature","properties":{"territoire":"35360","nom":"Vitré","type":"commune"},"geometry":{"type":"MultiPolygon","coordinates":[[[[-1.1627,48.0829],[-1.1659,48.0768],[-1.1847,48.0748],[-1.1919,48.0779],[-1.1946,48.0817],[-1.1993,48.081],[-1.209,48.0856],[-1.2151,48.0836],[-1.2208,48.0895],[-1.2293,48.0907],[-1.2314,48.0926],[-1.2254,48.097],[-1.222,48.1031],[-1.2337,48.1064],[-1.2219,48.1118],[-1.2325,48.12],[-1.242,48.1217],[-1.241,48.1271],[-1.2477,48.128],[-1.2493,48.1338],[-1.2427,48.1329],[-1.2401,48.1383],[-1.2278,48.1349],[-1.2271,48.1392],[-1.2177,48.1419],[-1.2192,48.1453],[-1.2147,48.1463],[-1.1694,48.143],[-1.1747,48.1374],[-1.1654,48.1379],[-1.1571,48.1439],[-1.1515,48.1419],[-1.1455,48.1433],[-1.1469,48.1395],[-1.1449,48.1344],[-1.1517,48.1302],[-1.1498,48.1282],[-1.1529,48.1213],[-1.1566,48.1207],[-1.1625,48.1149],[-1.1622,48.1119],[-1.1558,48.1078],[-1.158,48.1057],[-1.1567,48.1007],[-1.1614,48.0979],[-1.1605,48.0946],[-1.1633,48.0932],[-1.1627,48.0829]]]]}},{"type":"Feature","properties":{"territoire":"35361","nom":"Le Vivier-sur-Mer","type":"commune"},"geometry":{"type":"MultiPolygon","coordinates":[[[[-1.7832,48.5854],[-1.789,48.5939],[-1.7909,48.6062],[-1.7692,48.6036],[-1.7671,48.5995],[-1.7769,48.5953],[-1.7779,48.5881],[-1.7832,48.5854]]]]}},{"type":"Feature","properties":{"territoire":"35362","nom":"Le Tronchet","type":"commune"},"geometry":{"type":"MultiPolygon","coordinates":[[[[-1.866,48.5088],[-1.8578,48.5021],[-1.8528,48.5068],[-1.8536,48.5009],[-1.8474,48.4994],[-1.8381,48.5018],[-1.8396,48.505],[-1.8353,48.5082],[-1.8235,48.5083],[-1.8205,48.4993],[-1.817,48.4986],[-1.8107,48.5039],[-1.8061,48.4981],[-1.8072,48.4941],[-1.8158,48.4866],[-1.8209,48.4881],[-1.8218,48.4801],[-1.8296,48.4806],[-1.8393,48.4759],[-1.85,48.4754],[-1.8528,48.476],[-1.852,48.4783],[-1.8567,48.482],[-1.8662,48.4861],[-1.8688,48.4891],[-1.8685,48.4943],[-1.8742,48.5003],[-1.8744,48.5039],[-1.8717,48.5036],[-1.866,48.5088]]]]}},{"type":"Feature","properties":{"territoire":"35363","nom":"Pont-Péan","type":"commune"},"geometry":{"type":"MultiPolygon","coordinates":[[[[-1.7191,48.0073],[-1.717,48.0146],[-1.7115,48.0148],[-1.7142,48.0211],[-1.698,48.0254],[-1.6925,48.0303],[-1.6884,48.0306],[-1.6809,48.0276],[-1.6826,48.0189],[-1.6793,48.0148],[-1.6808,48.0131],[-1.6793,48.0072],[-1.6756,48.0042],[-1.6907,47.9923],[-1.6968,47.9923],[-1.7014,47.9928],[-1.7051,48.0014],[-1.7133,47.9996],[-1.7144,48.0045],[-1.7191,48.0073]]]]}},{"type":"Feature","properties":{"territoire":"56089","nom":"Inguiniel","type":"commune"},"geometry":{"type":"MultiPolygon","coordinates":[[[[-3.3064,47.9947],[-3.2884,47.9973],[-3.2773,47.9949],[-3.2697,47.9982],[-3.263,47.994],[-3.2561,47.9952],[-3.2564,47.9904],[-3.2439,47.982],[-3.2367,47.9819],[-3.233,47.9844],[-3.2313,47.9785],[-3.2244,47.9785],[-3.2139,47.9734],[-3.2151,47.9693],[-3.2231,47.9658],[-3.2121,47.9585],[-3.2139,47.9538],[-3.205,47.948],[-3.2054,47.9461],[-3.2138,47.9439],[-3.2202,47.938],[-3.2202,47.9334],[-3.2226,47.9323],[-3.2135,47.9129],[-3.2254,47.9163],[-3.2289,47.9144],[-3.2307,47.9095],[-3.2417,47.9116],[-3.2426,47.906],[-3.2552,47.9047],[-3.2631,47.9092],[-3.2749,47.9097],[-3.2786,47.915],[-3.2744,47.923],[-3.2774,47.928],[-3.2754,47.9326],[-3.2778,47.9331],[-3.278,47.938],[-3.2738,47.9451],[-3.2848,47.9479],[-3.2833,47.9515],[-3.2869,47.9532],[-3.2854,47.9557],[-3.2872,47.9607],[-3.298,47.9641],[-3.3023,47.9724],[-3.3105,47.9721],[-3.3171,47.9673],[-3.3259,47.9758],[-3.3372,47.9771],[-3.3323,47.983],[-3.3202,47.9889],[-3.3156,47.9936],[-3.3112,47.9889],[-3.3066,47.9912],[-3.3064,47.9947]]]]}},{"type":"Feature","properties":{"territoire":"56090","nom":"Inzinzac-Lochrist","type":"commune"},"geometry":{"type":"MultiPolygon","coordinates":[[[[-3.2813,47.8266],[-3.2935,47.8253],[-3.2957,47.8365],[-3.3067,47.843],[-3.3059,47.8472],[-3.3164,47.8506],[-3.3175,47.8572],[-3.3076,47.86],[-3.3049,47.8652],[-3.3021,47.8652],[-3.3037,47.8663],[-3.3006,47.8659],[-3.296,47.8737],[-3.2935,47.8733],[-3.2903,47.8767],[-3.2717,47.8737],[-3.2473,47.8633],[-3.2451,47.8652],[-3.2498,47.8716],[-3.2503,47.8788],[-3.2465,47.8828],[-3.2486,47.8882],[-3.2461,47.9],[-3.2387,47.8972],[-3.2251,47.8976],[-3.2118,47.8872],[-3.1989,47.886],[-3.2038,47.8807],[-3.1963,47.8726],[-3.1962,47.8693],[-3.2161,47.8521],[-3.2159,47.8471],[-3.2056,47.8402],[-3.2055,47.8361],[-3.2118,47.8301],[-3.2379,47.8307],[-3.2506,47.8253],[-3.2549,47.8199],[-3.2743,47.822],[-3.2746,47.8255],[-3.2813,47.8266]]]]}},{"type":"Feature","properties":{"territoire":"56003","nom":"Arradon","type":"commune"},"geometry":{"type":"MultiPolygon","coordinates":[[[[-2.8524,47.6116],[-2.8509,47.6136],[-2.8455,47.6111],[-2.8472,47.6096],[-2.8524,47.6116]]],[[[-2.8624,47.6322],[-2.8532,47.6342],[-2.8467,47.6495],[-2.8203,47.6522],[-2.8198,47.6558],[-2.8152,47.6567],[-2.8131,47.6544],[-2.8104,47.6556],[-2.7976,47.6512],[-2.7976,47.6481],[-2.7941,47.6473],[-2.7897,47.6399],[-2.7912,47.637],[-2.788,47.6328],[-2.7781,47.6265],[-2.7821,47.626],[-2.7824,47.6211],[-2.7954,47.6204],[-2.8011,47.617],[-2.8049,47.621],[-2.8152,47.6219],[-2.8252,47.6157],[-2.8359,47.6125],[-2.8283,47.6183],[-2.8328,47.6204],[-2.8396,47.6167],[-2.8502,47.6199],[-2.8553,47.6191],[-2.8532,47.6218],[-2.8595,47.6232],[-2.8662,47.6181],[-2.8693,47.6191],[-2.8669,47.627],[-2.8624,47.6322]]]]}},{"type":"Feature","properties":{"territoire":"56004","nom":"Arzal","type":"commune"},"geometry":{"type":"MultiPolygon","coordinates":[[[[-2.4115,47.5526],[-2.4099,47.5555],[-2.4014,47.555],[-2.3935,47.5498],[-2.3938,47.5478],[-2.3867,47.5487],[-2.3806,47.5437],[-2.3823,47.5398],[-2.3797,47.5353],[-2.3845,47.5322],[-2.3801,47.5316],[-2.3801,47.5255],[-2.3665,47.5164],[-2.3647,47.5094],[-2.358,47.5075],[-2.3789,47.4972],[-2.3839,47.4988],[-2.3828,47.5019],[-2.389,47.5056],[-2.3873,47.5099],[-2.3892,47.5069],[-2.3947,47.5075],[-2.3915,47.5061],[-2.3985,47.5053],[-2.408,47.4989],[-2.4099,47.5066],[-2.4134,47.504],[-2.4108,47.5039],[-2.4125,47.5014],[-2.4092,47.4977],[-2.4134,47.4965],[-2.4185,47.4971],[-2.4203,47.5005],[-2.4418,47.4992],[-2.439,47.5063],[-2.4462,47.5193],[-2.4438,47.5195],[-2.4435,47.5233],[-2.4376,47.5214],[-2.4359,47.5252],[-2.4234,47.5279],[-2.4233,47.5397],[-2.4259,47.5402],[-2.4233,47.5416],[-2.4203,47.5399],[-2.4187,47.5459],[-2.4115,47.5526]]]]}},{"type":"Feature","properties":{"territoire":"56005","nom":"Arzon","type":"commune"},"geometry":{"type":"MultiPolygon","coordinates":[[[[-2.8703,47.5313],[-2.8913,47.5383],[-2.9036,47.5344],[-2.9056,47.5371],[-2.9014,47.5409],[-2.8966,47.5409],[-2.8902,47.5447],[-2.8935,47.5461],[-2.8985,47.5418],[-2.9096,47.5413],[-2.9194,47.5482],[-2.9081,47.5496],[-2.9101,47.5536],[-2.9149,47.5557],[-2.9093,47.5572],[-2.9078,47.5631],[-2.9035,47.5591],[-2.8974,47.5634],[-2.8945,47.5547],[-2.8909,47.5615],[-2.8831,47.5567],[-2.8841,47.5617],[-2.8782,47.564],[-2.8763,47.5607],[-2.8787,47.5553],[-2.8753,47.5543],[-2.8673,47.5591],[-2.8703,47.5525],[-2.8582,47.5508],[-2.8571,47.5444],[-2.8627,47.5419],[-2.8613,47.539],[-2.8636,47.5352],[-2.8703,47.5313]]],[[[-2.8898,47.5668],[-2.8871,47.572],[-2.8864,47.5672],[-2.8886,47.5654],[-2.8898,47.5668]]]]}},{"type":"Feature","properties":{"territoire":"56006","nom":"Augan","type":"commune"},"geometry":{"type":"MultiPolygon","coordinates":[[[[-2.2251,47.9029],[-2.2255,47.9004],[-2.2309,47.9005],[-2.2349,47.8978],[-2.2346,47.89],[-2.2395,47.8871],[-2.2355,47.8856],[-2.2359,47.8836],[-2.2495,47.8797],[-2.2852,47.8828],[-2.2889,47.8846],[-2.2838,47.8924],[-2.3086,47.8902],[-2.3109,47.8962],[-2.3228,47.8982],[-2.3336,47.8962],[-2.3368,47.9009],[-2.3278,47.902],[-2.3287,47.9039],[-2.323,47.907],[-2.3273,47.909],[-2.3169,47.9088],[-2.3138,47.9223],[-2.303,47.9223],[-2.3026,47.9254],[-2.3064,47.9285],[-2.3026,47.9329],[-2.3035,47.9364],[-2.253,47.942],[-2.2415,47.9417],[-2.2255,47.9336],[-2.2129,47.9417],[-2.2077,47.9283],[-2.2159,47.9272],[-2.2199,47.9223],[-2.2214,47.9129],[-2.2275,47.9125],[-2.2251,47.9029]]]]}},{"type":"Feature","properties":{"territoire":"56035","nom":"Caro","type":"commune"},"geometry":{"type":"MultiPolygon","coordinates":[[[[-2.2699,47.8818],[-2.2698,47.8701],[-2.2788,47.8621],[-2.2835,47.861],[-2.2818,47.8468],[-2.3274,47.8376],[-2.3555,47.8405],[-2.3857,47.8326],[-2.3931,47.8323],[-2.3945,47.8356],[-2.4003,47.8368],[-2.3999,47.8398],[-2.3953,47.841],[-2.3892,47.8483],[-2.3903,47.8548],[-2.3925,47.856],[-2.3899,47.859],[-2.3781,47.8567],[-2.3683,47.8613],[-2.3657,47.8666],[-2.3533,47.866],[-2.3489,47.8731],[-2.3421,47.8762],[-2.3425,47.8806],[-2.3355,47.8857],[-2.3341,47.8915],[-2.3311,47.8922],[-2.3309,47.8972],[-2.3109,47.8962],[-2.3086,47.8902],[-2.2838,47.8924],[-2.2889,47.8846],[-2.2798,47.8816],[-2.2699,47.8818]]]]}},{"type":"Feature","properties":{"territoire":"56036","nom":"Caudan","type":"commune"},"geometry":{"type":"MultiPolygon","coordinates":[[[[-3.3164,47.8506],[-3.3059,47.8472],[-3.3067,47.843],[-3.2957,47.8365],[-3.2935,47.8253],[-3.2813,47.8265],[-3.2927,47.8234],[-3.3003,47.8249],[-3.2941,47.8125],[-3.2996,47.8156],[-3.3034,47.8121],[-3.3031,47.8075],[-3.3094,47.8079],[-3.3108,47.8043],[-3.3089,47.8001],[-3.3,47.7958],[-3.306,47.7928],[-3.3119,47.7848],[-3.3137,47.7892],[-3.3214,47.7897],[-3.3186,47.7845],[-3.3144,47.7832],[-3.3289,47.7769],[-3.3403,47.7843],[-3.3612,47.7757],[-3.3598,47.7705],[-3.3633,47.7708],[-3.3659,47.7676],[-3.3692,47.7707],[-3.3688,47.777],[-3.3769,47.7836],[-3.3814,47.7954],[-3.389,47.7983],[-3.3853,47.8042],[-3.3927,47.8038],[-3.3953,47.8074],[-3.3899,47.8088],[-3.3869,47.8129],[-3.3863,47.8162],[-3.3914,47.8206],[-3.3907,47.8226],[-3.3702,47.8269],[-3.3728,47.8355],[-3.3593,47.8371],[-3.347,47.8453],[-3.343,47.8521],[-3.3344,47.8493],[-3.3217,47.8522],[-3.3164,47.8506]]]]}},{"type":"Feature","properties":{"territoire":"56001","nom":"Allaire","type":"commune"},"geometry":{"type":"MultiPolygon","coordinates":[[[[-2.1941,47.5905],[-2.194,47.5981],[-2.1876,47.606],[-2.1931,47.6191],[-2.2143,47.6202],[-2.2133,47.6268],[-2.2222,47.6307],[-2.2314,47.6297],[-2.2322,47.6329],[-2.2297,47.6338],[-2.2314,47.6359],[-2.227,47.6397],[-2.2286,47.6412],[-2.2179,47.6443],[-2.2209,47.6468],[-2.2197,47.6497],[-2.2115,47.657],[-2.2112,47.6622],[-2.2002,47.6647],[-2.2009,47.6689],[-2.1983,47.6736],[-2.1865,47.6725],[-2.1804,47.6758],[-2.1744,47.6713],[-2.1652,47.6758],[-2.1471,47.6786],[-2.1424,47.6716],[-2.131,47.6658],[-2.1318,47.6633],[-2.1391,47.6601],[-2.1447,47.6517],[-2.1331,47.6429],[-2.1327,47.6336],[-2.14,47.6323],[-2.1359,47.6258],[-2.1378,47.6227],[-2.136,47.6206],[-2.1481,47.6196],[-2.1692,47.6136],[-2.1686,47.6084],[-2.1728,47.6064],[-2.174,47.5988],[-2.1734,47.595],[-2.1682,47.5955],[-2.168,47.5927],[-2.1788,47.5846],[-2.1854,47.5842],[-2.1941,47.5905]]]]}},{"type":"Feature","properties":{"territoire":"56002","nom":"Ambon","type":"commune"},"geometry":{"type":"MultiPolygon","coordinates":[[[[-2.5827,47.5376],[-2.5809,47.544],[-2.5763,47.5445],[-2.576,47.549],[-2.5832,47.5538],[-2.5809,47.5566],[-2.5833,47.5582],[-2.5809,47.5588],[-2.5835,47.5617],[-2.5801,47.5633],[-2.5852,47.5727],[-2.5816,47.5777],[-2.5764,47.5798],[-2.5769,47.5815],[-2.5681,47.5851],[-2.5646,47.5904],[-2.5658,47.5934],[-2.5383,47.6019],[-2.5255,47.6003],[-2.5245,47.5945],[-2.5322,47.5903],[-2.5367,47.5833],[-2.5345,47.5821],[-2.5355,47.5735],[-2.5269,47.5727],[-2.5237,47.5751],[-2.5203,47.5731],[-2.5212,47.5686],[-2.5196,47.5681],[-2.5271,47.5589],[-2.5084,47.559],[-2.5044,47.5612],[-2.4939,47.5572],[-2.4951,47.5504],[-2.4879,47.5468],[-2.4893,47.5448],[-2.492,47.5463],[-2.4944,47.5423],[-2.4899,47.5395],[-2.4932,47.5387],[-2.491,47.5357],[-2.4954,47.5346],[-2.4989,47.5367],[-2.4966,47.5351],[-2.4986,47.5319],[-2.4943,47.5263],[-2.4999,47.5179],[-2.5054,47.5234],[-2.5176,47.5271],[-2.5349,47.5236],[-2.5367,47.5247],[-2.5338,47.5258],[-2.5335,47.5291],[-2.5384,47.5268],[-2.5367,47.524],[-2.5443,47.5227],[-2.5474,47.5259],[-2.5472,47.5344],[-2.5561,47.5365],[-2.5684,47.5326],[-2.5721,47.534],[-2.5739,47.5314],[-2.5823,47.5354],[-2.5827,47.5376]]]]}},{"type":"Feature","properties":{"territoire":"56007","nom":"Auray","type":"commune"},"geometry":{"type":"MultiPolygon","coordinates":[[[[-2.9973,47.658],[-3.0011,47.6569],[-3.0017,47.6604],[-3.0141,47.6593],[-3.0143,47.6619],[-3.0169,47.6624],[-3.0113,47.6676],[-3.0042,47.6817],[-2.9794,47.6787],[-2.9809,47.675],[-2.9708,47.6702],[-2.9709,47.667],[-2.9658,47.6663],[-2.966,47.662],[-2.9634,47.66],[-2.9732,47.6551],[-2.9769,47.6598],[-2.9779,47.6567],[-2.982,47.6558],[-2.9886,47.6614],[-2.9862,47.6585],[-2.9973,47.658]]]]}},{"type":"Feature","properties":{"territoire":"56008","nom":"Baden","type":"commune"},"geometry":{"type":"MultiPolygon","coordinates":[[[[-2.9305,47.581],[-2.9264,47.5782],[-2.929,47.5775],[-2.9305,47.581]]],[[[-2.9331,47.585],[-2.928,47.5856],[-2.9295,47.5839],[-2.9331,47.585]]],[[[-2.8806,47.6419],[-2.8617,47.6345],[-2.8704,47.6204],[-2.8674,47.6166],[-2.8591,47.6185],[-2.8562,47.6146],[-2.8685,47.6071],[-2.8589,47.6022],[-2.8625,47.5969],[-2.8751,47.5988],[-2.8936,47.6057],[-2.8973,47.6034],[-2.9074,47.605],[-2.9123,47.6023],[-2.9145,47.596],[-2.9106,47.5922],[-2.9142,47.5917],[-2.9153,47.5868],[-2.9186,47.586],[-2.9179,47.5822],[-2.9257,47.586],[-2.927,47.5899],[-2.9254,47.5916],[-2.9278,47.5931],[-2.9268,47.6012],[-2.9297,47.6034],[-2.9374,47.5959],[-2.9341,47.5864],[-2.9384,47.5877],[-2.9383,47.5936],[-2.9431,47.6024],[-2.9464,47.6033],[-2.9464,47.6076],[-2.9504,47.6071],[-2.9509,47.61],[-2.9464,47.6127],[-2.9488,47.6139],[-2.9492,47.6215],[-2.9414,47.6261],[-2.9328,47.6248],[-2.9327,47.6229],[-2.9244,47.6243],[-2.9001,47.6348],[-2.8912,47.6357],[-2.8837,47.643],[-2.8806,47.6419]]]]}},{"type":"Feature","properties":{"territoire":"56009","nom":"Bangor","type":"commune"},"geometry":{"type":"MultiPolygon","coordinates":[[[[-3.1948,47.3375],[-3.1875,47.3317],[-3.191,47.3305],[-3.1838,47.3276],[-3.1804,47.3286],[-3.1776,47.324],[-3.1533,47.327],[-3.149,47.3212],[-3.1409,47.3223],[-3.137,47.3197],[-3.1388,47.3173],[-3.1354,47.3155],[-3.1359,47.3111],[-3.1467,47.3053],[-3.1508,47.2977],[-3.1564,47.2956],[-3.1586,47.2922],[-3.161,47.2947],[-3.16,47.2966],[-3.1676,47.2985],[-3.1668,47.3019],[-3.1695,47.3019],[-3.1689,47.3002],[-3.1735,47.3021],[-3.178,47.2991],[-3.1826,47.2995],[-3.183,47.2953],[-3.1997,47.295],[-3.2022,47.2972],[-3.1981,47.301],[-3.2083,47.2965],[-3.2061,47.2936],[-3.2122,47.2955],[-3.2142,47.2932],[-3.222,47.2936],[-3.2203,47.2949],[-3.2253,47.2971],[-3.2221,47.298],[-3.2227,47.3],[-3.2288,47.3011],[-3.2257,47.3043],[-3.2306,47.3015],[-3.2365,47.3017],[-3.2412,47.3068],[-3.238,47.3082],[-3.2415,47.3082],[-3.2403,47.3101],[-3.2444,47.3087],[-3.2497,47.3168],[-3.2434,47.3155],[-3.2443,47.3203],[-3.238,47.3192],[-3.2403,47.3226],[-3.2365,47.3243],[-3.2269,47.3213],[-3.2204,47.3223],[-3.2187,47.3247],[-3.2239,47.3262],[-3.2218,47.3288],[-3.2246,47.3312],[-3.2164,47.3356],[-3.2087,47.3337],[-3.2043,47.335],[-3.2047,47.3324],[-3.2018,47.3302],[-3.1962,47.3304],[-3.198,47.3333],[-3.1948,47.3375]]]]}},{"type":"Feature","properties":{"territoire":"56010","nom":"Baud","type":"commune"},"geometry":{"type":"MultiPolygon","coordinates":[[[[-3.0426,47.8279],[-3.0491,47.832],[-3.047,47.828],[-3.0603,47.8312],[-3.0597,47.8359],[-3.069,47.8398],[-3.0713,47.8482],[-3.0673,47.8533],[-3.0687,47.8571],[-3.0663,47.8591],[-3.0689,47.865],[-3.0665,47.8711],[-3.0773,47.8758],[-3.098,47.8765],[-3.1114,47.8829],[-3.0992,47.8873],[-3.0943,47.8815],[-3.0895,47.8799],[-3.0778,47.8822],[-3.076,47.8854],[-3.0778,47.9103],[-3.0399,47.9071],[-3.0341,47.9099],[-3.0306,47.9081],[-3.0139,47.9115],[-3.0123,47.9097],[-3.0165,47.9086],[-3.0169,47.9035],[-3.0123,47.9002],[-3.0124,47.8977],[-3.0013,47.8989],[-2.9896,47.8895],[-2.9732,47.8929],[-2.9745,47.8899],[-2.965,47.8825],[-2.9652,47.8801],[-2.975,47.8771],[-2.9714,47.8685],[-2.9668,47.8701],[-2.966,47.8686],[-2.97,47.8673],[-2.9688,47.8613],[-2.9634,47.8658],[-2.9651,47.8696],[-2.9614,47.8732],[-2.9558,47.8717],[-2.9552,47.8744],[-2.946,47.8724],[-2.9497,47.8626],[-2.9461,47.8607],[-2.9548,47.8559],[-2.9611,47.8595],[-2.9649,47.8571],[-2.9706,47.8595],[-2.973,47.858],[-2.9744,47.8618],[-3.0023,47.8623],[-3.0137,47.8658],[-3.0175,47.8602],[-3.0234,47.8599],[-3.0307,47.8503],[-3.0266,47.8489],[-3.0328,47.8486],[-3.0341,47.8466],[-3.0317,47.8432],[-3.0327,47.8402],[-3.0355,47.8404],[-3.0349,47.833],[-3.0398,47.8272],[-3.0426,47.8279]]]]}},{"type":"Feature","properties":{"territoire":"56011","nom":"Béganne","type":"commune"},"geometry":{"type":"MultiPolygon","coordinates":[[[[-2.2834,47.5748],[-2.2874,47.5759],[-2.2896,47.5838],[-2.295,47.5873],[-2.2947,47.5894],[-2.2987,47.5894],[-2.295,47.594],[-2.2991,47.5977],[-2.2909,47.605],[-2.2819,47.6055],[-2.2809,47.6147],[-2.2713,47.6272],[-2.2539,47.63],[-2.2472,47.6265],[-2.2355,47.6273],[-2.2222,47.6307],[-2.2127,47.6263],[-2.2153,47.6206],[-2.2045,47.6183],[-2.1931,47.6191],[-2.1893,47.6114],[-2.1876,47.606],[-2.194,47.5981],[-2.1941,47.5905],[-2.202,47.5907],[-2.2126,47.5858],[-2.2285,47.5858],[-2.2407,47.5764],[-2.262,47.5791],[-2.2834,47.5748]]]]}},{"type":"Feature","properties":{"territoire":"56012","nom":"Beignon","type":"commune"},"geometry":{"type":"MultiPolygon","coordinates":[[[[-2.1384,47.9797],[-2.1317,47.9734],[-2.132,47.9708],[-2.1275,47.9683],[-2.1264,47.9644],[-2.1224,47.9641],[-2.1285,47.9613],[-2.1543,47.9642],[-2.1584,47.9618],[-2.156,47.96],[-2.1603,47.9581],[-2.1585,47.9515],[-2.1557,47.9495],[-2.1568,47.9452],[-2.1715,47.9398],[-2.1851,47.9411],[-2.2035,47.9393],[-2.2129,47.9417],[-2.2075,47.9534],[-2.2094,47.9563],[-2.2065,47.9594],[-2.2125,47.9611],[-2.2117,47.9641],[-2.2182,47.971],[-2.2148,47.9786],[-2.2166,47.9823],[-2.2138,47.9854],[-2.2144,47.9932],[-2.2124,47.9949],[-2.198,47.9907],[-2.1913,47.991],[-2.1856,47.9854],[-2.187,47.9829],[-2.1787,47.9799],[-2.1633,47.9827],[-2.1587,47.9808],[-2.1444,47.9841],[-2.1384,47.9797]]]]}},{"type":"Feature","properties":{"territoire":"56013","nom":"Belz","type":"commune"},"geometry":{"type":"MultiPolygon","coordinates":[[[[-3.1365,47.6598],[-3.1335,47.6538],[-3.1424,47.651],[-3.1498,47.6588],[-3.1568,47.6601],[-3.1672,47.6563],[-3.1713,47.6581],[-3.1794,47.6565],[-3.1857,47.658],[-3.1884,47.6622],[-3.2091,47.6666],[-3.209,47.669],[-3.2014,47.67],[-3.202,47.6719],[-3.1974,47.6734],[-3.1995,47.6759],[-3.1966,47.6788],[-3.1879,47.6772],[-3.1909,47.6816],[-3.1856,47.6852],[-3.1861,47.688],[-3.1836,47.6869],[-3.1856,47.6855],[-3.1831,47.6815],[-3.1712,47.6835],[-3.1681,47.6805],[-3.1623,47.68],[-3.1617,47.6844],[-3.1642,47.6865],[-3.1584,47.6898],[-3.1563,47.6864],[-3.1504,47.6892],[-3.1514,47.6959],[-3.1473,47.6974],[-3.1466,47.6911],[-3.1348,47.6905],[-3.1345,47.6852],[-3.1266,47.6848],[-3.1237,47.6801],[-3.1201,47.6812],[-3.1208,47.6786],[-3.1303,47.6755],[-3.1412,47.668],[-3.1368,47.6645],[-3.1365,47.6598]]],[[[-3.1728,47.6874],[-3.1701,47.6888],[-3.1696,47.6859],[-3.1728,47.6874]]],[[[-3.1799,47.6875],[-3.1772,47.6896],[-3.1767,47.687],[-3.1799,47.6875]]]]}},{"type":"Feature","properties":{"territoire":"56014","nom":"Berné","type":"commune"},"geometry":{"type":"MultiPolygon","coordinates":[[[[-3.3372,47.9771],[-3.3432,47.9669],[-3.3497,47.9625],[-3.3492,47.9542],[-3.3519,47.9524],[-3.352,47.9485],[-3.359,47.9431],[-3.3621,47.9429],[-3.3726,47.9515],[-3.3775,47.949],[-3.3818,47.9511],[-3.393,47.951],[-3.3919,47.9574],[-3.4027,47.9608],[-3.4035,47.9702],[-3.3987,47.9757],[-3.4014,47.9795],[-3.4,47.9844],[-3.4076,47.9868],[-3.4067,47.9926],[-3.4092,47.9916],[-3.4147,47.9973],[-3.4115,48.0014],[-3.4138,48.0037],[-3.4129,48.0088],[-3.4057,48.0152],[-3.4087,48.0216],[-3.3986,48.0265],[-3.3829,48.0136],[-3.381,48.0157],[-3.3593,48.0149],[-3.3594,48.0128],[-3.3565,48.0127],[-3.3593,48.0118],[-3.3568,48.0062],[-3.3521,48.0072],[-3.3526,47.9996],[-3.3344,47.9984],[-3.3317,47.9948],[-3.3272,47.9954],[-3.3249,47.9868],[-3.3323,47.983],[-3.3372,47.9771]]]]}},{"type":"Feature","properties":{"territoire":"56015","nom":"Berric","type":"commune"},"geometry":{"type":"MultiPolygon","coordinates":[[[[-2.5656,47.6285],[-2.5793,47.6308],[-2.5795,47.6335],[-2.5619,47.6498],[-2.5581,47.65],[-2.5576,47.652],[-2.5434,47.6499],[-2.5414,47.654],[-2.5152,47.6568],[-2.5163,47.6591],[-2.5102,47.661],[-2.4981,47.6555],[-2.4955,47.6586],[-2.4914,47.6571],[-2.4943,47.6548],[-2.4923,47.6533],[-2.4937,47.651],[-2.4856,47.6417],[-2.4876,47.6403],[-2.4854,47.6351],[-2.4909,47.631],[-2.4899,47.628],[-2.4958,47.6248],[-2.4998,47.6174],[-2.5039,47.6241],[-2.5118,47.6245],[-2.5181,47.6174],[-2.5221,47.6198],[-2.5283,47.618],[-2.5309,47.6217],[-2.5425,47.6228],[-2.5456,47.6198],[-2.5586,47.6293],[-2.5656,47.6285]]]]}},{"type":"Feature","properties":{"territoire":"56017","nom":"Bignan","type":"commune"},"geometry":{"type":"MultiPolygon","coordinates":[[[[-2.7712,47.9062],[-2.7639,47.9009],[-2.7666,47.8957],[-2.7617,47.8902],[-2.7397,47.8868],[-2.7366,47.8936],[-2.7301,47.8932],[-2.721,47.8984],[-2.6978,47.9055],[-2.6935,47.909],[-2.6829,47.8977],[-2.6732,47.8992],[-2.6751,47.8939],[-2.6721,47.8901],[-2.679,47.886],[-2.6886,47.8856],[-2.6896,47.8812],[-2.6916,47.8814],[-2.6982,47.8728],[-2.7064,47.8715],[-2.7038,47.8692],[-2.7069,47.8652],[-2.7233,47.8652],[-2.7308,47.8627],[-2.7445,47.8671],[-2.751,47.8648],[-2.7492,47.8601],[-2.7566,47.8589],[-2.7535,47.8577],[-2.7537,47.8542],[-2.7609,47.8536],[-2.7628,47.8478],[-2.7704,47.8466],[-2.7716,47.8446],[-2.7682,47.8413],[-2.7718,47.8384],[-2.7882,47.8388],[-2.7984,47.8415],[-2.8065,47.8527],[-2.8087,47.8611],[-2.815,47.8671],[-2.8215,47.8672],[-2.8204,47.8699],[-2.8232,47.8768],[-2.8215,47.8798],[-2.8276,47.8848],[-2.8199,47.8897],[-2.8235,47.8917],[-2.8208,47.8945],[-2.8133,47.8982],[-2.7992,47.8985],[-2.787,47.9026],[-2.7795,47.9009],[-2.7712,47.9062]]]]}},{"type":"Feature","properties":{"territoire":"56018","nom":"Billiers","type":"commune"},"geometry":{"type":"MultiPolygon","coordinates":[[[[-2.4999,47.518],[-2.4943,47.5263],[-2.4986,47.5319],[-2.4966,47.5347],[-2.499,47.5351],[-2.4986,47.537],[-2.4954,47.5346],[-2.482,47.5341],[-2.4762,47.535],[-2.4758,47.5384],[-2.4677,47.5321],[-2.4734,47.5327],[-2.4736,47.5274],[-2.4606,47.5252],[-2.4551,47.5139],[-2.4696,47.512],[-2.4961,47.5177],[-2.5021,47.5143],[-2.5042,47.517],[-2.4999,47.518]]]]}},{"type":"Feature","properties":{"territoire":"56046","nom":"Crach","type":"commune"},"geometry":{"type":"MultiPolygon","coordinates":[[[[-3.0361,47.639],[-3.0351,47.6433],[-3.0297,47.6471],[-3.0335,47.6499],[-3.0269,47.6616],[-3.0307,47.6657],[-3.0302,47.6692],[-3.0163,47.6706],[-3.0128,47.6667],[-3.0168,47.664],[-3.0141,47.6593],[-3.0017,47.6604],[-3.0011,47.6569],[-2.9862,47.6585],[-2.9886,47.6614],[-2.9836,47.6591],[-2.9773,47.6522],[-2.9754,47.6454],[-2.9704,47.6445],[-2.9721,47.6389],[-2.9708,47.633],[-2.9633,47.6342],[-2.9609,47.6314],[-2.9604,47.6238],[-2.9551,47.6202],[-2.9565,47.617],[-2.9535,47.6124],[-2.9594,47.6152],[-2.9658,47.6113],[-2.9616,47.6099],[-2.9633,47.6076],[-2.9685,47.6059],[-2.9721,47.6075],[-2.984,47.6003],[-2.9925,47.5997],[-2.9926,47.6034],[-3.0077,47.6036],[-3.0071,47.6018],[-3.011,47.6016],[-3.0155,47.5977],[-3.0177,47.5908],[-3.0231,47.5919],[-3.0239,47.6052],[-3.0263,47.6077],[-3.0251,47.6114],[-3.0273,47.6129],[-3.026,47.6151],[-3.029,47.617],[-3.0282,47.6202],[-3.0325,47.623],[-3.0361,47.639]]]]}},{"type":"Feature","properties":{"territoire":"56019","nom":"Billio","type":"commune"},"geometry":{"type":"MultiPolygon","coordinates":[[[[-2.6275,47.884],[-2.6241,47.881],[-2.6228,47.8752],[-2.6191,47.8733],[-2.6212,47.8702],[-2.6186,47.8661],[-2.6107,47.8619],[-2.6104,47.8565],[-2.6161,47.8576],[-2.6231,47.8549],[-2.6457,47.8597],[-2.6453,47.8554],[-2.6662,47.8552],[-2.6717,47.8515],[-2.6736,47.8606],[-2.683,47.8711],[-2.6781,47.8774],[-2.6707,47.8766],[-2.6535,47.8807],[-2.6527,47.8839],[-2.6481,47.8858],[-2.6437,47.8779],[-2.6333,47.8796],[-2.6275,47.884]]]]}},{"type":"Feature","properties":{"territoire":"56048","nom":"Le Croisty","type":"commune"},"geometry":{"type":"MultiPolygon","coordinates":[[[[-3.3852,48.0305],[-3.3881,48.0342],[-3.386,48.0359],[-3.3897,48.0384],[-3.3953,48.0346],[-3.4052,48.0433],[-3.4017,48.0452],[-3.4006,48.0492],[-3.394,48.0515],[-3.4001,48.0604],[-3.395,48.066],[-3.4012,48.0693],[-3.4014,48.0717],[-3.3964,48.0736],[-3.3881,48.069],[-3.3849,48.0703],[-3.3844,48.0753],[-3.3863,48.0763],[-3.3819,48.0771],[-3.3821,48.0795],[-3.3657,48.0819],[-3.3605,48.0865],[-3.3435,48.0876],[-3.3418,48.082],[-3.3461,48.0777],[-3.3449,48.0707],[-3.3549,48.0685],[-3.3446,48.0586],[-3.3441,48.0495],[-3.3624,48.0546],[-3.3715,48.0481],[-3.3763,48.0415],[-3.3789,48.0352],[-3.3771,48.0337],[-3.3835,48.0349],[-3.3852,48.0339],[-3.3833,48.0309],[-3.3852,48.0305]]]]}},{"type":"Feature","properties":{"territoire":"56020","nom":"Bohal","type":"commune"},"geometry":{"type":"MultiPolygon","coordinates":[[[[-2.4506,47.7677],[-2.4604,47.7619],[-2.4674,47.7651],[-2.4594,47.7707],[-2.4504,47.7723],[-2.4526,47.7784],[-2.4611,47.7765],[-2.4668,47.7847],[-2.4644,47.7864],[-2.4663,47.7921],[-2.46,47.7929],[-2.461,47.798],[-2.4576,47.8064],[-2.4503,47.8024],[-2.4473,47.8031],[-2.4475,47.8009],[-2.4358,47.8004],[-2.4393,47.7956],[-2.4386,47.7923],[-2.4317,47.7913],[-2.4232,47.7861],[-2.4246,47.7825],[-2.4229,47.7789],[-2.4273,47.7751],[-2.4318,47.7758],[-2.4506,47.7677]]]]}},{"type":"Feature","properties":{"territoire":"56224","nom":"Saint-Laurent-sur-Oust","type":"commune"},"geometry":{"type":"MultiPolygon","coordinates":[[[[-2.295,47.7772],[-2.3144,47.7795],[-2.3176,47.7883],[-2.327,47.7924],[-2.3257,47.7963],[-2.3311,47.8047],[-2.3301,47.8066],[-2.3107,47.8027],[-2.3095,47.8014],[-2.3144,47.7987],[-2.3129,47.7955],[-2.3056,47.7955],[-2.295,47.7772]]]]}},{"type":"Feature","properties":{"territoire":"56021","nom":"Brandérion","type":"commune"},"geometry":{"type":"MultiPolygon","coordinates":[[[[-3.2025,47.7794],[-3.2043,47.7815],[-3.1993,47.785],[-3.1997,47.7875],[-3.2136,47.802],[-3.2108,47.8104],[-3.1974,47.8067],[-3.1905,47.8018],[-3.1827,47.8017],[-3.182,47.7936],[-3.1794,47.7939],[-3.1802,47.7926],[-3.1766,47.7917],[-3.1778,47.7886],[-3.1728,47.787],[-3.1778,47.7845],[-3.1733,47.7802],[-3.1756,47.7782],[-3.1838,47.7791],[-3.1869,47.7762],[-3.1974,47.7801],[-3.1996,47.7775],[-3.2007,47.7802],[-3.2025,47.7794]]]]}},{"type":"Feature","properties":{"territoire":"56022","nom":"Brandivy","type":"commune"},"geometry":{"type":"MultiPolygon","coordinates":[[[[-2.955,47.7489],[-2.9463,47.7549],[-2.9507,47.756],[-2.9503,47.759],[-2.9547,47.7644],[-2.9489,47.7663],[-2.9498,47.7693],[-2.9473,47.7729],[-2.9501,47.7767],[-2.9478,47.7799],[-2.9519,47.7822],[-2.9484,47.7855],[-2.9514,47.7909],[-2.9557,47.7932],[-2.9501,47.7974],[-2.9423,47.7992],[-2.9339,47.7959],[-2.9344,47.8037],[-2.9301,47.8163],[-2.9247,47.8168],[-2.9227,47.8196],[-2.9133,47.8175],[-2.8772,47.8174],[-2.8977,47.8079],[-2.8925,47.7964],[-2.8965,47.7905],[-2.8943,47.7863],[-2.8968,47.7872],[-2.9012,47.7842],[-2.8953,47.779],[-2.8977,47.7772],[-2.8951,47.7729],[-2.8984,47.7683],[-2.9027,47.7694],[-2.9078,47.7643],[-2.9107,47.7661],[-2.9176,47.7651],[-2.9251,47.7602],[-2.9101,47.754],[-2.9094,47.7506],[-2.9177,47.7472],[-2.9289,47.7487],[-2.9301,47.7524],[-2.9426,47.746],[-2.9502,47.7462],[-2.955,47.7489]]]]}},{"type":"Feature","properties":{"territoire":"56023","nom":"Brech","type":"commune"},"geometry":{"type":"MultiPolygon","coordinates":[[[[-2.9896,47.7322],[-2.9859,47.7232],[-2.9901,47.7224],[-2.9916,47.7169],[-2.9891,47.7105],[-2.9834,47.7092],[-2.9831,47.703],[-2.9885,47.6988],[-2.9915,47.6928],[-2.9887,47.6905],[-2.9908,47.6892],[-2.9839,47.6879],[-2.9837,47.6841],[-2.9776,47.6801],[-2.9815,47.6786],[-3.0056,47.6816],[-3.0128,47.6667],[-3.017,47.6707],[-3.0349,47.6683],[-3.0454,47.6702],[-3.0522,47.6829],[-3.0395,47.6893],[-3.0449,47.6957],[-3.0481,47.7049],[-3.0674,47.712],[-3.0713,47.7033],[-3.0754,47.7068],[-3.0641,47.7186],[-3.0639,47.7257],[-3.073,47.7283],[-3.0728,47.7319],[-3.0612,47.7351],[-3.0547,47.7463],[-3.0447,47.7436],[-3.0375,47.7471],[-3.0354,47.7423],[-3.0323,47.741],[-3.0211,47.743],[-3.0155,47.7411],[-3.0104,47.745],[-3.0037,47.7444],[-2.9985,47.7416],[-3.0001,47.7378],[-2.9896,47.7322]]]]}},{"type":"Feature","properties":{"territoire":"56024","nom":"Bréhan","type":"commune"},"geometry":{"type":"MultiPolygon","coordinates":[[[[-2.6515,48.1105],[-2.6516,48.1073],[-2.6569,48.1065],[-2.6499,48.0981],[-2.6564,48.0931],[-2.6539,48.0874],[-2.6558,48.0841],[-2.6618,48.0823],[-2.6672,48.0659],[-2.6732,48.064],[-2.6655,48.0563],[-2.6669,48.0517],[-2.6706,48.0509],[-2.6701,48.048],[-2.6656,48.0444],[-2.6593,48.0449],[-2.6574,48.042],[-2.6616,48.0386],[-2.655,48.032],[-2.6515,48.0236],[-2.652,48.0098],[-2.6583,48.0079],[-2.6634,48.0109],[-2.6707,48.0093],[-2.6752,48.0111],[-2.677,48.0169],[-2.685,48.0221],[-2.697,48.0198],[-2.6994,48.0231],[-2.6978,48.0269],[-2.7067,48.0259],[-2.7063,48.0308],[-2.7086,48.0338],[-2.7141,48.0356],[-2.7223,48.0451],[-2.729,48.0458],[-2.7346,48.0494],[-2.7333,48.0579],[-2.7381,48.0623],[-2.7243,48.0686],[-2.7188,48.0761],[-2.7229,48.0875],[-2.7169,48.0894],[-2.718,48.091],[-2.7143,48.0931],[-2.7106,48.0907],[-2.6984,48.0927],[-2.7057,48.1003],[-2.7011,48.1198],[-2.6971,48.1218],[-2.6952,48.1204],[-2.6764,48.1315],[-2.6677,48.133],[-2.6609,48.1308],[-2.6616,48.1268],[-2.6522,48.1195],[-2.6572,48.1152],[-2.6515,48.1133],[-2.6515,48.1105]]]]}},{"type":"Feature","properties":{"territoire":"56233","nom":"Saint-Philibert","type":"commune"},"geometry":{"type":"MultiPolygon","coordinates":[[[[-2.9813,47.6028],[-2.9798,47.5956],[-2.9834,47.5862],[-2.9893,47.5837],[-2.994,47.5861],[-2.9946,47.591],[-2.9994,47.5912],[-2.996,47.5879],[-2.9979,47.5849],[-2.9931,47.578],[-2.9925,47.5719],[-2.9888,47.5702],[-2.9876,47.5661],[-2.9941,47.5718],[-2.9982,47.5698],[-2.9968,47.5664],[-3.0072,47.5683],[-3.0113,47.5747],[-3.0113,47.5805],[-3.0231,47.5919],[-3.0177,47.5908],[-3.0155,47.5977],[-3.0066,47.6039],[-3.0004,47.6021],[-2.9926,47.6034],[-2.9925,47.5997],[-2.984,47.6003],[-2.9813,47.6028]]]]}},{"type":"Feature","properties":{"territoire":"56234","nom":"Saint-Pierre-Quiberon","type":"commune"},"geometry":{"type":"MultiPolygon","coordinates":[[[[-3.1281,47.5041],[-3.1517,47.5041],[-3.149,47.5088],[-3.1527,47.511],[-3.1508,47.5138],[-3.1531,47.5216],[-3.155,47.5238],[-3.16,47.5232],[-3.1584,47.5245],[-3.1624,47.5298],[-3.1541,47.5272],[-3.1448,47.5313],[-3.1386,47.5427],[-3.1349,47.5451],[-3.1384,47.5597],[-3.127,47.5613],[-3.1341,47.5441],[-3.1311,47.5389],[-3.1334,47.532],[-3.1311,47.5268],[-3.1282,47.5257],[-3.1294,47.5211],[-3.1258,47.5211],[-3.1262,47.5126],[-3.1177,47.5096],[-3.1196,47.503],[-3.1281,47.5041]]]]}},{"type":"Feature","properties":{"territoire":"56025","nom":"Brignac","type":"commune"},"geometry":{"type":"MultiPolygon","coordinates":[[[[-2.4192,48.0926],[-2.4236,48.0971],[-2.4241,48.1094],[-2.4199,48.1144],[-2.4027,48.1253],[-2.4007,48.131],[-2.3803,48.1351],[-2.3745,48.1306],[-2.3759,48.1278],[-2.3737,48.1239],[-2.3622,48.1138],[-2.379,48.106],[-2.3874,48.0977],[-2.3871,48.091],[-2.3926,48.0898],[-2.3965,48.0934],[-2.4074,48.0958],[-2.4192,48.0926]]]]}},{"type":"Feature","properties":{"territoire":"56026","nom":"Bubry","type":"commune"},"geometry":{"type":"MultiPolygon","coordinates":[[[[-3.1848,48.0253],[-3.1776,48.0271],[-3.1756,48.0341],[-3.1613,48.0329],[-3.1568,48.0349],[-3.152,48.0304],[-3.1449,48.0281],[-3.1482,48.027],[-3.147,48.0228],[-3.1387,48.0117],[-3.1312,48.0079],[-3.1362,48.0045],[-3.1331,47.9919],[-3.1351,47.9904],[-3.1344,47.9865],[-3.137,47.9894],[-3.1436,47.9894],[-3.1417,47.9813],[-3.1453,47.9764],[-3.1439,47.9683],[-3.1467,47.9663],[-3.1452,47.9625],[-3.1379,47.9591],[-3.1367,47.9547],[-3.1265,47.951],[-3.1244,47.9466],[-3.1152,47.9455],[-3.1153,47.9435],[-3.1168,47.9412],[-3.131,47.9373],[-3.1334,47.935],[-3.1319,47.932],[-3.1424,47.9294],[-3.1424,47.9263],[-3.1568,47.9239],[-3.164,47.9202],[-3.1771,47.9211],[-3.183,47.914],[-3.1871,47.9148],[-3.1878,47.9123],[-3.1913,47.9121],[-3.1918,47.9082],[-3.2022,47.9063],[-3.2034,47.9094],[-3.2146,47.9118],[-3.213,47.9152],[-3.2225,47.9313],[-3.2202,47.938],[-3.2138,47.9439],[-3.2049,47.9464],[-3.2055,47.949],[-3.2139,47.9538],[-3.2121,47.9585],[-3.2231,47.9658],[-3.2151,47.9693],[-3.2139,47.9734],[-3.2244,47.9785],[-3.2313,47.9785],[-3.2336,47.9853],[-3.2276,47.9904],[-3.2249,47.9894],[-3.2241,47.9928],[-3.2096,47.9943],[-3.2038,48],[-3.197,48.002],[-3.1989,48.005],[-3.195,48.0059],[-3.1987,48.0058],[-3.2005,48.0096],[-3.1913,48.0106],[-3.1889,48.0146],[-3.1917,48.0193],[-3.1899,48.0185],[-3.1896,48.0227],[-3.1848,48.0253]]]]}},{"type":"Feature","properties":{"territoire":"56238","nom":"Saint-Tugdual","type":"commune"},"geometry":{"type":"MultiPolygon","coordinates":[[[[-3.4013,48.0718],[-3.4068,48.0867],[-3.4152,48.0923],[-3.4092,48.0921],[-3.413,48.0939],[-3.4124,48.0963],[-3.4025,48.0952],[-3.3998,48.1021],[-3.394,48.1038],[-3.3931,48.1069],[-3.3905,48.1047],[-3.3878,48.1056],[-3.3861,48.1114],[-3.3711,48.1128],[-3.3657,48.1101],[-3.3605,48.1151],[-3.352,48.1158],[-3.3518,48.1213],[-3.348,48.1219],[-3.3457,48.1172],[-3.3427,48.1187],[-3.3374,48.114],[-3.3358,48.1099],[-3.321,48.1061],[-3.3204,48.1013],[-3.3249,48.0959],[-3.3193,48.0929],[-3.3233,48.0894],[-3.3314,48.0869],[-3.3618,48.0861],[-3.3657,48.0819],[-3.3821,48.0795],[-3.3819,48.0771],[-3.3863,48.0763],[-3.3844,48.0753],[-3.3849,48.0703],[-3.3881,48.069],[-3.3964,48.0736],[-3.4013,48.0718]]]]}},{"type":"Feature","properties":{"territoire":"56027","nom":"Buléon","type":"commune"},"geometry":{"type":"MultiPolygon","coordinates":[[[[-2.6875,47.9456],[-2.6856,47.941],[-2.6718,47.9373],[-2.6512,47.9385],[-2.6559,47.9297],[-2.656,47.9209],[-2.6521,47.9125],[-2.6563,47.9064],[-2.6708,47.8997],[-2.6829,47.8977],[-2.6923,47.9066],[-2.6934,47.9124],[-2.6998,47.9144],[-2.6977,47.9236],[-2.6943,47.9237],[-2.6882,47.9339],[-2.6922,47.9357],[-2.6896,47.9421],[-2.6931,47.942],[-2.6879,47.943],[-2.6875,47.9456]]]]}},{"type":"Feature","properties":{"territoire":"56028","nom":"Caden","type":"commune"},"geometry":{"type":"MultiPolygon","coordinates":[[[[-2.2564,47.6295],[-2.2719,47.6268],[-2.2719,47.624],[-2.2809,47.6147],[-2.2819,47.6055],[-2.2909,47.605],[-2.2983,47.5992],[-2.3059,47.6084],[-2.3137,47.6134],[-2.3278,47.6154],[-2.3309,47.6205],[-2.3391,47.6219],[-2.3454,47.6265],[-2.3356,47.6397],[-2.3404,47.6439],[-2.3411,47.6513],[-2.3461,47.6526],[-2.3474,47.6615],[-2.3372,47.6665],[-2.3418,47.6713],[-2.2447,47.6583],[-2.2475,47.6534],[-2.2461,47.6482],[-2.2494,47.6464],[-2.2564,47.6295]]]]}},{"type":"Feature","properties":{"territoire":"56050","nom":"La Croix-Helléan","type":"commune"},"geometry":{"type":"MultiPolygon","coordinates":[[[[-2.5114,47.9915],[-2.4988,47.99],[-2.5024,47.9866],[-2.4963,47.983],[-2.5,47.9808],[-2.4878,47.9542],[-2.4836,47.9535],[-2.4855,47.9508],[-2.4826,47.9465],[-2.4876,47.94],[-2.4968,47.9399],[-2.529,47.9509],[-2.5281,47.954],[-2.5403,47.9612],[-2.5387,47.9628],[-2.5417,47.966],[-2.5395,47.9702],[-2.5419,47.9738],[-2.5319,47.9759],[-2.524,47.9824],[-2.514,47.9841],[-2.5114,47.9915]]]]}},{"type":"Feature","properties":{"territoire":"56029","nom":"Calan","type":"commune"},"geometry":{"type":"MultiPolygon","coordinates":[[[[-3.3175,47.8572],[-3.3254,47.8585],[-3.3348,47.8759],[-3.3313,47.8809],[-3.3363,47.8877],[-3.3324,47.8959],[-3.3278,47.8937],[-3.3188,47.8975],[-3.2984,47.8986],[-3.2967,47.8946],[-3.2884,47.8963],[-3.2789,47.8919],[-3.2803,47.8884],[-3.2914,47.8856],[-3.2935,47.8797],[-3.2924,47.8742],[-3.299,47.8715],[-3.3006,47.8659],[-3.3037,47.8663],[-3.3021,47.8652],[-3.3049,47.8652],[-3.3076,47.86],[-3.3175,47.8572]]]]}},{"type":"Feature","properties":{"territoire":"56030","nom":"Camoël","type":"commune"},"geometry":{"type":"MultiPolygon","coordinates":[[[[-2.3776,47.4628],[-2.384,47.4621],[-2.3834,47.4599],[-2.3893,47.4571],[-2.3983,47.4559],[-2.4168,47.4602],[-2.4177,47.4667],[-2.4231,47.4684],[-2.4182,47.4725],[-2.4236,47.4781],[-2.4218,47.4887],[-2.4243,47.4912],[-2.4207,47.493],[-2.4055,47.4895],[-2.4037,47.4951],[-2.3945,47.4952],[-2.4008,47.4968],[-2.3936,47.5013],[-2.3865,47.497],[-2.3839,47.4988],[-2.3789,47.4972],[-2.3805,47.4841],[-2.3749,47.4737],[-2.3776,47.4628]]]]}},{"type":"Feature","properties":{"territoire":"56031","nom":"Camors","type":"commune"},"geometry":{"type":"MultiPolygon","coordinates":[[[[-2.9649,47.8571],[-2.9612,47.8538],[-2.9639,47.8457],[-2.9611,47.8444],[-2.9524,47.8265],[-2.9561,47.8199],[-2.9557,47.8154],[-2.966,47.8126],[-2.9643,47.8111],[-2.9658,47.808],[-2.9907,47.8113],[-2.999,47.8077],[-3.0016,47.8019],[-3.0042,47.803],[-3.0085,47.7978],[-3.0244,47.7927],[-3.0383,47.7931],[-3.043,47.7964],[-3.0507,47.7966],[-3.043,47.8019],[-3.0428,47.8061],[-3.0322,47.8179],[-3.0311,47.8208],[-3.0332,47.8239],[-3.0426,47.8279],[-3.0398,47.8272],[-3.035,47.8328],[-3.0355,47.8404],[-3.0327,47.8402],[-3.0317,47.8432],[-3.0341,47.8466],[-3.031,47.8501],[-3.0266,47.8489],[-3.0307,47.8503],[-3.0234,47.8599],[-3.0175,47.8602],[-3.0122,47.8661],[-3.0023,47.8623],[-2.9744,47.8618],[-2.973,47.858],[-2.9706,47.8595],[-2.9649,47.8571]]]]}},{"type":"Feature","properties":{"territoire":"56032","nom":"Campénéac","type":"commune"},"geometry":{"type":"MultiPolygon","coordinates":[[[[-2.2876,47.9918],[-2.2831,47.9909],[-2.2589,47.9973],[-2.2486,47.9968],[-2.2372,47.9998],[-2.2268,47.9948],[-2.2192,47.9955],[-2.2144,47.9932],[-2.2138,47.9854],[-2.2166,47.9823],[-2.2148,47.9786],[-2.2182,47.971],[-2.2117,47.9641],[-2.2125,47.9611],[-2.2065,47.9595],[-2.2094,47.9563],[-2.2075,47.9534],[-2.2129,47.9417],[-2.2255,47.9336],[-2.2426,47.942],[-2.3,47.9377],[-2.3037,47.9363],[-2.3026,47.9329],[-2.3057,47.9315],[-2.3064,47.9285],[-2.3025,47.925],[-2.305,47.9217],[-2.3177,47.9236],[-2.3195,47.9268],[-2.3391,47.9278],[-2.3415,47.9338],[-2.3401,47.94],[-2.3463,47.9439],[-2.3514,47.9542],[-2.3481,47.9691],[-2.3433,47.9752],[-2.3163,47.9792],[-2.3125,47.9808],[-2.3123,47.9842],[-2.3057,47.9896],[-2.2927,47.9929],[-2.2876,47.9918]]]]}},{"type":"Feature","properties":{"territoire":"56033","nom":"Carentoir","type":"commune"},"geometry":{"type":"MultiPolygon","coordinates":[[[[-2.0549,47.8687],[-2.0508,47.857],[-2.0541,47.8542],[-2.0544,47.8503],[-2.0507,47.8459],[-2.0516,47.8406],[-2.0478,47.8364],[-2.0353,47.8328],[-2.042,47.8297],[-2.0401,47.8281],[-2.0457,47.8239],[-2.0494,47.817],[-2.0704,47.8118],[-2.0695,47.8025],[-2.0722,47.7988],[-2.0868,47.7983],[-2.1049,47.8051],[-2.1116,47.8048],[-2.1114,47.7943],[-2.1294,47.792],[-2.1251,47.7814],[-2.1301,47.7827],[-2.1332,47.7793],[-2.1417,47.7832],[-2.1454,47.7877],[-2.1491,47.7862],[-2.1547,47.7905],[-2.1642,47.7873],[-2.1903,47.7865],[-2.1981,47.779],[-2.208,47.7838],[-2.2098,47.7883],[-2.2067,47.7927],[-2.1971,47.7959],[-2.1918,47.7952],[-2.1875,47.8122],[-2.1941,47.814],[-2.1926,47.8185],[-2.1988,47.8195],[-2.1961,47.824],[-2.1903,47.8257],[-2.1954,47.8337],[-2.2085,47.8397],[-2.2097,47.8424],[-2.2072,47.8437],[-2.2062,47.8485],[-2.2099,47.8536],[-2.2004,47.8565],[-2.1459,47.8545],[-2.1095,47.8489],[-2.1021,47.844],[-2.0912,47.8434],[-2.0771,47.8505],[-2.0686,47.852],[-2.0644,47.8605],[-2.0549,47.8687]]]]}},{"type":"Feature","properties":{"territoire":"56034","nom":"Carnac","type":"commune"},"geometry":{"type":"MultiPolygon","coordinates":[[[[-3.0361,47.639],[-3.0338,47.6341],[-3.0346,47.6281],[-3.0319,47.622],[-3.0282,47.6202],[-3.029,47.617],[-3.0261,47.6154],[-3.0273,47.6129],[-3.0251,47.6107],[-3.0263,47.6083],[-3.034,47.6068],[-3.0462,47.6071],[-3.0429,47.5994],[-3.0515,47.5966],[-3.0505,47.5909],[-3.0551,47.5899],[-3.0552,47.5818],[-3.0514,47.5794],[-3.0522,47.575],[-3.0552,47.5731],[-3.0532,47.5693],[-3.061,47.5723],[-3.0777,47.5686],[-3.079,47.5709],[-3.0794,47.5676],[-3.0888,47.5643],[-3.0975,47.5644],[-3.0972,47.5686],[-3.1063,47.5738],[-3.106,47.5773],[-3.0974,47.5782],[-3.0976,47.5752],[-3.0908,47.5752],[-3.0947,47.5812],[-3.1047,47.5806],[-3.1034,47.5839],[-3.0934,47.5888],[-3.0952,47.5941],[-3.0884,47.6051],[-3.0975,47.617],[-3.0976,47.6213],[-3.1066,47.6256],[-3.1036,47.6287],[-3.1077,47.6363],[-3.0936,47.6433],[-3.0716,47.6407],[-3.0684,47.6372],[-3.054,47.6396],[-3.0502,47.6381],[-3.0416,47.6428],[-3.0361,47.639]]]]}},{"type":"Feature","properties":{"territoire":"56039","nom":"La Chapelle-Neuve","type":"commune"},"geometry":{"type":"MultiPolygon","coordinates":[[[[-2.9263,47.8905],[-2.9201,47.8925],[-2.9195,47.8898],[-2.9162,47.8906],[-2.9142,47.8881],[-2.9102,47.8895],[-2.9053,47.8816],[-2.908,47.8815],[-2.9075,47.8774],[-2.9125,47.8682],[-2.9133,47.8613],[-2.9183,47.8567],[-2.9172,47.8547],[-2.9209,47.8452],[-2.9242,47.8439],[-2.9189,47.838],[-2.919,47.8308],[-2.9106,47.8175],[-2.9526,47.8268],[-2.9611,47.8444],[-2.9639,47.8457],[-2.9612,47.8538],[-2.9646,47.8581],[-2.9611,47.8595],[-2.9569,47.8559],[-2.9528,47.8561],[-2.951,47.8596],[-2.9461,47.8607],[-2.9497,47.8626],[-2.946,47.8724],[-2.9552,47.8744],[-2.955,47.8773],[-2.9486,47.8841],[-2.9263,47.8905]]]]}},{"type":"Feature","properties":{"territoire":"56040","nom":"Cléguer","type":"commune"},"geometry":{"type":"MultiPolygon","coordinates":[[[[-3.3324,47.8959],[-3.3363,47.8877],[-3.3313,47.8809],[-3.3348,47.8759],[-3.3254,47.8585],[-3.3175,47.8572],[-3.3164,47.8506],[-3.3217,47.8522],[-3.3344,47.8493],[-3.343,47.8521],[-3.347,47.8453],[-3.3593,47.8371],[-3.3728,47.8355],[-3.3702,47.8269],[-3.3907,47.8226],[-3.3873,47.8316],[-3.3941,47.8346],[-3.3921,47.8394],[-3.395,47.8425],[-3.3902,47.8462],[-3.401,47.8526],[-3.4014,47.8588],[-3.3977,47.8627],[-3.4042,47.8666],[-3.4013,47.8736],[-3.4037,47.8795],[-3.4025,47.8852],[-3.3844,47.8827],[-3.38,47.8922],[-3.3731,47.8907],[-3.3674,47.897],[-3.353,47.8999],[-3.3505,47.9025],[-3.3368,47.8999],[-3.3371,47.8974],[-3.3324,47.8959]]]]}},{"type":"Feature","properties":{"territoire":"56041","nom":"Cléguérec","type":"commune"},"geometry":{"type":"MultiPolygon","coordinates":[[[[-3.014,48.0893],[-3.0233,48.0949],[-3.0362,48.0974],[-3.0489,48.0978],[-3.0587,48.0907],[-3.0723,48.0921],[-3.0793,48.0967],[-3.0828,48.0947],[-3.0849,48.0971],[-3.1065,48.1026],[-3.1217,48.1178],[-3.132,48.1212],[-3.1314,48.1276],[-3.127,48.1287],[-3.1289,48.1342],[-3.1266,48.1355],[-3.1327,48.1386],[-3.1327,48.1415],[-3.1368,48.145],[-3.1233,48.1562],[-3.1022,48.1521],[-3.0907,48.1578],[-3.084,48.1677],[-3.0719,48.1689],[-3.0543,48.1683],[-3.0426,48.164],[-3.039,48.1611],[-3.0367,48.1546],[-3.0383,48.1515],[-3.0354,48.1492],[-3.0299,48.1526],[-3.0224,48.1507],[-3.0169,48.1551],[-3.0122,48.1548],[-3.0026,48.1448],[-3.0112,48.1381],[-3.0022,48.1336],[-3.0145,48.1282],[-3.0151,48.1239],[-3.0058,48.121],[-2.9963,48.1234],[-2.993,48.117],[-3.0038,48.1115],[-3.0039,48.1079],[-2.9962,48.1004],[-3.0067,48.097],[-3.0046,48.0937],[-3.0059,48.0862],[-3.014,48.0893]]]]}},{"type":"Feature","properties":{"territoire":"56051","nom":"Cruguel","type":"commune"},"geometry":{"type":"MultiPolygon","coordinates":[[[[-2.6275,47.884],[-2.6208,47.8895],[-2.6199,47.8939],[-2.6118,47.8946],[-2.6027,47.9035],[-2.5779,47.9113],[-2.5812,47.9015],[-2.5888,47.8985],[-2.5919,47.8933],[-2.5887,47.8881],[-2.592,47.8859],[-2.5916,47.8823],[-2.5726,47.8818],[-2.5725,47.879],[-2.569,47.8788],[-2.5523,47.8814],[-2.5506,47.8715],[-2.5574,47.8648],[-2.5554,47.8602],[-2.5578,47.8571],[-2.5648,47.8548],[-2.5793,47.8555],[-2.577,47.8588],[-2.584,47.8624],[-2.5837,47.8653],[-2.596,47.863],[-2.6026,47.866],[-2.6071,47.8589],[-2.6186,47.8661],[-2.6212,47.8702],[-2.6191,47.8733],[-2.6228,47.8752],[-2.6241,47.881],[-2.6275,47.884]]]]}},{"type":"Feature","properties":{"territoire":"56052","nom":"Damgan","type":"commune"},"geometry":{"type":"MultiPolygon","coordinates":[[[[-2.6313,47.5123],[-2.6221,47.5175],[-2.6165,47.5272],[-2.5986,47.5309],[-2.5829,47.5374],[-2.5739,47.5314],[-2.5721,47.534],[-2.5684,47.5326],[-2.5561,47.5365],[-2.5472,47.5344],[-2.5474,47.5259],[-2.5443,47.5227],[-2.5449,47.518],[-2.5529,47.5139],[-2.5499,47.5106],[-2.5704,47.5164],[-2.597,47.5175],[-2.6061,47.5152],[-2.6095,47.5105],[-2.6077,47.5083],[-2.6203,47.5047],[-2.6322,47.5045],[-2.6338,47.5065],[-2.6317,47.5094],[-2.6338,47.5111],[-2.6313,47.5123]]]]}},{"type":"Feature","properties":{"territoire":"56053","nom":"Elven","type":"commune"},"geometry":{"type":"MultiPolygon","coordinates":[[[[-2.6647,47.7624],[-2.6578,47.7627],[-2.6493,47.7572],[-2.6372,47.7613],[-2.6271,47.7724],[-2.6093,47.7743],[-2.6114,47.7669],[-2.596,47.7655],[-2.5905,47.7672],[-2.5869,47.7643],[-2.5836,47.7662],[-2.5642,47.7661],[-2.5518,47.7545],[-2.5402,47.7608],[-2.5334,47.7568],[-2.5388,47.7464],[-2.5386,47.7407],[-2.5349,47.7375],[-2.5296,47.737],[-2.5257,47.7323],[-2.5228,47.7329],[-2.5217,47.7296],[-2.5299,47.7224],[-2.5397,47.72],[-2.5391,47.713],[-2.5363,47.7104],[-2.5422,47.7028],[-2.5479,47.705],[-2.5534,47.7034],[-2.5505,47.6951],[-2.5535,47.6907],[-2.5743,47.692],[-2.5727,47.6898],[-2.5753,47.6895],[-2.5806,47.6925],[-2.6047,47.6919],[-2.6078,47.7004],[-2.6202,47.7013],[-2.6163,47.7093],[-2.6228,47.7103],[-2.6291,47.7007],[-2.6338,47.7007],[-2.6328,47.7102],[-2.6351,47.7133],[-2.6353,47.7206],[-2.6449,47.7236],[-2.6393,47.7267],[-2.6487,47.7318],[-2.6587,47.7316],[-2.6561,47.7369],[-2.6567,47.7432],[-2.6663,47.7442],[-2.6669,47.7477],[-2.6692,47.748],[-2.6677,47.7581],[-2.6645,47.7597],[-2.6647,47.7624]]]]}},{"type":"Feature","properties":{"territoire":"56054","nom":"Erdeven","type":"commune"},"geometry":{"type":"MultiPolygon","coordinates":[[[[-3.1821,47.6574],[-3.1672,47.6563],[-3.1561,47.6601],[-3.1494,47.6586],[-3.1474,47.6543],[-3.1421,47.651],[-3.1335,47.6538],[-3.137,47.6575],[-3.136,47.6612],[-3.1296,47.6597],[-3.1221,47.6653],[-3.1105,47.6625],[-3.1079,47.658],[-3.1094,47.6563],[-3.1239,47.6493],[-3.1167,47.6455],[-3.1173,47.6433],[-3.1116,47.6428],[-3.1058,47.6384],[-3.1077,47.6363],[-3.1036,47.6272],[-3.1089,47.6249],[-3.1328,47.6244],[-3.1401,47.6144],[-3.16,47.6067],[-3.1974,47.6239],[-3.1995,47.6309],[-3.21,47.6402],[-3.21,47.6448],[-3.2043,47.6491],[-3.1928,47.6492],[-3.1911,47.6568],[-3.1839,47.6557],[-3.1848,47.6578],[-3.1821,47.6574]]]]}},{"type":"Feature","properties":{"territoire":"56042","nom":"Colpo","type":"commune"},"geometry":{"type":"MultiPolygon","coordinates":[[[[-2.8571,47.8147],[-2.8493,47.8255],[-2.8381,47.8249],[-2.8365,47.8315],[-2.8198,47.8365],[-2.8089,47.8369],[-2.7998,47.8432],[-2.7882,47.8388],[-2.7702,47.8387],[-2.7674,47.8311],[-2.7644,47.8296],[-2.7739,47.8095],[-2.7784,47.808],[-2.7664,47.8033],[-2.78,47.7969],[-2.7786,47.7913],[-2.7893,47.7926],[-2.8046,47.7906],[-2.8063,47.7952],[-2.8162,47.7946],[-2.8185,47.7967],[-2.8266,47.7939],[-2.8302,47.7957],[-2.8283,47.7986],[-2.8327,47.8064],[-2.8521,47.8047],[-2.8571,47.8147]]]]}},{"type":"Feature","properties":{"territoire":"56043","nom":"Concoret","type":"commune"},"geometry":{"type":"MultiPolygon","coordinates":[[[[-2.1818,48.0831],[-2.1685,48.0762],[-2.1722,48.0732],[-2.1704,48.0634],[-2.1813,48.0571],[-2.1882,48.0568],[-2.1886,48.0526],[-2.2252,48.0506],[-2.2414,48.053],[-2.2496,48.0477],[-2.258,48.0587],[-2.2561,48.0631],[-2.2345,48.0633],[-2.2326,48.0691],[-2.2372,48.075],[-2.2354,48.0761],[-2.2217,48.0786],[-2.2196,48.0809],[-2.1872,48.081],[-2.1818,48.0831]]]]}},{"type":"Feature","properties":{"territoire":"56044","nom":"Cournon","type":"commune"},"geometry":{"type":"MultiPolygon","coordinates":[[[[-2.1282,47.7614],[-2.0845,47.7628],[-2.0856,47.7549],[-2.0838,47.75],[-2.0619,47.7514],[-2.0577,47.7427],[-2.0585,47.7381],[-2.0879,47.739],[-2.1094,47.736],[-2.117,47.7402],[-2.1171,47.7426],[-2.1129,47.7441],[-2.1164,47.7494],[-2.1372,47.7471],[-2.1406,47.7501],[-2.1282,47.7614]]]]}},{"type":"Feature","properties":{"territoire":"56045","nom":"Le Cours","type":"commune"},"geometry":{"type":"MultiPolygon","coordinates":[[[[-2.4849,47.7307],[-2.5008,47.73],[-2.5013,47.733],[-2.5039,47.7336],[-2.5066,47.7306],[-2.5131,47.7293],[-2.5185,47.7341],[-2.5257,47.7323],[-2.5296,47.737],[-2.5349,47.7375],[-2.5386,47.7407],[-2.5388,47.7464],[-2.5334,47.7568],[-2.5402,47.7608],[-2.5329,47.7687],[-2.5145,47.7641],[-2.5018,47.7683],[-2.5012,47.7659],[-2.4892,47.7656],[-2.491,47.7625],[-2.488,47.7607],[-2.4807,47.7614],[-2.4746,47.7531],[-2.4804,47.7507],[-2.4784,47.7429],[-2.4817,47.7412],[-2.4816,47.7346],[-2.4849,47.7307]]]]}},{"type":"Feature","properties":{"territoire":"56047","nom":"Crédin","type":"commune"},"geometry":{"type":"MultiPolygon","coordinates":[[[[-2.8043,48.0358],[-2.8032,48.0386],[-2.809,48.0423],[-2.8109,48.0466],[-2.8044,48.0513],[-2.8059,48.0527],[-2.8038,48.0564],[-2.8004,48.0566],[-2.7972,48.0616],[-2.7951,48.0604],[-2.7951,48.0635],[-2.7925,48.0629],[-2.7863,48.0724],[-2.781,48.0716],[-2.7808,48.0698],[-2.773,48.0699],[-2.7728,48.0653],[-2.7749,48.0642],[-2.7726,48.061],[-2.7684,48.0624],[-2.7707,48.0685],[-2.7601,48.07],[-2.7559,48.0672],[-2.7581,48.0654],[-2.7477,48.0662],[-2.736,48.0609],[-2.7333,48.0579],[-2.7346,48.0494],[-2.729,48.0458],[-2.7223,48.0451],[-2.7141,48.0356],[-2.7086,48.0338],[-2.7064,48.0256],[-2.7333,48.026],[-2.7495,48.019],[-2.7466,48.0042],[-2.749,48.0071],[-2.7549,48.0073],[-2.7575,48.012],[-2.7604,48.0092],[-2.7617,48.0137],[-2.7669,48.0142],[-2.7785,48.0074],[-2.7777,48.0044],[-2.7818,48.0031],[-2.7831,47.9988],[-2.7912,48.0037],[-2.7888,48.0106],[-2.7899,48.0156],[-2.7949,48.02],[-2.7957,48.0242],[-2.8002,48.025],[-2.8043,48.0358]]]]}},{"type":"Feature","properties":{"territoire":"56055","nom":"Étel","type":"commune"},"geometry":{"type":"MultiPolygon","coordinates":[[[[-3.1875,47.6609],[-3.1839,47.6557],[-3.1903,47.6574],[-3.1928,47.6492],[-3.2005,47.6485],[-3.2045,47.6493],[-3.2083,47.6629],[-3.2046,47.6654],[-3.1922,47.6603],[-3.1875,47.6609]]]]}},{"type":"Feature","properties":{"territoire":"56065","nom":"Gourhel","type":"commune"},"geometry":{"type":"MultiPolygon","coordinates":[[[[-2.3463,47.9454],[-2.3398,47.9377],[-2.3494,47.9356],[-2.3488,47.9328],[-2.3681,47.9323],[-2.3706,47.9352],[-2.3761,47.9346],[-2.374,47.935],[-2.3725,47.9433],[-2.3741,47.9455],[-2.372,47.9463],[-2.3582,47.9459],[-2.3543,47.9431],[-2.3463,47.9454]]]]}},{"type":"Feature","properties":{"territoire":"56066","nom":"Gourin","type":"commune"},"geometry":{"type":"MultiPolygon","coordinates":[[[[-3.5989,48.0809],[-3.6058,48.0772],[-3.6125,48.0798],[-3.6166,48.0763],[-3.6202,48.0791],[-3.6263,48.0791],[-3.6308,48.0826],[-3.6309,48.0871],[-3.6357,48.0881],[-3.6322,48.094],[-3.6355,48.0951],[-3.6481,48.0965],[-3.6597,48.0916],[-3.6769,48.0917],[-3.675,48.0978],[-3.6685,48.0976],[-3.6726,48.1014],[-3.6588,48.1167],[-3.666,48.1227],[-3.667,48.1264],[-3.6639,48.1271],[-3.6621,48.1309],[-3.6649,48.1377],[-3.6738,48.1447],[-3.6742,48.1481],[-3.6707,48.1492],[-3.6713,48.1523],[-3.6521,48.1567],[-3.6285,48.169],[-3.5882,48.1778],[-3.5811,48.1823],[-3.5648,48.1858],[-3.5572,48.1805],[-3.5523,48.1801],[-3.5533,48.1774],[-3.5413,48.1739],[-3.5422,48.1717],[-3.5367,48.1683],[-3.5349,48.1651],[-3.5369,48.1637],[-3.5324,48.1616],[-3.5271,48.153],[-3.5284,48.1422],[-3.5231,48.1346],[-3.5225,48.1277],[-3.5238,48.1264],[-3.5252,48.1284],[-3.5391,48.1311],[-3.5445,48.1298],[-3.5459,48.132],[-3.5656,48.1252],[-3.5743,48.1245],[-3.5869,48.1174],[-3.5993,48.1173],[-3.6013,48.1143],[-3.5966,48.1146],[-3.5929,48.1114],[-3.6002,48.107],[-3.5972,48.106],[-3.5975,48.101],[-3.6057,48.0941],[-3.6076,48.089],[-3.5989,48.0809]]]]}},{"type":"Feature","properties":{"territoire":"56067","nom":"Grand-Champ","type":"commune"},"geometry":{"type":"MultiPolygon","coordinates":[[[[-2.8772,47.8174],[-2.857,47.8147],[-2.8517,47.8046],[-2.8327,47.8064],[-2.8283,47.7986],[-2.8302,47.7957],[-2.8266,47.7939],[-2.8185,47.7967],[-2.8162,47.7946],[-2.8062,47.7951],[-2.7983,47.7779],[-2.8084,47.775],[-2.8059,47.7658],[-2.8103,47.7524],[-2.8071,47.7445],[-2.7913,47.7271],[-2.7901,47.7196],[-2.7958,47.72],[-2.7969,47.7176],[-2.8014,47.7191],[-2.8052,47.7139],[-2.8167,47.7075],[-2.8245,47.7067],[-2.8378,47.7131],[-2.847,47.712],[-2.8677,47.7158],[-2.8718,47.7127],[-2.8709,47.7095],[-2.8773,47.7086],[-2.8892,47.7144],[-2.8901,47.716],[-2.8876,47.7174],[-2.8891,47.7184],[-2.8829,47.7215],[-2.8761,47.7205],[-2.873,47.7247],[-2.8774,47.7294],[-2.8752,47.7335],[-2.8797,47.7372],[-2.8778,47.7452],[-2.874,47.7442],[-2.8719,47.7474],[-2.8757,47.7493],[-2.8721,47.7534],[-2.8821,47.7599],[-2.8928,47.7593],[-2.9117,47.7645],[-2.9107,47.7661],[-2.9078,47.7643],[-2.9027,47.7694],[-2.8984,47.7683],[-2.8951,47.7729],[-2.8977,47.7772],[-2.8953,47.779],[-2.9011,47.7826],[-2.8968,47.7872],[-2.8943,47.7863],[-2.8965,47.7905],[-2.8925,47.7964],[-2.8976,47.8081],[-2.8772,47.8174]]]]}},{"type":"Feature","properties":{"territoire":"56056","nom":"Évriguet","type":"commune"},"geometry":{"type":"MultiPolygon","coordinates":[[[[-2.3868,48.0766],[-2.3971,48.0759],[-2.4051,48.069],[-2.4172,48.0733],[-2.4145,48.0785],[-2.4204,48.0836],[-2.4208,48.0913],[-2.4074,48.0958],[-2.3965,48.0934],[-2.3926,48.0898],[-2.3871,48.091],[-2.3918,48.0852],[-2.3868,48.0766]]]]}},{"type":"Feature","properties":{"territoire":"56057","nom":"Le Faouët","type":"commune"},"geometry":{"type":"MultiPolygon","coordinates":[[[[-3.5313,48.0348],[-3.5344,48.039],[-3.5567,48.0488],[-3.5524,48.0517],[-3.5537,48.0615],[-3.5481,48.0661],[-3.5487,48.0709],[-3.5459,48.0745],[-3.5483,48.0832],[-3.5431,48.0851],[-3.5316,48.0831],[-3.52,48.0847],[-3.5153,48.0825],[-3.5137,48.0772],[-3.5086,48.0745],[-3.5037,48.0765],[-3.4991,48.0732],[-3.492,48.0786],[-3.488,48.0728],[-3.4816,48.0744],[-3.4778,48.0687],[-3.4709,48.0646],[-3.4754,48.0626],[-3.4728,48.057],[-3.4769,48.0545],[-3.4755,48.052],[-3.4801,48.0462],[-3.4755,48.0423],[-3.4751,48.0281],[-3.4703,48.0247],[-3.469,48.0183],[-3.4655,48.0174],[-3.4714,48.0168],[-3.4798,48.0077],[-3.4765,48.0014],[-3.4861,48.0069],[-3.4925,48.0001],[-3.4966,48.0004],[-3.4994,48.0108],[-3.4959,48.0131],[-3.4997,48.0181],[-3.5099,48.0196],[-3.5141,48.0287],[-3.5274,48.0306],[-3.5313,48.0348]]]]}},{"type":"Feature","properties":{"territoire":"56058","nom":"Férel","type":"commune"},"geometry":{"type":"MultiPolygon","coordinates":[[[[-2.2985,47.5159],[-2.2964,47.5123],[-2.299,47.5004],[-2.3041,47.4915],[-2.3137,47.4842],[-2.3144,47.4763],[-2.3117,47.4651],[-2.3164,47.4617],[-2.3266,47.4588],[-2.3496,47.4578],[-2.3532,47.4544],[-2.3682,47.4643],[-2.3776,47.4628],[-2.3749,47.4737],[-2.3805,47.4841],[-2.3789,47.4972],[-2.358,47.5075],[-2.3507,47.5151],[-2.3296,47.5106],[-2.3088,47.5185],[-2.2985,47.5159]]]]}},{"type":"Feature","properties":{"territoire":"56060","nom":"Les Fougerêts","type":"commune"},"geometry":{"type":"MultiPolygon","coordinates":[[[[-2.2153,47.7768],[-2.1928,47.7726],[-2.1899,47.7672],[-2.1917,47.7634],[-2.1638,47.7585],[-2.1629,47.7534],[-2.1702,47.7465],[-2.1658,47.7433],[-2.1608,47.7446],[-2.161,47.7424],[-2.1656,47.7385],[-2.1725,47.7389],[-2.1753,47.7279],[-2.1722,47.727],[-2.1849,47.7231],[-2.2119,47.7248],[-2.2143,47.7291],[-2.2212,47.7311],[-2.2275,47.7372],[-2.221,47.7393],[-2.2199,47.7453],[-2.2281,47.7597],[-2.2278,47.7632],[-2.2153,47.7768]]]]}},{"type":"Feature","properties":{"territoire":"56061","nom":"La Gacilly","type":"commune"},"geometry":{"type":"MultiPolygon","coordinates":[[[[-2.0722,47.7988],[-2.0736,47.7892],[-2.0799,47.7894],[-2.0837,47.7844],[-2.0961,47.7783],[-2.1098,47.7787],[-2.1088,47.7756],[-2.1111,47.771],[-2.1236,47.7715],[-2.1281,47.7691],[-2.128,47.7617],[-2.1406,47.7501],[-2.1372,47.7471],[-2.1164,47.7494],[-2.1129,47.7441],[-2.1171,47.7426],[-2.117,47.7402],[-2.108,47.7352],[-2.1068,47.7323],[-2.1127,47.7282],[-2.1299,47.7235],[-2.1301,47.7168],[-2.1451,47.7207],[-2.1504,47.725],[-2.1653,47.7232],[-2.1751,47.7275],[-2.1725,47.7389],[-2.1656,47.7385],[-2.161,47.7424],[-2.1608,47.7446],[-2.1658,47.7433],[-2.1702,47.7465],[-2.1629,47.7534],[-2.1638,47.7585],[-2.1917,47.7634],[-2.1903,47.7687],[-2.2002,47.7794],[-2.1981,47.779],[-2.1903,47.7865],[-2.1642,47.7873],[-2.1547,47.7905],[-2.1491,47.7862],[-2.1454,47.7877],[-2.1417,47.7832],[-2.1336,47.7793],[-2.1301,47.7827],[-2.1253,47.7811],[-2.1294,47.792],[-2.1114,47.7943],[-2.1116,47.8048],[-2.1049,47.8051],[-2.0868,47.7983],[-2.0722,47.7988]]]]}},{"type":"Feature","properties":{"territoire":"56062","nom":"Gâvres","type":"commune"},"geometry":{"type":"MultiPolygon","coordinates":[[[[-3.3013,47.6906],[-3.343,47.6956],[-3.353,47.6929],[-3.3538,47.6912],[-3.3512,47.6904],[-3.3601,47.6859],[-3.3619,47.6909],[-3.355,47.6942],[-3.3556,47.6988],[-3.3532,47.7014],[-3.3452,47.6959],[-3.339,47.6996],[-3.3315,47.6985],[-3.3266,47.7022],[-3.3233,47.6994],[-3.3146,47.6986],[-3.3176,47.697],[-3.3075,47.6936],[-3.3141,47.6936],[-3.3013,47.6906]]]]}},{"type":"Feature","properties":{"territoire":"56063","nom":"Gestel","type":"commune"},"geometry":{"type":"MultiPolygon","coordinates":[[[[-3.4402,47.8267],[-3.4333,47.8269],[-3.4303,47.8236],[-3.4321,47.822],[-3.43,47.8174],[-3.4264,47.818],[-3.4173,47.8124],[-3.4249,47.808],[-3.4216,47.8028],[-3.4303,47.7963],[-3.4483,47.7914],[-3.4484,47.7939],[-3.4563,47.8002],[-3.4529,47.8024],[-3.4548,47.8023],[-3.4539,47.8053],[-3.4491,47.8071],[-3.4482,47.8152],[-3.4433,47.8187],[-3.4455,47.8217],[-3.4402,47.8267]]]]}},{"type":"Feature","properties":{"territoire":"56068","nom":"La Grée-Saint-Laurent","type":"commune"},"geometry":{"type":"MultiPolygon","coordinates":[[[[-2.4988,47.9899],[-2.5242,47.9906],[-2.5223,47.9972],[-2.5274,48.0026],[-2.5243,48.0034],[-2.5262,48.0067],[-2.5252,48.0124],[-2.5139,48.0164],[-2.5087,48.0135],[-2.4961,48.019],[-2.4943,48.0102],[-2.484,48.006],[-2.4875,47.9978],[-2.4815,47.9948],[-2.4834,47.9922],[-2.4807,47.9888],[-2.4872,47.9855],[-2.4988,47.9899]]]]}},{"type":"Feature","properties":{"territoire":"56069","nom":"Groix","type":"commune"},"geometry":{"type":"MultiPolygon","coordinates":[[[[-3.5148,47.6476],[-3.5127,47.6492],[-3.5141,47.6523],[-3.4864,47.6529],[-3.472,47.6475],[-3.4652,47.6491],[-3.4603,47.6451],[-3.4302,47.6431],[-3.42,47.6376],[-3.4158,47.6316],[-3.4223,47.6199],[-3.4286,47.6247],[-3.4329,47.6234],[-3.4337,47.6257],[-3.4375,47.6262],[-3.4351,47.6269],[-3.4374,47.6286],[-3.446,47.6227],[-3.4554,47.6234],[-3.4632,47.6204],[-3.4651,47.6217],[-3.4633,47.6236],[-3.4739,47.6276],[-3.4857,47.6285],[-3.4863,47.6305],[-3.4822,47.6321],[-3.4829,47.6341],[-3.491,47.6323],[-3.4999,47.6365],[-3.4999,47.6392],[-3.5053,47.6386],[-3.5148,47.6476]]]]}},{"type":"Feature","properties":{"territoire":"56070","nom":"Guégon","type":"commune"},"geometry":{"type":"MultiPolygon","coordinates":[[[[-2.6523,47.9386],[-2.6487,47.9409],[-2.6473,47.9538],[-2.6318,47.9594],[-2.6276,47.9651],[-2.6362,47.9663],[-2.6325,47.9692],[-2.6242,47.9686],[-2.6233,47.9713],[-2.6197,47.9658],[-2.6231,47.9607],[-2.621,47.9586],[-2.6099,47.9579],[-2.6043,47.9614],[-2.5908,47.9598],[-2.5768,47.9526],[-2.5616,47.9532],[-2.5623,47.9504],[-2.559,47.9454],[-2.5533,47.9464],[-2.5475,47.9426],[-2.54,47.9428],[-2.5382,47.9362],[-2.5285,47.9316],[-2.5319,47.9303],[-2.5244,47.9163],[-2.5317,47.9133],[-2.5266,47.9014],[-2.5351,47.8988],[-2.5341,47.8953],[-2.5435,47.8943],[-2.5469,47.8815],[-2.569,47.8788],[-2.5725,47.879],[-2.5726,47.8818],[-2.5911,47.8819],[-2.5921,47.8857],[-2.5887,47.8881],[-2.5919,47.8933],[-2.5888,47.8985],[-2.5812,47.9015],[-2.5779,47.9113],[-2.5973,47.9053],[-2.6017,47.9115],[-2.6057,47.9124],[-2.6103,47.9175],[-2.6224,47.9189],[-2.6232,47.922],[-2.6265,47.9231],[-2.6525,47.9156],[-2.656,47.9209],[-2.6562,47.9262],[-2.6523,47.9386]]]]}},{"type":"Feature","properties":{"territoire":"56071","nom":"Guéhenno","type":"commune"},"geometry":{"type":"MultiPolygon","coordinates":[[[[-2.5942,47.9057],[-2.6027,47.9035],[-2.612,47.8945],[-2.6199,47.8939],[-2.6208,47.8895],[-2.6333,47.8796],[-2.6437,47.8779],[-2.6475,47.8822],[-2.6472,47.886],[-2.6527,47.8839],[-2.6535,47.8807],[-2.6707,47.8766],[-2.6781,47.8774],[-2.683,47.8711],[-2.6783,47.8662],[-2.6779,47.8611],[-2.688,47.8565],[-2.698,47.856],[-2.7017,47.853],[-2.7129,47.8511],[-2.7087,47.8599],[-2.7048,47.8609],[-2.7078,47.8645],[-2.7038,47.8692],[-2.7064,47.8715],[-2.6982,47.8728],[-2.6916,47.8814],[-2.6896,47.8812],[-2.6886,47.8856],[-2.6728,47.8884],[-2.6751,47.8939],[-2.6732,47.8992],[-2.6563,47.9064],[-2.6519,47.9157],[-2.6265,47.9231],[-2.6232,47.922],[-2.6224,47.9189],[-2.6103,47.9175],[-2.6057,47.9124],[-2.6017,47.9115],[-2.5973,47.9053],[-2.5942,47.9057]]]]}},{"type":"Feature","properties":{"territoire":"56072","nom":"Gueltas","type":"commune"},"geometry":{"type":"MultiPolygon","coordinates":[[[[-2.7832,48.1116],[-2.7827,48.1087],[-2.7764,48.1047],[-2.7789,48.0988],[-2.7736,48.0969],[-2.7774,48.0937],[-2.7751,48.0872],[-2.7966,48.0767],[-2.7949,48.0741],[-2.7872,48.0771],[-2.7863,48.0724],[-2.7925,48.0629],[-2.7952,48.0634],[-2.7951,48.0604],[-2.7972,48.0616],[-2.7983,48.0592],[-2.805,48.0584],[-2.8061,48.0613],[-2.8107,48.0604],[-2.809,48.0639],[-2.8133,48.0644],[-2.8117,48.0718],[-2.8138,48.072],[-2.813,48.0761],[-2.8159,48.0792],[-2.8128,48.0813],[-2.8152,48.0876],[-2.8189,48.0878],[-2.8359,48.0783],[-2.8493,48.0781],[-2.8473,48.0836],[-2.8499,48.0844],[-2.8507,48.09],[-2.847,48.0912],[-2.8463,48.0896],[-2.8393,48.0944],[-2.8431,48.0947],[-2.8423,48.0981],[-2.8498,48.0954],[-2.8516,48.102],[-2.8298,48.11],[-2.8249,48.1095],[-2.8193,48.1165],[-2.8031,48.1139],[-2.8023,48.1106],[-2.7832,48.1116]]]]}},{"type":"Feature","properties":{"territoire":"56073","nom":"Guémené-sur-Scorff","type":"commune"},"geometry":{"type":"MultiPolygon","coordinates":[[[[-3.2167,48.0621],[-3.2112,48.0721],[-3.2107,48.0691],[-3.1998,48.0711],[-3.1933,48.0693],[-3.1979,48.0632],[-3.2017,48.0632],[-3.201,48.0613],[-3.2083,48.0615],[-3.211,48.0637],[-3.2137,48.0613],[-3.2167,48.0621]]]]}},{"type":"Feature","properties":{"territoire":"56074","nom":"Guénin","type":"commune"},"geometry":{"type":"MultiPolygon","coordinates":[[[[-2.9263,47.8905],[-2.9486,47.8841],[-2.9553,47.8769],[-2.9546,47.8726],[-2.9614,47.8732],[-2.9651,47.8696],[-2.9634,47.8658],[-2.9688,47.8613],[-2.97,47.8673],[-2.966,47.8686],[-2.9668,47.8701],[-2.9714,47.8685],[-2.975,47.8771],[-2.9652,47.8801],[-2.965,47.8825],[-2.9745,47.8899],[-2.9733,47.893],[-2.9918,47.8899],[-3.0013,47.8989],[-3.0128,47.8979],[-3.0123,47.9002],[-3.0166,47.9026],[-3.0165,47.9086],[-3.0067,47.9136],[-3.0067,47.9165],[-2.999,47.9222],[-2.9948,47.9304],[-2.9868,47.9288],[-2.9816,47.9369],[-2.9809,47.9323],[-2.974,47.9318],[-2.9666,47.934],[-2.9589,47.94],[-2.9527,47.9366],[-2.9586,47.9275],[-2.9556,47.9259],[-2.9559,47.9227],[-2.9592,47.9204],[-2.9518,47.9193],[-2.9461,47.9229],[-2.9401,47.9188],[-2.9323,47.9183],[-2.9278,47.9117],[-2.9287,47.9097],[-2.9201,47.9071],[-2.9169,47.9036],[-2.9218,47.8973],[-2.9202,47.8948],[-2.9263,47.8905]]]]}},{"type":"Feature","properties":{"territoire":"56075","nom":"Guer","type":"commune"},"geometry":{"type":"MultiPolygon","coordinates":[[[[-2.0933,47.9025],[-2.0996,47.9004],[-2.1058,47.9023],[-2.1013,47.8949],[-2.1055,47.8932],[-2.1118,47.8949],[-2.1157,47.8902],[-2.1131,47.8877],[-2.1132,47.8831],[-2.1162,47.8806],[-2.1148,47.8777],[-2.0957,47.8618],[-2.1056,47.8586],[-2.1053,47.8515],[-2.1107,47.8489],[-2.1459,47.8545],[-2.1569,47.8542],[-2.1514,47.8573],[-2.1527,47.8595],[-2.1486,47.8635],[-2.1497,47.8655],[-2.1435,47.8709],[-2.1472,47.8736],[-2.1437,47.8749],[-2.1497,47.8863],[-2.1601,47.8861],[-2.1735,47.8927],[-2.1724,47.8954],[-2.178,47.9047],[-2.174,47.9038],[-2.1691,47.9108],[-2.1587,47.9081],[-2.1559,47.9104],[-2.1652,47.9186],[-2.1709,47.9301],[-2.1722,47.9383],[-2.1638,47.944],[-2.1432,47.9463],[-2.1387,47.9554],[-2.1241,47.9575],[-2.121,47.9611],[-2.1108,47.96],[-2.1088,47.957],[-2.1103,47.953],[-2.1047,47.9523],[-2.1025,47.9482],[-2.0996,47.9482],[-2.1001,47.9444],[-2.0977,47.9416],[-2.1015,47.9392],[-2.0973,47.9365],[-2.0979,47.9331],[-2.0904,47.9304],[-2.0893,47.927],[-2.0784,47.9192],[-2.0813,47.9168],[-2.0805,47.9146],[-2.0854,47.9141],[-2.0817,47.909],[-2.0857,47.9068],[-2.0846,47.9047],[-2.0933,47.9025]]]]}},{"type":"Feature","properties":{"territoire":"56076","nom":"Guern","type":"commune"},"geometry":{"type":"MultiPolygon","coordinates":[[[[-3.0169,48.0259],[-3.0249,48.0246],[-3.03,48.0206],[-3.0331,48.0214],[-3.0306,48.0173],[-3.0353,48.0104],[-3.053,48.0168],[-3.0585,48.0156],[-3.056,48.0127],[-3.0591,48.0126],[-3.0587,48.0101],[-3.0628,48.0112],[-3.0659,48.0084],[-3.064,48.0064],[-3.0703,48.0101],[-3.0758,48.0078],[-3.0772,48.0053],[-3.0752,48.0035],[-3.084,48.0112],[-3.0931,48.0088],[-3.1016,48.0103],[-3.1038,48.0074],[-3.115,48.0087],[-3.1199,48.0053],[-3.1277,48.0085],[-3.1319,48.0071],[-3.1314,48.0092],[-3.1387,48.0117],[-3.1471,48.023],[-3.1482,48.027],[-3.1449,48.0281],[-3.152,48.0304],[-3.1568,48.0349],[-3.1613,48.0329],[-3.1725,48.0336],[-3.1658,48.0416],[-3.1707,48.0483],[-3.1633,48.0515],[-3.1602,48.0587],[-3.1397,48.0685],[-3.1364,48.0667],[-3.1321,48.071],[-3.1228,48.073],[-3.1167,48.0643],[-3.1127,48.0617],[-3.1067,48.0631],[-3.0991,48.0542],[-3.0911,48.051],[-3.0776,48.0531],[-3.0765,48.0477],[-3.0716,48.0477],[-3.0669,48.0442],[-3.0624,48.0452],[-3.0587,48.0401],[-3.0542,48.0386],[-3.0484,48.0409],[-3.0458,48.0376],[-3.0472,48.0403],[-3.0353,48.0418],[-3.032,48.0381],[-3.0342,48.0358],[-3.0255,48.0355],[-3.0249,48.0309],[-3.0169,48.0259]]]]}},{"type":"Feature","properties":{"territoire":"56084","nom":"Le Hézo","type":"commune"},"geometry":{"type":"MultiPolygon","coordinates":[[[[-2.7083,47.592],[-2.7038,47.5893],[-2.6854,47.5901],[-2.6874,47.5868],[-2.6787,47.5866],[-2.6729,47.5837],[-2.6584,47.5846],[-2.6653,47.5793],[-2.6881,47.5738],[-2.6862,47.5682],[-2.6915,47.5658],[-2.7108,47.576],[-2.7069,47.5806],[-2.7133,47.5905],[-2.7083,47.592]]]]}},{"type":"Feature","properties":{"territoire":"56077","nom":"Le Guerno","type":"commune"},"geometry":{"type":"MultiPolygon","coordinates":[[[[-2.4083,47.5719],[-2.4082,47.5774],[-2.4175,47.5781],[-2.4159,47.5826],[-2.4198,47.5823],[-2.4191,47.5888],[-2.4261,47.5899],[-2.4245,47.5934],[-2.4101,47.6003],[-2.4047,47.6122],[-2.4007,47.6106],[-2.3895,47.6156],[-2.3905,47.6141],[-2.3877,47.6126],[-2.3897,47.6109],[-2.3851,47.6031],[-2.3883,47.6002],[-2.3865,47.5982],[-2.3926,47.5975],[-2.3922,47.594],[-2.396,47.5918],[-2.3951,47.5884],[-2.3921,47.5879],[-2.3914,47.5922],[-2.3853,47.5941],[-2.383,47.5927],[-2.3842,47.5909],[-2.3802,47.5924],[-2.3758,47.5912],[-2.3753,47.5887],[-2.38,47.5799],[-2.3878,47.5801],[-2.3852,47.5785],[-2.3904,47.5723],[-2.4083,47.5719]]]]}},{"type":"Feature","properties":{"territoire":"56078","nom":"Guidel","type":"commune"},"geometry":{"type":"MultiPolygon","coordinates":[[[[-3.5399,47.8227],[-3.5398,47.8363],[-3.5313,47.843],[-3.5267,47.8427],[-3.5288,47.8453],[-3.5231,47.8495],[-3.5186,47.8482],[-3.5219,47.8399],[-3.5161,47.8393],[-3.512,47.8321],[-3.4959,47.8284],[-3.4921,47.8243],[-3.4849,47.8246],[-3.475,47.8356],[-3.4619,47.8375],[-3.4509,47.8339],[-3.4482,47.8276],[-3.4402,47.8267],[-3.4455,47.8217],[-3.4433,47.8187],[-3.4482,47.8152],[-3.4491,47.8071],[-3.4539,47.8053],[-3.4548,47.8023],[-3.4529,47.8024],[-3.4563,47.8002],[-3.4513,47.7948],[-3.4588,47.7971],[-3.4655,47.7907],[-3.4655,47.7884],[-3.458,47.7851],[-3.4605,47.7815],[-3.4598,47.7776],[-3.4645,47.7721],[-3.4607,47.7712],[-3.4609,47.7677],[-3.4558,47.7667],[-3.4524,47.7581],[-3.4553,47.7556],[-3.4641,47.7544],[-3.4721,47.7478],[-3.4839,47.7461],[-3.4852,47.7422],[-3.4976,47.7411],[-3.5021,47.738],[-3.5123,47.7531],[-3.5219,47.7581],[-3.5231,47.7623],[-3.5301,47.766],[-3.5257,47.7677],[-3.526,47.7706],[-3.5304,47.7723],[-3.5304,47.7792],[-3.5238,47.7895],[-3.5289,47.7896],[-3.5249,47.7916],[-3.5252,47.7959],[-3.5206,47.7986],[-3.5216,47.8015],[-3.5192,47.8032],[-3.5244,47.8044],[-3.5235,47.8104],[-3.5355,47.8131],[-3.5374,47.8166],[-3.5329,47.8204],[-3.5399,47.8227]]]]}},{"type":"Feature","properties":{"territoire":"56079","nom":"Guillac","type":"commune"},"geometry":{"type":"MultiPolygon","coordinates":[[[[-2.4618,47.8998],[-2.4817,47.9097],[-2.4834,47.916],[-2.4935,47.923],[-2.5005,47.9225],[-2.5155,47.9304],[-2.5277,47.9309],[-2.5375,47.9357],[-2.5414,47.9454],[-2.5355,47.9466],[-2.5336,47.9513],[-2.5299,47.9511],[-2.4907,47.9389],[-2.484,47.9435],[-2.4835,47.9484],[-2.4787,47.9492],[-2.4758,47.9454],[-2.4591,47.9457],[-2.4586,47.9426],[-2.4653,47.9365],[-2.4653,47.9331],[-2.4552,47.9266],[-2.4576,47.9215],[-2.451,47.9159],[-2.4365,47.9182],[-2.4308,47.9136],[-2.4397,47.9002],[-2.4372,47.8972],[-2.4384,47.8911],[-2.4365,47.8877],[-2.4503,47.8866],[-2.4582,47.8998],[-2.4618,47.8998]]]]}},{"type":"Feature","properties":{"territoire":"56080","nom":"Guilliers","type":"commune"},"geometry":{"type":"MultiPolygon","coordinates":[[[[-2.4167,48.08],[-2.4145,48.0785],[-2.4172,48.0733],[-2.406,48.069],[-2.3967,48.076],[-2.3868,48.0766],[-2.3853,48.0732],[-2.3728,48.0718],[-2.374,48.069],[-2.3722,48.0669],[-2.3691,48.069],[-2.3657,48.0663],[-2.3707,48.0633],[-2.3687,48.0521],[-2.3652,48.0508],[-2.3658,48.0478],[-2.3592,48.0463],[-2.3802,48.0306],[-2.4093,48.0285],[-2.415,48.0256],[-2.4171,48.02],[-2.4214,48.0181],[-2.442,48.0181],[-2.4447,48.0217],[-2.4412,48.0268],[-2.4436,48.0314],[-2.4415,48.0418],[-2.4652,48.0551],[-2.4647,48.0631],[-2.4693,48.0701],[-2.4612,48.0741],[-2.4167,48.08]]]]}},{"type":"Feature","properties":{"territoire":"56081","nom":"Guiscriff","type":"commune"},"geometry":{"type":"MultiPolygon","coordinates":[[[[-3.6128,47.9851],[-3.6194,47.9817],[-3.6281,47.9834],[-3.6311,47.9866],[-3.6331,47.9837],[-3.6414,47.9856],[-3.6408,47.991],[-3.6442,47.9934],[-3.6482,48.0064],[-3.6593,48.0141],[-3.6645,48.0227],[-3.6613,48.0237],[-3.6644,48.0294],[-3.662,48.0302],[-3.6637,48.0369],[-3.6713,48.0371],[-3.6698,48.0425],[-3.6757,48.0474],[-3.6734,48.0586],[-3.6869,48.0588],[-3.6921,48.0633],[-3.6992,48.0624],[-3.7086,48.0666],[-3.708,48.0696],[-3.6984,48.0687],[-3.6999,48.0754],[-3.7035,48.0784],[-3.7044,48.0869],[-3.695,48.0937],[-3.6908,48.0892],[-3.6747,48.0928],[-3.6597,48.0916],[-3.6481,48.0965],[-3.6327,48.0947],[-3.6357,48.0881],[-3.6309,48.0871],[-3.6308,48.0826],[-3.6269,48.0794],[-3.6202,48.0791],[-3.6166,48.0763],[-3.6118,48.0799],[-3.6076,48.0772],[-3.5989,48.0809],[-3.5895,48.0797],[-3.5895,48.0768],[-3.5938,48.0756],[-3.5927,48.0717],[-3.5784,48.0682],[-3.5621,48.0551],[-3.5599,48.0492],[-3.548,48.0461],[-3.5316,48.0363],[-3.5375,48.0315],[-3.55,48.0305],[-3.5487,48.0287],[-3.551,48.0275],[-3.5674,48.0276],[-3.5689,48.025],[-3.5657,48.0226],[-3.5657,48.0174],[-3.5736,48.0147],[-3.5727,48.0133],[-3.5831,48.0133],[-3.5817,48.011],[-3.5844,48.0112],[-3.578,48.0058],[-3.5731,47.9965],[-3.5771,47.9975],[-3.5818,47.993],[-3.5898,47.9942],[-3.5898,47.9892],[-3.608,47.9893],[-3.6128,47.9851]]]]}},{"type":"Feature","properties":{"territoire":"56082","nom":"Helléan","type":"commune"},"geometry":{"type":"MultiPolygon","coordinates":[[[[-2.4844,47.948],[-2.4836,47.9535],[-2.4878,47.9542],[-2.5,47.9808],[-2.4963,47.983],[-2.5024,47.9866],[-2.4988,47.9899],[-2.4872,47.9855],[-2.4799,47.9891],[-2.4747,47.9889],[-2.4752,47.9846],[-2.4778,47.9838],[-2.4752,47.9758],[-2.4685,47.9763],[-2.4654,47.9732],[-2.4665,47.9707],[-2.4742,47.9686],[-2.4651,47.9624],[-2.46,47.9568],[-2.4596,47.9526],[-2.4703,47.9496],[-2.4717,47.9464],[-2.4758,47.9454],[-2.4787,47.9492],[-2.4844,47.948]]]]}},{"type":"Feature","properties":{"territoire":"56083","nom":"Hennebont","type":"commune"},"geometry":{"type":"MultiPolygon","coordinates":[[[[-3.2664,47.8211],[-3.2549,47.8199],[-3.2506,47.8253],[-3.234,47.831],[-3.2335,47.8269],[-3.228,47.8251],[-3.2352,47.8195],[-3.2315,47.8162],[-3.2323,47.8112],[-3.2433,47.7979],[-3.2502,47.8004],[-3.26,47.7914],[-3.2656,47.7913],[-3.2665,47.7882],[-3.2824,47.7803],[-3.2927,47.7843],[-3.2931,47.7873],[-3.2896,47.7922],[-3.276,47.7938],[-3.2761,47.7985],[-3.2776,47.7942],[-3.295,47.7936],[-3.305,47.7966],[-3.3104,47.803],[-3.3094,47.8079],[-3.3031,47.8075],[-3.3034,47.8121],[-3.2996,47.8156],[-3.2941,47.8125],[-3.3003,47.8249],[-3.2927,47.8234],[-3.2775,47.8264],[-3.2743,47.8251],[-3.275,47.8222],[-3.2664,47.8211]]]]}},{"type":"Feature","properties":{"territoire":"56085","nom":"Hœdic","type":"commune"},"geometry":{"type":"MultiPolygon","coordinates":[[[[-2.8915,47.346],[-2.8836,47.3428],[-2.8751,47.3445],[-2.8765,47.3428],[-2.874,47.3429],[-2.8639,47.3491],[-2.8609,47.3411],[-2.8651,47.337],[-2.8747,47.3356],[-2.8763,47.333],[-2.8857,47.3324],[-2.8907,47.338],[-2.8872,47.3418],[-2.8915,47.346]]]]}},{"type":"Feature","properties":{"territoire":"56086","nom":"Île-d'Houat","type":"commune"},"geometry":{"type":"MultiPolygon","coordinates":[[[[-2.9733,47.3569],[-2.9705,47.3581],[-2.9688,47.3563],[-2.9733,47.3569]]],[[[-2.995,47.3941],[-2.9917,47.3956],[-2.9944,47.3992],[-2.9909,47.4002],[-2.9937,47.4017],[-2.9909,47.4025],[-2.9885,47.3992],[-2.9809,47.4],[-2.9808,47.3974],[-2.9752,47.397],[-2.9756,47.3952],[-2.9682,47.3926],[-2.9615,47.3943],[-2.952,47.3907],[-2.9422,47.3941],[-2.9386,47.3931],[-2.9538,47.385],[-2.9538,47.3811],[-2.9498,47.3812],[-2.9491,47.3793],[-2.9502,47.3752],[-2.9562,47.378],[-2.9554,47.3808],[-2.9591,47.384],[-2.9743,47.3854],[-2.9858,47.3949],[-2.995,47.3941]]],[[[-2.999,47.3947],[-2.9954,47.3949],[-2.9973,47.393],[-2.999,47.3947]]]]}},{"type":"Feature","properties":{"territoire":"56087","nom":"Île-aux-Moines","type":"commune"},"geometry":{"type":"MultiPolygon","coordinates":[[[[-2.8623,47.5689],[-2.8557,47.5844],[-2.8571,47.5902],[-2.8509,47.5976],[-2.8552,47.6005],[-2.8519,47.6015],[-2.8481,47.5984],[-2.8373,47.6072],[-2.8385,47.601],[-2.842,47.5977],[-2.8409,47.5938],[-2.8237,47.5909],[-2.8238,47.5887],[-2.8326,47.5901],[-2.8374,47.5874],[-2.8471,47.5897],[-2.8519,47.5831],[-2.8506,47.5779],[-2.8559,47.5737],[-2.8529,47.5724],[-2.853,47.5685],[-2.8488,47.5663],[-2.8591,47.5664],[-2.8576,47.561],[-2.8599,47.56],[-2.8623,47.5689]]]]}},{"type":"Feature","properties":{"territoire":"56088","nom":"Île-d'Arz","type":"commune"},"geometry":{"type":"MultiPolygon","coordinates":[[[[-2.7952,47.5653],[-2.7937,47.5668],[-2.7888,47.5627],[-2.792,47.5623],[-2.7952,47.5653]]],[[[-2.7952,47.5713],[-2.792,47.5774],[-2.7938,47.5795],[-2.7909,47.5801],[-2.7911,47.5768],[-2.786,47.5755],[-2.7894,47.5712],[-2.7859,47.5686],[-2.7952,47.5713]]],[[[-2.8165,47.5853],[-2.8124,47.5839],[-2.8081,47.587],[-2.8143,47.5915],[-2.8088,47.593],[-2.8129,47.599],[-2.8066,47.596],[-2.798,47.5973],[-2.7951,47.6],[-2.7962,47.6043],[-2.7927,47.6066],[-2.794,47.6015],[-2.7862,47.5996],[-2.7866,47.595],[-2.789,47.5939],[-2.7846,47.5917],[-2.7747,47.5934],[-2.7781,47.5864],[-2.7819,47.5908],[-2.7833,47.5897],[-2.7815,47.5892],[-2.7862,47.5895],[-2.7865,47.5929],[-2.7933,47.5935],[-2.7945,47.5908],[-2.7992,47.5893],[-2.7977,47.5877],[-2.8021,47.5862],[-2.803,47.5824],[-2.8096,47.5783],[-2.8133,47.5792],[-2.8115,47.5815],[-2.8165,47.5853]]]]}},{"type":"Feature","properties":{"territoire":"56091","nom":"Josselin","type":"commune"},"geometry":{"type":"MultiPolygon","coordinates":[[[[-2.529,47.9509],[-2.5336,47.9513],[-2.5355,47.9466],[-2.5414,47.9454],[-2.54,47.9428],[-2.5475,47.9426],[-2.5533,47.9464],[-2.559,47.9454],[-2.5623,47.9504],[-2.5616,47.9532],[-2.5754,47.9524],[-2.5739,47.9542],[-2.5654,47.9542],[-2.5688,47.9577],[-2.5666,47.9588],[-2.5559,47.9553],[-2.5576,47.9571],[-2.5554,47.9593],[-2.5608,47.9667],[-2.5537,47.9618],[-2.5519,47.9644],[-2.5422,47.967],[-2.5387,47.9628],[-2.5398,47.9606],[-2.5281,47.954],[-2.529,47.9509]]]]}},{"type":"Feature","properties":{"territoire":"56092","nom":"Kerfourn","type":"commune"},"geometry":{"type":"MultiPolygon","coordinates":[[[[-2.814,48.0675],[-2.8133,48.0644],[-2.809,48.0639],[-2.8107,48.0604],[-2.8061,48.0613],[-2.8057,48.0584],[-2.7983,48.0592],[-2.8038,48.0564],[-2.8059,48.0527],[-2.8044,48.0513],[-2.8109,48.0466],[-2.803,48.0376],[-2.8092,48.0348],[-2.8145,48.0288],[-2.834,48.0242],[-2.8436,48.0251],[-2.8437,48.0222],[-2.847,48.021],[-2.8822,48.0229],[-2.8779,48.0266],[-2.8747,48.0262],[-2.8765,48.029],[-2.8733,48.0275],[-2.8648,48.0294],[-2.865,48.0319],[-2.8705,48.0347],[-2.8672,48.0411],[-2.8713,48.0427],[-2.8692,48.0459],[-2.8615,48.0459],[-2.8699,48.0478],[-2.8694,48.0512],[-2.8634,48.0516],[-2.8526,48.0592],[-2.8456,48.0554],[-2.8397,48.0624],[-2.8341,48.0611],[-2.832,48.0649],[-2.8335,48.0658],[-2.827,48.0692],[-2.8282,48.0715],[-2.8193,48.0727],[-2.82,48.0672],[-2.814,48.0675]]]]}},{"type":"Feature","properties":{"territoire":"56093","nom":"Kergrist","type":"commune"},"geometry":{"type":"MultiPolygon","coordinates":[[[[-2.9072,48.1256],[-2.9137,48.1189],[-2.9202,48.1194],[-2.923,48.1231],[-2.9292,48.1234],[-2.9353,48.1206],[-2.9376,48.1208],[-2.9369,48.1242],[-2.9391,48.1219],[-2.9468,48.1251],[-2.9562,48.1254],[-2.9554,48.1286],[-2.9595,48.1294],[-2.9582,48.1371],[-2.9626,48.1407],[-2.9628,48.1439],[-2.966,48.1424],[-2.9724,48.1445],[-2.9758,48.1531],[-2.9793,48.1542],[-2.9795,48.1613],[-2.97,48.1677],[-2.9472,48.1719],[-2.9102,48.1657],[-2.9035,48.1626],[-2.8917,48.1649],[-2.883,48.1578],[-2.8824,48.153],[-2.8777,48.151],[-2.8809,48.1456],[-2.879,48.1402],[-2.8916,48.1285],[-2.8973,48.1301],[-2.8982,48.1352],[-2.9052,48.1312],[-2.9072,48.1256]]]]}},{"type":"Feature","properties":{"territoire":"56094","nom":"Kervignac","type":"commune"},"geometry":{"type":"MultiPolygon","coordinates":[[[[-3.2136,47.802],[-3.1995,47.7869],[-3.2043,47.7815],[-3.2009,47.7765],[-3.203,47.7698],[-3.202,47.7605],[-3.1996,47.7591],[-3.2008,47.7552],[-3.2181,47.7509],[-3.2273,47.7435],[-3.2394,47.744],[-3.2503,47.7404],[-3.271,47.7402],[-3.2761,47.7427],[-3.2825,47.741],[-3.2823,47.7434],[-3.2853,47.7415],[-3.3151,47.7449],[-3.3061,47.7482],[-3.3017,47.7582],[-3.3028,47.7626],[-3.2963,47.7715],[-3.2936,47.7687],[-3.285,47.7693],[-3.2809,47.7822],[-3.2665,47.7882],[-3.2656,47.7913],[-3.26,47.7914],[-3.2502,47.8004],[-3.2436,47.7978],[-3.2361,47.8043],[-3.2331,47.8017],[-3.2136,47.802]]]]}},{"type":"Feature","properties":{"territoire":"56096","nom":"Landaul","type":"commune"},"geometry":{"type":"MultiPolygon","coordinates":[[[[-3.1556,47.7304],[-3.1523,47.7329],[-3.1558,47.7361],[-3.1536,47.7404],[-3.1492,47.7417],[-3.145,47.7399],[-3.1354,47.7466],[-3.135,47.7493],[-3.1226,47.7541],[-3.0897,47.7525],[-3.0843,47.7597],[-3.0769,47.7617],[-3.063,47.7522],[-3.0561,47.7532],[-3.0517,47.7504],[-3.0612,47.7351],[-3.0724,47.7323],[-3.073,47.7283],[-3.0807,47.7316],[-3.0838,47.7306],[-3.0881,47.7248],[-3.097,47.7198],[-3.1045,47.7229],[-3.1098,47.7289],[-3.1092,47.7314],[-3.1135,47.7334],[-3.121,47.7305],[-3.1377,47.7348],[-3.1475,47.7292],[-3.1556,47.7304]]]]}},{"type":"Feature","properties":{"territoire":"56097","nom":"Landévant","type":"commune"},"geometry":{"type":"MultiPolygon","coordinates":[[[[-3.1162,47.8018],[-3.1072,47.8026],[-3.0899,47.7933],[-3.0816,47.7919],[-3.0825,47.7884],[-3.0793,47.7843],[-3.0825,47.7802],[-3.0819,47.7763],[-3.0776,47.7728],[-3.0791,47.761],[-3.0843,47.7597],[-3.0897,47.7525],[-3.1226,47.7541],[-3.135,47.7493],[-3.1354,47.7466],[-3.145,47.7399],[-3.1508,47.7416],[-3.1479,47.7523],[-3.1548,47.7551],[-3.1484,47.7641],[-3.1479,47.7717],[-3.1424,47.7747],[-3.1419,47.7786],[-3.135,47.7782],[-3.1338,47.7819],[-3.1258,47.7822],[-3.1273,47.7884],[-3.122,47.7881],[-3.1233,47.791],[-3.116,47.7992],[-3.1162,47.8018]]]]}},{"type":"Feature","properties":{"territoire":"56098","nom":"Lanester","type":"commune"},"geometry":{"type":"MultiPolygon","coordinates":[[[[-3.3606,47.7701],[-3.3612,47.7757],[-3.354,47.7796],[-3.3399,47.7844],[-3.3289,47.7769],[-3.3144,47.7832],[-3.3186,47.7845],[-3.3214,47.7897],[-3.3137,47.7892],[-3.3123,47.7846],[-3.306,47.7928],[-3.3,47.7958],[-3.2901,47.7935],[-3.2962,47.7864],[-3.2958,47.7817],[-3.2909,47.7828],[-3.2861,47.7747],[-3.2889,47.7716],[-3.2944,47.7752],[-3.3003,47.7747],[-3.3001,47.7698],[-3.303,47.7653],[-3.3089,47.764],[-3.3163,47.7569],[-3.3199,47.7561],[-3.3261,47.7592],[-3.3223,47.7511],[-3.3247,47.7469],[-3.3421,47.7414],[-3.3467,47.7421],[-3.3538,47.7604],[-3.3578,47.7626],[-3.3645,47.7617],[-3.3659,47.7676],[-3.3633,47.7708],[-3.3606,47.7701]]]]}},{"type":"Feature","properties":{"territoire":"56099","nom":"Langoëlan","type":"commune"},"geometry":{"type":"MultiPolygon","coordinates":[[[[-3.2045,48.13],[-3.2108,48.1256],[-3.2074,48.1237],[-3.2148,48.1206],[-3.2126,48.1181],[-3.2135,48.114],[-3.2087,48.112],[-3.2141,48.1106],[-3.2084,48.1042],[-3.2099,48.1016],[-3.2051,48.0971],[-3.2056,48.0943],[-3.2003,48.0864],[-3.2075,48.0834],[-3.2117,48.0885],[-3.2149,48.0868],[-3.2227,48.0897],[-3.2215,48.0886],[-3.2243,48.086],[-3.2277,48.0897],[-3.2324,48.0881],[-3.2305,48.0916],[-3.2281,48.0907],[-3.2285,48.0942],[-3.2375,48.0976],[-3.2396,48.1007],[-3.2432,48.1001],[-3.2433,48.1033],[-3.2657,48.1064],[-3.2666,48.1092],[-3.259,48.1102],[-3.2613,48.1134],[-3.2652,48.1139],[-3.2664,48.1172],[-3.2615,48.1185],[-3.2609,48.1242],[-3.2527,48.1209],[-3.2484,48.1273],[-3.2623,48.1367],[-3.2697,48.1371],[-3.2709,48.1423],[-3.2661,48.1459],[-3.2594,48.1432],[-3.2566,48.1481],[-3.2414,48.1516],[-3.235,48.1504],[-3.2332,48.1468],[-3.2287,48.1497],[-3.2245,48.1488],[-3.2251,48.1464],[-3.2069,48.1403],[-3.2049,48.1369],[-3.2071,48.133],[-3.2045,48.13]]]]}},{"type":"Feature","properties":{"territoire":"56100","nom":"Langonnet","type":"commune"},"geometry":{"type":"MultiPolygon","coordinates":[[[[-3.4803,48.1862],[-3.477,48.1863],[-3.47,48.1773],[-3.4678,48.1783],[-3.4689,48.1799],[-3.4632,48.1816],[-3.4548,48.1804],[-3.4528,48.1774],[-3.4494,48.1786],[-3.4443,48.1814],[-3.4452,48.1871],[-3.4234,48.1773],[-3.42,48.174],[-3.4213,48.1717],[-3.4296,48.1701],[-3.4384,48.1627],[-3.4389,48.1599],[-3.4352,48.1542],[-3.4186,48.1471],[-3.4182,48.1397],[-3.4114,48.1345],[-3.4251,48.1237],[-3.4229,48.1183],[-3.4268,48.1141],[-3.4333,48.1125],[-3.4297,48.1093],[-3.4308,48.1058],[-3.4381,48.1042],[-3.4408,48.098],[-3.4474,48.0973],[-3.4468,48.0911],[-3.4534,48.0924],[-3.4584,48.0896],[-3.462,48.0813],[-3.4599,48.0776],[-3.468,48.0787],[-3.4696,48.073],[-3.4721,48.0717],[-3.4783,48.0711],[-3.4819,48.0745],[-3.488,48.0728],[-3.493,48.0787],[-3.4944,48.0749],[-3.4985,48.0733],[-3.5037,48.0765],[-3.5086,48.0745],[-3.515,48.078],[-3.5153,48.0825],[-3.5183,48.0842],[-3.5316,48.0831],[-3.5429,48.0851],[-3.5465,48.0883],[-3.5288,48.1085],[-3.528,48.1166],[-3.5228,48.1196],[-3.5247,48.1265],[-3.5218,48.1312],[-3.5284,48.1422],[-3.5262,48.149],[-3.5285,48.1562],[-3.5369,48.1637],[-3.5349,48.1651],[-3.5392,48.1715],[-3.5422,48.1717],[-3.5413,48.1739],[-3.5533,48.1774],[-3.5528,48.1797],[-3.5236,48.1786],[-3.5019,48.1807],[-3.4803,48.1862]]]]}},{"type":"Feature","properties":{"territoire":"56101","nom":"Languidic","type":"commune"},"geometry":{"type":"MultiPolygon","coordinates":[[[[-3.1899,47.8878],[-3.1754,47.8863],[-3.1577,47.8896],[-3.138,47.8899],[-3.1261,47.8827],[-3.1091,47.8827],[-3.098,47.8765],[-3.0773,47.8758],[-3.0665,47.8711],[-3.0689,47.865],[-3.0663,47.8591],[-3.0687,47.8571],[-3.0673,47.8533],[-3.0713,47.848],[-3.0685,47.839],[-3.0597,47.8359],[-3.06,47.8273],[-3.076,47.828],[-3.0892,47.8202],[-3.0874,47.8141],[-3.0968,47.8168],[-3.1049,47.8137],[-3.1063,47.8075],[-3.1115,47.8099],[-3.1181,47.8062],[-3.116,47.7992],[-3.1229,47.7919],[-3.122,47.7881],[-3.1273,47.7884],[-3.1258,47.7822],[-3.1338,47.7819],[-3.135,47.7782],[-3.1419,47.7786],[-3.1424,47.7747],[-3.1469,47.7731],[-3.1481,47.769],[-3.1576,47.7731],[-3.163,47.7711],[-3.1723,47.7744],[-3.1718,47.7778],[-3.1778,47.7842],[-3.1728,47.787],[-3.1778,47.7886],[-3.1766,47.7917],[-3.1802,47.7926],[-3.1794,47.7939],[-3.182,47.7936],[-3.1827,47.8017],[-3.1905,47.8018],[-3.1974,47.8067],[-3.2108,47.8104],[-3.2136,47.802],[-3.2331,47.8017],[-3.2378,47.8041],[-3.2315,47.8139],[-3.2352,47.8195],[-3.228,47.8251],[-3.2335,47.8269],[-3.234,47.831],[-3.2128,47.8295],[-3.2055,47.8361],[-3.2057,47.8404],[-3.2159,47.8471],[-3.2158,47.8531],[-3.2122,47.8536],[-3.2127,47.856],[-3.2085,47.8605],[-3.1994,47.865],[-3.1962,47.8693],[-3.1963,47.8726],[-3.2038,47.8807],[-3.2025,47.8832],[-3.1899,47.8878]]]]}},{"type":"Feature","properties":{"territoire":"56102","nom":"Forges de Lanouée","type":"commune"},"geometry":{"type":"MultiPolygon","coordinates":[[[[-2.5754,47.9524],[-2.5912,47.9599],[-2.605,47.9614],[-2.6106,47.9578],[-2.6219,47.959],[-2.6208,47.9682],[-2.6233,47.9713],[-2.6242,47.9686],[-2.6318,47.9691],[-2.6297,47.9719],[-2.6344,47.9778],[-2.6343,47.9832],[-2.6498,47.9856],[-2.6556,47.9939],[-2.6515,48.0025],[-2.659,48.0059],[-2.652,48.0098],[-2.6506,48.014],[-2.6525,48.016],[-2.6515,48.0236],[-2.6563,48.0351],[-2.6438,48.0423],[-2.6455,48.0355],[-2.641,48.0347],[-2.636,48.0378],[-2.6284,48.0338],[-2.6099,48.0465],[-2.5899,48.0562],[-2.5814,48.0646],[-2.5785,48.0719],[-2.5644,48.0673],[-2.5618,48.0686],[-2.5638,48.0715],[-2.5612,48.0745],[-2.5482,48.0765],[-2.5476,48.0713],[-2.5426,48.0658],[-2.5436,48.0602],[-2.5401,48.056],[-2.5349,48.0548],[-2.5315,48.0487],[-2.5279,48.0486],[-2.5257,48.0416],[-2.5194,48.0401],[-2.5163,48.0321],[-2.5096,48.0313],[-2.5091,48.0259],[-2.5058,48.0219],[-2.4972,48.0192],[-2.5087,48.0135],[-2.5139,48.0164],[-2.5252,48.0124],[-2.5262,48.0067],[-2.5243,48.0034],[-2.5274,48.0026],[-2.5229,47.9994],[-2.5219,47.9951],[-2.5246,47.9911],[-2.5115,47.9916],[-2.5133,47.9846],[-2.524,47.9824],[-2.5319,47.9759],[-2.5419,47.9738],[-2.5395,47.9702],[-2.5415,47.9668],[-2.5519,47.9644],[-2.5537,47.9618],[-2.5608,47.9667],[-2.5554,47.9593],[-2.5576,47.9571],[-2.5559,47.9553],[-2.5666,47.9588],[-2.5688,47.9577],[-2.5654,47.9542],[-2.5739,47.9542],[-2.5754,47.9524]]]]}},{"type":"Feature","properties":{"territoire":"56103","nom":"Lantillac","type":"commune"},"geometry":{"type":"MultiPolygon","coordinates":[[[[-2.636,47.9654],[-2.6276,47.9644],[-2.6362,47.9563],[-2.6473,47.9538],[-2.6498,47.9386],[-2.6685,47.9369],[-2.6871,47.9425],[-2.6875,47.9456],[-2.6797,47.9519],[-2.6794,47.9549],[-2.6659,47.9626],[-2.636,47.9654]]]]}},{"type":"Feature","properties":{"territoire":"56104","nom":"Lanvaudan","type":"commune"},"geometry":{"type":"MultiPolygon","coordinates":[[[[-3.1989,47.8852],[-3.2118,47.8872],[-3.2251,47.8976],[-3.2387,47.8972],[-3.2461,47.9],[-3.2486,47.8882],[-3.2465,47.8828],[-3.2503,47.8784],[-3.2498,47.8716],[-3.2451,47.8649],[-3.2492,47.8626],[-3.2563,47.8684],[-3.2666,47.8725],[-3.2903,47.8767],[-3.2924,47.8753],[-3.2935,47.8793],[-3.2914,47.8856],[-3.2803,47.8884],[-3.2773,47.8928],[-3.278,47.8956],[-3.2728,47.901],[-3.2717,47.9086],[-3.2631,47.9092],[-3.2566,47.9047],[-3.2426,47.906],[-3.2417,47.9116],[-3.2307,47.9095],[-3.2289,47.9144],[-3.2254,47.9163],[-3.2034,47.9094],[-3.2006,47.9016],[-3.1896,47.8952],[-3.1899,47.8878],[-3.1989,47.8852]]]]}},{"type":"Feature","properties":{"territoire":"56105","nom":"Lanvénégen","type":"commune"},"geometry":{"type":"MultiPolygon","coordinates":[[[[-3.4972,47.9767],[-3.5153,47.9749],[-3.5252,47.9795],[-3.531,47.9889],[-3.5463,47.9866],[-3.5557,47.9941],[-3.5607,47.9914],[-3.5768,47.9907],[-3.584,47.9845],[-3.5898,47.9892],[-3.5902,47.9939],[-3.5818,47.993],[-3.5771,47.9975],[-3.5726,47.997],[-3.5844,48.0112],[-3.5817,48.011],[-3.5831,48.0133],[-3.5727,48.0133],[-3.5736,48.0147],[-3.5657,48.0174],[-3.5657,48.0226],[-3.5689,48.025],[-3.5674,48.0276],[-3.551,48.0275],[-3.5487,48.0287],[-3.55,48.0305],[-3.5426,48.0301],[-3.5312,48.0348],[-3.5274,48.0306],[-3.5141,48.0287],[-3.5099,48.0196],[-3.4985,48.0169],[-3.4959,48.0131],[-3.4994,48.0108],[-3.4973,48.0006],[-3.4925,48.0001],[-3.4861,48.0069],[-3.4767,48.0022],[-3.4876,47.9858],[-3.4989,47.9825],[-3.4972,47.9767]]]]}},{"type":"Feature","properties":{"territoire":"56106","nom":"Larmor-Baden","type":"commune"},"geometry":{"type":"MultiPolygon","coordinates":[[[[-2.9115,47.5755],[-2.9089,47.5773],[-2.9084,47.5694],[-2.9064,47.5685],[-2.9079,47.567],[-2.9098,47.5675],[-2.9115,47.5755]]],[[[-2.9009,47.5721],[-2.898,47.5772],[-2.8962,47.5767],[-2.8959,47.5725],[-2.9009,47.5721]]],[[[-2.8915,47.5768],[-2.8897,47.5825],[-2.8845,47.5825],[-2.8864,47.5807],[-2.8849,47.5784],[-2.8892,47.5748],[-2.8915,47.5768]]],[[[-2.8887,47.6033],[-2.8928,47.5963],[-2.8897,47.5963],[-2.8886,47.5924],[-2.8905,47.5818],[-2.8952,47.5815],[-2.8952,47.5847],[-2.898,47.5857],[-2.9048,47.582],[-2.9084,47.5838],[-2.9038,47.5876],[-2.9053,47.5904],[-2.9135,47.5938],[-2.9123,47.6023],[-2.9066,47.6052],[-2.8973,47.6034],[-2.8936,47.6057],[-2.8887,47.6033]]]]}},{"type":"Feature","properties":{"territoire":"56107","nom":"Larmor-Plage","type":"commune"},"geometry":{"type":"MultiPolygon","coordinates":[[[[-3.4144,47.7076],[-3.4157,47.7123],[-3.409,47.7196],[-3.4108,47.7254],[-3.4044,47.7223],[-3.3983,47.7244],[-3.3947,47.7313],[-3.3775,47.7302],[-3.368,47.7252],[-3.3708,47.7231],[-3.3677,47.7159],[-3.3745,47.713],[-3.3751,47.7088],[-3.3813,47.7076],[-3.3804,47.7051],[-3.3874,47.7016],[-3.4119,47.7022],[-3.4144,47.7076]]]]}},{"type":"Feature","properties":{"territoire":"56108","nom":"Larré","type":"commune"},"geometry":{"type":"MultiPolygon","coordinates":[[[[-2.4849,47.7307],[-2.4753,47.7276],[-2.4728,47.7228],[-2.4684,47.7216],[-2.4601,47.729],[-2.4489,47.715],[-2.4394,47.7191],[-2.4464,47.7123],[-2.4668,47.7089],[-2.4695,47.7069],[-2.4696,47.703],[-2.473,47.7039],[-2.4767,47.7],[-2.4823,47.6994],[-2.4774,47.6951],[-2.4771,47.6905],[-2.4845,47.692],[-2.4871,47.6991],[-2.4931,47.7042],[-2.5087,47.7029],[-2.5174,47.7072],[-2.5257,47.7079],[-2.5286,47.7061],[-2.5369,47.7092],[-2.5391,47.713],[-2.5397,47.72],[-2.5299,47.7224],[-2.5221,47.7287],[-2.5228,47.7329],[-2.5199,47.7343],[-2.5131,47.7293],[-2.5066,47.7306],[-2.5039,47.7336],[-2.5013,47.733],[-2.5008,47.73],[-2.4849,47.7307]]]]}},{"type":"Feature","properties":{"territoire":"56109","nom":"Lauzach","type":"commune"},"geometry":{"type":"MultiPolygon","coordinates":[[[[-2.5821,47.6001],[-2.5831,47.6015],[-2.577,47.6069],[-2.5836,47.6088],[-2.5842,47.6142],[-2.5784,47.6159],[-2.5766,47.6191],[-2.578,47.6215],[-2.5656,47.6285],[-2.5586,47.6293],[-2.5456,47.6198],[-2.5425,47.6228],[-2.5309,47.6217],[-2.5281,47.6174],[-2.5299,47.6145],[-2.5264,47.6004],[-2.5383,47.6019],[-2.5557,47.597],[-2.5723,47.5986],[-2.5747,47.5969],[-2.5821,47.6001]]]]}},{"type":"Feature","properties":{"territoire":"56110","nom":"Lignol","type":"commune"},"geometry":{"type":"MultiPolygon","coordinates":[[[[-3.2501,47.9878],[-3.2564,47.9904],[-3.2559,47.9951],[-3.263,47.994],[-3.2697,47.9982],[-3.2773,47.9949],[-3.2884,47.9973],[-3.3029,47.9942],[-3.3064,47.9947],[-3.3111,47.9997],[-3.3136,48.0034],[-3.3121,48.0042],[-3.3157,48.006],[-3.3101,48.0085],[-3.3145,48.0131],[-3.313,48.022],[-3.3191,48.0279],[-3.3186,48.0302],[-3.3122,48.0322],[-3.3129,48.0356],[-3.3049,48.0364],[-3.3066,48.0391],[-3.3052,48.0431],[-3.3102,48.0452],[-3.31,48.0533],[-3.3041,48.0489],[-3.2954,48.0504],[-3.2923,48.0545],[-3.2827,48.0534],[-3.2831,48.0515],[-3.2777,48.0479],[-3.2758,48.0539],[-3.2775,48.0555],[-3.2727,48.0595],[-3.2539,48.0577],[-3.2426,48.0621],[-3.2376,48.0613],[-3.2347,48.0561],[-3.2315,48.0577],[-3.2226,48.055],[-3.2245,48.0511],[-3.2202,48.0466],[-3.2276,48.0412],[-3.2252,48.0381],[-3.2354,48.0323],[-3.2332,48.0283],[-3.2344,48.0249],[-3.2418,48.0234],[-3.2478,48.0185],[-3.2436,48.012],[-3.2432,48.0065],[-3.2485,48.0041],[-3.2451,47.9994],[-3.2471,47.9935],[-3.2439,47.9901],[-3.2501,47.9878]]]]}},{"type":"Feature","properties":{"territoire":"56111","nom":"Limerzel","type":"commune"},"geometry":{"type":"MultiPolygon","coordinates":[[[[-2.3196,47.6141],[-2.3224,47.6094],[-2.3374,47.6101],[-2.3424,47.606],[-2.3476,47.6066],[-2.3503,47.6023],[-2.3664,47.6071],[-2.3726,47.612],[-2.3768,47.6118],[-2.3844,47.616],[-2.3886,47.6129],[-2.3895,47.6156],[-2.3939,47.6149],[-2.3935,47.6189],[-2.4003,47.6198],[-2.3929,47.6286],[-2.3825,47.6313],[-2.383,47.6333],[-2.3946,47.6368],[-2.3975,47.6407],[-2.3894,47.6452],[-2.3851,47.651],[-2.3794,47.6491],[-2.3739,47.6537],[-2.3731,47.6578],[-2.3774,47.6594],[-2.3746,47.6639],[-2.3763,47.6675],[-2.3704,47.667],[-2.3674,47.6722],[-2.3728,47.6729],[-2.374,47.6759],[-2.3418,47.6713],[-2.3371,47.6674],[-2.3479,47.66],[-2.345,47.6547],[-2.3461,47.6526],[-2.3411,47.6513],[-2.3404,47.6439],[-2.3356,47.6397],[-2.3454,47.6265],[-2.3391,47.6219],[-2.3309,47.6205],[-2.3278,47.6154],[-2.3196,47.6141]]]]}},{"type":"Feature","properties":{"territoire":"56124","nom":"Malestroit","type":"commune"},"geometry":{"type":"MultiPolygon","coordinates":[[[[-2.3677,47.8077],[-2.3702,47.8045],[-2.3766,47.8028],[-2.3744,47.8015],[-2.38,47.8003],[-2.3812,47.7942],[-2.3864,47.7936],[-2.3947,47.7974],[-2.4074,47.794],[-2.4084,47.7984],[-2.4022,47.8024],[-2.4028,47.8097],[-2.3971,47.8119],[-2.397,47.8172],[-2.3932,47.8201],[-2.3796,47.8184],[-2.3741,47.8216],[-2.3722,47.8192],[-2.3738,47.8173],[-2.365,47.8091],[-2.3677,47.8077]]]]}},{"type":"Feature","properties":{"territoire":"56125","nom":"Malguénac","type":"commune"},"geometry":{"type":"MultiPolygon","coordinates":[[[[-3.0892,48.0971],[-3.0849,48.0971],[-3.0828,48.0947],[-3.0793,48.0967],[-3.0734,48.0924],[-3.0614,48.0906],[-3.0543,48.0926],[-3.0489,48.0978],[-3.0233,48.0949],[-3.0126,48.09],[-3.0202,48.0858],[-3.0144,48.078],[-3.001,48.0716],[-3.0071,48.0697],[-3.0029,48.0633],[-2.9957,48.0621],[-3.0045,48.0562],[-3.0171,48.0572],[-3.014,48.0487],[-3.0224,48.0481],[-3.022,48.0426],[-3.0279,48.0428],[-3.03,48.0361],[-3.0342,48.0358],[-3.032,48.0381],[-3.0356,48.0419],[-3.0472,48.0403],[-3.0458,48.0376],[-3.0484,48.0409],[-3.0537,48.0386],[-3.0577,48.0396],[-3.0624,48.0452],[-3.0669,48.0442],[-3.0716,48.0477],[-3.0765,48.0477],[-3.0776,48.0531],[-3.0923,48.0513],[-3.1046,48.0584],[-3.1067,48.0631],[-3.1143,48.0625],[-3.1229,48.0721],[-3.1158,48.0738],[-3.1026,48.0853],[-3.0946,48.0858],[-3.0825,48.0909],[-3.0815,48.0924],[-3.0892,48.0971]]]]}},{"type":"Feature","properties":{"territoire":"56126","nom":"Marzan","type":"commune"},"geometry":{"type":"MultiPolygon","coordinates":[[[[-2.3061,47.5236],[-2.3097,47.5175],[-2.3269,47.5109],[-2.3491,47.5154],[-2.3549,47.5126],[-2.358,47.5075],[-2.3647,47.5094],[-2.3665,47.5164],[-2.3801,47.5255],[-2.3801,47.5316],[-2.3845,47.5322],[-2.3797,47.5353],[-2.3823,47.5398],[-2.3806,47.5437],[-2.3867,47.5487],[-2.3938,47.5478],[-2.3935,47.5498],[-2.4014,47.555],[-2.4099,47.5555],[-2.4122,47.5528],[-2.4196,47.5596],[-2.4074,47.5678],[-2.4112,47.5712],[-2.3904,47.5723],[-2.3852,47.5785],[-2.3878,47.5801],[-2.3805,47.5802],[-2.3762,47.575],[-2.3778,47.5658],[-2.3713,47.559],[-2.3667,47.5602],[-2.3519,47.5558],[-2.3487,47.5589],[-2.3446,47.5566],[-2.3438,47.5598],[-2.3359,47.5593],[-2.3027,47.5526],[-2.3093,47.5453],[-2.3003,47.5317],[-2.3061,47.5236]]]]}},{"type":"Feature","properties":{"territoire":"56112","nom":"Lizio","type":"commune"},"geometry":{"type":"MultiPolygon","coordinates":[[[[-2.4899,47.887],[-2.4868,47.8774],[-2.4804,47.8761],[-2.485,47.8738],[-2.481,47.8645],[-2.4817,47.8604],[-2.4853,47.8591],[-2.483,47.8548],[-2.4967,47.8568],[-2.5074,47.8542],[-2.5142,47.8568],[-2.5329,47.8478],[-2.5292,47.8463],[-2.5323,47.8434],[-2.5467,47.8426],[-2.5578,47.8466],[-2.5694,47.8445],[-2.5668,47.8548],[-2.5578,47.8571],[-2.5554,47.8602],[-2.5574,47.8648],[-2.5494,47.8696],[-2.5442,47.8686],[-2.5442,47.8652],[-2.5404,47.8624],[-2.5369,47.8626],[-2.5337,47.8694],[-2.5212,47.8692],[-2.5218,47.8747],[-2.5281,47.876],[-2.528,47.8779],[-2.5137,47.8896],[-2.5115,47.8874],[-2.4899,47.887]]]]}},{"type":"Feature","properties":{"territoire":"56113","nom":"Locmalo","type":"commune"},"geometry":{"type":"MultiPolygon","coordinates":[[[[-3.2003,48.0865],[-3.1766,48.0862],[-3.1698,48.0899],[-3.174,48.0923],[-3.1685,48.0998],[-3.1594,48.0927],[-3.1584,48.0848],[-3.1533,48.0818],[-3.1549,48.0793],[-3.1403,48.0681],[-3.1602,48.0587],[-3.1633,48.0515],[-3.1707,48.0483],[-3.1683,48.0471],[-3.1662,48.0399],[-3.1725,48.0336],[-3.1761,48.0336],[-3.1768,48.0281],[-3.1794,48.0261],[-3.1848,48.0253],[-3.1908,48.0281],[-3.1877,48.0302],[-3.19,48.0372],[-3.1878,48.0375],[-3.191,48.043],[-3.1965,48.0432],[-3.2052,48.0368],[-3.2133,48.04],[-3.2159,48.044],[-3.2221,48.0449],[-3.2202,48.0466],[-3.2245,48.0511],[-3.2221,48.0534],[-3.2234,48.0577],[-3.2214,48.0612],[-3.2137,48.0613],[-3.2113,48.0637],[-3.201,48.0613],[-3.2017,48.0632],[-3.1979,48.0632],[-3.1933,48.0693],[-3.1988,48.0711],[-3.2108,48.0693],[-3.2093,48.0763],[-3.2054,48.0785],[-3.2075,48.0834],[-3.2003,48.0865]]]]}},{"type":"Feature","properties":{"territoire":"56114","nom":"Locmaria","type":"commune"},"geometry":{"type":"MultiPolygon","coordinates":[[[[-3.1217,47.323],[-3.1122,47.3244],[-3.1139,47.3229],[-3.1106,47.3185],[-3.0972,47.3154],[-3.0685,47.3172],[-3.0615,47.3144],[-3.0559,47.3081],[-3.0644,47.3078],[-3.0676,47.2962],[-3.0742,47.2935],[-3.0772,47.2946],[-3.0753,47.2933],[-3.0771,47.2883],[-3.075,47.2869],[-3.0865,47.2835],[-3.093,47.2779],[-3.097,47.2799],[-3.0946,47.2835],[-3.1068,47.2852],[-3.108,47.2877],[-3.1132,47.288],[-3.1119,47.289],[-3.1172,47.2878],[-3.1192,47.2907],[-3.1407,47.2862],[-3.1427,47.2874],[-3.1377,47.2891],[-3.1395,47.2897],[-3.1385,47.2929],[-3.1419,47.2896],[-3.1501,47.294],[-3.1566,47.2921],[-3.1581,47.2936],[-3.1508,47.2977],[-3.1467,47.3053],[-3.1361,47.3109],[-3.134,47.3176],[-3.1235,47.3201],[-3.1217,47.323]]]]}},{"type":"Feature","properties":{"territoire":"56115","nom":"Locmaria-Grand-Champ","type":"commune"},"geometry":{"type":"MultiPolygon","coordinates":[[[[-2.7786,47.7913],[-2.7789,47.7859],[-2.7911,47.7791],[-2.775,47.7769],[-2.7763,47.7731],[-2.7736,47.7664],[-2.7764,47.7613],[-2.7696,47.7588],[-2.775,47.7451],[-2.7696,47.7377],[-2.7719,47.7333],[-2.7789,47.7364],[-2.7841,47.7347],[-2.7897,47.732],[-2.7921,47.7274],[-2.8071,47.7445],[-2.8103,47.7524],[-2.8059,47.7658],[-2.8084,47.775],[-2.7983,47.7779],[-2.8046,47.7906],[-2.8035,47.792],[-2.7786,47.7913]]]]}},{"type":"Feature","properties":{"territoire":"56116","nom":"Locmariaquer","type":"commune"},"geometry":{"type":"MultiPolygon","coordinates":[[[[-2.9716,47.6066],[-2.9662,47.605],[-2.9642,47.601],[-2.9548,47.5984],[-2.9544,47.5961],[-2.9609,47.5944],[-2.9649,47.588],[-2.9623,47.588],[-2.9629,47.5847],[-2.9593,47.5808],[-2.9469,47.5788],[-2.9448,47.5745],[-2.9459,47.5713],[-2.9405,47.5672],[-2.9366,47.5681],[-2.9373,47.5602],[-2.9284,47.5593],[-2.9263,47.557],[-2.9285,47.554],[-2.9518,47.5561],[-2.951,47.5583],[-2.957,47.5652],[-2.9597,47.5617],[-2.9564,47.5609],[-2.9638,47.5569],[-2.9623,47.5536],[-2.9714,47.5588],[-2.9758,47.5587],[-2.9758,47.5611],[-2.9786,47.5619],[-2.9755,47.5629],[-2.9745,47.5598],[-2.9684,47.5596],[-2.9757,47.5693],[-2.9708,47.5685],[-2.9709,47.5707],[-2.9797,47.578],[-2.9858,47.5771],[-2.9922,47.5819],[-2.9832,47.5864],[-2.9798,47.5956],[-2.9805,47.6041],[-2.9716,47.6066]]]]}},{"type":"Feature","properties":{"territoire":"56127","nom":"Mauron","type":"commune"},"geometry":{"type":"MultiPolygon","coordinates":[[[[-2.3578,48.1111],[-2.3528,48.117],[-2.3519,48.1252],[-2.3489,48.1267],[-2.3381,48.1256],[-2.3365,48.1193],[-2.3218,48.1227],[-2.3237,48.1254],[-2.3204,48.128],[-2.3211,48.1331],[-2.3169,48.1356],[-2.2963,48.1351],[-2.2963,48.1319],[-2.2842,48.1329],[-2.2535,48.1064],[-2.2553,48.0972],[-2.2725,48.0941],[-2.2755,48.09],[-2.2704,48.0833],[-2.267,48.0872],[-2.2603,48.0857],[-2.2541,48.0898],[-2.2479,48.0853],[-2.2554,48.0768],[-2.2551,48.0739],[-2.2577,48.0731],[-2.2554,48.0647],[-2.258,48.0587],[-2.2496,48.0477],[-2.2636,48.0401],[-2.2732,48.031],[-2.2806,48.0351],[-2.2907,48.0467],[-2.2974,48.0431],[-2.3035,48.0448],[-2.306,48.0424],[-2.3126,48.043],[-2.3174,48.0452],[-2.3193,48.0426],[-2.3411,48.0441],[-2.351,48.0411],[-2.3562,48.0453],[-2.3658,48.0478],[-2.3707,48.0633],[-2.3641,48.0671],[-2.3596,48.0775],[-2.3431,48.0791],[-2.3375,48.0818],[-2.3353,48.0817],[-2.3361,48.0764],[-2.3284,48.0761],[-2.3206,48.0804],[-2.3256,48.0851],[-2.3284,48.0849],[-2.3327,48.0925],[-2.3387,48.0939],[-2.3388,48.0981],[-2.3438,48.1053],[-2.3578,48.1111]]]]}},{"type":"Feature","properties":{"territoire":"56128","nom":"Melrand","type":"commune"},"geometry":{"type":"MultiPolygon","coordinates":[[[[-3.0658,47.9477],[-3.0739,47.9342],[-3.0864,47.9337],[-3.0858,47.9358],[-3.0922,47.9392],[-3.0922,47.9424],[-3.0972,47.9421],[-3.1015,47.9449],[-3.1114,47.9405],[-3.1152,47.9455],[-3.1244,47.9466],[-3.1265,47.951],[-3.1367,47.9547],[-3.1379,47.9591],[-3.1452,47.9625],[-3.1467,47.9663],[-3.1439,47.9683],[-3.1453,47.9764],[-3.1417,47.9813],[-3.1436,47.9894],[-3.137,47.9894],[-3.1342,47.9868],[-3.1351,47.9904],[-3.1331,47.9919],[-3.1362,48.0045],[-3.1278,48.0085],[-3.119,48.0053],[-3.115,48.0087],[-3.1038,48.0074],[-3.1016,48.0103],[-3.0931,48.0088],[-3.084,48.0112],[-3.0752,48.0035],[-3.0772,48.0053],[-3.0758,48.0078],[-3.0703,48.0101],[-3.0643,48.0063],[-3.0659,48.0084],[-3.0628,48.0112],[-3.0587,48.0101],[-3.058,48.013],[-3.0574,48.0084],[-3.0644,48.0055],[-3.0603,47.999],[-3.0634,47.9953],[-3.0626,47.9924],[-3.0793,47.9838],[-3.0757,47.9824],[-3.0773,47.9786],[-3.0681,47.978],[-3.0628,47.9745],[-3.061,47.9714],[-3.0631,47.9684],[-3.0546,47.9629],[-3.0658,47.9477]]]]}},{"type":"Feature","properties":{"territoire":"56129","nom":"Ménéac","type":"commune"},"geometry":{"type":"MultiPolygon","coordinates":[[[[-2.5342,48.1569],[-2.5091,48.1601],[-2.4878,48.1553],[-2.4841,48.1568],[-2.4891,48.16],[-2.4872,48.1669],[-2.4794,48.1677],[-2.4718,48.1598],[-2.4692,48.1625],[-2.4532,48.1635],[-2.4543,48.1694],[-2.4493,48.173],[-2.4408,48.1716],[-2.4261,48.1742],[-2.4058,48.1676],[-2.4043,48.1604],[-2.3999,48.1543],[-2.3745,48.1403],[-2.3762,48.1364],[-2.3743,48.1325],[-2.3767,48.1312],[-2.3771,48.1336],[-2.3827,48.136],[-2.4007,48.131],[-2.4027,48.1253],[-2.4199,48.1144],[-2.4241,48.1094],[-2.4236,48.0971],[-2.4192,48.0926],[-2.421,48.0852],[-2.4167,48.08],[-2.4493,48.0752],[-2.4501,48.0826],[-2.4577,48.0903],[-2.4705,48.0927],[-2.4697,48.0951],[-2.4836,48.0976],[-2.4866,48.1009],[-2.496,48.1019],[-2.4934,48.1065],[-2.498,48.1121],[-2.5013,48.1108],[-2.5016,48.1163],[-2.5211,48.1222],[-2.5213,48.125],[-2.518,48.1249],[-2.5166,48.1311],[-2.514,48.1322],[-2.5176,48.1405],[-2.5165,48.1425],[-2.5229,48.1435],[-2.5306,48.1494],[-2.5342,48.1569]]]]}},{"type":"Feature","properties":{"territoire":"56130","nom":"Merlevenez","type":"commune"},"geometry":{"type":"MultiPolygon","coordinates":[[[[-3.1835,47.7365],[-3.1936,47.7309],[-3.2044,47.7359],[-3.2093,47.7343],[-3.2084,47.7378],[-3.2103,47.7379],[-3.224,47.7268],[-3.2344,47.7281],[-3.2419,47.7249],[-3.2447,47.7189],[-3.2514,47.7157],[-3.2586,47.7163],[-3.2563,47.7118],[-3.258,47.7079],[-3.2642,47.7049],[-3.2727,47.7083],[-3.2731,47.7116],[-3.281,47.7155],[-3.2794,47.7197],[-3.2733,47.722],[-3.2785,47.7221],[-3.2785,47.7304],[-3.2882,47.732],[-3.2861,47.7383],[-3.3023,47.7394],[-3.2985,47.744],[-3.2853,47.7415],[-3.2823,47.7434],[-3.2825,47.741],[-3.2761,47.7427],[-3.271,47.7402],[-3.2503,47.7404],[-3.2394,47.744],[-3.231,47.7427],[-3.2131,47.7531],[-3.2019,47.7555],[-3.2015,47.7512],[-3.1977,47.7492],[-3.1991,47.7455],[-3.1957,47.7447],[-3.1922,47.7481],[-3.19,47.7459],[-3.1919,47.7443],[-3.1887,47.7407],[-3.1891,47.737],[-3.1835,47.7365]]]]}},{"type":"Feature","properties":{"territoire":"56131","nom":"Meslan","type":"commune"},"geometry":{"type":"MultiPolygon","coordinates":[[[[-3.4036,47.967],[-3.4083,47.967],[-3.4151,47.9751],[-3.4213,47.9675],[-3.4337,47.9654],[-3.4456,47.9585],[-3.457,47.957],[-3.4605,47.9607],[-3.4621,47.9492],[-3.4674,47.9453],[-3.4668,47.9474],[-3.4777,47.9489],[-3.4812,47.9518],[-3.4818,47.958],[-3.4851,47.9597],[-3.485,47.9672],[-3.4914,47.975],[-3.4976,47.977],[-3.4996,47.9812],[-3.4954,47.9847],[-3.4876,47.9858],[-3.4826,47.9915],[-3.4762,48.0019],[-3.4801,48.0071],[-3.4714,48.0168],[-3.4625,48.0167],[-3.4597,48.0146],[-3.4556,48.0192],[-3.4511,48.0188],[-3.444,48.0224],[-3.4364,48.0171],[-3.4311,48.0166],[-3.428,48.0232],[-3.4106,48.0264],[-3.4072,48.0229],[-3.4087,48.0213],[-3.4057,48.0152],[-3.4129,48.0088],[-3.4138,48.0037],[-3.4115,48.0014],[-3.4147,47.9973],[-3.4092,47.9916],[-3.4067,47.9926],[-3.4076,47.9868],[-3.4,47.9844],[-3.4014,47.9795],[-3.3987,47.9757],[-3.4017,47.9737],[-3.4006,47.9713],[-3.4033,47.9705],[-3.4036,47.967]]]]}},{"type":"Feature","properties":{"territoire":"56117","nom":"Locminé","type":"commune"},"geometry":{"type":"MultiPolygon","coordinates":[[[[-2.8567,47.8688],[-2.8481,47.8756],[-2.8496,47.8796],[-2.847,47.881],[-2.8462,47.8854],[-2.8422,47.8864],[-2.8482,47.8921],[-2.848,47.8952],[-2.8325,47.8925],[-2.8295,47.89],[-2.8223,47.8925],[-2.8232,47.8909],[-2.8199,47.8899],[-2.8276,47.8848],[-2.8215,47.8798],[-2.8232,47.8768],[-2.8215,47.8734],[-2.8375,47.8701],[-2.8437,47.8655],[-2.8567,47.8688]]]]}},{"type":"Feature","properties":{"territoire":"56132","nom":"Meucon","type":"commune"},"geometry":{"type":"MultiPolygon","coordinates":[[[[-2.7696,47.7377],[-2.7541,47.7274],[-2.7581,47.7199],[-2.7655,47.7107],[-2.7805,47.7144],[-2.7881,47.7128],[-2.7868,47.718],[-2.7909,47.7201],[-2.792,47.7258],[-2.7897,47.732],[-2.7789,47.7364],[-2.7719,47.7333],[-2.7696,47.7377]]]]}},{"type":"Feature","properties":{"territoire":"56118","nom":"Locmiquélic","type":"commune"},"geometry":{"type":"MultiPolygon","coordinates":[[[[-3.3004,47.7429],[-3.3401,47.7157],[-3.343,47.7159],[-3.3439,47.7206],[-3.3518,47.7244],[-3.3442,47.7269],[-3.3458,47.7299],[-3.3491,47.7288],[-3.3475,47.7347],[-3.3218,47.7353],[-3.3144,47.7416],[-3.3151,47.7449],[-3.3004,47.7429]]]]}},{"type":"Feature","properties":{"territoire":"56119","nom":"Locoal-Mendon","type":"commune"},"geometry":{"type":"MultiPolygon","coordinates":[[[[-3.0522,47.6829],[-3.0626,47.688],[-3.0779,47.6882],[-3.0762,47.6849],[-3.0823,47.6759],[-3.0896,47.6721],[-3.1009,47.6743],[-3.1029,47.6789],[-3.1071,47.6678],[-3.1093,47.6672],[-3.1076,47.6635],[-3.1096,47.6614],[-3.1221,47.6653],[-3.1317,47.6598],[-3.136,47.6612],[-3.1412,47.668],[-3.1303,47.6755],[-3.1208,47.6786],[-3.1201,47.6812],[-3.1237,47.6801],[-3.1266,47.6848],[-3.1345,47.6852],[-3.1348,47.6905],[-3.1466,47.6911],[-3.1473,47.6974],[-3.1512,47.6963],[-3.1518,47.6929],[-3.1668,47.6957],[-3.1727,47.6929],[-3.1773,47.6941],[-3.1615,47.7041],[-3.1668,47.7087],[-3.1659,47.7219],[-3.158,47.7249],[-3.1556,47.7304],[-3.1475,47.7292],[-3.1377,47.7348],[-3.121,47.7305],[-3.1135,47.7334],[-3.1092,47.7314],[-3.1098,47.7289],[-3.1045,47.7229],[-3.097,47.7198],[-3.0807,47.7316],[-3.0639,47.7257],[-3.0643,47.7182],[-3.0754,47.7068],[-3.072,47.7038],[-3.0674,47.712],[-3.057,47.7097],[-3.0463,47.7025],[-3.0449,47.6957],[-3.0395,47.6893],[-3.0522,47.6829]]]]}},{"type":"Feature","properties":{"territoire":"56154","nom":"Peillac","type":"commune"},"geometry":{"type":"MultiPolygon","coordinates":[[[[-2.1793,47.6923],[-2.1918,47.6934],[-2.2006,47.6978],[-2.2194,47.6945],[-2.2212,47.6962],[-2.2187,47.6978],[-2.2191,47.7023],[-2.2439,47.6981],[-2.2468,47.7033],[-2.253,47.7048],[-2.2568,47.7094],[-2.2623,47.7096],[-2.2648,47.714],[-2.2605,47.7181],[-2.2613,47.7202],[-2.2679,47.7209],[-2.2688,47.723],[-2.2535,47.7375],[-2.2478,47.7369],[-2.2379,47.7415],[-2.2314,47.7401],[-2.2212,47.7311],[-2.2143,47.7291],[-2.2119,47.7248],[-2.1849,47.7231],[-2.1705,47.727],[-2.166,47.7235],[-2.1733,47.7144],[-2.1711,47.7057],[-2.1787,47.698],[-2.1793,47.6923]]]]}},{"type":"Feature","properties":{"territoire":"56155","nom":"Pénestin","type":"commune"},"geometry":{"type":"MultiPolygon","coordinates":[[[[-2.4233,47.4854],[-2.4231,47.4772],[-2.4296,47.4758],[-2.431,47.4743],[-2.4287,47.4726],[-2.4339,47.4726],[-2.4376,47.4658],[-2.4532,47.4625],[-2.4531,47.4561],[-2.4588,47.4477],[-2.4687,47.4496],[-2.4722,47.4455],[-2.4788,47.4449],[-2.4803,47.4413],[-2.4928,47.4479],[-2.4951,47.4539],[-2.5007,47.4584],[-2.494,47.4612],[-2.4949,47.4664],[-2.4903,47.4659],[-2.488,47.4711],[-2.5018,47.4884],[-2.4982,47.4952],[-2.4826,47.4959],[-2.4658,47.4872],[-2.4499,47.4909],[-2.4472,47.4946],[-2.4262,47.4943],[-2.4221,47.493],[-2.4272,47.4869],[-2.4233,47.4854]]]]}},{"type":"Feature","properties":{"territoire":"56156","nom":"Persquen","type":"commune"},"geometry":{"type":"MultiPolygon","coordinates":[[[[-3.2501,47.9878],[-3.2439,47.9901],[-3.2471,47.9935],[-3.2451,47.9994],[-3.2485,48.0041],[-3.2437,48.0058],[-3.2433,48.0096],[-3.2475,48.0192],[-3.2418,48.0234],[-3.2344,48.0249],[-3.2332,48.0283],[-3.2354,48.0323],[-3.2252,48.0381],[-3.2265,48.0424],[-3.2176,48.0448],[-3.2133,48.04],[-3.2052,48.0368],[-3.1965,48.0432],[-3.191,48.043],[-3.1878,48.0375],[-3.19,48.0372],[-3.1877,48.0302],[-3.1909,48.0283],[-3.1848,48.0253],[-3.1896,48.0227],[-3.1899,48.0185],[-3.1917,48.0193],[-3.1889,48.0146],[-3.1913,48.0106],[-3.2005,48.0096],[-3.1987,48.0058],[-3.195,48.0059],[-3.1989,48.005],[-3.197,48.002],[-3.2038,48],[-3.2096,47.9943],[-3.2241,47.9928],[-3.2249,47.9894],[-3.2276,47.9904],[-3.2367,47.9819],[-3.2437,47.9819],[-3.2501,47.9878]]]]}},{"type":"Feature","properties":{"territoire":"56157","nom":"Plaudren","type":"commune"},"geometry":{"type":"MultiPolygon","coordinates":[[[[-2.7512,47.7985],[-2.7291,47.7984],[-2.7131,47.7957],[-2.7096,47.7973],[-2.7124,47.8023],[-2.6943,47.8025],[-2.6954,47.8169],[-2.692,47.8267],[-2.6868,47.8294],[-2.6838,47.8264],[-2.6733,47.8248],[-2.6843,47.8122],[-2.6839,47.8103],[-2.68,47.8116],[-2.6713,47.8095],[-2.6777,47.8038],[-2.67,47.8031],[-2.669,47.8009],[-2.6761,47.7963],[-2.6789,47.7904],[-2.6599,47.787],[-2.6579,47.7814],[-2.6529,47.7832],[-2.6509,47.789],[-2.6474,47.7907],[-2.6394,47.7893],[-2.6307,47.785],[-2.6301,47.7808],[-2.6254,47.7792],[-2.631,47.7664],[-2.6414,47.7591],[-2.645,47.7599],[-2.6499,47.7572],[-2.6621,47.7637],[-2.6653,47.7623],[-2.6715,47.7652],[-2.6765,47.7631],[-2.6914,47.765],[-2.6989,47.7481],[-2.7298,47.7419],[-2.7342,47.7467],[-2.7321,47.7553],[-2.7353,47.7686],[-2.7433,47.7732],[-2.7529,47.7743],[-2.7513,47.7818],[-2.7534,47.7904],[-2.7487,47.7942],[-2.7512,47.7985]]]]}},{"type":"Feature","properties":{"territoire":"56158","nom":"Plescop","type":"commune"},"geometry":{"type":"MultiPolygon","coordinates":[[[[-2.8773,47.7086],[-2.8709,47.7095],[-2.8718,47.7127],[-2.8675,47.7158],[-2.8481,47.7121],[-2.8378,47.7131],[-2.8247,47.7067],[-2.8167,47.7075],[-2.8052,47.7139],[-2.8014,47.7191],[-2.7969,47.7176],[-2.7958,47.72],[-2.7901,47.7196],[-2.7868,47.718],[-2.7885,47.7101],[-2.7929,47.7073],[-2.7928,47.7016],[-2.7856,47.6997],[-2.7768,47.6935],[-2.7854,47.6868],[-2.7895,47.6874],[-2.799,47.6822],[-2.8,47.6769],[-2.798,47.6743],[-2.8279,47.6829],[-2.8852,47.6884],[-2.8869,47.6911],[-2.882,47.6951],[-2.8815,47.7011],[-2.8773,47.7086]]]]}},{"type":"Feature","properties":{"territoire":"56120","nom":"Locqueltas","type":"commune"},"geometry":{"type":"MultiPolygon","coordinates":[[[[-2.7541,47.7274],[-2.7741,47.7418],[-2.7751,47.7476],[-2.7696,47.7588],[-2.7764,47.7613],[-2.7736,47.7664],[-2.7763,47.7731],[-2.775,47.7769],[-2.7911,47.7791],[-2.7787,47.7861],[-2.78,47.7969],[-2.7664,47.8033],[-2.7599,47.7994],[-2.7506,47.798],[-2.7487,47.7942],[-2.7534,47.7904],[-2.7513,47.7818],[-2.7529,47.7743],[-2.7433,47.7732],[-2.7353,47.7686],[-2.7321,47.7553],[-2.7339,47.7398],[-2.7471,47.7295],[-2.7541,47.7274]]]]}},{"type":"Feature","properties":{"territoire":"56121","nom":"Lorient","type":"commune"},"geometry":{"type":"MultiPolygon","coordinates":[[[[-3.3599,47.725],[-3.3565,47.7277],[-3.3578,47.7245],[-3.3599,47.725]]],[[[-3.3517,47.7458],[-3.3514,47.7434],[-3.3609,47.7451],[-3.3497,47.7422],[-3.3525,47.7412],[-3.3493,47.7404],[-3.3526,47.741],[-3.3563,47.7317],[-3.3642,47.7271],[-3.3624,47.7291],[-3.3663,47.7289],[-3.3686,47.7317],[-3.3657,47.7273],[-3.368,47.7252],[-3.3775,47.7302],[-3.3962,47.7316],[-3.3986,47.7327],[-3.3955,47.7433],[-3.3975,47.7479],[-3.3917,47.7527],[-3.3991,47.7534],[-3.4027,47.7609],[-3.4104,47.7621],[-3.408,47.7647],[-3.41,47.7661],[-3.4089,47.7698],[-3.4031,47.7745],[-3.3785,47.7697],[-3.379,47.7669],[-3.375,47.7706],[-3.369,47.7702],[-3.3651,47.7667],[-3.3648,47.7609],[-3.3624,47.7587],[-3.3547,47.7573],[-3.3516,47.7506],[-3.3541,47.7496],[-3.3512,47.7486],[-3.3537,47.7468],[-3.3517,47.7458]]]]}},{"type":"Feature","properties":{"territoire":"56122","nom":"Loyat","type":"commune"},"geometry":{"type":"MultiPolygon","coordinates":[[[[-2.4054,47.9675],[-2.4085,47.9731],[-2.4201,47.9776],[-2.4225,47.9848],[-2.4205,47.9851],[-2.4205,47.9888],[-2.4306,47.993],[-2.4408,47.9929],[-2.4458,47.9981],[-2.4429,47.9999],[-2.4449,48.0047],[-2.4403,48.0075],[-2.4445,48.0112],[-2.4413,48.0141],[-2.4423,48.018],[-2.4214,48.0181],[-2.4171,48.02],[-2.415,48.0256],[-2.4093,48.0285],[-2.3889,48.0297],[-2.3847,48.0215],[-2.3877,48.0187],[-2.3868,48.0154],[-2.3741,48.0151],[-2.3736,48.0093],[-2.3678,48.0065],[-2.3659,47.9994],[-2.3608,48.001],[-2.3527,47.9959],[-2.3402,47.9977],[-2.328,47.9948],[-2.3168,47.9956],[-2.3146,47.9928],[-2.3071,47.9926],[-2.3035,47.9901],[-2.3163,47.9792],[-2.343,47.9755],[-2.3481,47.9691],[-2.3496,47.9603],[-2.3585,47.963],[-2.3733,47.957],[-2.391,47.9662],[-2.4038,47.9652],[-2.4054,47.9675]]]]}},{"type":"Feature","properties":{"territoire":"56123","nom":"Malansac","type":"commune"},"geometry":{"type":"MultiPolygon","coordinates":[[[[-2.3278,47.7158],[-2.3269,47.7102],[-2.3182,47.7057],[-2.3084,47.7088],[-2.3022,47.7074],[-2.2976,47.709],[-2.2852,47.7043],[-2.2694,47.706],[-2.265,47.7045],[-2.2568,47.7094],[-2.253,47.7048],[-2.2468,47.7033],[-2.2404,47.6939],[-2.2411,47.6807],[-2.2456,47.6752],[-2.2511,47.6743],[-2.2523,47.6693],[-2.2592,47.6687],[-2.2612,47.6661],[-2.2586,47.6612],[-2.3777,47.6765],[-2.3603,47.6896],[-2.3494,47.692],[-2.3426,47.6969],[-2.3287,47.6977],[-2.3376,47.7029],[-2.3329,47.7062],[-2.3335,47.7134],[-2.3278,47.7158]]]]}},{"type":"Feature","properties":{"territoire":"56178","nom":"Pontivy","type":"commune"},"geometry":{"type":"MultiPolygon","coordinates":[[[[-3.014,48.0893],[-3.0059,48.0862],[-3.0046,48.0937],[-3.0067,48.097],[-3,48.1005],[-2.992,48.0969],[-2.9871,48.089],[-2.9849,48.0917],[-2.9736,48.0926],[-2.961,48.0981],[-2.9574,48.097],[-2.9582,48.0945],[-2.9555,48.0925],[-2.9464,48.0913],[-2.9424,48.0843],[-2.9385,48.0855],[-2.9191,48.077],[-2.9376,48.0683],[-2.9406,48.0655],[-2.9438,48.0513],[-2.9481,48.0456],[-2.9611,48.0405],[-2.9635,48.0345],[-2.9684,48.0347],[-2.9698,48.0321],[-2.9689,48.0394],[-2.9591,48.0461],[-2.9621,48.054],[-2.9822,48.0524],[-2.9887,48.0545],[-2.9929,48.0608],[-3.0029,48.0633],[-3.0071,48.0697],[-3.001,48.0716],[-3.0144,48.078],[-3.0202,48.0858],[-3.014,48.0893]]]]}},{"type":"Feature","properties":{"territoire":"56133","nom":"Missiriac","type":"commune"},"geometry":{"type":"MultiPolygon","coordinates":[[[[-2.3925,47.8202],[-2.3967,47.8238],[-2.3922,47.826],[-2.3931,47.8323],[-2.3547,47.8406],[-2.3229,47.8385],[-2.3308,47.8334],[-2.3282,47.8288],[-2.3304,47.824],[-2.3289,47.8211],[-2.3305,47.817],[-2.3329,47.817],[-2.3337,47.81],[-2.3291,47.8086],[-2.3311,47.8049],[-2.3291,47.8015],[-2.3532,47.8085],[-2.3677,47.8077],[-2.365,47.8091],[-2.3738,47.8173],[-2.3722,47.8192],[-2.3746,47.8218],[-2.3796,47.8184],[-2.3925,47.8202]]]]}},{"type":"Feature","properties":{"territoire":"56134","nom":"Mohon","type":"commune"},"geometry":{"type":"MultiPolygon","coordinates":[[[[-2.4959,48.1036],[-2.4952,48.1015],[-2.4699,48.0952],[-2.4705,48.0927],[-2.4577,48.0903],[-2.4535,48.0872],[-2.4494,48.0811],[-2.4493,48.0752],[-2.4612,48.0741],[-2.4693,48.0701],[-2.4647,48.0631],[-2.4662,48.0568],[-2.4518,48.0492],[-2.4493,48.0446],[-2.4415,48.0403],[-2.4596,48.0353],[-2.464,48.0353],[-2.4654,48.038],[-2.4679,48.0356],[-2.4775,48.0371],[-2.4834,48.0351],[-2.4912,48.0269],[-2.5079,48.025],[-2.5096,48.0313],[-2.5163,48.0321],[-2.5194,48.0401],[-2.5257,48.0416],[-2.5279,48.0486],[-2.5315,48.0487],[-2.5349,48.0548],[-2.5401,48.056],[-2.5436,48.0602],[-2.5426,48.0658],[-2.5476,48.0713],[-2.5484,48.0761],[-2.5316,48.079],[-2.5273,48.0837],[-2.5181,48.0806],[-2.4959,48.1036]]]]}},{"type":"Feature","properties":{"territoire":"56135","nom":"Molac","type":"commune"},"geometry":{"type":"MultiPolygon","coordinates":[[[[-2.4651,47.7627],[-2.4604,47.7619],[-2.4511,47.7688],[-2.4386,47.7541],[-2.4006,47.7536],[-2.3961,47.7455],[-2.4082,47.7239],[-2.4094,47.7167],[-2.4024,47.7116],[-2.4097,47.7059],[-2.4091,47.7027],[-2.4154,47.7022],[-2.4194,47.7049],[-2.4442,47.7104],[-2.447,47.7124],[-2.4394,47.7191],[-2.4492,47.7151],[-2.4601,47.729],[-2.4684,47.7216],[-2.4728,47.7228],[-2.4753,47.7276],[-2.4848,47.7298],[-2.4816,47.7346],[-2.4817,47.7412],[-2.4784,47.7429],[-2.4804,47.7507],[-2.4746,47.7531],[-2.4815,47.7636],[-2.4788,47.7646],[-2.4748,47.7612],[-2.4651,47.7627]]]]}},{"type":"Feature","properties":{"territoire":"56136","nom":"Monteneuf","type":"commune"},"geometry":{"type":"MultiPolygon","coordinates":[[[[-2.2402,47.8829],[-2.2359,47.8836],[-2.2355,47.8856],[-2.2395,47.8871],[-2.2346,47.89],[-2.2349,47.8978],[-2.2309,47.9005],[-2.2255,47.9004],[-2.2244,47.9039],[-2.2191,47.9029],[-2.2182,47.8991],[-2.1992,47.9008],[-2.1908,47.9023],[-2.193,47.9065],[-2.186,47.9084],[-2.1783,47.9064],[-2.1755,47.9033],[-2.1764,47.9009],[-2.1712,47.8909],[-2.1601,47.8861],[-2.1497,47.8863],[-2.1437,47.8749],[-2.1471,47.8728],[-2.1435,47.8709],[-2.1497,47.8655],[-2.1486,47.8635],[-2.1527,47.8595],[-2.1514,47.8573],[-2.157,47.8543],[-2.2004,47.8565],[-2.2099,47.8536],[-2.2161,47.8572],[-2.2171,47.8607],[-2.2322,47.8675],[-2.2343,47.8736],[-2.2387,47.8757],[-2.2402,47.8829]]]]}},{"type":"Feature","properties":{"territoire":"56179","nom":"Pont-Scorff","type":"commune"},"geometry":{"type":"MultiPolygon","coordinates":[[[[-3.3982,47.8632],[-3.3983,47.8604],[-3.4014,47.8588],[-3.4016,47.8537],[-3.3979,47.8494],[-3.3902,47.8462],[-3.3949,47.8428],[-3.3921,47.8394],[-3.3942,47.8349],[-3.3873,47.8316],[-3.3914,47.8206],[-3.3863,47.8157],[-3.3903,47.8086],[-3.3965,47.8079],[-3.3997,47.8101],[-3.4074,47.8082],[-3.4159,47.8134],[-3.4183,47.8124],[-3.4214,47.8159],[-3.43,47.8174],[-3.4321,47.822],[-3.4303,47.8236],[-3.4333,47.8269],[-3.4482,47.8276],[-3.4509,47.8339],[-3.4577,47.8367],[-3.4541,47.8445],[-3.4491,47.8465],[-3.4519,47.8585],[-3.4483,47.8637],[-3.4397,47.8628],[-3.4321,47.8676],[-3.4193,47.8692],[-3.4112,47.8677],[-3.4108,47.8634],[-3.3982,47.8632]]]]}},{"type":"Feature","properties":{"territoire":"56180","nom":"Porcaro","type":"commune"},"geometry":{"type":"MultiPolygon","coordinates":[[[[-2.2251,47.9029],[-2.2275,47.9125],[-2.2214,47.9129],[-2.2199,47.9223],[-2.2159,47.9272],[-2.2077,47.9283],[-2.2129,47.9417],[-2.2035,47.9393],[-2.1709,47.9399],[-2.1709,47.9301],[-2.1681,47.9238],[-2.1559,47.9104],[-2.1587,47.9081],[-2.1691,47.9108],[-2.1742,47.9037],[-2.1893,47.9085],[-2.193,47.9065],[-2.1905,47.9025],[-2.1992,47.9008],[-2.2182,47.8991],[-2.2191,47.9029],[-2.2251,47.9029]]]]}},{"type":"Feature","properties":{"territoire":"56137","nom":"Monterblanc","type":"commune"},"geometry":{"type":"MultiPolygon","coordinates":[[[[-2.7428,47.7331],[-2.7339,47.7398],[-2.7336,47.7447],[-2.7298,47.7419],[-2.7196,47.7426],[-2.6989,47.7481],[-2.6914,47.765],[-2.6765,47.7631],[-2.6715,47.7652],[-2.6641,47.7614],[-2.6678,47.7577],[-2.6692,47.748],[-2.6669,47.7477],[-2.6663,47.7427],[-2.6696,47.7392],[-2.6646,47.7212],[-2.6686,47.7161],[-2.6688,47.7076],[-2.6717,47.7052],[-2.6995,47.7038],[-2.7019,47.7078],[-2.7182,47.7092],[-2.7369,47.7181],[-2.7342,47.7323],[-2.7428,47.7331]]]]}},{"type":"Feature","properties":{"territoire":"56139","nom":"Montertelot","type":"commune"},"geometry":{"type":"MultiPolygon","coordinates":[[[[-2.4241,47.8788],[-2.4282,47.8853],[-2.4189,47.8924],[-2.4091,47.8936],[-2.3942,47.8894],[-2.3958,47.8833],[-2.4169,47.881],[-2.4184,47.8758],[-2.4241,47.8788]]]]}},{"type":"Feature","properties":{"territoire":"56140","nom":"Moréac","type":"commune"},"geometry":{"type":"MultiPolygon","coordinates":[[[[-2.7361,47.9302],[-2.7503,47.923],[-2.7512,47.9191],[-2.7575,47.918],[-2.7605,47.9145],[-2.7661,47.9193],[-2.7768,47.9154],[-2.7749,47.9089],[-2.7712,47.9062],[-2.7788,47.9012],[-2.787,47.9026],[-2.7992,47.8985],[-2.8101,47.8992],[-2.8295,47.89],[-2.8325,47.8925],[-2.853,47.8971],[-2.8519,47.8983],[-2.8598,47.902],[-2.8598,47.9062],[-2.8639,47.9085],[-2.8643,47.9169],[-2.8561,47.9313],[-2.8566,47.9359],[-2.8618,47.9369],[-2.8576,47.9534],[-2.8516,47.9538],[-2.852,47.9587],[-2.8448,47.9593],[-2.8287,47.9686],[-2.8241,47.9683],[-2.8175,47.9626],[-2.8129,47.9616],[-2.794,47.9662],[-2.7892,47.9627],[-2.7835,47.9658],[-2.7809,47.9642],[-2.7741,47.9663],[-2.7714,47.9645],[-2.7611,47.9657],[-2.751,47.9704],[-2.7422,47.9709],[-2.7398,47.9697],[-2.7439,47.9528],[-2.7404,47.9473],[-2.7358,47.9451],[-2.7404,47.9413],[-2.7403,47.9324],[-2.7361,47.9302]]]]}},{"type":"Feature","properties":{"territoire":"56141","nom":"Moustoir-Ac","type":"commune"},"geometry":{"type":"MultiPolygon","coordinates":[[[[-2.9106,47.8175],[-2.9145,47.8249],[-2.9074,47.8312],[-2.9078,47.843],[-2.9028,47.8503],[-2.9058,47.855],[-2.901,47.8572],[-2.8826,47.8538],[-2.8809,47.86],[-2.8694,47.8621],[-2.8567,47.8688],[-2.8437,47.8655],[-2.8375,47.8701],[-2.8215,47.8734],[-2.8215,47.8672],[-2.815,47.8671],[-2.8087,47.8611],[-2.8065,47.8527],[-2.7998,47.8432],[-2.8089,47.8369],[-2.8198,47.8365],[-2.8365,47.8315],[-2.8381,47.8249],[-2.8493,47.8255],[-2.8571,47.8147],[-2.8841,47.8183],[-2.9106,47.8175]]]]}},{"type":"Feature","properties":{"territoire":"56143","nom":"Muzillac","type":"commune"},"geometry":{"type":"MultiPolygon","coordinates":[[[[-2.491,47.5357],[-2.4932,47.5387],[-2.4899,47.5395],[-2.4944,47.5423],[-2.492,47.5463],[-2.4893,47.5448],[-2.4879,47.5468],[-2.4951,47.5504],[-2.4939,47.5572],[-2.5044,47.5612],[-2.5084,47.559],[-2.5271,47.5589],[-2.5196,47.5681],[-2.5212,47.5686],[-2.5203,47.5731],[-2.5237,47.5751],[-2.5269,47.5727],[-2.5355,47.5735],[-2.536,47.5851],[-2.5322,47.5903],[-2.5224,47.5954],[-2.5084,47.593],[-2.5083,47.5962],[-2.505,47.5976],[-2.4877,47.5931],[-2.489,47.5894],[-2.4794,47.5865],[-2.4877,47.5786],[-2.4842,47.573],[-2.4781,47.571],[-2.4749,47.5754],[-2.4585,47.5754],[-2.4596,47.5702],[-2.4646,47.567],[-2.4574,47.5626],[-2.4362,47.5619],[-2.4385,47.5588],[-2.4353,47.5562],[-2.436,47.5538],[-2.4294,47.5503],[-2.4281,47.5535],[-2.4247,47.5543],[-2.4245,47.56],[-2.4115,47.5526],[-2.4187,47.5459],[-2.4203,47.5399],[-2.4233,47.5416],[-2.4259,47.5402],[-2.4233,47.5397],[-2.4234,47.5279],[-2.4359,47.5252],[-2.4376,47.5214],[-2.4435,47.5233],[-2.4438,47.5195],[-2.4462,47.5193],[-2.439,47.5063],[-2.4418,47.4992],[-2.4669,47.512],[-2.4551,47.5139],[-2.4606,47.5252],[-2.4736,47.5274],[-2.4734,47.5327],[-2.4677,47.5321],[-2.471,47.5363],[-2.474,47.5355],[-2.4758,47.5384],[-2.4762,47.535],[-2.491,47.5357]]]]}},{"type":"Feature","properties":{"territoire":"56144","nom":"Évellys","type":"commune"},"geometry":{"type":"MultiPolygon","coordinates":[[[[-2.8576,47.9534],[-2.8618,47.9369],[-2.8566,47.9359],[-2.8561,47.9313],[-2.864,47.9172],[-2.8692,47.9154],[-2.8927,47.9162],[-2.904,47.9116],[-2.9092,47.9068],[-2.9156,47.9089],[-2.9147,47.9117],[-2.9287,47.9097],[-2.9304,47.9171],[-2.9428,47.9202],[-2.9461,47.9228],[-2.9443,47.9259],[-2.9358,47.9308],[-2.9299,47.9246],[-2.9231,47.9246],[-2.9233,47.9278],[-2.9287,47.9303],[-2.9273,47.935],[-2.9129,47.939],[-2.8998,47.9485],[-2.9024,47.9499],[-2.9104,47.9468],[-2.9175,47.9514],[-2.9166,47.9593],[-2.9199,47.9613],[-2.9159,47.9631],[-2.9155,47.9716],[-2.9275,47.9756],[-2.9275,47.979],[-2.9356,47.9856],[-2.9291,47.9924],[-2.9152,47.9921],[-2.9163,47.9972],[-2.9104,48.0031],[-2.9023,48.0037],[-2.9001,48.0016],[-2.8905,48.0068],[-2.889,48.0095],[-2.8937,48.0094],[-2.8947,48.0176],[-2.89,48.0275],[-2.8793,48.0216],[-2.847,48.021],[-2.8437,48.0222],[-2.8436,48.0251],[-2.8194,48.0262],[-2.8084,48.0354],[-2.8044,48.0359],[-2.8002,48.025],[-2.7951,48.0236],[-2.7889,48.0117],[-2.7958,48.0106],[-2.8006,48.0062],[-2.8035,48.007],[-2.8139,47.9998],[-2.8158,47.9833],[-2.8142,47.9812],[-2.8095,47.983],[-2.8089,47.9735],[-2.8016,47.9705],[-2.8187,47.9647],[-2.8241,47.9683],[-2.8339,47.9672],[-2.8448,47.9593],[-2.852,47.9587],[-2.8516,47.9538],[-2.8576,47.9534]]]]}},{"type":"Feature","properties":{"territoire":"56145","nom":"Néant-sur-Yvel","type":"commune"},"geometry":{"type":"MultiPolygon","coordinates":[[[[-2.3168,47.9956],[-2.328,47.9948],[-2.3402,47.9977],[-2.3527,47.9959],[-2.3608,48.001],[-2.3659,47.9994],[-2.3678,48.0065],[-2.3736,48.0093],[-2.3741,48.0151],[-2.3868,48.0154],[-2.3877,48.0187],[-2.3847,48.0215],[-2.3889,48.0297],[-2.3778,48.0319],[-2.3592,48.0463],[-2.3509,48.0411],[-2.3411,48.0441],[-2.3193,48.0426],[-2.3174,48.0452],[-2.3126,48.043],[-2.306,48.0424],[-2.3035,48.0448],[-2.2974,48.0431],[-2.2907,48.0467],[-2.2806,48.0351],[-2.2732,48.031],[-2.2798,48.0262],[-2.2804,48.0212],[-2.286,48.0216],[-2.306,48.0082],[-2.3072,48.0053],[-2.3157,48.0004],[-2.3168,47.9956]]]]}},{"type":"Feature","properties":{"territoire":"56146","nom":"Neulliac","type":"commune"},"geometry":{"type":"MultiPolygon","coordinates":[[[[-2.9795,48.1613],[-2.9793,48.1542],[-2.9758,48.1531],[-2.9724,48.1445],[-2.966,48.1424],[-2.9628,48.1439],[-2.9626,48.1407],[-2.9582,48.1371],[-2.9595,48.1294],[-2.9554,48.1286],[-2.9562,48.1254],[-2.9468,48.1251],[-2.9391,48.1219],[-2.9369,48.1242],[-2.9376,48.1208],[-2.9353,48.1206],[-2.9292,48.1234],[-2.923,48.1231],[-2.9202,48.1194],[-2.9137,48.1189],[-2.9072,48.1256],[-2.9131,48.1163],[-2.9183,48.1149],[-2.9211,48.1064],[-2.9316,48.1074],[-2.9307,48.1051],[-2.9391,48.1006],[-2.9369,48.0933],[-2.9397,48.0886],[-2.9555,48.0925],[-2.9582,48.0945],[-2.9574,48.097],[-2.961,48.0981],[-2.9736,48.0926],[-2.9849,48.0917],[-2.9871,48.089],[-2.9913,48.0962],[-3.0044,48.1089],[-3.0028,48.1127],[-2.9931,48.1168],[-2.9952,48.1227],[-3.0111,48.1213],[-3.0151,48.1239],[-3.0145,48.1282],[-3.0022,48.1336],[-3.0112,48.1381],[-3.0026,48.1448],[-3.0119,48.1526],[-3.0108,48.1589],[-3.0013,48.1585],[-2.9984,48.1616],[-2.9878,48.1597],[-2.9795,48.1613]]]]}},{"type":"Feature","properties":{"territoire":"56147","nom":"Nivillac","type":"commune"},"geometry":{"type":"MultiPolygon","coordinates":[[[[-2.1985,47.5112],[-2.2151,47.5085],[-2.2306,47.4978],[-2.2438,47.4939],[-2.2656,47.5018],[-2.2557,47.5064],[-2.2549,47.5116],[-2.2613,47.5138],[-2.2666,47.5105],[-2.2743,47.5127],[-2.2809,47.5095],[-2.2873,47.5133],[-2.2872,47.5157],[-2.2909,47.5133],[-2.2974,47.516],[-2.2963,47.5178],[-2.2993,47.5213],[-2.3061,47.5236],[-2.3003,47.5317],[-2.3092,47.543],[-2.309,47.5465],[-2.2966,47.5581],[-2.2809,47.5596],[-2.2792,47.5653],[-2.2838,47.5717],[-2.2821,47.5757],[-2.262,47.5791],[-2.2407,47.5764],[-2.2285,47.5858],[-2.2087,47.5868],[-2.2104,47.5762],[-2.207,47.5754],[-2.2044,47.5694],[-2.2066,47.5676],[-2.2062,47.5629],[-2.2095,47.5608],[-2.2082,47.5585],[-2.2133,47.5547],[-2.2137,47.5513],[-2.2105,47.5503],[-2.2155,47.5394],[-2.2096,47.5377],[-2.2095,47.5354],[-2.2066,47.535],[-2.2082,47.534],[-2.1969,47.527],[-2.1959,47.5236],[-2.1997,47.518],[-2.1985,47.5112]]]]}},{"type":"Feature","properties":{"territoire":"56196","nom":"Rochefort-en-Terre","type":"commune"},"geometry":{"type":"MultiPolygon","coordinates":[[[[-2.3376,47.7022],[-2.3289,47.6976],[-2.3426,47.6969],[-2.3494,47.692],[-2.3534,47.695],[-2.3544,47.7007],[-2.3526,47.704],[-2.3376,47.7022]]]]}},{"type":"Feature","properties":{"territoire":"56197","nom":"Val d'Oust","type":"commune"},"geometry":{"type":"MultiPolygon","coordinates":[[[[-2.4381,47.8876],[-2.4266,47.8838],[-2.422,47.8767],[-2.4184,47.8758],[-2.4169,47.881],[-2.3958,47.8833],[-2.3942,47.8894],[-2.3746,47.8924],[-2.3738,47.8889],[-2.3715,47.889],[-2.3722,47.8848],[-2.3766,47.8844],[-2.3819,47.8793],[-2.3758,47.8791],[-2.3735,47.8739],[-2.3641,47.874],[-2.3598,47.8667],[-2.3659,47.8665],[-2.3683,47.8613],[-2.3781,47.8567],[-2.3899,47.859],[-2.396,47.8646],[-2.4108,47.8647],[-2.4118,47.8571],[-2.4139,47.8572],[-2.4146,47.8541],[-2.4212,47.8541],[-2.4198,47.8516],[-2.427,47.8386],[-2.4336,47.8398],[-2.4437,47.8465],[-2.4473,47.8445],[-2.4551,47.849],[-2.4573,47.8523],[-2.4562,47.859],[-2.4647,47.86],[-2.4825,47.8556],[-2.4853,47.8591],[-2.4817,47.8604],[-2.481,47.8645],[-2.485,47.8738],[-2.4804,47.8761],[-2.4868,47.8774],[-2.4901,47.8829],[-2.4899,47.887],[-2.4785,47.8928],[-2.4657,47.8934],[-2.4596,47.9002],[-2.4503,47.8866],[-2.4381,47.8876]]]]}},{"type":"Feature","properties":{"territoire":"56198","nom":"Rohan","type":"commune"},"geometry":{"type":"MultiPolygon","coordinates":[[[[-2.7751,48.0872],[-2.7703,48.0872],[-2.7668,48.0937],[-2.7598,48.0986],[-2.7579,48.1116],[-2.7513,48.1167],[-2.7511,48.1147],[-2.7445,48.1131],[-2.7244,48.1173],[-2.7249,48.1142],[-2.7035,48.1125],[-2.7057,48.1003],[-2.6984,48.0927],[-2.7106,48.0907],[-2.7143,48.0931],[-2.718,48.091],[-2.7169,48.0894],[-2.7229,48.0875],[-2.7192,48.0791],[-2.7198,48.0742],[-2.7243,48.0686],[-2.738,48.0623],[-2.7482,48.0663],[-2.7581,48.0654],[-2.7559,48.0672],[-2.7601,48.07],[-2.7707,48.0685],[-2.7684,48.0624],[-2.7726,48.061],[-2.7749,48.0642],[-2.7728,48.0653],[-2.773,48.0699],[-2.7808,48.0698],[-2.781,48.0716],[-2.7863,48.0724],[-2.7875,48.0772],[-2.7949,48.0741],[-2.7966,48.0767],[-2.7942,48.079],[-2.7751,48.0872]]]]}},{"type":"Feature","properties":{"territoire":"56199","nom":"Roudouallec","type":"commune"},"geometry":{"type":"MultiPolygon","coordinates":[[[[-3.7234,48.1249],[-3.7207,48.1308],[-3.7088,48.1355],[-3.7146,48.1387],[-3.7146,48.1431],[-3.6977,48.1456],[-3.6958,48.1522],[-3.6738,48.1522],[-3.6705,48.151],[-3.6744,48.1457],[-3.6649,48.1377],[-3.6621,48.1309],[-3.6639,48.1271],[-3.667,48.1264],[-3.666,48.1227],[-3.6588,48.1167],[-3.6726,48.1014],[-3.6685,48.0976],[-3.675,48.0978],[-3.6769,48.0917],[-3.6874,48.0914],[-3.6908,48.0892],[-3.7045,48.0983],[-3.7144,48.0989],[-3.7255,48.095],[-3.7333,48.0964],[-3.7295,48.1048],[-3.7348,48.1126],[-3.717,48.121],[-3.7234,48.1249]]]]}},{"type":"Feature","properties":{"territoire":"56148","nom":"Nostang","type":"commune"},"geometry":{"type":"MultiPolygon","coordinates":[[[[-3.1744,47.779],[-3.1718,47.7778],[-3.1723,47.7744],[-3.163,47.7711],[-3.1576,47.7731],[-3.1496,47.77],[-3.1482,47.765],[-3.1548,47.7551],[-3.1479,47.7523],[-3.1487,47.745],[-3.1558,47.7361],[-3.1523,47.7329],[-3.1573,47.7291],[-3.158,47.7249],[-3.1634,47.7243],[-3.1656,47.721],[-3.1695,47.7217],[-3.1672,47.7277],[-3.1723,47.7303],[-3.1759,47.7365],[-3.1886,47.7366],[-3.1887,47.7407],[-3.1919,47.7443],[-3.19,47.7459],[-3.1932,47.7481],[-3.1957,47.7447],[-3.1984,47.745],[-3.1977,47.7492],[-3.2015,47.7512],[-3.1996,47.7591],[-3.2029,47.7641],[-3.2009,47.776],[-3.2024,47.7807],[-3.2008,47.7775],[-3.1974,47.7801],[-3.1869,47.7762],[-3.1838,47.7791],[-3.1744,47.779]]]]}},{"type":"Feature","properties":{"territoire":"56149","nom":"Noyal-Muzillac","type":"commune"},"geometry":{"type":"MultiPolygon","coordinates":[[[[-2.5245,47.5945],[-2.526,47.6046],[-2.5292,47.6099],[-2.5283,47.618],[-2.5221,47.6198],[-2.5181,47.6174],[-2.5116,47.6245],[-2.5031,47.6237],[-2.4998,47.6174],[-2.4869,47.6341],[-2.4669,47.6323],[-2.465,47.6369],[-2.4549,47.6388],[-2.4542,47.6354],[-2.4498,47.6352],[-2.4423,47.6293],[-2.438,47.6305],[-2.437,47.6258],[-2.4452,47.6181],[-2.4355,47.6174],[-2.4208,47.621],[-2.4132,47.6161],[-2.4012,47.6193],[-2.393,47.6175],[-2.3949,47.6136],[-2.4007,47.6106],[-2.4047,47.6122],[-2.4118,47.5989],[-2.4245,47.5934],[-2.4261,47.5899],[-2.4191,47.5888],[-2.4198,47.5823],[-2.4159,47.5826],[-2.4175,47.5781],[-2.4073,47.5767],[-2.4083,47.5719],[-2.4112,47.5712],[-2.407,47.5688],[-2.4129,47.5634],[-2.4181,47.5624],[-2.4196,47.5582],[-2.4245,47.56],[-2.4246,47.5545],[-2.4285,47.5531],[-2.4285,47.5503],[-2.436,47.5538],[-2.4353,47.5562],[-2.4385,47.5588],[-2.4362,47.5619],[-2.4518,47.5613],[-2.4639,47.5661],[-2.4596,47.5702],[-2.4585,47.5754],[-2.4749,47.5754],[-2.4781,47.571],[-2.4842,47.573],[-2.4877,47.5786],[-2.4794,47.5865],[-2.489,47.5894],[-2.4877,47.5931],[-2.505,47.5976],[-2.5083,47.5962],[-2.5084,47.593],[-2.519,47.5956],[-2.5245,47.5945]]]]}},{"type":"Feature","properties":{"territoire":"56151","nom":"Noyal-Pontivy","type":"commune"},"geometry":{"type":"MultiPolygon","coordinates":[[[[-2.9231,48.1062],[-2.919,48.0982],[-2.9091,48.0986],[-2.9064,48.0928],[-2.9079,48.0894],[-2.9003,48.0859],[-2.8939,48.0898],[-2.8896,48.0875],[-2.8778,48.0879],[-2.878,48.09],[-2.8726,48.0912],[-2.8735,48.0929],[-2.8709,48.0932],[-2.8698,48.0968],[-2.862,48.0987],[-2.8587,48.0961],[-2.8523,48.1015],[-2.8498,48.0954],[-2.8423,48.0981],[-2.8431,48.0947],[-2.8393,48.0944],[-2.8463,48.0896],[-2.847,48.0912],[-2.8507,48.09],[-2.8499,48.0844],[-2.8473,48.0836],[-2.8493,48.0781],[-2.8359,48.0783],[-2.8189,48.0878],[-2.8152,48.0876],[-2.8128,48.0813],[-2.8159,48.0792],[-2.8119,48.0707],[-2.814,48.0675],[-2.8194,48.067],[-2.8191,48.0726],[-2.8282,48.0715],[-2.827,48.0692],[-2.8335,48.0658],[-2.832,48.0649],[-2.8341,48.0611],[-2.8397,48.0624],[-2.8456,48.0554],[-2.8526,48.0592],[-2.8634,48.0516],[-2.8694,48.0512],[-2.8699,48.0478],[-2.8615,48.0459],[-2.8692,48.0459],[-2.8713,48.0427],[-2.8672,48.0411],[-2.8705,48.0347],[-2.865,48.0319],[-2.8648,48.0294],[-2.8733,48.0275],[-2.8765,48.029],[-2.8747,48.0262],[-2.8779,48.0266],[-2.8822,48.023],[-2.89,48.0275],[-2.8947,48.0176],[-2.8937,48.0094],[-2.889,48.0095],[-2.8905,48.0068],[-2.9001,48.0016],[-2.9023,48.0037],[-2.9119,48.0035],[-2.9157,48.006],[-2.9125,48.0122],[-2.9019,48.0199],[-2.908,48.0202],[-2.9099,48.023],[-2.9159,48.0223],[-2.9145,48.0253],[-2.9243,48.0301],[-2.9231,48.0344],[-2.92,48.0359],[-2.9245,48.0357],[-2.9276,48.0387],[-2.9294,48.0352],[-2.9279,48.0328],[-2.9326,48.0345],[-2.9354,48.031],[-2.9358,48.0425],[-2.933,48.0418],[-2.9428,48.0438],[-2.9456,48.0486],[-2.9406,48.0655],[-2.932,48.072],[-2.9191,48.077],[-2.9385,48.0855],[-2.9422,48.0842],[-2.9455,48.0891],[-2.9422,48.0878],[-2.9374,48.0901],[-2.9391,48.1006],[-2.9307,48.1051],[-2.9316,48.1074],[-2.9231,48.1062]]]]}},{"type":"Feature","properties":{"territoire":"56152","nom":"Le Palais","type":"commune"},"geometry":{"type":"MultiPolygon","coordinates":[[[[-3.1371,47.3157],[-3.1381,47.321],[-3.1449,47.3231],[-3.149,47.3212],[-3.1533,47.327],[-3.1638,47.3243],[-3.1716,47.3259],[-3.175,47.3236],[-3.1792,47.3254],[-3.1804,47.3286],[-3.1838,47.3276],[-3.191,47.3305],[-3.1875,47.3316],[-3.1888,47.334],[-3.1941,47.3383],[-3.1965,47.3356],[-3.1983,47.3386],[-3.202,47.3388],[-3.2033,47.3526],[-3.211,47.3565],[-3.2063,47.362],[-3.1941,47.3658],[-3.1901,47.3651],[-3.191,47.363],[-3.1863,47.3649],[-3.1752,47.3629],[-3.1721,47.3617],[-3.1728,47.3595],[-3.1573,47.3646],[-3.1543,47.3509],[-3.1506,47.3473],[-3.1588,47.3483],[-3.1639,47.3456],[-3.1585,47.348],[-3.1512,47.347],[-3.1495,47.3432],[-3.1452,47.3427],[-3.1479,47.3328],[-3.1453,47.3338],[-3.136,47.3284],[-3.124,47.3289],[-3.1257,47.3267],[-3.1217,47.3213],[-3.1371,47.3157]]]]}},{"type":"Feature","properties":{"territoire":"56153","nom":"Péaule","type":"commune"},"geometry":{"type":"MultiPolygon","coordinates":[[[[-2.2983,47.5992],[-2.2989,47.5965],[-2.295,47.5939],[-2.2987,47.5894],[-2.2947,47.5894],[-2.295,47.5873],[-2.2896,47.5838],[-2.2876,47.5762],[-2.2837,47.5753],[-2.2835,47.5708],[-2.2792,47.5642],[-2.2826,47.5582],[-2.295,47.5588],[-2.3027,47.5526],[-2.3359,47.5593],[-2.3438,47.5598],[-2.3446,47.5566],[-2.3487,47.5589],[-2.3519,47.5558],[-2.3667,47.5602],[-2.3713,47.559],[-2.3778,47.5658],[-2.3762,47.575],[-2.3802,47.5802],[-2.3758,47.5912],[-2.3839,47.5908],[-2.383,47.5927],[-2.3864,47.5939],[-2.3914,47.5922],[-2.3921,47.5879],[-2.3951,47.5884],[-2.396,47.5918],[-2.3922,47.594],[-2.3926,47.5975],[-2.3864,47.5983],[-2.3883,47.6002],[-2.3851,47.6031],[-2.3856,47.6067],[-2.3897,47.6109],[-2.3844,47.616],[-2.3768,47.6118],[-2.3726,47.612],[-2.3664,47.6071],[-2.3503,47.6023],[-2.3476,47.6066],[-2.3424,47.606],[-2.339,47.6096],[-2.3306,47.611],[-2.3227,47.6093],[-2.3202,47.6137],[-2.3158,47.6141],[-2.3059,47.6084],[-2.2983,47.5992]]]]}},{"type":"Feature","properties":{"territoire":"56159","nom":"Pleucadeuc","type":"commune"},"geometry":{"type":"MultiPolygon","coordinates":[[[[-2.3746,47.8037],[-2.3662,47.8011],[-2.3521,47.7876],[-2.3409,47.7824],[-2.3483,47.7757],[-2.3514,47.7692],[-2.3458,47.7665],[-2.3367,47.7675],[-2.333,47.7657],[-2.337,47.7639],[-2.3422,47.7516],[-2.3492,47.7451],[-2.3668,47.7409],[-2.3822,47.7411],[-2.3975,47.7462],[-2.4014,47.754],[-2.4386,47.7541],[-2.4506,47.7676],[-2.4318,47.7758],[-2.4273,47.7751],[-2.4229,47.7789],[-2.4242,47.7854],[-2.4153,47.7853],[-2.4114,47.7893],[-2.4082,47.7887],[-2.4048,47.7944],[-2.3945,47.7974],[-2.3864,47.7936],[-2.3812,47.7942],[-2.38,47.8003],[-2.3744,47.8015],[-2.3766,47.8028],[-2.3746,47.8037]]]]}},{"type":"Feature","properties":{"territoire":"56160","nom":"Pleugriffet","type":"commune"},"geometry":{"type":"MultiPolygon","coordinates":[[[[-2.6318,47.9691],[-2.636,47.9654],[-2.6653,47.9628],[-2.675,47.9575],[-2.6855,47.9598],[-2.6903,47.9659],[-2.6886,47.9721],[-2.6999,47.9743],[-2.7031,47.9723],[-2.7081,47.9768],[-2.7134,47.9754],[-2.7165,47.9805],[-2.7322,47.9887],[-2.74,48.0019],[-2.7474,48.0085],[-2.7495,48.019],[-2.7294,48.0272],[-2.7077,48.0251],[-2.6991,48.0273],[-2.697,48.0198],[-2.6837,48.0217],[-2.677,48.0169],[-2.6752,48.0111],[-2.6702,48.0092],[-2.663,48.0108],[-2.6584,48.0084],[-2.6587,48.0054],[-2.6517,48.0029],[-2.6549,47.9918],[-2.6475,47.9843],[-2.6343,47.9832],[-2.6344,47.9778],[-2.6297,47.9719],[-2.6318,47.9691]]]]}},{"type":"Feature","properties":{"territoire":"56161","nom":"Ploemel","type":"commune"},"geometry":{"type":"MultiPolygon","coordinates":[[[[-3.1096,47.6614],[-3.1076,47.6635],[-3.1093,47.6672],[-3.1071,47.6678],[-3.1029,47.6789],[-3.1009,47.6743],[-3.0896,47.6721],[-3.0823,47.6759],[-3.0762,47.6849],[-3.0779,47.6882],[-3.0723,47.6886],[-3.0626,47.688],[-3.0539,47.6845],[-3.0454,47.6702],[-3.0299,47.6686],[-3.0307,47.6657],[-3.0268,47.6622],[-3.0334,47.6515],[-3.0297,47.6471],[-3.0351,47.6433],[-3.0361,47.639],[-3.0416,47.6428],[-3.0502,47.6381],[-3.054,47.6396],[-3.068,47.6372],[-3.0716,47.6407],[-3.0936,47.6433],[-3.1073,47.6382],[-3.1116,47.6428],[-3.1173,47.6433],[-3.1167,47.6455],[-3.1239,47.6493],[-3.1094,47.6563],[-3.1079,47.658],[-3.1096,47.6614]]]]}},{"type":"Feature","properties":{"territoire":"56162","nom":"Ploemeur","type":"commune"},"geometry":{"type":"MultiPolygon","coordinates":[[[[-3.3958,47.7301],[-3.3983,47.7244],[-3.4044,47.7223],[-3.4109,47.7253],[-3.409,47.7196],[-3.4157,47.7123],[-3.4119,47.7022],[-3.4175,47.7003],[-3.4277,47.7047],[-3.4316,47.7019],[-3.4282,47.6998],[-3.4342,47.7014],[-3.4363,47.6984],[-3.4443,47.6997],[-3.4457,47.6957],[-3.4523,47.6952],[-3.4577,47.6995],[-3.4612,47.6985],[-3.4623,47.7021],[-3.4597,47.701],[-3.4588,47.7033],[-3.4625,47.7062],[-3.4692,47.7067],[-3.4711,47.7109],[-3.4763,47.7103],[-3.4753,47.7147],[-3.4845,47.7161],[-3.487,47.722],[-3.5006,47.731],[-3.4989,47.7334],[-3.502,47.738],[-3.4976,47.7411],[-3.4852,47.7422],[-3.485,47.7453],[-3.4821,47.7467],[-3.4721,47.7478],[-3.4622,47.7553],[-3.4553,47.7556],[-3.4516,47.7597],[-3.4541,47.7622],[-3.4353,47.7612],[-3.4264,47.7666],[-3.4182,47.7673],[-3.4085,47.7654],[-3.4104,47.7621],[-3.4027,47.7609],[-3.3991,47.7534],[-3.3925,47.7542],[-3.3917,47.7527],[-3.3975,47.7479],[-3.3955,47.7433],[-3.3986,47.7327],[-3.3947,47.7313],[-3.3958,47.7301]]]]}},{"type":"Feature","properties":{"territoire":"56163","nom":"Ploërdut","type":"commune"},"geometry":{"type":"MultiPolygon","coordinates":[[[[-3.3093,48.0452],[-3.3142,48.0426],[-3.3145,48.0447],[-3.3197,48.0444],[-3.3233,48.0411],[-3.3306,48.0397],[-3.334,48.0449],[-3.3429,48.0474],[-3.3453,48.0505],[-3.3446,48.0586],[-3.3549,48.0685],[-3.3449,48.0707],[-3.3461,48.0777],[-3.3418,48.082],[-3.3434,48.0875],[-3.3314,48.0869],[-3.3193,48.0929],[-3.3249,48.0959],[-3.3204,48.1013],[-3.321,48.1061],[-3.3358,48.1099],[-3.3374,48.114],[-3.3427,48.1187],[-3.3457,48.1172],[-3.348,48.1219],[-3.34,48.1214],[-3.3367,48.1241],[-3.3373,48.1269],[-3.3276,48.13],[-3.328,48.1352],[-3.3214,48.138],[-3.3206,48.1426],[-3.3234,48.1439],[-3.3172,48.1478],[-3.3159,48.1557],[-3.2991,48.154],[-3.298,48.1557],[-3.2973,48.1515],[-3.2879,48.153],[-3.293,48.1499],[-3.2891,48.1495],[-3.2827,48.1414],[-3.2751,48.1436],[-3.2697,48.1371],[-3.2623,48.1367],[-3.2484,48.1273],[-3.2527,48.1209],[-3.2609,48.1242],[-3.2615,48.1185],[-3.2664,48.1172],[-3.2652,48.1139],[-3.2613,48.1134],[-3.259,48.1102],[-3.2666,48.1092],[-3.2657,48.1064],[-3.2433,48.1033],[-3.2432,48.1001],[-3.2396,48.1007],[-3.2375,48.0976],[-3.2285,48.0942],[-3.2281,48.0907],[-3.2305,48.0916],[-3.2324,48.0881],[-3.2277,48.0897],[-3.2243,48.086],[-3.2215,48.0886],[-3.2227,48.0897],[-3.2149,48.0868],[-3.2117,48.0885],[-3.2054,48.0785],[-3.2124,48.0716],[-3.2118,48.0681],[-3.2149,48.0631],[-3.2222,48.0607],[-3.2226,48.055],[-3.2315,48.0577],[-3.2347,48.0561],[-3.2376,48.0613],[-3.2421,48.0621],[-3.2539,48.0577],[-3.2722,48.0596],[-3.2775,48.0555],[-3.2758,48.0539],[-3.2777,48.0479],[-3.2831,48.0515],[-3.2827,48.0534],[-3.2923,48.0545],[-3.2954,48.0504],[-3.3041,48.0489],[-3.3098,48.0534],[-3.3093,48.0452]]]]}},{"type":"Feature","properties":{"territoire":"56164","nom":"Ploeren","type":"commune"},"geometry":{"type":"MultiPolygon","coordinates":[[[[-2.8152,47.6567],[-2.8198,47.6558],[-2.8203,47.6522],[-2.8467,47.6495],[-2.8525,47.6351],[-2.857,47.6328],[-2.8633,47.6322],[-2.8617,47.6345],[-2.8835,47.643],[-2.8814,47.6451],[-2.8839,47.6459],[-2.8815,47.6475],[-2.883,47.6492],[-2.8779,47.6548],[-2.8801,47.6556],[-2.8721,47.6611],[-2.8728,47.6706],[-2.8655,47.668],[-2.8574,47.676],[-2.8554,47.6849],[-2.8279,47.6829],[-2.7979,47.6743],[-2.795,47.6605],[-2.8124,47.6602],[-2.8152,47.6567]]]]}},{"type":"Feature","properties":{"territoire":"56165","nom":"Ploërmel","type":"commune"},"geometry":{"type":"MultiPolygon","coordinates":[[[[-2.3398,47.9377],[-2.3415,47.9338],[-2.3391,47.9278],[-2.3195,47.9268],[-2.3138,47.9221],[-2.3169,47.9088],[-2.3273,47.909],[-2.323,47.907],[-2.3287,47.9039],[-2.3278,47.902],[-2.3365,47.9018],[-2.3343,47.8964],[-2.331,47.8964],[-2.3311,47.8922],[-2.3341,47.8915],[-2.3355,47.8857],[-2.3425,47.8806],[-2.3421,47.8762],[-2.3489,47.8731],[-2.3533,47.866],[-2.3598,47.8667],[-2.3641,47.874],[-2.3735,47.8739],[-2.3758,47.8791],[-2.3819,47.8793],[-2.3766,47.8844],[-2.3722,47.8848],[-2.3715,47.889],[-2.3738,47.8889],[-2.3746,47.8924],[-2.3943,47.8894],[-2.4091,47.8936],[-2.4177,47.8927],[-2.4239,47.8901],[-2.4282,47.8846],[-2.4365,47.8877],[-2.4383,47.8908],[-2.4372,47.8972],[-2.4397,47.9002],[-2.4308,47.9136],[-2.4401,47.9194],[-2.4376,47.9279],[-2.4319,47.9341],[-2.4191,47.9364],[-2.4054,47.9675],[-2.4038,47.9652],[-2.391,47.9662],[-2.3733,47.957],[-2.3585,47.963],[-2.3501,47.9603],[-2.3511,47.9518],[-2.3471,47.9479],[-2.3469,47.9442],[-2.3543,47.9431],[-2.3582,47.9459],[-2.372,47.9463],[-2.3741,47.9455],[-2.3725,47.9429],[-2.3758,47.9341],[-2.3517,47.9325],[-2.3488,47.9328],[-2.3494,47.9356],[-2.3472,47.9367],[-2.3398,47.9377]]]]}},{"type":"Feature","properties":{"territoire":"56166","nom":"Plouay","type":"commune"},"geometry":{"type":"MultiPolygon","coordinates":[[[[-3.393,47.951],[-3.3818,47.9511],[-3.3775,47.949],[-3.3726,47.9515],[-3.3602,47.9428],[-3.3533,47.9465],[-3.3519,47.9524],[-3.3492,47.9542],[-3.3497,47.9625],[-3.3432,47.9669],[-3.3372,47.9771],[-3.3259,47.9758],[-3.3171,47.9673],[-3.3105,47.9721],[-3.3023,47.9724],[-3.298,47.9641],[-3.2869,47.9603],[-3.2854,47.9557],[-3.2869,47.9532],[-3.2833,47.9515],[-3.2854,47.9495],[-3.2843,47.9474],[-3.2738,47.9451],[-3.278,47.938],[-3.2778,47.9331],[-3.2754,47.9326],[-3.2774,47.928],[-3.2744,47.923],[-3.2786,47.915],[-3.2717,47.9085],[-3.2728,47.901],[-3.2789,47.8919],[-3.2884,47.8963],[-3.2967,47.8946],[-3.2984,47.8986],[-3.3188,47.8975],[-3.3279,47.8937],[-3.3299,47.8963],[-3.3367,47.8971],[-3.3368,47.8999],[-3.3505,47.9025],[-3.353,47.8999],[-3.3674,47.897],[-3.3731,47.8907],[-3.38,47.8922],[-3.3844,47.8827],[-3.4025,47.8852],[-3.4085,47.8965],[-3.4043,47.8993],[-3.4051,47.9019],[-3.4193,47.9056],[-3.4052,47.9064],[-3.404,47.9089],[-3.4094,47.9098],[-3.409,47.916],[-3.4009,47.919],[-3.3939,47.9173],[-3.3869,47.9254],[-3.3895,47.9309],[-3.3983,47.9346],[-3.4017,47.9434],[-3.393,47.951]]]]}},{"type":"Feature","properties":{"territoire":"56167","nom":"Plougoumelen","type":"commune"},"geometry":{"type":"MultiPolygon","coordinates":[[[[-2.8832,47.6878],[-2.8554,47.6849],[-2.8574,47.676],[-2.8655,47.668],[-2.8728,47.6706],[-2.8721,47.6611],[-2.8801,47.6556],[-2.8779,47.6548],[-2.8839,47.6459],[-2.8814,47.6451],[-2.8912,47.6357],[-2.9142,47.6298],[-2.9187,47.6318],[-2.9237,47.6301],[-2.9241,47.6354],[-2.9295,47.6388],[-2.9251,47.645],[-2.9304,47.6474],[-2.9292,47.6509],[-2.9314,47.6528],[-2.9288,47.653],[-2.9242,47.6617],[-2.9283,47.6663],[-2.9194,47.6677],[-2.9249,47.6746],[-2.9176,47.6801],[-2.9125,47.6814],[-2.9057,47.679],[-2.9007,47.6804],[-2.9014,47.6838],[-2.8832,47.6878]]]]}},{"type":"Feature","properties":{"territoire":"56168","nom":"Plouharnel","type":"commune"},"geometry":{"type":"MultiPolygon","coordinates":[[[[-3.1599,47.6067],[-3.1401,47.6144],[-3.1328,47.6244],[-3.1104,47.626],[-3.0977,47.6214],[-3.0975,47.617],[-3.0884,47.6051],[-3.0952,47.5941],[-3.0934,47.5888],[-3.1018,47.584],[-3.1086,47.5848],[-3.1104,47.5876],[-3.1196,47.5912],[-3.1183,47.5933],[-3.1208,47.5931],[-3.1207,47.5961],[-3.125,47.5993],[-3.1292,47.598],[-3.1312,47.5959],[-3.1272,47.5934],[-3.1304,47.5894],[-3.1313,47.5749],[-3.1242,47.5721],[-3.1165,47.5773],[-3.1165,47.5799],[-3.115,47.5755],[-3.125,47.5669],[-3.127,47.5613],[-3.1384,47.5597],[-3.1404,47.5796],[-3.1498,47.596],[-3.1599,47.6067]]]]}},{"type":"Feature","properties":{"territoire":"56169","nom":"Plouhinec","type":"commune"},"geometry":{"type":"MultiPolygon","coordinates":[[[[-3.2642,47.705],[-3.258,47.7079],[-3.2563,47.7118],[-3.2586,47.7163],[-3.2514,47.7157],[-3.2447,47.7189],[-3.2419,47.7249],[-3.2344,47.7281],[-3.224,47.7268],[-3.209,47.738],[-3.2093,47.7343],[-3.202,47.7348],[-3.2092,47.7263],[-3.204,47.7276],[-3.2143,47.7192],[-3.2105,47.7186],[-3.2071,47.7119],[-3.1992,47.7097],[-3.196,47.712],[-3.1966,47.7057],[-3.1913,47.7046],[-3.1946,47.7025],[-3.1776,47.698],[-3.1773,47.6941],[-3.1845,47.6935],[-3.1994,47.6873],[-3.1981,47.6889],[-3.2,47.6912],[-3.2052,47.6891],[-3.2105,47.6911],[-3.2111,47.6987],[-3.2162,47.6958],[-3.2143,47.6901],[-3.2123,47.6915],[-3.2065,47.688],[-3.2105,47.6866],[-3.2111,47.6839],[-3.1983,47.6831],[-3.203,47.6777],[-3.201,47.6755],[-3.209,47.6761],[-3.2062,47.6716],[-3.2174,47.674],[-3.214,47.669],[-3.2189,47.666],[-3.2118,47.6617],[-3.2117,47.6589],[-3.2143,47.6589],[-3.2105,47.6544],[-3.214,47.6437],[-3.2713,47.6789],[-3.3029,47.6902],[-3.2816,47.6857],[-3.2795,47.6892],[-3.2876,47.7004],[-3.2878,47.7051],[-3.2696,47.7004],[-3.2642,47.705]]]]}},{"type":"Feature","properties":{"territoire":"56170","nom":"Plouray","type":"commune"},"geometry":{"type":"MultiPolygon","coordinates":[[[[-3.4176,48.1457],[-3.4082,48.1488],[-3.4025,48.157],[-3.3967,48.1558],[-3.3933,48.1517],[-3.3755,48.1606],[-3.3742,48.1645],[-3.3497,48.1648],[-3.3439,48.171],[-3.3371,48.1719],[-3.3339,48.1655],[-3.3239,48.1607],[-3.3265,48.1539],[-3.3254,48.1502],[-3.3172,48.1478],[-3.3234,48.1439],[-3.3206,48.1426],[-3.3209,48.1391],[-3.328,48.1352],[-3.3276,48.13],[-3.3373,48.1269],[-3.3367,48.1241],[-3.3396,48.1216],[-3.3518,48.1213],[-3.352,48.1158],[-3.3605,48.1151],[-3.3657,48.1101],[-3.3711,48.1128],[-3.3861,48.1114],[-3.3874,48.1059],[-3.3905,48.1047],[-3.3931,48.1069],[-3.394,48.1038],[-3.3998,48.1021],[-3.4033,48.0947],[-3.4287,48.1013],[-3.4321,48.105],[-3.4297,48.1093],[-3.4333,48.1125],[-3.4268,48.1141],[-3.4229,48.1183],[-3.4251,48.1237],[-3.4114,48.1345],[-3.4182,48.1397],[-3.4176,48.1457]]]]}},{"type":"Feature","properties":{"territoire":"56171","nom":"Pluherlin","type":"commune"},"geometry":{"type":"MultiPolygon","coordinates":[[[[-2.417,47.7039],[-2.4091,47.7027],[-2.4097,47.7059],[-2.4024,47.7116],[-2.4094,47.7167],[-2.4082,47.7239],[-2.3961,47.7455],[-2.3775,47.7407],[-2.3492,47.7451],[-2.3159,47.7313],[-2.3173,47.7276],[-2.3148,47.7241],[-2.3223,47.7226],[-2.3268,47.7159],[-2.3323,47.7147],[-2.3331,47.7059],[-2.3385,47.7019],[-2.3526,47.704],[-2.3544,47.7007],[-2.3534,47.695],[-2.3499,47.692],[-2.3603,47.6896],[-2.3777,47.6765],[-2.3936,47.6811],[-2.3978,47.685],[-2.3972,47.6895],[-2.3994,47.6914],[-2.4061,47.6889],[-2.4092,47.6928],[-2.4138,47.6932],[-2.414,47.6967],[-2.4188,47.6984],[-2.417,47.7039]]]]}},{"type":"Feature","properties":{"territoire":"56172","nom":"Plumelec","type":"commune"},"geometry":{"type":"MultiPolygon","coordinates":[[[[-2.5599,47.7985],[-2.5623,47.7996],[-2.5671,47.7972],[-2.5752,47.8014],[-2.5804,47.8013],[-2.5899,47.8079],[-2.5955,47.8058],[-2.6015,47.8079],[-2.6065,47.8044],[-2.624,47.8009],[-2.6265,47.7979],[-2.623,47.7912],[-2.6348,47.7891],[-2.6474,47.7907],[-2.6509,47.789],[-2.6529,47.7832],[-2.6579,47.7814],[-2.6599,47.787],[-2.6789,47.7904],[-2.6761,47.7963],[-2.669,47.8009],[-2.67,47.8031],[-2.6777,47.8038],[-2.6713,47.8095],[-2.68,47.8116],[-2.6839,47.8103],[-2.6843,47.8122],[-2.6733,47.8248],[-2.6838,47.8264],[-2.6877,47.8299],[-2.6959,47.8297],[-2.6967,47.8396],[-2.6816,47.8368],[-2.6763,47.8398],[-2.6709,47.8394],[-2.6717,47.8515],[-2.6668,47.8551],[-2.6507,47.8542],[-2.6453,47.8554],[-2.6457,47.8597],[-2.6231,47.8549],[-2.6161,47.8576],[-2.6104,47.8565],[-2.6102,47.8608],[-2.6065,47.8592],[-2.6026,47.866],[-2.596,47.863],[-2.5837,47.8653],[-2.584,47.8624],[-2.577,47.8588],[-2.5793,47.8555],[-2.5665,47.854],[-2.5684,47.8462],[-2.5769,47.8437],[-2.5781,47.8414],[-2.5724,47.8339],[-2.5703,47.8221],[-2.5544,47.821],[-2.5546,47.8167],[-2.5508,47.8157],[-2.5479,47.8113],[-2.551,47.8069],[-2.5493,47.805],[-2.5599,47.7985]]]]}},{"type":"Feature","properties":{"territoire":"56173","nom":"Pluméliau-Bieuzy","type":"commune"},"geometry":{"type":"MultiPolygon","coordinates":[[[[-2.9858,48.0178],[-2.9762,48.0052],[-2.9627,48.0029],[-2.9525,47.9952],[-2.9424,47.9967],[-2.9291,47.9925],[-2.9356,47.9856],[-2.9275,47.979],[-2.9275,47.9756],[-2.9155,47.9716],[-2.9159,47.9631],[-2.9199,47.9613],[-2.9166,47.9593],[-2.9175,47.9514],[-2.9104,47.9468],[-2.9024,47.9499],[-2.8998,47.9485],[-2.9129,47.939],[-2.9273,47.935],[-2.9287,47.9303],[-2.9233,47.9278],[-2.9231,47.9246],[-2.9299,47.9246],[-2.9361,47.9308],[-2.9486,47.9207],[-2.9556,47.9197],[-2.9592,47.9204],[-2.9556,47.9257],[-2.9586,47.9275],[-2.9527,47.9373],[-2.9585,47.9399],[-2.974,47.9318],[-2.9806,47.9321],[-2.9805,47.9368],[-2.9822,47.9368],[-2.9868,47.9288],[-2.9903,47.9287],[-2.9942,47.9295],[-3.0001,47.9391],[-3.0056,47.9375],[-3.0107,47.9404],[-3.017,47.9403],[-3.0273,47.948],[-3.036,47.9481],[-3.0381,47.9443],[-3.0489,47.9472],[-3.0658,47.9477],[-3.0546,47.9629],[-3.0631,47.9684],[-3.061,47.9714],[-3.0628,47.9745],[-3.0681,47.978],[-3.0773,47.9786],[-3.0757,47.9824],[-3.0793,47.9838],[-3.0626,47.9924],[-3.0634,47.9953],[-3.0603,47.999],[-3.0644,48.0055],[-3.0572,48.0087],[-3.056,48.0127],[-3.0585,48.0156],[-3.049,48.0162],[-3.0434,48.0122],[-3.0353,48.0104],[-3.0306,48.0173],[-3.0331,48.0214],[-3.03,48.0206],[-3.0249,48.0246],[-3.0169,48.0259],[-3.0029,48.0202],[-2.9999,48.0173],[-3.0001,48.0129],[-2.9956,48.0167],[-2.9858,48.0178]]]]}},{"type":"Feature","properties":{"territoire":"56174","nom":"Plumelin","type":"commune"},"geometry":{"type":"MultiPolygon","coordinates":[[[[-2.9145,47.8249],[-2.9197,47.8328],[-2.9189,47.838],[-2.9242,47.8439],[-2.9209,47.8452],[-2.9172,47.8547],[-2.9183,47.8567],[-2.9133,47.8613],[-2.9125,47.8682],[-2.9075,47.8774],[-2.908,47.8815],[-2.9053,47.8816],[-2.9102,47.8895],[-2.9142,47.8881],[-2.9162,47.8906],[-2.9195,47.8898],[-2.9201,47.8925],[-2.9263,47.8905],[-2.9202,47.8948],[-2.9218,47.8973],[-2.9169,47.9036],[-2.9201,47.9071],[-2.9258,47.9076],[-2.9254,47.9101],[-2.9147,47.9117],[-2.9156,47.9089],[-2.9092,47.9068],[-2.904,47.9116],[-2.8927,47.9162],[-2.8692,47.9154],[-2.864,47.9172],[-2.8639,47.9085],[-2.8598,47.9062],[-2.8598,47.902],[-2.848,47.8952],[-2.8482,47.8921],[-2.8423,47.8862],[-2.8462,47.8854],[-2.847,47.881],[-2.8496,47.8796],[-2.8481,47.8756],[-2.8535,47.8711],[-2.8643,47.864],[-2.8809,47.86],[-2.8826,47.8538],[-2.901,47.8572],[-2.9058,47.855],[-2.9028,47.8503],[-2.9078,47.843],[-2.9074,47.8312],[-2.9145,47.8249]]]]}},{"type":"Feature","properties":{"territoire":"56175","nom":"Plumergat","type":"commune"},"geometry":{"type":"MultiPolygon","coordinates":[[[[-2.955,47.7489],[-2.9502,47.7462],[-2.9426,47.746],[-2.9301,47.7524],[-2.9266,47.7483],[-2.9176,47.7472],[-2.9116,47.7493],[-2.9093,47.7507],[-2.9101,47.754],[-2.9251,47.7601],[-2.9176,47.7651],[-2.8928,47.7593],[-2.8821,47.7599],[-2.8721,47.7534],[-2.8757,47.7493],[-2.8719,47.7474],[-2.874,47.7442],[-2.8778,47.7452],[-2.8797,47.7372],[-2.8752,47.7335],[-2.8774,47.7294],[-2.873,47.7247],[-2.8761,47.7205],[-2.8829,47.7215],[-2.8901,47.716],[-2.8773,47.7086],[-2.8815,47.7011],[-2.882,47.6951],[-2.8869,47.6911],[-2.8832,47.6878],[-2.8886,47.6892],[-2.8985,47.6969],[-2.9236,47.7028],[-2.9491,47.7053],[-2.9591,47.7121],[-2.9891,47.7105],[-2.9915,47.7185],[-2.9901,47.7224],[-2.9859,47.7235],[-2.9896,47.7322],[-2.9641,47.7388],[-2.9555,47.7461],[-2.955,47.7489]]]]}},{"type":"Feature","properties":{"territoire":"56176","nom":"Pluneret","type":"commune"},"geometry":{"type":"MultiPolygon","coordinates":[[[[-2.9794,47.6787],[-2.9775,47.6807],[-2.9837,47.6841],[-2.9826,47.6869],[-2.9902,47.6884],[-2.9887,47.6907],[-2.9915,47.6925],[-2.9883,47.6991],[-2.9831,47.703],[-2.9834,47.7092],[-2.9891,47.7105],[-2.9807,47.712],[-2.9728,47.7124],[-2.9689,47.7084],[-2.9717,47.7064],[-2.9667,47.6985],[-2.9687,47.6956],[-2.9666,47.6926],[-2.9587,47.6901],[-2.951,47.6912],[-2.9459,47.6886],[-2.9418,47.6925],[-2.9342,47.6926],[-2.933,47.6943],[-2.9351,47.697],[-2.9255,47.7029],[-2.8982,47.6968],[-2.8831,47.6875],[-2.9014,47.6838],[-2.9007,47.6804],[-2.9057,47.679],[-2.9125,47.6814],[-2.9182,47.6798],[-2.9249,47.6746],[-2.9194,47.6677],[-2.9253,47.6682],[-2.9285,47.6659],[-2.9242,47.6617],[-2.9288,47.653],[-2.935,47.6533],[-2.9493,47.6474],[-2.9536,47.64],[-2.9577,47.6387],[-2.9682,47.6393],[-2.9638,47.6457],[-2.9734,47.6551],[-2.9634,47.66],[-2.966,47.662],[-2.9658,47.6663],[-2.9709,47.667],[-2.9708,47.6702],[-2.9809,47.675],[-2.9794,47.6787]]]]}},{"type":"Feature","properties":{"territoire":"56177","nom":"Pluvigner","type":"commune"},"geometry":{"type":"MultiPolygon","coordinates":[[[[-2.9227,47.8196],[-2.9247,47.8168],[-2.9301,47.8163],[-2.9344,47.8037],[-2.9339,47.7959],[-2.9423,47.7992],[-2.9501,47.7974],[-2.9557,47.7932],[-2.9514,47.7909],[-2.9484,47.7855],[-2.9519,47.7823],[-2.9478,47.7799],[-2.9501,47.7769],[-2.9473,47.7729],[-2.9498,47.7693],[-2.9487,47.7668],[-2.9547,47.7644],[-2.9503,47.759],[-2.9507,47.756],[-2.9463,47.7549],[-2.9471,47.7529],[-2.9549,47.7502],[-2.9555,47.7461],[-2.9641,47.7388],[-2.9895,47.7322],[-3.0001,47.7378],[-2.9985,47.7416],[-3.0037,47.7444],[-3.0104,47.745],[-3.0155,47.7411],[-3.0211,47.743],[-3.0323,47.741],[-3.0354,47.7423],[-3.0375,47.7471],[-3.0447,47.7436],[-3.0547,47.7463],[-3.0522,47.7518],[-3.063,47.7522],[-3.0671,47.7559],[-3.0722,47.7567],[-3.0741,47.7612],[-3.0792,47.7613],[-3.0776,47.7728],[-3.0819,47.7763],[-3.0825,47.7802],[-3.0793,47.7843],[-3.0825,47.7884],[-3.0816,47.7919],[-3.0899,47.7933],[-3.1072,47.8026],[-3.1162,47.8018],[-3.1181,47.8062],[-3.1115,47.8099],[-3.1063,47.8075],[-3.1049,47.8137],[-3.0968,47.8168],[-3.0874,47.8141],[-3.0893,47.82],[-3.0834,47.8243],[-3.0748,47.8284],[-3.0607,47.827],[-3.0607,47.8305],[-3.0584,47.8317],[-3.047,47.828],[-3.0491,47.832],[-3.0319,47.8224],[-3.0323,47.8177],[-3.0428,47.8061],[-3.043,47.8019],[-3.0507,47.7966],[-3.043,47.7964],[-3.0375,47.793],[-3.0244,47.7927],[-3.0089,47.7976],[-3.0045,47.8003],[-3.0042,47.803],[-3.0016,47.8019],[-2.999,47.8077],[-2.9907,47.8113],[-2.9658,47.808],[-2.9643,47.8111],[-2.966,47.8126],[-2.9557,47.8154],[-2.9561,47.8199],[-2.9526,47.8268],[-2.9227,47.8196]]]]}},{"type":"Feature","properties":{"territoire":"56181","nom":"Port-Louis","type":"commune"},"geometry":{"type":"MultiPolygon","coordinates":[[[[-3.3428,47.7158],[-3.3395,47.7155],[-3.3381,47.7132],[-3.3407,47.7115],[-3.3387,47.7113],[-3.3514,47.703],[-3.3553,47.7029],[-3.3652,47.7107],[-3.3616,47.7092],[-3.3565,47.712],[-3.3528,47.7086],[-3.3505,47.7116],[-3.3548,47.712],[-3.352,47.7125],[-3.3511,47.7158],[-3.3471,47.7138],[-3.3428,47.7158]]]]}},{"type":"Feature","properties":{"territoire":"56182","nom":"Priziac","type":"commune"},"geometry":{"type":"MultiPolygon","coordinates":[[[[-3.3852,48.0305],[-3.3866,48.0283],[-3.3809,48.0154],[-3.3829,48.0136],[-3.3986,48.0265],[-3.4072,48.0229],[-3.4106,48.0264],[-3.428,48.0232],[-3.4311,48.0166],[-3.4364,48.0171],[-3.444,48.0224],[-3.4511,48.0188],[-3.4558,48.0191],[-3.4593,48.0147],[-3.4625,48.0167],[-3.4664,48.0157],[-3.4655,48.0175],[-3.4704,48.0205],[-3.4703,48.0247],[-3.4751,48.0281],[-3.4755,48.0423],[-3.4801,48.0462],[-3.4755,48.052],[-3.4769,48.0545],[-3.4728,48.057],[-3.4754,48.0626],[-3.4708,48.0635],[-3.4734,48.0677],[-3.4779,48.0688],[-3.478,48.0713],[-3.4696,48.073],[-3.4675,48.0789],[-3.4599,48.0776],[-3.462,48.0811],[-3.4597,48.0836],[-3.46,48.0879],[-3.4534,48.0924],[-3.4468,48.0911],[-3.4475,48.0972],[-3.4408,48.098],[-3.4381,48.1042],[-3.4321,48.105],[-3.43,48.1019],[-3.4201,48.0983],[-3.4138,48.0987],[-3.413,48.0939],[-3.4092,48.0921],[-3.4148,48.0914],[-3.4068,48.0867],[-3.4019,48.0769],[-3.4012,48.0693],[-3.3949,48.0656],[-3.4001,48.0604],[-3.3942,48.0507],[-3.4006,48.0492],[-3.4017,48.0452],[-3.4052,48.0433],[-3.3953,48.0346],[-3.3897,48.0384],[-3.386,48.0359],[-3.3881,48.0342],[-3.3852,48.0305]]]]}},{"type":"Feature","properties":{"territoire":"56184","nom":"Questembert","type":"commune"},"geometry":{"type":"MultiPolygon","coordinates":[[[[-2.3997,47.6192],[-2.412,47.6161],[-2.4208,47.621],[-2.4355,47.6174],[-2.4452,47.6181],[-2.437,47.6258],[-2.438,47.6305],[-2.4423,47.6293],[-2.4498,47.6352],[-2.4542,47.6354],[-2.4549,47.6388],[-2.465,47.6369],[-2.4669,47.6323],[-2.4869,47.6341],[-2.4853,47.637],[-2.4876,47.6403],[-2.4856,47.6417],[-2.4937,47.651],[-2.4923,47.6533],[-2.4943,47.6548],[-2.4913,47.657],[-2.498,47.6599],[-2.4987,47.6643],[-2.5022,47.6668],[-2.4929,47.6711],[-2.4902,47.6802],[-2.4833,47.6867],[-2.4845,47.692],[-2.4762,47.6915],[-2.4823,47.6994],[-2.4767,47.7],[-2.473,47.7039],[-2.4696,47.703],[-2.4695,47.7069],[-2.4668,47.7089],[-2.447,47.7124],[-2.4328,47.7066],[-2.417,47.7039],[-2.4188,47.6984],[-2.414,47.6967],[-2.4138,47.6932],[-2.4092,47.6928],[-2.4061,47.6889],[-2.3994,47.6914],[-2.3972,47.6895],[-2.3978,47.685],[-2.3893,47.6785],[-2.374,47.6759],[-2.3728,47.6729],[-2.3674,47.6722],[-2.3704,47.667],[-2.3763,47.6675],[-2.3746,47.6639],[-2.3774,47.6594],[-2.3731,47.6578],[-2.3739,47.6537],[-2.3794,47.6491],[-2.3851,47.651],[-2.3894,47.6452],[-2.3975,47.6407],[-2.3946,47.6368],[-2.383,47.6333],[-2.3825,47.6313],[-2.3929,47.6286],[-2.4,47.6215],[-2.3997,47.6192]]]]}},{"type":"Feature","properties":{"territoire":"56185","nom":"Quéven","type":"commune"},"geometry":{"type":"MultiPolygon","coordinates":[[[[-3.3948,47.808],[-3.393,47.8039],[-3.3853,47.8042],[-3.389,47.7983],[-3.3814,47.7954],[-3.3769,47.7836],[-3.3688,47.777],[-3.369,47.7702],[-3.375,47.7706],[-3.379,47.7669],[-3.3785,47.7697],[-3.4031,47.7745],[-3.4069,47.7723],[-3.4102,47.766],[-3.4245,47.7672],[-3.4335,47.7616],[-3.4503,47.7608],[-3.4541,47.7622],[-3.4559,47.7668],[-3.4609,47.7677],[-3.4611,47.7716],[-3.4645,47.7721],[-3.4598,47.7776],[-3.4605,47.7815],[-3.458,47.7851],[-3.4655,47.7884],[-3.4655,47.7907],[-3.4601,47.7965],[-3.45,47.7952],[-3.4483,47.7914],[-3.4456,47.7913],[-3.4331,47.797],[-3.4305,47.7962],[-3.4216,47.8028],[-3.4249,47.808],[-3.4162,47.8134],[-3.4074,47.8082],[-3.3993,47.8101],[-3.3948,47.808]]]]}},{"type":"Feature","properties":{"territoire":"56186","nom":"Quiberon","type":"commune"},"geometry":{"type":"MultiPolygon","coordinates":[[[[-3.1501,47.504],[-3.1196,47.503],[-3.118,47.497],[-3.1135,47.4959],[-3.1101,47.4897],[-3.1055,47.4883],[-3.1017,47.4901],[-3.1002,47.4889],[-3.1047,47.4888],[-3.1014,47.4846],[-3.0998,47.4879],[-3.1004,47.4858],[-3.0979,47.4866],[-3.0987,47.4892],[-3.0992,47.4846],[-3.0944,47.4831],[-3.0905,47.4733],[-3.0793,47.4691],[-3.0881,47.4698],[-3.0937,47.4736],[-3.1013,47.4713],[-3.1055,47.4738],[-3.1092,47.4709],[-3.1135,47.4772],[-3.1181,47.4792],[-3.1225,47.479],[-3.1226,47.4764],[-3.1253,47.478],[-3.1277,47.4756],[-3.1218,47.4757],[-3.1294,47.4752],[-3.1307,47.473],[-3.138,47.4805],[-3.1375,47.4831],[-3.1456,47.4834],[-3.1429,47.4845],[-3.1453,47.4886],[-3.1424,47.4918],[-3.1477,47.4941],[-3.149,47.5014],[-3.1518,47.5038],[-3.1501,47.504]]]]}},{"type":"Feature","properties":{"territoire":"56188","nom":"Quistinic","type":"commune"},"geometry":{"type":"MultiPolygon","coordinates":[[[[-3.0739,47.9342],[-3.0735,47.9268],[-3.0878,47.9129],[-3.0765,47.9081],[-3.0779,47.8913],[-3.076,47.8854],[-3.0778,47.8822],[-3.0849,47.8793],[-3.0943,47.8815],[-3.0992,47.8873],[-3.1108,47.8826],[-3.121,47.8822],[-3.1278,47.8834],[-3.138,47.8899],[-3.1577,47.8896],[-3.1754,47.8863],[-3.1899,47.8878],[-3.1896,47.8952],[-3.2008,47.902],[-3.2012,47.9065],[-3.1918,47.9082],[-3.1913,47.9121],[-3.1878,47.9123],[-3.1871,47.9148],[-3.183,47.914],[-3.1771,47.9211],[-3.164,47.9202],[-3.1568,47.9239],[-3.1424,47.9263],[-3.1424,47.9294],[-3.1336,47.9309],[-3.131,47.9373],[-3.1168,47.9412],[-3.1155,47.9452],[-3.1114,47.9405],[-3.0989,47.9447],[-3.0972,47.9421],[-3.0922,47.9424],[-3.0922,47.9392],[-3.0858,47.9358],[-3.0864,47.9337],[-3.0739,47.9342]]]]}},{"type":"Feature","properties":{"territoire":"56189","nom":"Radenac","type":"commune"},"geometry":{"type":"MultiPolygon","coordinates":[[[[-2.6875,47.9456],[-2.6879,47.943],[-2.6931,47.942],[-2.6896,47.9421],[-2.6922,47.9357],[-2.6882,47.9339],[-2.6943,47.9237],[-2.7176,47.9232],[-2.7322,47.9202],[-2.7311,47.9219],[-2.7347,47.9242],[-2.7328,47.9312],[-2.7361,47.9302],[-2.7403,47.9324],[-2.7404,47.9413],[-2.7358,47.9451],[-2.7436,47.9511],[-2.7411,47.9693],[-2.7375,47.9683],[-2.7081,47.9768],[-2.7031,47.9723],[-2.6999,47.9743],[-2.6886,47.9721],[-2.6903,47.9659],[-2.6861,47.9604],[-2.675,47.9575],[-2.6875,47.9456]]]]}},{"type":"Feature","properties":{"territoire":"56190","nom":"Réguiny","type":"commune"},"geometry":{"type":"MultiPolygon","coordinates":[[[[-2.8187,47.9647],[-2.8016,47.9705],[-2.8089,47.9735],[-2.8095,47.983],[-2.8142,47.9812],[-2.8158,47.9833],[-2.8139,47.9998],[-2.8113,48.003],[-2.8035,48.007],[-2.8006,48.0062],[-2.793,48.0116],[-2.7889,48.0116],[-2.7907,48.003],[-2.7831,47.9988],[-2.7818,48.0031],[-2.7777,48.0044],[-2.7785,48.0074],[-2.7669,48.0142],[-2.7617,48.0137],[-2.7604,48.0092],[-2.7575,48.012],[-2.7549,48.0073],[-2.749,48.0071],[-2.7469,48.0041],[-2.7463,48.0072],[-2.74,48.0019],[-2.7322,47.9887],[-2.7165,47.9805],[-2.7133,47.9752],[-2.7375,47.9683],[-2.743,47.9711],[-2.7503,47.9705],[-2.7611,47.9657],[-2.7714,47.9645],[-2.7741,47.9663],[-2.7809,47.9642],[-2.7835,47.9658],[-2.7882,47.9627],[-2.793,47.9662],[-2.8129,47.9616],[-2.8187,47.9647]]]]}},{"type":"Feature","properties":{"territoire":"56191","nom":"Réminiac","type":"commune"},"geometry":{"type":"MultiPolygon","coordinates":[[[[-2.2818,47.8468],[-2.2835,47.861],[-2.2788,47.8621],[-2.2698,47.8701],[-2.2699,47.8818],[-2.2495,47.8797],[-2.2402,47.8829],[-2.2387,47.8757],[-2.2343,47.8736],[-2.2322,47.8675],[-2.2171,47.8607],[-2.2161,47.8572],[-2.2095,47.8537],[-2.2205,47.855],[-2.2343,47.8519],[-2.2446,47.8547],[-2.2625,47.8491],[-2.2818,47.8468]]]]}},{"type":"Feature","properties":{"territoire":"56193","nom":"Riantec","type":"commune"},"geometry":{"type":"MultiPolygon","coordinates":[[[[-3.3175,47.7052],[-3.3128,47.7051],[-3.3126,47.7025],[-3.3175,47.7052]]],[[[-3.2656,47.7051],[-3.2696,47.7004],[-3.2793,47.7019],[-3.2896,47.7084],[-3.2894,47.7055],[-3.2932,47.7062],[-3.2905,47.7034],[-3.3025,47.7023],[-3.3126,47.7056],[-3.3089,47.7088],[-3.3102,47.71],[-3.3204,47.7047],[-3.3258,47.7087],[-3.3347,47.7072],[-3.3412,47.7092],[-3.3381,47.7132],[-3.3401,47.7157],[-3.3344,47.7209],[-3.3235,47.7257],[-3.3183,47.7319],[-3.3014,47.7417],[-3.3023,47.7394],[-3.2861,47.7383],[-3.2882,47.732],[-3.2785,47.7304],[-3.2785,47.7221],[-3.2733,47.722],[-3.2794,47.7197],[-3.281,47.7155],[-3.2656,47.7051]]]]}},{"type":"Feature","properties":{"territoire":"56256","nom":"Tréhorenteuc","type":"commune"},"geometry":{"type":"MultiPolygon","coordinates":[[[[-2.3168,47.9956],[-2.3157,48.0004],[-2.286,48.0216],[-2.2805,48.0212],[-2.2821,48.0161],[-2.2782,48.0152],[-2.2746,48.0107],[-2.2814,48.0039],[-2.289,48.0009],[-2.287,47.9985],[-2.2876,47.9918],[-2.2927,47.9929],[-2.3035,47.9901],[-2.3071,47.9926],[-2.3146,47.9928],[-2.3168,47.9956]]]]}},{"type":"Feature","properties":{"territoire":"56257","nom":"La Trinité-Porhoët","type":"commune"},"geometry":{"type":"MultiPolygon","coordinates":[[[[-2.4959,48.1036],[-2.5181,48.0806],[-2.5273,48.0837],[-2.5316,48.079],[-2.5484,48.0761],[-2.5477,48.0779],[-2.5521,48.0813],[-2.5494,48.0825],[-2.5487,48.0868],[-2.5517,48.0918],[-2.5481,48.0936],[-2.554,48.095],[-2.5549,48.0991],[-2.5513,48.098],[-2.5375,48.1042],[-2.5342,48.1068],[-2.536,48.1086],[-2.5318,48.1092],[-2.5234,48.1213],[-2.5016,48.1163],[-2.5013,48.1108],[-2.498,48.1121],[-2.4934,48.1065],[-2.4959,48.1036]]]]}},{"type":"Feature","properties":{"territoire":"56258","nom":"La Trinité-sur-Mer","type":"commune"},"geometry":{"type":"MultiPolygon","coordinates":[[[[-3.0551,47.5899],[-3.0505,47.5909],[-3.0515,47.5966],[-3.0429,47.5994],[-3.0462,47.6071],[-3.0263,47.6083],[-3.024,47.6056],[-3.0223,47.593],[-3.0271,47.5919],[-3.0285,47.5892],[-3.0243,47.588],[-3.027,47.587],[-3.0249,47.5847],[-3.0269,47.5825],[-3.0223,47.5794],[-3.0236,47.5734],[-3.0183,47.5672],[-3.0251,47.5682],[-3.0286,47.5734],[-3.0397,47.5737],[-3.0404,47.5792],[-3.0422,47.5771],[-3.0524,47.5776],[-3.0516,47.5797],[-3.0552,47.5818],[-3.0551,47.5899]]]]}},{"type":"Feature","properties":{"territoire":"56194","nom":"Rieux","type":"commune"},"geometry":{"type":"MultiPolygon","coordinates":[[[[-2.0967,47.6317],[-2.0855,47.6226],[-2.0837,47.6116],[-2.0869,47.6031],[-2.1028,47.595],[-2.1037,47.5896],[-2.0996,47.5815],[-2.1009,47.5787],[-2.1221,47.578],[-2.1389,47.5879],[-2.1593,47.5852],[-2.171,47.5892],[-2.1681,47.5954],[-2.1734,47.595],[-2.1738,47.6031],[-2.1721,47.6072],[-2.1686,47.6084],[-2.1692,47.6136],[-2.1481,47.6196],[-2.136,47.6206],[-2.1375,47.624],[-2.1282,47.6285],[-2.124,47.6266],[-2.1225,47.6299],[-2.1182,47.6307],[-2.1203,47.6317],[-2.1136,47.635],[-2.1055,47.6335],[-2.103,47.635],[-2.0967,47.6317]]]]}},{"type":"Feature","properties":{"territoire":"56195","nom":"La Roche-Bernard","type":"commune"},"geometry":{"type":"MultiPolygon","coordinates":[[[[-2.3088,47.5185],[-2.3061,47.5236],[-2.2993,47.5213],[-2.2963,47.5177],[-2.2981,47.5156],[-2.3088,47.5185]]]]}},{"type":"Feature","properties":{"territoire":"56200","nom":"Ruffiac","type":"commune"},"geometry":{"type":"MultiPolygon","coordinates":[[[[-2.2759,47.8472],[-2.274,47.8391],[-2.2549,47.8391],[-2.2493,47.8341],[-2.2496,47.8296],[-2.2465,47.8271],[-2.2413,47.8272],[-2.242,47.8245],[-2.24,47.8234],[-2.2425,47.8214],[-2.2531,47.8191],[-2.2469,47.8132],[-2.2419,47.7971],[-2.2446,47.7817],[-2.2554,47.7861],[-2.2704,47.7872],[-2.2807,47.7838],[-2.2783,47.7796],[-2.295,47.7772],[-2.3056,47.7955],[-2.3129,47.7955],[-2.3144,47.7987],[-2.3095,47.8014],[-2.3107,47.8027],[-2.3276,47.8061],[-2.3337,47.81],[-2.3329,47.817],[-2.3305,47.817],[-2.3289,47.8211],[-2.3304,47.824],[-2.3282,47.8288],[-2.3308,47.8328],[-2.3293,47.8353],[-2.3196,47.8405],[-2.2759,47.8472]]]]}},{"type":"Feature","properties":{"territoire":"56201","nom":"Le Saint","type":"commune"},"geometry":{"type":"MultiPolygon","coordinates":[[[[-3.5562,48.048],[-3.5603,48.0495],[-3.5621,48.0551],[-3.5784,48.0682],[-3.5927,48.0717],[-3.5938,48.0756],[-3.5895,48.0768],[-3.5895,48.0797],[-3.5989,48.0809],[-3.602,48.0858],[-3.6064,48.0859],[-3.6059,48.0938],[-3.5975,48.101],[-3.5972,48.106],[-3.6002,48.107],[-3.5929,48.1114],[-3.6009,48.1157],[-3.5958,48.1179],[-3.5869,48.1174],[-3.5743,48.1245],[-3.5656,48.1252],[-3.5459,48.132],[-3.5445,48.1298],[-3.5391,48.1311],[-3.5252,48.1284],[-3.5229,48.1194],[-3.528,48.1166],[-3.5291,48.108],[-3.5465,48.0883],[-3.5428,48.0852],[-3.5483,48.0832],[-3.5459,48.0745],[-3.5487,48.0709],[-3.5481,48.0661],[-3.5537,48.0615],[-3.5524,48.0517],[-3.5562,48.048]]]]}},{"type":"Feature","properties":{"territoire":"56202","nom":"Saint-Abraham","type":"commune"},"geometry":{"type":"MultiPolygon","coordinates":[[[[-2.3899,47.859],[-2.3925,47.856],[-2.3903,47.8548],[-2.3892,47.8483],[-2.3953,47.841],[-2.3999,47.8398],[-2.3994,47.8346],[-2.4027,47.8319],[-2.4088,47.8302],[-2.4177,47.8369],[-2.427,47.8386],[-2.4198,47.8516],[-2.4212,47.8541],[-2.4146,47.8541],[-2.4139,47.8572],[-2.4118,47.8571],[-2.4108,47.8647],[-2.396,47.8646],[-2.3899,47.859]]]]}},{"type":"Feature","properties":{"territoire":"56259","nom":"La Trinité-Surzur","type":"commune"},"geometry":{"type":"MultiPolygon","coordinates":[[[[-2.5846,47.6111],[-2.5831,47.6085],[-2.577,47.6068],[-2.5831,47.6015],[-2.5826,47.5986],[-2.5907,47.5974],[-2.6027,47.5994],[-2.6015,47.6044],[-2.6078,47.6081],[-2.603,47.6106],[-2.5846,47.6111]]]]}},{"type":"Feature","properties":{"territoire":"56260","nom":"Vannes","type":"commune"},"geometry":{"type":"MultiPolygon","coordinates":[[[[-2.798,47.6743],[-2.8,47.6779],[-2.7972,47.6837],[-2.7895,47.6874],[-2.7854,47.6868],[-2.7729,47.6945],[-2.7661,47.6906],[-2.7664,47.6845],[-2.7624,47.6787],[-2.7497,47.6814],[-2.7472,47.6728],[-2.7417,47.6698],[-2.7435,47.6688],[-2.7305,47.6684],[-2.7147,47.6757],[-2.7108,47.6712],[-2.7064,47.6712],[-2.7072,47.6683],[-2.6891,47.6746],[-2.6831,47.6748],[-2.6817,47.6704],[-2.6828,47.6648],[-2.6883,47.6602],[-2.6955,47.6583],[-2.6986,47.6544],[-2.7026,47.6547],[-2.7093,47.6494],[-2.7105,47.6521],[-2.718,47.6515],[-2.7234,47.6564],[-2.7386,47.654],[-2.735,47.6443],[-2.7474,47.6379],[-2.7444,47.6326],[-2.7469,47.6315],[-2.7459,47.6211],[-2.7483,47.6209],[-2.7576,47.63],[-2.7581,47.6321],[-2.7546,47.6344],[-2.755,47.6382],[-2.7614,47.6408],[-2.7623,47.6335],[-2.768,47.6305],[-2.7799,47.6327],[-2.7765,47.6276],[-2.7781,47.6265],[-2.788,47.6328],[-2.7912,47.637],[-2.7897,47.6399],[-2.7941,47.6473],[-2.7976,47.6481],[-2.7976,47.6512],[-2.8149,47.6556],[-2.8124,47.6602],[-2.795,47.6605],[-2.798,47.6743]]]]}},{"type":"Feature","properties":{"territoire":"56203","nom":"Saint-Aignan","type":"commune"},"geometry":{"type":"MultiPolygon","coordinates":[[[[-3.0772,48.2098],[-3.0713,48.2053],[-3.055,48.2071],[-3.048,48.2027],[-3.0359,48.2037],[-3.029,48.1959],[-3.0148,48.1979],[-3.0204,48.1922],[-3.0115,48.183],[-3.0118,48.1721],[-2.9953,48.1708],[-3.0006,48.1643],[-3.0004,48.159],[-3.0104,48.1593],[-3.0122,48.1548],[-3.0169,48.1551],[-3.0224,48.1507],[-3.0299,48.1526],[-3.0354,48.1492],[-3.0383,48.1515],[-3.0367,48.1546],[-3.039,48.1611],[-3.0426,48.164],[-3.0543,48.1683],[-3.0719,48.1689],[-3.0739,48.1714],[-3.0803,48.1725],[-3.079,48.1775],[-3.0807,48.1808],[-3.1025,48.186],[-3.1,48.1961],[-3.095,48.203],[-3.0863,48.2038],[-3.0837,48.2094],[-3.0772,48.2098]]]]}},{"type":"Feature","properties":{"territoire":"56204","nom":"Saint-Allouestre","type":"commune"},"geometry":{"type":"MultiPolygon","coordinates":[[[[-2.7712,47.9062],[-2.7749,47.9089],[-2.7768,47.9154],[-2.7661,47.9193],[-2.7605,47.9145],[-2.7575,47.918],[-2.7512,47.9191],[-2.7503,47.923],[-2.7333,47.9316],[-2.7347,47.9242],[-2.7311,47.9219],[-2.7322,47.9202],[-2.7176,47.9232],[-2.6977,47.9236],[-2.6998,47.9144],[-2.6931,47.9109],[-2.6978,47.9055],[-2.721,47.8984],[-2.7301,47.8932],[-2.7366,47.8936],[-2.7397,47.8868],[-2.7617,47.8902],[-2.7666,47.8957],[-2.7639,47.9009],[-2.7712,47.9062]]]]}},{"type":"Feature","properties":{"territoire":"56205","nom":"Saint-Armel","type":"commune"},"geometry":{"type":"MultiPolygon","coordinates":[[[[-2.75,47.5765],[-2.747,47.5789],[-2.7474,47.5751],[-2.75,47.5765]]],[[[-2.691,47.5653],[-2.6891,47.5601],[-2.699,47.5567],[-2.7011,47.5461],[-2.7052,47.5456],[-2.7065,47.5429],[-2.7115,47.5448],[-2.7117,47.5502],[-2.7193,47.5524],[-2.7306,47.5493],[-2.7349,47.5525],[-2.7311,47.5542],[-2.7251,47.5635],[-2.7289,47.5681],[-2.7185,47.5722],[-2.7136,47.5798],[-2.7183,47.5833],[-2.7186,47.5894],[-2.7133,47.5905],[-2.7103,47.5881],[-2.7111,47.5849],[-2.7069,47.5806],[-2.7106,47.5758],[-2.708,47.5762],[-2.691,47.5653]]],[[[-2.7386,47.5841],[-2.7264,47.5796],[-2.7238,47.5769],[-2.7254,47.574],[-2.7277,47.5726],[-2.7381,47.5807],[-2.7386,47.5841]]]]}},{"type":"Feature","properties":{"territoire":"56263","nom":"Sainte-Anne-d'Auray","type":"commune"},"geometry":{"type":"MultiPolygon","coordinates":[[[[-2.9728,47.7124],[-2.961,47.7125],[-2.9491,47.7053],[-2.9265,47.7029],[-2.9351,47.697],[-2.933,47.6943],[-2.9342,47.6926],[-2.9418,47.6925],[-2.9459,47.6886],[-2.951,47.6912],[-2.9587,47.6901],[-2.9666,47.6926],[-2.9687,47.6956],[-2.9667,47.6985],[-2.9717,47.7064],[-2.9689,47.7084],[-2.9728,47.7124]]]]}},{"type":"Feature","properties":{"territoire":"56264","nom":"Kernascléden","type":"commune"},"geometry":{"type":"MultiPolygon","coordinates":[[[[-3.3064,47.9947],[-3.3066,47.9912],[-3.3106,47.989],[-3.3156,47.9936],[-3.3202,47.9889],[-3.3243,47.9885],[-3.3272,47.9954],[-3.3317,47.9948],[-3.3344,47.9984],[-3.3526,47.9996],[-3.3521,48.0072],[-3.3568,48.0062],[-3.3593,48.0118],[-3.3565,48.0127],[-3.3594,48.0128],[-3.3594,48.0148],[-3.3504,48.0128],[-3.3472,48.0161],[-3.3322,48.02],[-3.3289,48.0229],[-3.3232,48.0208],[-3.3206,48.0284],[-3.3251,48.0327],[-3.3173,48.0366],[-3.3129,48.0356],[-3.3122,48.0322],[-3.3186,48.0302],[-3.3191,48.0279],[-3.313,48.022],[-3.3145,48.0131],[-3.3101,48.0085],[-3.3157,48.006],[-3.3121,48.0042],[-3.3126,48.0015],[-3.3064,47.9947]]]]}},{"type":"Feature","properties":{"territoire":"56206","nom":"Saint-Avé","type":"commune"},"geometry":{"type":"MultiPolygon","coordinates":[[[[-2.7541,47.7274],[-2.7428,47.7331],[-2.7342,47.7323],[-2.7369,47.7181],[-2.7182,47.7092],[-2.7015,47.7076],[-2.6995,47.7038],[-2.6938,47.7016],[-2.6963,47.6954],[-2.7005,47.6927],[-2.6982,47.6907],[-2.7005,47.6915],[-2.7086,47.6844],[-2.7158,47.6835],[-2.7201,47.6791],[-2.7153,47.6753],[-2.7305,47.6684],[-2.7435,47.6688],[-2.7417,47.6698],[-2.7472,47.6728],[-2.7497,47.6814],[-2.7624,47.6787],[-2.7664,47.6845],[-2.7661,47.6906],[-2.7923,47.7008],[-2.7929,47.7073],[-2.7866,47.7138],[-2.7655,47.7107],[-2.7541,47.7274]]]]}},{"type":"Feature","properties":{"territoire":"56207","nom":"Saint-Barthélemy","type":"commune"},"geometry":{"type":"MultiPolygon","coordinates":[[[[-3.0782,47.9099],[-3.0878,47.9129],[-3.0735,47.9268],[-3.0735,47.9371],[-3.0658,47.9477],[-3.0489,47.9472],[-3.0381,47.9443],[-3.036,47.9481],[-3.0273,47.948],[-3.017,47.9403],[-3.0107,47.9404],[-3.0056,47.9375],[-3.0001,47.9391],[-2.9948,47.9304],[-2.999,47.9222],[-3.0095,47.9124],[-3.0306,47.9081],[-3.0341,47.9099],[-3.0399,47.9071],[-3.0782,47.9099]]]]}},{"type":"Feature","properties":{"territoire":"56208","nom":"Saint-Brieuc-de-Mauron","type":"commune"},"geometry":{"type":"MultiPolygon","coordinates":[[[[-2.3622,48.1138],[-2.3438,48.1053],[-2.3388,48.0981],[-2.3387,48.0939],[-2.3327,48.0925],[-2.3287,48.0852],[-2.3236,48.0839],[-2.3213,48.0795],[-2.334,48.0758],[-2.3367,48.0783],[-2.3353,48.0817],[-2.3593,48.0777],[-2.3657,48.0663],[-2.3691,48.069],[-2.3722,48.0669],[-2.374,48.069],[-2.3728,48.0718],[-2.3853,48.0732],[-2.3918,48.0852],[-2.3871,48.0908],[-2.3874,48.0977],[-2.379,48.106],[-2.3622,48.1138]]]]}},{"type":"Feature","properties":{"territoire":"56209","nom":"Sainte-Brigitte","type":"commune"},"geometry":{"type":"MultiPolygon","coordinates":[[[[-3.1351,48.1469],[-3.1365,48.149],[-3.1315,48.156],[-3.1378,48.1619],[-3.1374,48.1647],[-3.1305,48.1642],[-3.1265,48.1727],[-3.1302,48.1738],[-3.1286,48.1765],[-3.137,48.1817],[-3.1368,48.19],[-3.1306,48.1957],[-3.1306,48.2002],[-3.1204,48.2004],[-3.1162,48.2032],[-3.1166,48.2063],[-3.1106,48.2055],[-3.1079,48.2085],[-3.106,48.2053],[-3.0952,48.2049],[-3.1031,48.1867],[-3.099,48.184],[-3.0807,48.1808],[-3.079,48.1775],[-3.0803,48.1725],[-3.0739,48.1714],[-3.0719,48.1689],[-3.084,48.1677],[-3.0907,48.1578],[-3.1019,48.1522],[-3.1152,48.1531],[-3.1233,48.1562],[-3.1351,48.1469]]]]}},{"type":"Feature","properties":{"territoire":"56210","nom":"Saint-Caradec-Trégomel","type":"commune"},"geometry":{"type":"MultiPolygon","coordinates":[[[[-3.3441,48.0495],[-3.342,48.0466],[-3.334,48.0449],[-3.3306,48.0397],[-3.3185,48.0447],[-3.3145,48.0447],[-3.3142,48.0426],[-3.3085,48.045],[-3.3052,48.0431],[-3.3066,48.0391],[-3.3049,48.0364],[-3.3211,48.0353],[-3.3251,48.0327],[-3.3206,48.0284],[-3.3232,48.0208],[-3.3289,48.0229],[-3.3322,48.02],[-3.3472,48.0161],[-3.3504,48.0128],[-3.381,48.0157],[-3.3866,48.0294],[-3.3833,48.0309],[-3.3852,48.0339],[-3.3835,48.0349],[-3.3771,48.0337],[-3.3788,48.0358],[-3.3715,48.0481],[-3.3624,48.0546],[-3.3441,48.0495]]]]}},{"type":"Feature","properties":{"territoire":"56211","nom":"Saint-Congard","type":"commune"},"geometry":{"type":"MultiPolygon","coordinates":[[[[-2.3176,47.7325],[-2.3492,47.7451],[-2.3422,47.7516],[-2.337,47.7639],[-2.333,47.7657],[-2.3367,47.7675],[-2.3458,47.7665],[-2.3514,47.7692],[-2.3483,47.7757],[-2.3409,47.7824],[-2.3521,47.7876],[-2.3662,47.8011],[-2.375,47.8039],[-2.3702,47.8045],[-2.3688,47.8076],[-2.3532,47.8085],[-2.3311,47.803],[-2.3257,47.7963],[-2.327,47.7924],[-2.3176,47.7883],[-2.3138,47.7787],[-2.3175,47.7651],[-2.3157,47.7577],[-2.2949,47.7515],[-2.2886,47.7452],[-2.2813,47.7437],[-2.2908,47.7352],[-2.3176,47.7325]]]]}},{"type":"Feature","properties":{"territoire":"56212","nom":"Saint-Dolay","type":"commune"},"geometry":{"type":"MultiPolygon","coordinates":[[[[-2.144,47.5251],[-2.156,47.522],[-2.1528,47.5103],[-2.1543,47.4964],[-2.1642,47.4892],[-2.1727,47.4921],[-2.1819,47.4905],[-2.19,47.4944],[-2.1925,47.5001],[-2.1876,47.4992],[-2.1836,47.5017],[-2.1866,47.5072],[-2.1846,47.5122],[-2.1985,47.5112],[-2.1997,47.518],[-2.1959,47.5236],[-2.1969,47.527],[-2.2082,47.534],[-2.2066,47.535],[-2.2095,47.5354],[-2.2096,47.5377],[-2.2155,47.5394],[-2.2105,47.5503],[-2.2137,47.5513],[-2.2133,47.5547],[-2.2082,47.5585],[-2.2095,47.5608],[-2.2062,47.5629],[-2.2066,47.5676],[-2.2044,47.5694],[-2.207,47.5754],[-2.2104,47.5762],[-2.2087,47.5868],[-2.1987,47.5912],[-2.1834,47.5838],[-2.1705,47.5893],[-2.1593,47.5852],[-2.1389,47.5879],[-2.1235,47.5785],[-2.129,47.5751],[-2.1376,47.5746],[-2.1368,47.5724],[-2.13,47.5704],[-2.1369,47.5494],[-2.1315,47.546],[-2.1328,47.5429],[-2.1417,47.5413],[-2.1409,47.5379],[-2.1363,47.5347],[-2.1383,47.5318],[-2.145,47.5299],[-2.144,47.5251]]]]}},{"type":"Feature","properties":{"territoire":"56213","nom":"Saint-Gérand-Croixanvec","type":"commune"},"geometry":{"type":"MultiPolygon","coordinates":[[[[-2.8523,48.1015],[-2.8587,48.0961],[-2.862,48.0987],[-2.8698,48.0968],[-2.8709,48.0932],[-2.8735,48.0929],[-2.8726,48.0912],[-2.878,48.09],[-2.8778,48.0879],[-2.8896,48.0875],[-2.8939,48.0898],[-2.9003,48.0859],[-2.9079,48.0894],[-2.9064,48.0928],[-2.9091,48.0986],[-2.919,48.0982],[-2.9231,48.1062],[-2.9211,48.1064],[-2.9183,48.1149],[-2.9136,48.1159],[-2.9086,48.1214],[-2.9051,48.1313],[-2.8982,48.1352],[-2.8973,48.1301],[-2.8916,48.1285],[-2.881,48.1371],[-2.879,48.1402],[-2.8809,48.1438],[-2.8798,48.1501],[-2.8757,48.152],[-2.8721,48.148],[-2.8496,48.1414],[-2.8492,48.1385],[-2.8456,48.1386],[-2.8453,48.1354],[-2.842,48.1338],[-2.8482,48.1294],[-2.8555,48.1299],[-2.8605,48.1275],[-2.85,48.1184],[-2.8546,48.1156],[-2.8447,48.1083],[-2.8523,48.1015]]]]}},{"type":"Feature","properties":{"territoire":"56214","nom":"Saint-Gildas-de-Rhuys","type":"commune"},"geometry":{"type":"MultiPolygon","coordinates":[[[[-2.8694,47.5304],[-2.8608,47.5406],[-2.8549,47.5392],[-2.8539,47.5365],[-2.8491,47.5399],[-2.8497,47.5349],[-2.8433,47.5326],[-2.8405,47.5346],[-2.8373,47.5317],[-2.829,47.5305],[-2.82,47.5204],[-2.8077,47.5178],[-2.8076,47.515],[-2.8006,47.511],[-2.8071,47.5057],[-2.8039,47.5033],[-2.8029,47.49],[-2.8161,47.4867],[-2.8505,47.4985],[-2.847,47.5119],[-2.8553,47.5184],[-2.8534,47.5188],[-2.8584,47.519],[-2.8604,47.5243],[-2.8694,47.5304]]]]}},{"type":"Feature","properties":{"territoire":"56215","nom":"Saint-Gonnery","type":"commune"},"geometry":{"type":"MultiPolygon","coordinates":[[[[-2.8496,48.1414],[-2.8421,48.1407],[-2.8186,48.1472],[-2.8038,48.1451],[-2.8061,48.1409],[-2.7954,48.1355],[-2.7941,48.1322],[-2.7895,48.1313],[-2.7883,48.1238],[-2.7818,48.121],[-2.7819,48.1141],[-2.7832,48.1116],[-2.7901,48.1099],[-2.7958,48.1124],[-2.8013,48.1105],[-2.8031,48.1139],[-2.8193,48.1165],[-2.8249,48.1095],[-2.8298,48.11],[-2.851,48.1023],[-2.8447,48.1083],[-2.8546,48.1156],[-2.85,48.1184],[-2.8605,48.1275],[-2.8555,48.1299],[-2.8482,48.1294],[-2.842,48.1338],[-2.8453,48.1354],[-2.8456,48.1386],[-2.8492,48.1385],[-2.8496,48.1414]]]]}},{"type":"Feature","properties":{"territoire":"56216","nom":"Saint-Gorgon","type":"commune"},"geometry":{"type":"MultiPolygon","coordinates":[[[[-2.2564,47.6295],[-2.2494,47.6464],[-2.2461,47.6482],[-2.2475,47.6534],[-2.2447,47.6583],[-2.2185,47.6506],[-2.2209,47.6468],[-2.2179,47.6443],[-2.2286,47.6412],[-2.227,47.6397],[-2.2314,47.6359],[-2.2297,47.6338],[-2.2322,47.6329],[-2.2317,47.6288],[-2.2472,47.6265],[-2.2524,47.6298],[-2.2564,47.6295]]]]}},{"type":"Feature","properties":{"territoire":"56223","nom":"Saint-Jean-la-Poterie","type":"commune"},"geometry":{"type":"MultiPolygon","coordinates":[[[[-2.1103,47.657],[-2.1142,47.6498],[-2.113,47.647],[-2.1018,47.6441],[-2.0961,47.6472],[-2.094,47.6396],[-2.0982,47.6373],[-2.1028,47.6394],[-2.1048,47.6385],[-2.103,47.635],[-2.1048,47.6336],[-2.1136,47.635],[-2.1203,47.6317],[-2.1182,47.6307],[-2.1225,47.6299],[-2.124,47.6266],[-2.1282,47.6285],[-2.1364,47.6245],[-2.14,47.6323],[-2.1327,47.6336],[-2.1331,47.6429],[-2.1447,47.6517],[-2.1391,47.6601],[-2.1318,47.6633],[-2.131,47.6658],[-2.1103,47.657]]]]}},{"type":"Feature","properties":{"territoire":"56218","nom":"Saint-Gravé","type":"commune"},"geometry":{"type":"MultiPolygon","coordinates":[[[[-2.2593,47.7096],[-2.265,47.7045],[-2.2694,47.706],[-2.2852,47.7043],[-2.2976,47.709],[-2.3022,47.7074],[-2.3084,47.7088],[-2.3182,47.7057],[-2.3269,47.7102],[-2.3278,47.7158],[-2.3228,47.7223],[-2.3148,47.7241],[-2.3176,47.7325],[-2.2908,47.7352],[-2.2813,47.7437],[-2.2751,47.7433],[-2.2681,47.7466],[-2.2615,47.745],[-2.2535,47.7375],[-2.2688,47.723],[-2.2679,47.7209],[-2.2613,47.7202],[-2.2605,47.7181],[-2.2648,47.7138],[-2.2623,47.7096],[-2.2593,47.7096]]]]}},{"type":"Feature","properties":{"territoire":"56219","nom":"Saint-Guyomard","type":"commune"},"geometry":{"type":"MultiPolygon","coordinates":[[[[-2.5419,47.7936],[-2.5273,47.7981],[-2.5215,47.7939],[-2.5038,47.7929],[-2.4905,47.7972],[-2.4868,47.7953],[-2.4858,47.7915],[-2.479,47.7891],[-2.4717,47.7926],[-2.4663,47.7921],[-2.4644,47.7864],[-2.4668,47.7847],[-2.4631,47.7776],[-2.4526,47.7784],[-2.4504,47.7723],[-2.4602,47.7703],[-2.4674,47.7656],[-2.465,47.7634],[-2.4666,47.7619],[-2.4748,47.7612],[-2.4788,47.7646],[-2.4833,47.7599],[-2.491,47.7625],[-2.4892,47.7656],[-2.5012,47.7659],[-2.5018,47.7683],[-2.5142,47.7641],[-2.5329,47.7687],[-2.532,47.77],[-2.5365,47.7683],[-2.5397,47.7727],[-2.5453,47.7737],[-2.5508,47.7783],[-2.5414,47.7903],[-2.5419,47.7936]]]]}},{"type":"Feature","properties":{"territoire":"56220","nom":"Sainte-Hélène","type":"commune"},"geometry":{"type":"MultiPolygon","coordinates":[[[[-3.1656,47.721],[-3.1668,47.7087],[-3.1615,47.7041],[-3.1773,47.6941],[-3.1776,47.698],[-3.1946,47.7025],[-3.1913,47.7046],[-3.1966,47.7057],[-3.196,47.712],[-3.1992,47.7097],[-3.2071,47.7119],[-3.2105,47.7186],[-3.2143,47.7192],[-3.2067,47.724],[-3.204,47.7276],[-3.2092,47.7263],[-3.202,47.7348],[-3.1936,47.7309],[-3.1803,47.7374],[-3.1759,47.7365],[-3.1723,47.7303],[-3.1677,47.7283],[-3.167,47.7254],[-3.1696,47.722],[-3.1656,47.721]]]]}},{"type":"Feature","properties":{"territoire":"56221","nom":"Saint-Jacut-les-Pins","type":"commune"},"geometry":{"type":"MultiPolygon","coordinates":[[[[-2.2429,47.6978],[-2.2191,47.7023],[-2.2201,47.6947],[-2.2006,47.6978],[-2.1918,47.6934],[-2.1804,47.6935],[-2.1756,47.6897],[-2.1532,47.6842],[-2.147,47.6791],[-2.1652,47.6758],[-2.1734,47.6714],[-2.1804,47.6758],[-2.1865,47.6725],[-2.1983,47.6736],[-2.2009,47.6689],[-2.2002,47.6647],[-2.2112,47.6622],[-2.2115,47.657],[-2.2185,47.6506],[-2.26,47.6626],[-2.2612,47.6662],[-2.2592,47.6687],[-2.2523,47.6693],[-2.2511,47.6743],[-2.2426,47.6773],[-2.2404,47.6939],[-2.2429,47.6978]]]]}},{"type":"Feature","properties":{"territoire":"56222","nom":"Saint-Jean-Brévelay","type":"commune"},"geometry":{"type":"MultiPolygon","coordinates":[[[[-2.6871,47.8294],[-2.692,47.8267],[-2.6954,47.8169],[-2.6943,47.8025],[-2.7124,47.8023],[-2.7096,47.7977],[-2.7117,47.7958],[-2.7291,47.7984],[-2.7535,47.7975],[-2.7784,47.808],[-2.7739,47.8095],[-2.7644,47.8296],[-2.7718,47.8384],[-2.7682,47.8413],[-2.7711,47.8459],[-2.7628,47.8478],[-2.7609,47.8536],[-2.7537,47.8542],[-2.7535,47.8577],[-2.7566,47.8589],[-2.7493,47.86],[-2.751,47.8648],[-2.7445,47.8671],[-2.7308,47.8627],[-2.7233,47.8652],[-2.7069,47.8652],[-2.7048,47.8609],[-2.7087,47.8599],[-2.7129,47.8511],[-2.7111,47.8505],[-2.698,47.856],[-2.6856,47.8572],[-2.677,47.8624],[-2.6738,47.8608],[-2.6705,47.8493],[-2.6709,47.8394],[-2.6763,47.8398],[-2.6816,47.8368],[-2.6967,47.8396],[-2.6971,47.8306],[-2.6871,47.8294]]]]}},{"type":"Feature","properties":{"territoire":"56225","nom":"Saint-Léry","type":"commune"},"geometry":{"type":"MultiPolygon","coordinates":[[[[-2.2553,48.0972],[-2.2517,48.094],[-2.2542,48.0882],[-2.2603,48.0857],[-2.2664,48.0874],[-2.2704,48.0833],[-2.2751,48.0887],[-2.2725,48.0941],[-2.2553,48.0972]]]]}},{"type":"Feature","properties":{"territoire":"56226","nom":"Saint-Malo-de-Beignon","type":"commune"},"geometry":{"type":"MultiPolygon","coordinates":[[[[-2.1227,47.9636],[-2.1191,47.9608],[-2.1251,47.9572],[-2.1387,47.9554],[-2.1432,47.9463],[-2.1568,47.9452],[-2.1557,47.9495],[-2.1585,47.9515],[-2.1603,47.9581],[-2.156,47.96],[-2.1584,47.9618],[-2.1543,47.9642],[-2.1285,47.9613],[-2.1227,47.9636]]]]}},{"type":"Feature","properties":{"territoire":"56227","nom":"Saint-Malo-des-Trois-Fontaines","type":"commune"},"geometry":{"type":"MultiPolygon","coordinates":[[[[-2.442,48.0181],[-2.4413,48.0141],[-2.4445,48.0112],[-2.4407,48.0088],[-2.4418,48.0057],[-2.463,47.9998],[-2.473,47.9894],[-2.4807,47.9888],[-2.4834,47.9922],[-2.4815,47.9948],[-2.4875,47.9978],[-2.484,48.006],[-2.4941,48.01],[-2.496,48.0189],[-2.5041,48.0208],[-2.5078,48.025],[-2.4912,48.0269],[-2.4834,48.0351],[-2.4775,48.0371],[-2.4679,48.0356],[-2.4654,48.038],[-2.464,48.0353],[-2.4596,48.0353],[-2.4415,48.0403],[-2.4436,48.0314],[-2.4412,48.0268],[-2.4447,48.0217],[-2.442,48.0181]]]]}},{"type":"Feature","properties":{"territoire":"56228","nom":"Saint-Marcel","type":"commune"},"geometry":{"type":"MultiPolygon","coordinates":[[[[-2.3931,47.8323],[-2.3922,47.826],[-2.3967,47.8238],[-2.3921,47.821],[-2.3968,47.8176],[-2.3971,47.8119],[-2.4028,47.8097],[-2.4022,47.8024],[-2.4084,47.7984],[-2.4074,47.794],[-2.4052,47.7938],[-2.4082,47.7887],[-2.421,47.7849],[-2.4317,47.7913],[-2.4386,47.7923],[-2.4393,47.7956],[-2.4358,47.8004],[-2.4418,47.8006],[-2.4441,47.8045],[-2.4432,47.8095],[-2.4271,47.8104],[-2.4286,47.8244],[-2.4206,47.8289],[-2.4303,47.8284],[-2.4312,47.8314],[-2.4281,47.8331],[-2.4293,47.8352],[-2.4264,47.835],[-2.4268,47.8382],[-2.4177,47.8369],[-2.4084,47.8301],[-2.4004,47.8333],[-2.3992,47.8364],[-2.3945,47.8356],[-2.3931,47.8323]]]]}},{"type":"Feature","properties":{"territoire":"56229","nom":"Saint-Martin-sur-Oust","type":"commune"},"geometry":{"type":"MultiPolygon","coordinates":[[[[-2.2444,47.7818],[-2.2275,47.7773],[-2.2153,47.7768],[-2.2282,47.7619],[-2.22,47.7458],[-2.2226,47.738],[-2.2275,47.7372],[-2.2379,47.7415],[-2.2503,47.7365],[-2.2623,47.7453],[-2.2688,47.7466],[-2.2773,47.7429],[-2.2879,47.7449],[-2.2949,47.7515],[-2.3162,47.7584],[-2.3175,47.7651],[-2.314,47.7807],[-2.2864,47.7773],[-2.2783,47.7796],[-2.2807,47.7838],[-2.2704,47.7872],[-2.2554,47.7861],[-2.2444,47.7818]]]]}},{"type":"Feature","properties":{"territoire":"56230","nom":"Saint-Nicolas-du-Tertre","type":"commune"},"geometry":{"type":"MultiPolygon","coordinates":[[[[-2.245,47.8051],[-2.2285,47.8084],[-2.2299,47.8131],[-2.2109,47.8129],[-2.2088,47.8133],[-2.21,47.8153],[-2.2024,47.816],[-2.1992,47.813],[-2.1883,47.8132],[-2.1875,47.8087],[-2.191,47.8037],[-2.1918,47.7952],[-2.2062,47.793],[-2.2098,47.7883],[-2.2074,47.7828],[-2.1928,47.7726],[-2.2275,47.7773],[-2.2446,47.7819],[-2.2419,47.7971],[-2.245,47.8051]]]]}},{"type":"Feature","properties":{"territoire":"56231","nom":"Saint-Nolff","type":"commune"},"geometry":{"type":"MultiPolygon","coordinates":[[[[-2.697,47.7043],[-2.6717,47.7052],[-2.6691,47.7072],[-2.6686,47.7161],[-2.6643,47.7236],[-2.6696,47.7392],[-2.6663,47.7442],[-2.662,47.7449],[-2.6567,47.7432],[-2.6561,47.7369],[-2.6587,47.7316],[-2.6445,47.73],[-2.6393,47.7267],[-2.6448,47.7234],[-2.6353,47.7206],[-2.6351,47.7133],[-2.6328,47.7102],[-2.6338,47.7007],[-2.6291,47.7007],[-2.6228,47.7103],[-2.6162,47.7092],[-2.6202,47.7013],[-2.6185,47.7002],[-2.6249,47.7005],[-2.6334,47.6963],[-2.6367,47.6843],[-2.6406,47.679],[-2.6756,47.675],[-2.6812,47.6707],[-2.6831,47.6748],[-2.6901,47.6745],[-2.6978,47.67],[-2.7072,47.6683],[-2.7064,47.6712],[-2.7108,47.6712],[-2.7122,47.6745],[-2.7201,47.6791],[-2.7155,47.6837],[-2.7086,47.6844],[-2.7005,47.6915],[-2.6982,47.6907],[-2.7005,47.6927],[-2.6963,47.6954],[-2.6938,47.7016],[-2.697,47.7043]]]]}},{"type":"Feature","properties":{"territoire":"56232","nom":"Saint-Perreux","type":"commune"},"geometry":{"type":"MultiPolygon","coordinates":[[[[-2.1224,47.6827],[-2.1036,47.6759],[-2.1029,47.6663],[-2.1102,47.657],[-2.1413,47.6709],[-2.1467,47.6773],[-2.1465,47.6804],[-2.1403,47.6826],[-2.1281,47.6847],[-2.1224,47.6827]]]]}},{"type":"Feature","properties":{"territoire":"56236","nom":"Saint-Servant","type":"commune"},"geometry":{"type":"MultiPolygon","coordinates":[[[[-2.5282,47.9311],[-2.5164,47.9307],[-2.5008,47.9226],[-2.4935,47.923],[-2.4834,47.916],[-2.4817,47.9097],[-2.4617,47.8994],[-2.4657,47.8934],[-2.4785,47.8928],[-2.4894,47.8869],[-2.5115,47.8874],[-2.5133,47.8898],[-2.528,47.8779],[-2.5281,47.876],[-2.5218,47.8747],[-2.5207,47.8697],[-2.5337,47.8694],[-2.5369,47.8626],[-2.5442,47.8652],[-2.5446,47.8687],[-2.5494,47.8696],[-2.5543,47.8667],[-2.5506,47.8715],[-2.5531,47.8779],[-2.5521,47.8813],[-2.5467,47.8816],[-2.5435,47.8943],[-2.5341,47.8953],[-2.5351,47.8988],[-2.5269,47.9005],[-2.5317,47.9133],[-2.5244,47.9163],[-2.5319,47.9303],[-2.5282,47.9311]]]]}},{"type":"Feature","properties":{"territoire":"56237","nom":"Saint-Thuriau","type":"commune"},"geometry":{"type":"MultiPolygon","coordinates":[[[[-2.9291,47.9924],[-2.9424,47.9967],[-2.9525,47.9952],[-2.9627,48.0029],[-2.9762,48.0052],[-2.9858,48.0178],[-2.977,48.0179],[-2.9743,48.0232],[-2.9752,48.028],[-2.9704,48.0306],[-2.9684,48.0347],[-2.9635,48.0345],[-2.9611,48.0405],[-2.9543,48.0416],[-2.955,48.0435],[-2.9441,48.0482],[-2.9453,48.0462],[-2.9428,48.0438],[-2.933,48.0418],[-2.9358,48.0425],[-2.9354,48.031],[-2.9326,48.0345],[-2.9279,48.0328],[-2.9294,48.0352],[-2.9276,48.0387],[-2.9245,48.0357],[-2.92,48.0359],[-2.9231,48.0344],[-2.9243,48.0301],[-2.9145,48.0253],[-2.9159,48.0223],[-2.9099,48.023],[-2.908,48.0202],[-2.9019,48.0199],[-2.9105,48.0148],[-2.9157,48.0061],[-2.9103,48.0032],[-2.9163,47.9972],[-2.9151,47.9922],[-2.9291,47.9924]]]]}},{"type":"Feature","properties":{"territoire":"56239","nom":"Saint-Vincent-sur-Oust","type":"commune"},"geometry":{"type":"MultiPolygon","coordinates":[[[[-2.1291,47.7176],[-2.1186,47.7083],[-2.1249,47.6912],[-2.1213,47.6881],[-2.1224,47.6827],[-2.1332,47.684],[-2.147,47.6791],[-2.1532,47.6842],[-2.1793,47.6922],[-2.1787,47.698],[-2.1711,47.7057],[-2.1733,47.7144],[-2.166,47.7235],[-2.1504,47.725],[-2.1446,47.7205],[-2.1291,47.7176]]]]}},{"type":"Feature","properties":{"territoire":"56240","nom":"Sarzeau","type":"commune"},"geometry":{"type":"MultiPolygon","coordinates":[[[[-2.6905,47.5589],[-2.687,47.5521],[-2.6818,47.5503],[-2.6865,47.5469],[-2.6844,47.5449],[-2.6879,47.5448],[-2.6829,47.5394],[-2.6848,47.5392],[-2.6828,47.5387],[-2.6835,47.5363],[-2.6785,47.5295],[-2.6753,47.5296],[-2.675,47.5248],[-2.6632,47.5195],[-2.6681,47.5128],[-2.6655,47.5089],[-2.6812,47.4971],[-2.6806,47.4942],[-2.6754,47.4942],[-2.6749,47.4918],[-2.6822,47.4919],[-2.6827,47.4954],[-2.6953,47.5006],[-2.7153,47.5059],[-2.7279,47.5067],[-2.7385,47.5045],[-2.7412,47.5023],[-2.7401,47.5003],[-2.7827,47.495],[-2.7867,47.4925],[-2.7854,47.49],[-2.7922,47.4889],[-2.7929,47.4864],[-2.79,47.4873],[-2.7942,47.484],[-2.8046,47.4887],[-2.8027,47.4906],[-2.8039,47.5033],[-2.8071,47.5057],[-2.8006,47.511],[-2.8078,47.5152],[-2.8066,47.5171],[-2.82,47.5204],[-2.829,47.5305],[-2.8373,47.5317],[-2.8405,47.5346],[-2.8433,47.5326],[-2.8497,47.5349],[-2.8488,47.5404],[-2.8451,47.5381],[-2.8454,47.5408],[-2.8537,47.5417],[-2.8481,47.5484],[-2.8393,47.5438],[-2.8273,47.5503],[-2.8259,47.5486],[-2.8306,47.5459],[-2.8293,47.5431],[-2.8187,47.5421],[-2.8183,47.5481],[-2.8238,47.5511],[-2.8252,47.5559],[-2.8165,47.5561],[-2.8118,47.5532],[-2.807,47.5564],[-2.805,47.5542],[-2.8072,47.5529],[-2.8052,47.5479],[-2.8073,47.5409],[-2.8004,47.54],[-2.7994,47.5371],[-2.7964,47.5429],[-2.7999,47.5476],[-2.7877,47.5528],[-2.7847,47.5524],[-2.7855,47.5476],[-2.7835,47.5451],[-2.777,47.549],[-2.7763,47.5449],[-2.7807,47.5398],[-2.775,47.5382],[-2.7681,47.5409],[-2.7685,47.5389],[-2.7645,47.5387],[-2.7684,47.5417],[-2.7674,47.5439],[-2.7629,47.5377],[-2.7565,47.5371],[-2.743,47.5441],[-2.7304,47.5432],[-2.7306,47.5477],[-2.7286,47.5482],[-2.7302,47.5506],[-2.7206,47.5505],[-2.7193,47.5524],[-2.7117,47.5502],[-2.7115,47.5448],[-2.7065,47.5429],[-2.7052,47.5456],[-2.7011,47.5461],[-2.699,47.5567],[-2.6905,47.5589]]],[[[-2.8477,47.5544],[-2.8429,47.5609],[-2.844,47.5553],[-2.8477,47.5544]]],[[[-2.8327,47.559],[-2.8309,47.5605],[-2.8288,47.5574],[-2.8327,47.559]]],[[[-2.8075,47.5641],[-2.8045,47.5666],[-2.8032,47.5634],[-2.8051,47.5608],[-2.8075,47.5641]]]]}},{"type":"Feature","properties":{"territoire":"56241","nom":"Sauzon","type":"commune"},"geometry":{"type":"MultiPolygon","coordinates":[[[[-3.2532,47.3882],[-3.2524,47.3899],[-3.2487,47.3889],[-3.2514,47.3868],[-3.2532,47.3882]]],[[[-3.1977,47.3342],[-3.1962,47.3304],[-3.1999,47.3295],[-3.2047,47.3324],[-3.2043,47.335],[-3.2087,47.3337],[-3.2164,47.3356],[-3.2246,47.3312],[-3.2218,47.3288],[-3.2239,47.3262],[-3.2187,47.3247],[-3.2256,47.3213],[-3.2356,47.3237],[-3.2369,47.3276],[-3.2439,47.3285],[-3.2429,47.3322],[-3.2456,47.3299],[-3.2488,47.3307],[-3.2471,47.3347],[-3.2496,47.3334],[-3.2478,47.3355],[-3.2507,47.3355],[-3.2486,47.3364],[-3.2539,47.3357],[-3.2511,47.3399],[-3.2544,47.34],[-3.2577,47.345],[-3.2528,47.349],[-3.2637,47.3519],[-3.2601,47.3518],[-3.2628,47.3535],[-3.2592,47.3557],[-3.2632,47.3561],[-3.2575,47.358],[-3.263,47.3619],[-3.2596,47.3637],[-3.2615,47.3672],[-3.256,47.3685],[-3.263,47.3715],[-3.255,47.3731],[-3.2542,47.3683],[-3.2524,47.3723],[-3.2461,47.3713],[-3.2534,47.3755],[-3.2484,47.3796],[-3.2503,47.3804],[-3.248,47.3812],[-3.2503,47.3824],[-3.2487,47.3878],[-3.2445,47.3876],[-3.2417,47.383],[-3.2367,47.382],[-3.2359,47.3783],[-3.2293,47.3792],[-3.2255,47.3771],[-3.2185,47.3792],[-3.2197,47.376],[-3.2173,47.375],[-3.2223,47.3686],[-3.2184,47.3631],[-3.2195,47.3707],[-3.2167,47.3742],[-3.2068,47.3709],[-3.2009,47.3726],[-3.1949,47.3654],[-3.2063,47.362],[-3.2111,47.3562],[-3.2033,47.3526],[-3.202,47.3388],[-3.1983,47.3386],[-3.1977,47.3342]]]]}},{"type":"Feature","properties":{"territoire":"56242","nom":"Séglien","type":"commune"},"geometry":{"type":"MultiPolygon","coordinates":[[[[-3.2045,48.13],[-3.2004,48.1269],[-3.2038,48.122],[-3.1935,48.1177],[-3.1911,48.1221],[-3.186,48.1185],[-3.1807,48.1235],[-3.1709,48.1221],[-3.168,48.1282],[-3.1526,48.1348],[-3.1444,48.1314],[-3.1331,48.1342],[-3.1297,48.1372],[-3.1266,48.1355],[-3.1289,48.1342],[-3.1269,48.129],[-3.1314,48.1276],[-3.1313,48.1204],[-3.1217,48.1178],[-3.1067,48.1027],[-3.0933,48.0997],[-3.0815,48.0924],[-3.094,48.086],[-3.1026,48.0853],[-3.1158,48.0738],[-3.1321,48.071],[-3.1379,48.0668],[-3.1549,48.0793],[-3.1533,48.0818],[-3.1584,48.0848],[-3.1594,48.0927],[-3.1685,48.0998],[-3.174,48.0923],[-3.1698,48.0899],[-3.1766,48.0862],[-3.2003,48.0865],[-3.2056,48.0943],[-3.2051,48.0971],[-3.2099,48.1016],[-3.2084,48.1042],[-3.2141,48.1106],[-3.2087,48.112],[-3.2135,48.114],[-3.2126,48.1181],[-3.2148,48.1206],[-3.2074,48.1237],[-3.2108,48.1256],[-3.2045,48.13]]]]}},{"type":"Feature","properties":{"territoire":"56243","nom":"Séné","type":"commune"},"geometry":{"type":"MultiPolygon","coordinates":[[[[-2.7261,47.5998],[-2.7223,47.6003],[-2.7235,47.5986],[-2.7261,47.5998]]],[[[-2.7711,47.6105],[-2.7681,47.6125],[-2.7674,47.6082],[-2.7651,47.6101],[-2.7527,47.6045],[-2.7534,47.607],[-2.7525,47.6036],[-2.7536,47.6023],[-2.7649,47.6076],[-2.7698,47.6055],[-2.7711,47.6105]]],[[[-2.7865,47.6161],[-2.7842,47.6163],[-2.7848,47.618],[-2.7741,47.6138],[-2.7865,47.6161]]],[[[-2.7133,47.5905],[-2.7193,47.589],[-2.7301,47.5929],[-2.7278,47.5956],[-2.7229,47.5916],[-2.7183,47.5923],[-2.7195,47.5962],[-2.7174,47.5984],[-2.7208,47.6033],[-2.7304,47.6018],[-2.7292,47.6038],[-2.7315,47.6055],[-2.7353,47.6035],[-2.7304,47.6001],[-2.7321,47.5988],[-2.7404,47.6051],[-2.7582,47.6128],[-2.7582,47.6155],[-2.7641,47.6157],[-2.7646,47.6139],[-2.7784,47.6189],[-2.7789,47.6248],[-2.7644,47.6232],[-2.754,47.6174],[-2.7461,47.6192],[-2.7432,47.6144],[-2.7364,47.6139],[-2.7354,47.6158],[-2.7436,47.6224],[-2.7411,47.6261],[-2.7452,47.6292],[-2.7444,47.6327],[-2.7476,47.6373],[-2.735,47.6443],[-2.7389,47.6537],[-2.7234,47.6564],[-2.718,47.6515],[-2.7105,47.6521],[-2.7097,47.6494],[-2.7122,47.6471],[-2.7029,47.637],[-2.7037,47.6301],[-2.6969,47.6271],[-2.697,47.6204],[-2.6922,47.6145],[-2.6952,47.6079],[-2.6997,47.6046],[-2.7023,47.5961],[-2.7133,47.5905]]]]}},{"type":"Feature","properties":{"territoire":"56244","nom":"Sérent","type":"commune"},"geometry":{"type":"MultiPolygon","coordinates":[[[[-2.4663,47.7921],[-2.4717,47.7926],[-2.479,47.7891],[-2.4858,47.7915],[-2.4868,47.7953],[-2.4905,47.7972],[-2.5035,47.7929],[-2.5215,47.7939],[-2.5273,47.7981],[-2.5444,47.7934],[-2.55,47.799],[-2.5585,47.7967],[-2.5599,47.7985],[-2.5493,47.805],[-2.551,47.8069],[-2.5479,47.8113],[-2.5508,47.8157],[-2.5546,47.8167],[-2.5544,47.821],[-2.5693,47.8207],[-2.5724,47.8339],[-2.5776,47.8383],[-2.578,47.8422],[-2.5712,47.8458],[-2.5671,47.8439],[-2.5631,47.8465],[-2.5467,47.8426],[-2.5323,47.8434],[-2.5292,47.8463],[-2.5329,47.8478],[-2.5142,47.8568],[-2.5085,47.8543],[-2.4958,47.8568],[-2.4846,47.8541],[-2.4654,47.8599],[-2.4562,47.859],[-2.4573,47.8523],[-2.4551,47.849],[-2.4473,47.8445],[-2.4437,47.8465],[-2.4352,47.8404],[-2.4266,47.8384],[-2.4264,47.835],[-2.4293,47.8352],[-2.4281,47.8331],[-2.4312,47.8314],[-2.4303,47.8284],[-2.4206,47.8289],[-2.4286,47.8244],[-2.4275,47.81],[-2.4432,47.8095],[-2.4441,47.8045],[-2.4418,47.8006],[-2.4475,47.8009],[-2.4473,47.8031],[-2.4503,47.8024],[-2.4576,47.8064],[-2.461,47.798],[-2.4603,47.7924],[-2.4663,47.7921]]]]}},{"type":"Feature","properties":{"territoire":"56245","nom":"Silfiac","type":"commune"},"geometry":{"type":"MultiPolygon","coordinates":[[[[-3.1306,48.1372],[-3.1331,48.1342],[-3.1444,48.1314],[-3.1526,48.1348],[-3.168,48.1282],[-3.1709,48.1221],[-3.1807,48.1235],[-3.1859,48.1185],[-3.1911,48.1221],[-3.1935,48.1177],[-3.2047,48.1232],[-3.2004,48.1269],[-3.207,48.1328],[-3.205,48.1381],[-3.2147,48.1468],[-3.2155,48.1529],[-3.2134,48.155],[-3.2081,48.1539],[-3.2055,48.1599],[-3.1923,48.165],[-3.1753,48.1588],[-3.1656,48.1616],[-3.1586,48.168],[-3.155,48.1585],[-3.1392,48.1641],[-3.1401,48.1667],[-3.1343,48.1684],[-3.1305,48.1773],[-3.1286,48.1765],[-3.1302,48.1738],[-3.1265,48.1728],[-3.1283,48.1678],[-3.1305,48.1642],[-3.1374,48.1647],[-3.1378,48.1619],[-3.1315,48.156],[-3.1368,48.145],[-3.1306,48.1372]]]]}},{"type":"Feature","properties":{"territoire":"56246","nom":"Le Sourn","type":"commune"},"geometry":{"type":"MultiPolygon","coordinates":[[[[-3.0288,48.037],[-3.0279,48.0428],[-3.022,48.0426],[-3.0224,48.0481],[-3.014,48.0487],[-3.0171,48.0572],[-3.0045,48.0562],[-2.9957,48.0621],[-2.9883,48.0543],[-2.9741,48.052],[-2.9622,48.0541],[-2.959,48.0488],[-2.9598,48.0454],[-2.9698,48.0381],[-2.9699,48.0312],[-2.9752,48.028],[-2.9743,48.0232],[-2.977,48.0179],[-2.9956,48.0167],[-3.0001,48.0129],[-2.9999,48.0173],[-3.0029,48.0202],[-3.0213,48.0282],[-3.0252,48.0313],[-3.025,48.0351],[-3.0288,48.037]]]]}},{"type":"Feature","properties":{"territoire":"56247","nom":"Sulniac","type":"commune"},"geometry":{"type":"MultiPolygon","coordinates":[[[[-2.4955,47.6586],[-2.4981,47.6555],[-2.5102,47.661],[-2.5163,47.6591],[-2.5152,47.6568],[-2.5414,47.654],[-2.5434,47.6499],[-2.5576,47.652],[-2.5581,47.65],[-2.5619,47.6498],[-2.5793,47.6342],[-2.5793,47.6308],[-2.5656,47.6286],[-2.578,47.6215],[-2.5768,47.6178],[-2.5789,47.6158],[-2.5869,47.6202],[-2.584,47.6194],[-2.587,47.622],[-2.59,47.6333],[-2.6052,47.6367],[-2.6033,47.6391],[-2.597,47.6387],[-2.6034,47.6429],[-2.5986,47.6454],[-2.5988,47.6486],[-2.6122,47.6519],[-2.6053,47.6586],[-2.6051,47.6617],[-2.5882,47.6657],[-2.5892,47.6777],[-2.5857,47.6774],[-2.5804,47.6812],[-2.5786,47.6869],[-2.5718,47.6888],[-2.5743,47.692],[-2.5529,47.6906],[-2.5516,47.6889],[-2.5572,47.6868],[-2.5562,47.6808],[-2.5505,47.6816],[-2.5343,47.6759],[-2.53,47.6778],[-2.5215,47.6734],[-2.5109,47.6753],[-2.5032,47.6705],[-2.5031,47.6671],[-2.4955,47.6586]]]]}},{"type":"Feature","properties":{"territoire":"56248","nom":"Surzur","type":"commune"},"geometry":{"type":"MultiPolygon","coordinates":[[[[-2.5578,47.5974],[-2.5658,47.5934],[-2.5646,47.5904],[-2.5681,47.5851],[-2.5769,47.5815],[-2.5764,47.5798],[-2.5816,47.5777],[-2.5852,47.5727],[-2.5801,47.5633],[-2.5835,47.5617],[-2.5809,47.5588],[-2.5833,47.5582],[-2.5809,47.5566],[-2.5832,47.5538],[-2.576,47.549],[-2.5763,47.5445],[-2.5809,47.544],[-2.5829,47.5374],[-2.5986,47.5309],[-2.6174,47.5265],[-2.6298,47.531],[-2.6424,47.5318],[-2.6469,47.5343],[-2.648,47.5376],[-2.6561,47.5373],[-2.658,47.5408],[-2.6634,47.5394],[-2.6671,47.5411],[-2.6653,47.5422],[-2.6669,47.5436],[-2.6713,47.5446],[-2.6754,47.5427],[-2.6759,47.5469],[-2.6805,47.5519],[-2.6789,47.5545],[-2.6884,47.5535],[-2.6904,47.5583],[-2.6891,47.5614],[-2.6914,47.5658],[-2.6862,47.5682],[-2.6881,47.5738],[-2.6653,47.5793],[-2.6584,47.5846],[-2.6729,47.5837],[-2.6787,47.5866],[-2.6874,47.5868],[-2.6854,47.5901],[-2.6741,47.5924],[-2.6696,47.5974],[-2.6649,47.5971],[-2.6642,47.6006],[-2.6555,47.5987],[-2.6389,47.6075],[-2.6265,47.6094],[-2.619,47.6132],[-2.6172,47.6083],[-2.6078,47.6081],[-2.6015,47.6044],[-2.6035,47.6015],[-2.6021,47.5992],[-2.5907,47.5974],[-2.5821,47.6001],[-2.5747,47.5969],[-2.5723,47.5986],[-2.5578,47.5974]]]]}},{"type":"Feature","properties":{"territoire":"56249","nom":"Taupont","type":"commune"},"geometry":{"type":"MultiPolygon","coordinates":[[[[-2.4449,48.0047],[-2.4426,48.0022],[-2.4458,47.9984],[-2.4439,47.9953],[-2.4398,47.9926],[-2.4306,47.993],[-2.4213,47.9894],[-2.4205,47.9851],[-2.4225,47.9848],[-2.4201,47.9776],[-2.4085,47.9731],[-2.4054,47.9675],[-2.4191,47.9364],[-2.4323,47.9338],[-2.4377,47.9276],[-2.4401,47.9194],[-2.4374,47.9182],[-2.451,47.9159],[-2.4576,47.9215],[-2.4552,47.9266],[-2.4653,47.9331],[-2.4653,47.9365],[-2.4586,47.9426],[-2.4591,47.9457],[-2.4718,47.9459],[-2.4713,47.949],[-2.4591,47.9542],[-2.4651,47.9624],[-2.4742,47.9686],[-2.4665,47.9707],[-2.466,47.9749],[-2.4743,47.975],[-2.4778,47.9838],[-2.463,47.9998],[-2.4449,48.0047]]]]}},{"type":"Feature","properties":{"territoire":"56250","nom":"Théhillac","type":"commune"},"geometry":{"type":"MultiPolygon","coordinates":[[[[-2.1051,47.5775],[-2.104,47.5747],[-2.1,47.577],[-2.0988,47.5722],[-2.0965,47.5725],[-2.0992,47.5583],[-2.1048,47.5489],[-2.0969,47.5407],[-2.0988,47.5335],[-2.1188,47.5281],[-2.1319,47.5312],[-2.1318,47.5267],[-2.144,47.5251],[-2.145,47.5299],[-2.1383,47.5318],[-2.1363,47.5347],[-2.1409,47.5379],[-2.1417,47.5413],[-2.1328,47.5429],[-2.1315,47.546],[-2.1369,47.5494],[-2.13,47.5704],[-2.1368,47.5724],[-2.1376,47.5746],[-2.129,47.5751],[-2.1235,47.5785],[-2.1051,47.5775]]]]}},{"type":"Feature","properties":{"territoire":"56251","nom":"Theix-Noyalo","type":"commune"},"geometry":{"type":"MultiPolygon","coordinates":[[[[-2.6952,47.6583],[-2.6883,47.6602],[-2.6828,47.6648],[-2.6818,47.6706],[-2.6788,47.6714],[-2.675,47.6703],[-2.6769,47.6665],[-2.6593,47.6582],[-2.6513,47.6624],[-2.6511,47.6647],[-2.6448,47.6649],[-2.6427,47.6675],[-2.6378,47.6644],[-2.6319,47.6707],[-2.6121,47.6677],[-2.6103,47.667],[-2.6106,47.6615],[-2.6158,47.6565],[-2.6113,47.6535],[-2.6122,47.6519],[-2.5987,47.6483],[-2.5986,47.6454],[-2.6034,47.6429],[-2.597,47.6387],[-2.6033,47.6391],[-2.6052,47.6367],[-2.59,47.6333],[-2.587,47.622],[-2.584,47.6194],[-2.5869,47.6202],[-2.5821,47.6159],[-2.5846,47.6111],[-2.603,47.6106],[-2.6108,47.6075],[-2.6172,47.6083],[-2.6174,47.6113],[-2.6211,47.613],[-2.6265,47.6094],[-2.6389,47.6075],[-2.6555,47.5987],[-2.6642,47.6006],[-2.6649,47.5971],[-2.6696,47.5974],[-2.6741,47.5924],[-2.7052,47.5895],[-2.7083,47.592],[-2.7023,47.5961],[-2.6923,47.6161],[-2.697,47.6204],[-2.6969,47.6271],[-2.7033,47.6293],[-2.7021,47.6356],[-2.7123,47.6478],[-2.7026,47.6547],[-2.6963,47.6555],[-2.6952,47.6583]]]]}},{"type":"Feature","properties":{"territoire":"56252","nom":"Le Tour-du-Parc","type":"commune"},"geometry":{"type":"MultiPolygon","coordinates":[[[[-2.6174,47.5265],[-2.6228,47.5168],[-2.6338,47.5111],[-2.6397,47.5164],[-2.6661,47.5198],[-2.673,47.5255],[-2.675,47.5248],[-2.6753,47.5296],[-2.6785,47.5295],[-2.6835,47.5363],[-2.6828,47.5387],[-2.6848,47.5392],[-2.6829,47.5394],[-2.6879,47.5448],[-2.6844,47.5449],[-2.6865,47.5469],[-2.6818,47.5503],[-2.6884,47.5535],[-2.6801,47.5556],[-2.6795,47.5492],[-2.6759,47.5469],[-2.6748,47.5424],[-2.6713,47.5446],[-2.6669,47.5436],[-2.6653,47.5422],[-2.6671,47.5411],[-2.6634,47.5394],[-2.658,47.5408],[-2.6561,47.5373],[-2.648,47.5376],[-2.6436,47.5322],[-2.6298,47.531],[-2.6174,47.5265]]]]}},{"type":"Feature","properties":{"territoire":"56253","nom":"Tréal","type":"commune"},"geometry":{"type":"MultiPolygon","coordinates":[[[[-2.245,47.8051],[-2.2469,47.8132],[-2.2531,47.8191],[-2.2425,47.8214],[-2.24,47.8234],[-2.242,47.8245],[-2.2413,47.8272],[-2.2465,47.8271],[-2.2496,47.8296],[-2.2493,47.8341],[-2.2549,47.8391],[-2.274,47.8391],[-2.2759,47.8472],[-2.2446,47.8547],[-2.2343,47.8519],[-2.2205,47.855],[-2.2099,47.8536],[-2.2062,47.8485],[-2.2072,47.8437],[-2.2097,47.8424],[-2.2085,47.8397],[-2.1954,47.8337],[-2.1903,47.8257],[-2.1987,47.8216],[-2.1973,47.8185],[-2.1926,47.8185],[-2.1941,47.8137],[-2.1992,47.813],[-2.2024,47.816],[-2.21,47.8153],[-2.2088,47.8133],[-2.2109,47.8129],[-2.2299,47.8131],[-2.2285,47.8084],[-2.245,47.8051]]]]}},{"type":"Feature","properties":{"territoire":"56254","nom":"Trédion","type":"commune"},"geometry":{"type":"MultiPolygon","coordinates":[[[[-2.6394,47.7893],[-2.623,47.7912],[-2.6262,47.7991],[-2.6183,47.8033],[-2.6065,47.8044],[-2.6015,47.8079],[-2.5976,47.8058],[-2.5899,47.8079],[-2.5804,47.8013],[-2.5752,47.8014],[-2.5671,47.7972],[-2.5623,47.7996],[-2.5575,47.7965],[-2.55,47.799],[-2.5475,47.7952],[-2.5419,47.7936],[-2.5413,47.7906],[-2.5508,47.7783],[-2.5453,47.7737],[-2.5397,47.7727],[-2.5365,47.7683],[-2.532,47.77],[-2.5383,47.762],[-2.5518,47.7545],[-2.5642,47.7661],[-2.5836,47.7662],[-2.5869,47.7643],[-2.5905,47.7672],[-2.596,47.7655],[-2.6114,47.7669],[-2.6093,47.7743],[-2.6299,47.7712],[-2.6254,47.78],[-2.63,47.7807],[-2.6298,47.7843],[-2.6394,47.7893]]]]}},{"type":"Feature","properties":{"territoire":"56255","nom":"Treffléan","type":"commune"},"geometry":{"type":"MultiPolygon","coordinates":[[[[-2.6113,47.6534],[-2.6158,47.6565],[-2.6106,47.6615],[-2.6103,47.667],[-2.6121,47.6677],[-2.6319,47.6707],[-2.6378,47.6644],[-2.6427,47.6675],[-2.6448,47.6649],[-2.6511,47.6647],[-2.6513,47.6624],[-2.6593,47.6582],[-2.6769,47.6665],[-2.675,47.6703],[-2.6807,47.6711],[-2.6756,47.675],[-2.6406,47.679],[-2.6359,47.6864],[-2.6356,47.6934],[-2.631,47.698],[-2.6241,47.7007],[-2.6085,47.7006],[-2.6059,47.6989],[-2.6069,47.6942],[-2.6047,47.6919],[-2.5806,47.6925],[-2.5718,47.6888],[-2.5786,47.6869],[-2.5804,47.6812],[-2.5857,47.6774],[-2.5892,47.6777],[-2.5882,47.6657],[-2.6051,47.6617],[-2.6053,47.6586],[-2.6113,47.6534]]]]}},{"type":"Feature","properties":{"territoire":"56261","nom":"La Vraie-Croix","type":"commune"},"geometry":{"type":"MultiPolygon","coordinates":[[[[-2.5022,47.6668],[-2.5033,47.6706],[-2.5109,47.6753],[-2.5215,47.6734],[-2.53,47.6778],[-2.5343,47.6759],[-2.5505,47.6816],[-2.5562,47.6808],[-2.5572,47.6868],[-2.5516,47.6889],[-2.5535,47.6907],[-2.5505,47.6951],[-2.5539,47.7027],[-2.5501,47.7051],[-2.5422,47.7028],[-2.5369,47.7092],[-2.5286,47.7061],[-2.5257,47.7079],[-2.5174,47.7072],[-2.5087,47.7029],[-2.4931,47.7042],[-2.4871,47.6991],[-2.4833,47.6867],[-2.4902,47.6802],[-2.4929,47.6711],[-2.5022,47.6668]]]]}},{"type":"Feature","properties":{"territoire":"56262","nom":"Le Bono","type":"commune"},"geometry":{"type":"MultiPolygon","coordinates":[[[[-2.9555,47.639],[-2.9493,47.6474],[-2.9335,47.6534],[-2.9293,47.6511],[-2.9304,47.6474],[-2.9251,47.645],[-2.9295,47.6388],[-2.9241,47.6354],[-2.9237,47.6301],[-2.9187,47.6318],[-2.9142,47.6298],[-2.93,47.6228],[-2.9427,47.6293],[-2.9562,47.6261],[-2.9586,47.6274],[-2.9581,47.6342],[-2.9619,47.6349],[-2.9555,47.639]]]]}}]}