{"type":"FeatureCollection","features":[{"type":"Feature","properties":{"territoire":"22","nom":"Côtes-d'Armor","type":"departement"},"geometry":{"type":"MultiPolygon","coordinates":[[[[-3.6033,48.7718],[-3.5976,48.7711],[-3.5911,48.7664],[-3.5994,48.7671],[-3.6033,48.7718]]],[[[-3.612,48.7955],[-3.61,48.7963],[-3.611,48.7982],[-3.6051,48.7944],[-3.612,48.7955]]],[[[-3.6023,48.8],[-3.5995,48.7987],[-3.5937,48.8016],[-3.5929,48.799],[-3.5949,48.7981],[-3.5902,48.7971],[-3.5997,48.7968],[-3.6023,48.8]]],[[[-3.5908,48.8018],[-3.5847,48.8029],[-3.5871,48.8065],[-3.5831,48.8048],[-3.5792,48.8064],[-3.5764,48.8035],[-3.5752,48.8059],[-3.5675,48.8081],[-3.5624,48.803],[-3.5656,48.7987],[-3.5673,48.8002],[-3.5731,48.7963],[-3.5819,48.7983],[-3.5835,48.7941],[-3.5858,48.7953],[-3.5856,48.8003],[-3.5908,48.8018]]],[[[-3.5581,48.8038],[-3.554,48.8024],[-3.5559,48.8009],[-3.5581,48.8038]]],[[[-3.4126,48.8428],[-3.4081,48.8429],[-3.4086,48.8403],[-3.4051,48.8361],[-3.4057,48.8308],[-3.4086,48.8327],[-3.4096,48.8416],[-3.4126,48.8428]]],[[[-3.3106,48.8468],[-3.3089,48.8491],[-3.3023,48.8497],[-3.3035,48.848],[-3.3009,48.8462],[-3.3082,48.8433],[-3.3098,48.8461],[-3.3045,48.8458],[-3.3037,48.8487],[-3.3081,48.8492],[-3.3106,48.8468]]],[[[-3.3035,48.8506],[-3.3022,48.8523],[-3.3007,48.8493],[-3.3035,48.8506]]],[[[-3.4948,48.879],[-3.488,48.8788],[-3.4916,48.8774],[-3.4948,48.879]]],[[[-3.486,48.8823],[-3.482,48.8846],[-3.4764,48.8841],[-3.475,48.8817],[-3.486,48.8823]]],[[[-3.4396,48.8991],[-3.4353,48.8998],[-3.4385,48.8974],[-3.4396,48.8991]]],[[[-3.2739,48.8393],[-3.2727,48.8408],[-3.2714,48.8388],[-3.2739,48.8393]]],[[[-3.284,48.8451],[-3.2816,48.8467],[-3.2782,48.8443],[-3.284,48.8451]]],[[[-3.2046,48.8522],[-3.2048,48.854],[-3.202,48.8537],[-3.2019,48.8503],[-3.2046,48.8522]]],[[[-3.2927,48.8515],[-3.2909,48.8525],[-3.2889,48.8504],[-3.2904,48.8484],[-3.287,48.8468],[-3.2786,48.8495],[-3.2757,48.8448],[-3.2792,48.8487],[-3.2882,48.8469],[-3.2927,48.8515]]],[[[-3.2613,48.8506],[-3.2593,48.8529],[-3.2597,48.8496],[-3.2613,48.8506]]],[[[-3.1982,48.8642],[-3.1957,48.868],[-3.1919,48.867],[-3.1955,48.8664],[-3.1951,48.8631],[-3.1982,48.8642]]],[[[-3.0214,48.8373],[-3.0178,48.8363],[-3.0199,48.8346],[-3.0214,48.8373]]],[[[-3.0218,48.8432],[-3.0155,48.8446],[-3.0172,48.8417],[-3.0152,48.8406],[-3.0202,48.8392],[-3.0196,48.8425],[-3.0218,48.8432]]],[[[-3.0138,48.8503],[-3.0056,48.8515],[-2.9996,48.8494],[-2.9981,48.8507],[-2.9999,48.8544],[-3.0093,48.8537],[-3.0134,48.8574],[-3.0065,48.8602],[-2.9996,48.8598],[-2.9987,48.8631],[-2.9952,48.8644],[-2.9894,48.8635],[-2.9857,48.8655],[-2.9846,48.862],[-2.9868,48.8592],[-2.9912,48.8597],[-2.991,48.8637],[-2.9956,48.8597],[-2.9938,48.8551],[-2.9982,48.8506],[-2.9933,48.8482],[-2.9987,48.8457],[-2.9962,48.8385],[-3.0024,48.8363],[-3.0038,48.8408],[-3.0081,48.8366],[-3.0113,48.837],[-3.009,48.8402],[-3.0107,48.8443],[-3.0076,48.8473],[-3.0138,48.8503]]],[[[-3.0452,48.8591],[-3.0376,48.864],[-3.0317,48.8629],[-3.0452,48.8591]]],[[[-3.1949,48.8741],[-3.182,48.8743],[-3.1806,48.871],[-3.1829,48.8694],[-3.1801,48.8656],[-3.1837,48.8636],[-3.1878,48.8647],[-3.1823,48.8655],[-3.1838,48.8723],[-3.1913,48.8744],[-3.1896,48.8725],[-3.1917,48.8715],[-3.1949,48.8741]]],[[[-3.0876,48.8727],[-3.0725,48.8832],[-3.0753,48.8793],[-3.0876,48.8727]]],[[[-2.4481,48.1728],[-2.4543,48.1694],[-2.4532,48.1635],[-2.4692,48.1625],[-2.4718,48.1598],[-2.4794,48.1677],[-2.4872,48.1669],[-2.4891,48.16],[-2.4841,48.1568],[-2.4878,48.1553],[-2.5091,48.1601],[-2.535,48.1565],[-2.5317,48.1505],[-2.5231,48.1436],[-2.5165,48.1425],[-2.5176,48.1405],[-2.5138,48.1334],[-2.5166,48.1311],[-2.5161,48.1274],[-2.5213,48.125],[-2.5214,48.1216],[-2.5255,48.1197],[-2.5318,48.1092],[-2.536,48.1086],[-2.5344,48.1066],[-2.551,48.0981],[-2.5549,48.0991],[-2.554,48.095],[-2.5481,48.0936],[-2.5517,48.0918],[-2.5487,48.0868],[-2.5494,48.0825],[-2.5521,48.0813],[-2.5474,48.0765],[-2.5612,48.0745],[-2.5638,48.0715],[-2.5618,48.0686],[-2.5644,48.0673],[-2.5785,48.0719],[-2.5814,48.0646],[-2.5899,48.0562],[-2.6099,48.0465],[-2.6258,48.0348],[-2.6285,48.0338],[-2.636,48.0378],[-2.641,48.0347],[-2.6455,48.0355],[-2.6438,48.0423],[-2.6489,48.0378],[-2.6541,48.0378],[-2.6566,48.0326],[-2.6616,48.0386],[-2.6573,48.0413],[-2.6589,48.0446],[-2.6656,48.0444],[-2.6701,48.048],[-2.6706,48.0509],[-2.6669,48.0517],[-2.6655,48.0563],[-2.6732,48.0631],[-2.6646,48.0693],[-2.6658,48.0718],[-2.6629,48.0751],[-2.6618,48.0823],[-2.6558,48.0841],[-2.6539,48.0874],[-2.6564,48.0931],[-2.6499,48.0975],[-2.6569,48.1064],[-2.6513,48.1076],[-2.6514,48.1132],[-2.6572,48.1152],[-2.6522,48.1195],[-2.6616,48.1268],[-2.6609,48.1308],[-2.6677,48.133],[-2.6764,48.1315],[-2.6952,48.1204],[-2.6971,48.1218],[-2.7011,48.1198],[-2.7035,48.1125],[-2.7249,48.1142],[-2.7244,48.1173],[-2.7444,48.1131],[-2.7511,48.1147],[-2.7512,48.1167],[-2.7542,48.116],[-2.7585,48.1101],[-2.7598,48.0986],[-2.7668,48.0937],[-2.7677,48.0893],[-2.7732,48.0865],[-2.7776,48.0907],[-2.777,48.0944],[-2.7735,48.0959],[-2.779,48.099],[-2.7764,48.1047],[-2.7835,48.1107],[-2.7818,48.121],[-2.7883,48.1238],[-2.7895,48.1313],[-2.8053,48.1399],[-2.8038,48.1451],[-2.8186,48.1472],[-2.8421,48.1407],[-2.8511,48.1413],[-2.8824,48.153],[-2.883,48.1578],[-2.8917,48.1649],[-2.9035,48.1626],[-2.9107,48.1658],[-2.9329,48.168],[-2.9422,48.1719],[-2.97,48.1677],[-2.9822,48.1604],[-2.9999,48.1606],[-3.0006,48.1643],[-2.9953,48.1708],[-3.0118,48.1721],[-3.0115,48.183],[-3.0204,48.1922],[-3.0142,48.1974],[-3.029,48.1959],[-3.0359,48.2037],[-3.048,48.2027],[-3.0541,48.207],[-3.0713,48.2053],[-3.0801,48.2109],[-3.0853,48.2082],[-3.0855,48.2043],[-3.0927,48.202],[-3.0971,48.206],[-3.1063,48.2054],[-3.1079,48.2085],[-3.1106,48.2055],[-3.1158,48.2067],[-3.1162,48.2032],[-3.1204,48.2004],[-3.1305,48.2003],[-3.1306,48.1957],[-3.1368,48.19],[-3.1369,48.1812],[-3.1302,48.1769],[-3.1343,48.1684],[-3.1401,48.1667],[-3.1392,48.1641],[-3.1551,48.1585],[-3.1593,48.168],[-3.1656,48.1616],[-3.1754,48.1588],[-3.1923,48.165],[-3.2055,48.1599],[-3.2081,48.1539],[-3.2151,48.1539],[-3.2156,48.1484],[-3.2115,48.1425],[-3.2251,48.1464],[-3.2245,48.1488],[-3.2287,48.1497],[-3.2332,48.1468],[-3.235,48.1504],[-3.2414,48.1516],[-3.2566,48.1481],[-3.2594,48.1432],[-3.2669,48.1458],[-3.2722,48.14],[-3.2751,48.1436],[-3.2827,48.1414],[-3.2891,48.1495],[-3.293,48.1499],[-3.2879,48.153],[-3.2973,48.1515],[-3.298,48.1557],[-3.2991,48.154],[-3.3159,48.1557],[-3.3181,48.1489],[-3.3205,48.1488],[-3.3254,48.1502],[-3.3264,48.1535],[-3.3239,48.1607],[-3.3339,48.1655],[-3.3371,48.1719],[-3.3439,48.171],[-3.3497,48.1648],[-3.3742,48.1645],[-3.3755,48.1606],[-3.3933,48.1517],[-3.3967,48.1558],[-3.4025,48.157],[-3.4082,48.1488],[-3.4173,48.1456],[-3.427,48.1522],[-3.4352,48.1542],[-3.4389,48.1599],[-3.4384,48.1627],[-3.4296,48.1701],[-3.4238,48.1703],[-3.42,48.174],[-3.445,48.1871],[-3.4443,48.1814],[-3.4528,48.1774],[-3.4548,48.1804],[-3.4632,48.1816],[-3.4689,48.1799],[-3.4678,48.1783],[-3.47,48.1773],[-3.477,48.1863],[-3.5236,48.1786],[-3.5557,48.1799],[-3.5659,48.1864],[-3.5664,48.1901],[-3.5423,48.1939],[-3.5222,48.1885],[-3.5194,48.1895],[-3.5208,48.2028],[-3.5395,48.2066],[-3.5445,48.214],[-3.5542,48.2212],[-3.5531,48.2257],[-3.5574,48.2251],[-3.5546,48.2279],[-3.5579,48.2286],[-3.5525,48.2345],[-3.556,48.242],[-3.5491,48.2418],[-3.5494,48.2442],[-3.5418,48.2434],[-3.5408,48.2529],[-3.5369,48.2555],[-3.5317,48.2559],[-3.5285,48.252],[-3.5244,48.2568],[-3.5229,48.2557],[-3.527,48.2618],[-3.5244,48.2663],[-3.5268,48.2725],[-3.5257,48.2749],[-3.5203,48.2742],[-3.518,48.2823],[-3.5249,48.2812],[-3.5264,48.2865],[-3.5396,48.2869],[-3.545,48.292],[-3.555,48.2937],[-3.5522,48.2996],[-3.5411,48.2989],[-3.5289,48.3164],[-3.5183,48.3187],[-3.5251,48.3235],[-3.5411,48.3114],[-3.5414,48.3138],[-3.5487,48.3121],[-3.5522,48.3162],[-3.5485,48.3214],[-3.5517,48.3231],[-3.5531,48.3318],[-3.5571,48.3361],[-3.5553,48.3448],[-3.5632,48.3472],[-3.5616,48.3516],[-3.5586,48.3523],[-3.5594,48.3553],[-3.5556,48.3564],[-3.5588,48.3591],[-3.5558,48.3635],[-3.5594,48.3659],[-3.5517,48.3712],[-3.5542,48.3724],[-3.5541,48.3785],[-3.567,48.3794],[-3.5677,48.3767],[-3.5709,48.3801],[-3.5828,48.3821],[-3.5868,48.3807],[-3.594,48.3863],[-3.6038,48.3861],[-3.608,48.3885],[-3.6011,48.3934],[-3.604,48.3956],[-3.5986,48.4052],[-3.6018,48.4174],[-3.6003,48.422],[-3.5861,48.4328],[-3.5642,48.4392],[-3.5508,48.4477],[-3.5536,48.4535],[-3.5676,48.4524],[-3.5725,48.4547],[-3.5751,48.4585],[-3.5795,48.4596],[-3.5785,48.463],[-3.5814,48.4648],[-3.5931,48.464],[-3.5943,48.4703],[-3.5997,48.4707],[-3.5975,48.4729],[-3.6,48.4785],[-3.6056,48.4768],[-3.6076,48.4784],[-3.6046,48.4793],[-3.6013,48.4848],[-3.6041,48.4966],[-3.583,48.5052],[-3.5742,48.5157],[-3.5634,48.5221],[-3.5585,48.5286],[-3.5398,48.5382],[-3.5539,48.5409],[-3.5577,48.5477],[-3.5699,48.5546],[-3.5713,48.5584],[-3.5797,48.5529],[-3.5987,48.5571],[-3.5989,48.561],[-3.5951,48.5641],[-3.5907,48.5635],[-3.5839,48.5744],[-3.5886,48.5827],[-3.5917,48.5826],[-3.594,48.5857],[-3.6,48.5834],[-3.6174,48.5902],[-3.6295,48.5879],[-3.6406,48.5962],[-3.6422,48.599],[-3.6393,48.6037],[-3.6389,48.6121],[-3.6495,48.6104],[-3.6513,48.6162],[-3.6545,48.6171],[-3.6559,48.6206],[-3.6543,48.6238],[-3.66,48.6349],[-3.6614,48.6467],[-3.6659,48.6523],[-3.6589,48.6558],[-3.6539,48.6648],[-3.645,48.6682],[-3.6441,48.6705],[-3.6349,48.671],[-3.6376,48.6743],[-3.637,48.6816],[-3.6289,48.6825],[-3.6235,48.6867],[-3.6227,48.6844],[-3.6132,48.6839],[-3.6162,48.6833],[-3.6161,48.6798],[-3.6133,48.672],[-3.6099,48.6697],[-3.5818,48.6703],[-3.5729,48.6752],[-3.5678,48.6859],[-3.5845,48.6909],[-3.5797,48.6973],[-3.581,48.7051],[-3.5836,48.7068],[-3.5811,48.7131],[-3.5849,48.717],[-3.581,48.7215],[-3.5845,48.7246],[-3.5832,48.7256],[-3.5783,48.7231],[-3.5722,48.7237],[-3.5637,48.7287],[-3.5648,48.7318],[-3.5535,48.7273],[-3.5353,48.7276],[-3.5397,48.732],[-3.5359,48.7331],[-3.5256,48.7305],[-3.5132,48.7339],[-3.5043,48.7315],[-3.4974,48.7368],[-3.4854,48.7359],[-3.4758,48.7392],[-3.4717,48.7384],[-3.465,48.7314],[-3.4698,48.7384],[-3.4747,48.7402],[-3.4855,48.737],[-3.497,48.738],[-3.5049,48.7328],[-3.5129,48.7359],[-3.525,48.7321],[-3.5351,48.735],[-3.5506,48.7332],[-3.5499,48.748],[-3.5581,48.7532],[-3.5618,48.7589],[-3.5667,48.7606],[-3.5808,48.7585],[-3.5819,48.7565],[-3.5856,48.7584],[-3.581,48.7588],[-3.578,48.7628],[-3.5822,48.7682],[-3.5888,48.7688],[-3.5842,48.7708],[-3.5831,48.7749],[-3.5852,48.7794],[-3.5807,48.7791],[-3.5783,48.7829],[-3.5846,48.7904],[-3.5806,48.7899],[-3.5803,48.7872],[-3.5782,48.79],[-3.5682,48.7898],[-3.5697,48.7913],[-3.5668,48.7918],[-3.5666,48.7962],[-3.5694,48.7973],[-3.5672,48.7979],[-3.5547,48.7913],[-3.5545,48.7937],[-3.5414,48.7984],[-3.5425,48.8018],[-3.5353,48.8017],[-3.5336,48.8064],[-3.5376,48.8081],[-3.5359,48.8115],[-3.5412,48.8136],[-3.5396,48.81],[-3.5468,48.8094],[-3.5481,48.8122],[-3.548,48.815],[-3.5396,48.8166],[-3.5418,48.8229],[-3.5381,48.825],[-3.5329,48.8242],[-3.5242,48.8208],[-3.5228,48.8182],[-3.5191,48.8189],[-3.5255,48.8226],[-3.523,48.8265],[-3.526,48.8275],[-3.5258,48.8301],[-3.5197,48.8301],[-3.52,48.8325],[-3.5165,48.8321],[-3.5127,48.837],[-3.5088,48.8353],[-3.5044,48.838],[-3.5047,48.8404],[-3.4983,48.8374],[-3.5048,48.8333],[-3.5108,48.8343],[-3.5078,48.8323],[-3.5105,48.8279],[-3.5029,48.824],[-3.5004,48.8251],[-3.5026,48.8291],[-3.4964,48.8311],[-3.4962,48.8287],[-3.4909,48.8281],[-3.4913,48.8258],[-3.4866,48.8257],[-3.4865,48.8293],[-3.4912,48.8311],[-3.4862,48.8323],[-3.4881,48.8356],[-3.4823,48.8381],[-3.4813,48.8363],[-3.4762,48.8379],[-3.4742,48.8331],[-3.4764,48.8325],[-3.4725,48.8309],[-3.473,48.8283],[-3.4678,48.8231],[-3.4596,48.8197],[-3.4607,48.8172],[-3.4578,48.8159],[-3.4508,48.8159],[-3.441,48.8204],[-3.4304,48.8191],[-3.4281,48.8216],[-3.4266,48.8173],[-3.4375,48.8112],[-3.4359,48.8065],[-3.4385,48.8032],[-3.4397,48.8065],[-3.4431,48.8034],[-3.4405,48.7981],[-3.4302,48.7972],[-3.4282,48.7986],[-3.4309,48.7998],[-3.4247,48.7981],[-3.3887,48.803],[-3.3866,48.8119],[-3.3899,48.813],[-3.3894,48.8159],[-3.3722,48.8165],[-3.3651,48.819],[-3.366,48.8226],[-3.3538,48.82],[-3.3506,48.8224],[-3.3526,48.8241],[-3.34,48.8291],[-3.3349,48.8284],[-3.3198,48.8386],[-3.3149,48.8362],[-3.3083,48.8376],[-3.2928,48.8296],[-3.2905,48.8311],[-3.2906,48.8349],[-3.2843,48.8377],[-3.2836,48.8419],[-3.2782,48.8411],[-3.2756,48.8433],[-3.2764,48.8382],[-3.271,48.8366],[-3.2696,48.8339],[-3.264,48.8343],[-3.2539,48.8422],[-3.257,48.8477],[-3.2508,48.8488],[-3.2479,48.8524],[-3.251,48.8522],[-3.2446,48.8585],[-3.2333,48.8637],[-3.2323,48.8672],[-3.2357,48.8666],[-3.2343,48.8647],[-3.2383,48.8656],[-3.2385,48.8677],[-3.2277,48.8671],[-3.2247,48.8701],[-3.2239,48.8672],[-3.2178,48.8658],[-3.2155,48.8586],[-3.211,48.8546],[-3.2118,48.8497],[-3.206,48.8468],[-3.2106,48.8487],[-3.2139,48.8435],[-3.2132,48.8399],[-3.2187,48.8365],[-3.2197,48.8325],[-3.2162,48.8359],[-3.2069,48.8383],[-3.2035,48.8346],[-3.2033,48.8254],[-3.2066,48.8194],[-3.1969,48.8183],[-3.1998,48.8207],[-3.1988,48.8256],[-3.1907,48.8341],[-3.1913,48.8361],[-3.182,48.8436],[-3.1737,48.8421],[-3.1673,48.8534],[-3.1584,48.8517],[-3.1474,48.8537],[-3.1419,48.8578],[-3.1328,48.8589],[-3.1316,48.8634],[-3.1266,48.8651],[-3.123,48.864],[-3.1118,48.8673],[-3.1075,48.8655],[-3.0983,48.869],[-3.1016,48.8665],[-3.0954,48.8655],[-3.0917,48.8679],[-3.0882,48.866],[-3.0857,48.8684],[-3.0762,48.8562],[-3.0863,48.864],[-3.0878,48.8609],[-3.0941,48.8613],[-3.0958,48.8589],[-3.0883,48.8575],[-3.0879,48.8549],[-3.0905,48.8539],[-3.0836,48.8478],[-3.0905,48.8381],[-3.0982,48.8342],[-3.0973,48.8321],[-3.1,48.8309],[-3.089,48.8334],[-3.0897,48.831],[-3.0879,48.8306],[-3.0814,48.8333],[-3.0825,48.8309],[-3.078,48.8296],[-3.0725,48.8334],[-3.0719,48.8307],[-3.0757,48.8278],[-3.0794,48.8296],[-3.0839,48.8271],[-3.0839,48.8213],[-3.088,48.8164],[-3.0879,48.8123],[-3.0985,48.8049],[-3.0954,48.8047],[-3.0997,48.8],[-3.0973,48.7944],[-3.1003,48.7917],[-3.0984,48.7902],[-3.1028,48.7882],[-3.099,48.7834],[-3.1055,48.7834],[-3.1082,48.7795],[-3.1212,48.7724],[-3.1284,48.7731],[-3.1213,48.7685],[-3.1248,48.7622],[-3.1234,48.759],[-3.1267,48.7576],[-3.1202,48.7559],[-3.1197,48.7603],[-3.1156,48.7648],[-3.1027,48.7659],[-3.0987,48.7686],[-3.1009,48.7763],[-3.1055,48.7798],[-3.0945,48.7813],[-3.0919,48.7882],[-3.0942,48.7952],[-3.087,48.8027],[-3.0882,48.8059],[-3.0837,48.8128],[-3.0732,48.8202],[-3.0545,48.8223],[-3.0574,48.818],[-3.0532,48.815],[-3.0194,48.8221],[-3.0088,48.8193],[-3.0171,48.8113],[-3.0105,48.8048],[-3.0022,48.8036],[-3.0051,48.799],[-3.0103,48.8002],[-3.0202,48.7981],[-3.0255,48.7911],[-3.0423,48.7897],[-3.0457,48.788],[-3.041,48.7857],[-3.0459,48.7848],[-3.0432,48.783],[-3.0406,48.785],[-3.0411,48.7827],[-3.0093,48.7817],[-3.0166,48.7787],[-3.0277,48.7791],[-3.0302,48.7757],[-3.0184,48.7692],[-3.0181,48.7719],[-3.018,48.7655],[-3.0143,48.7667],[-3.0164,48.7679],[-3.0113,48.7663],[-3.0068,48.7684],[-3.004,48.7655],[-2.9946,48.7651],[-2.9898,48.7624],[-2.9649,48.7624],[-2.9571,48.7644],[-2.9518,48.7717],[-2.949,48.7692],[-2.9524,48.7658],[-2.9438,48.7577],[-2.9331,48.7574],[-2.9284,48.7546],[-2.9423,48.7449],[-2.9413,48.7399],[-2.934,48.7374],[-2.9376,48.734],[-2.9372,48.7308],[-2.9484,48.7271],[-2.9458,48.7213],[-2.9355,48.7185],[-2.9299,48.7211],[-2.9324,48.7166],[-2.9278,48.7134],[-2.9265,48.7086],[-2.9062,48.7017],[-2.9045,48.6992],[-2.8893,48.7],[-2.8899,48.694],[-2.8835,48.6904],[-2.8873,48.6846],[-2.8822,48.6786],[-2.8844,48.6772],[-2.8828,48.6754],[-2.8705,48.6746],[-2.8664,48.6714],[-2.859,48.676],[-2.855,48.6723],[-2.8539,48.6671],[-2.8489,48.6678],[-2.8416,48.6643],[-2.841,48.659],[-2.8363,48.6583],[-2.8376,48.6559],[-2.8275,48.6564],[-2.8265,48.6497],[-2.8174,48.6499],[-2.8151,48.6475],[-2.8183,48.6498],[-2.8233,48.6472],[-2.817,48.6473],[-2.8184,48.6458],[-2.8274,48.6468],[-2.8259,48.6438],[-2.8226,48.6443],[-2.8269,48.6371],[-2.8204,48.6316],[-2.82,48.6283],[-2.8233,48.6243],[-2.8143,48.615],[-2.8161,48.6132],[-2.8139,48.6102],[-2.819,48.608],[-2.8198,48.6045],[-2.8151,48.6012],[-2.819,48.6029],[-2.827,48.6008],[-2.8169,48.601],[-2.8245,48.6],[-2.8187,48.5932],[-2.8076,48.5925],[-2.7883,48.5838],[-2.7793,48.5851],[-2.7735,48.5768],[-2.7751,48.5718],[-2.7628,48.5661],[-2.7403,48.5603],[-2.7326,48.5613],[-2.7258,48.5566],[-2.7135,48.5556],[-2.7132,48.5529],[-2.725,48.5471],[-2.7179,48.5399],[-2.7186,48.5354],[-2.7267,48.5296],[-2.7385,48.5274],[-2.7263,48.528],[-2.7107,48.5328],[-2.7147,48.5355],[-2.7104,48.5331],[-2.7171,48.5281],[-2.7169,48.5245],[-2.7104,48.5204],[-2.7138,48.5196],[-2.7102,48.5203],[-2.7048,48.516],[-2.6974,48.5043],[-2.6792,48.489],[-2.672,48.4926],[-2.6777,48.4921],[-2.6847,48.4978],[-2.6753,48.5095],[-2.6778,48.5121],[-2.6753,48.5133],[-2.6762,48.5187],[-2.6821,48.5324],[-2.6689,48.5361],[-2.6672,48.5338],[-2.6629,48.5337],[-2.6633,48.5312],[-2.6586,48.5299],[-2.6591,48.5275],[-2.6565,48.5259],[-2.6396,48.5235],[-2.63,48.526],[-2.6275,48.524],[-2.6293,48.521],[-2.6246,48.5219],[-2.6198,48.5182],[-2.6241,48.5223],[-2.6279,48.5219],[-2.6263,48.5245],[-2.6341,48.5295],[-2.6318,48.533],[-2.6325,48.5375],[-2.6265,48.5422],[-2.6058,48.5507],[-2.6004,48.5551],[-2.6004,48.5582],[-2.593,48.5604],[-2.5844,48.5692],[-2.5805,48.5694],[-2.5795,48.5709],[-2.5814,48.5715],[-2.5754,48.5769],[-2.5713,48.5789],[-2.5638,48.576],[-2.563,48.5789],[-2.57,48.5793],[-2.5699,48.5837],[-2.5662,48.5826],[-2.5662,48.5845],[-2.563,48.5843],[-2.5522,48.5922],[-2.5511,48.5963],[-2.5554,48.5975],[-2.5542,48.5995],[-2.5377,48.5967],[-2.5207,48.6001],[-2.4942,48.6092],[-2.4902,48.6144],[-2.4837,48.6157],[-2.4733,48.6223],[-2.4719,48.6247],[-2.4744,48.6256],[-2.4737,48.6291],[-2.4679,48.6303],[-2.4674,48.6352],[-2.4789,48.6366],[-2.4794,48.6337],[-2.488,48.6455],[-2.4775,48.6443],[-2.4677,48.65],[-2.4529,48.6477],[-2.4375,48.6526],[-2.4185,48.6471],[-2.4215,48.6455],[-2.42,48.6425],[-2.4215,48.6398],[-2.4154,48.6369],[-2.4204,48.633],[-2.412,48.6325],[-2.4088,48.6359],[-2.4174,48.6413],[-2.3967,48.6425],[-2.3856,48.6532],[-2.3782,48.652],[-2.3702,48.6578],[-2.3646,48.6548],[-2.3598,48.6559],[-2.3503,48.6612],[-2.349,48.6643],[-2.3282,48.6729],[-2.3283,48.6765],[-2.3258,48.6779],[-2.3276,48.6826],[-2.3234,48.6819],[-2.318,48.6862],[-2.3186,48.6885],[-2.3131,48.6807],[-2.3107,48.6808],[-2.3148,48.6748],[-2.3108,48.6704],[-2.2985,48.6674],[-2.2837,48.6688],[-2.2868,48.6669],[-2.2864,48.6635],[-2.2945,48.6599],[-2.2934,48.6583],[-2.2978,48.6555],[-2.2983,48.6509],[-2.3098,48.6436],[-2.3079,48.6402],[-2.3122,48.634],[-2.3204,48.6304],[-2.3201,48.6278],[-2.3252,48.6278],[-2.3377,48.6197],[-2.321,48.6177],[-2.3208,48.6135],[-2.3138,48.6099],[-2.2973,48.6265],[-2.2945,48.6266],[-2.2946,48.6198],[-2.2929,48.6202],[-2.2929,48.6251],[-2.2864,48.6267],[-2.2897,48.6283],[-2.2863,48.6299],[-2.2871,48.6323],[-2.2738,48.6367],[-2.2719,48.6386],[-2.2738,48.6404],[-2.2657,48.641],[-2.2601,48.6455],[-2.2576,48.6437],[-2.2475,48.6461],[-2.2431,48.6447],[-2.2433,48.6385],[-2.245,48.638],[-2.2426,48.6398],[-2.2452,48.6416],[-2.2562,48.6363],[-2.2535,48.6305],[-2.2477,48.6258],[-2.2433,48.6235],[-2.238,48.6258],[-2.2441,48.6207],[-2.2458,48.6153],[-2.2321,48.61],[-2.2283,48.611],[-2.2267,48.6045],[-2.2226,48.6024],[-2.2236,48.5956],[-2.2258,48.5947],[-2.2144,48.5933],[-2.2102,48.5873],[-2.2125,48.5812],[-2.2107,48.5761],[-2.2184,48.5734],[-2.2205,48.5704],[-2.2259,48.5707],[-2.216,48.5682],[-2.2215,48.5608],[-2.2169,48.5547],[-2.2248,48.554],[-2.2243,48.547],[-2.2187,48.5432],[-2.2264,48.5381],[-2.2156,48.541],[-2.2206,48.541],[-2.2184,48.545],[-2.2238,48.5473],[-2.2227,48.5519],[-2.2152,48.5542],[-2.2198,48.5603],[-2.2151,48.5631],[-2.2163,48.5648],[-2.2134,48.5683],[-2.2172,48.5715],[-2.2057,48.575],[-2.2069,48.5798],[-2.2013,48.5811],[-2.202,48.5839],[-2.1912,48.5938],[-2.1952,48.5985],[-2.1917,48.6037],[-2.1961,48.6105],[-2.1844,48.6059],[-2.1827,48.6028],[-2.1818,48.598],[-2.1852,48.596],[-2.1844,48.5925],[-2.1814,48.5912],[-2.1851,48.5912],[-2.1879,48.5878],[-2.1844,48.5784],[-2.1763,48.5763],[-2.1714,48.5794],[-2.1666,48.5791],[-2.1658,48.577],[-2.1643,48.5798],[-2.1662,48.582],[-2.1609,48.5865],[-2.1545,48.5874],[-2.1528,48.5856],[-2.1722,48.5961],[-2.1677,48.5974],[-2.1646,48.6073],[-2.1531,48.6094],[-2.153,48.6163],[-2.1449,48.62],[-2.1448,48.6179],[-2.1411,48.6168],[-2.1424,48.6109],[-2.1294,48.6046],[-2.1238,48.6045],[-2.1248,48.5987],[-2.1272,48.5983],[-2.1251,48.598],[-2.1244,48.5891],[-2.1147,48.5839],[-2.1095,48.5839],[-2.1018,48.5758],[-2.0979,48.5768],[-2.0939,48.5704],[-2.0874,48.5711],[-2.076,48.5676],[-2.0595,48.5706],[-2.0571,48.5663],[-2.0444,48.5642],[-2.0474,48.5614],[-2.0452,48.5573],[-2.0538,48.5541],[-2.0446,48.5418],[-2.0386,48.542],[-2.0365,48.5503],[-2.0307,48.5551],[-2.0224,48.5533],[-2.0172,48.5619],[-2.0069,48.5656],[-2.0045,48.569],[-2.0008,48.5678],[-1.9976,48.5603],[-1.9928,48.5595],[-1.9916,48.5537],[-1.9959,48.5515],[-1.9868,48.5505],[-1.9901,48.5446],[-1.9736,48.5449],[-1.9745,48.5407],[-1.9721,48.5348],[-1.9751,48.5318],[-1.9846,48.526],[-1.9976,48.5229],[-1.9844,48.524],[-1.9866,48.5167],[-1.979,48.5157],[-1.986,48.5114],[-1.9823,48.5001],[-1.9944,48.498],[-1.995,48.4945],[-2.0011,48.4943],[-2.0016,48.4913],[-1.994,48.492],[-1.9932,48.4969],[-1.9846,48.4959],[-1.9797,48.4989],[-1.9812,48.5098],[-1.9782,48.5117],[-1.972,48.513],[-1.9645,48.511],[-1.9691,48.5134],[-1.9682,48.5194],[-1.9704,48.5211],[-1.9648,48.5263],[-1.9579,48.5254],[-1.9573,48.522],[-1.952,48.5184],[-1.9424,48.5197],[-1.9366,48.5171],[-1.9385,48.5208],[-1.9477,48.5189],[-1.9548,48.5228],[-1.9497,48.5282],[-1.9488,48.5366],[-1.9386,48.5352],[-1.9479,48.5376],[-1.9455,48.5416],[-1.9318,48.5509],[-1.9223,48.5448],[-1.9269,48.5384],[-1.923,48.5374],[-1.9228,48.5349],[-1.9186,48.5355],[-1.9159,48.5235],[-1.911,48.517],[-1.9116,48.5061],[-1.9227,48.5052],[-1.9236,48.5012],[-1.9208,48.4921],[-1.9177,48.4932],[-1.914,48.4908],[-1.909,48.4816],[-1.9288,48.4764],[-1.9318,48.4703],[-1.9264,48.4677],[-1.9238,48.4623],[-1.9278,48.4531],[-1.9387,48.4473],[-1.9424,48.4488],[-1.9475,48.4471],[-1.9517,48.4398],[-1.9487,48.4367],[-1.9524,48.4306],[-1.9506,48.4274],[-1.9442,48.4222],[-1.9363,48.4198],[-1.9372,48.4116],[-1.9409,48.4105],[-1.9364,48.4067],[-1.9431,48.4009],[-1.93,48.3948],[-1.9399,48.3931],[-1.9368,48.3898],[-1.9398,48.3862],[-1.9384,48.3831],[-1.9461,48.3804],[-1.9447,48.3739],[-1.9474,48.3671],[-1.9428,48.3632],[-1.9427,48.3603],[-1.9326,48.3607],[-1.9333,48.3559],[-1.929,48.3471],[-1.9464,48.3424],[-1.9669,48.343],[-1.9539,48.3157],[-1.959,48.3146],[-1.9566,48.307],[-1.9683,48.3033],[-1.9579,48.2983],[-1.9572,48.2937],[-1.9667,48.2911],[-1.9722,48.2948],[-1.9751,48.3017],[-1.9887,48.2977],[-1.9936,48.299],[-1.9983,48.2973],[-1.9976,48.2902],[-2.0052,48.2921],[-2.0021,48.2807],[-2.0141,48.2797],[-2.0143,48.2819],[-2.0248,48.2811],[-2.0278,48.2848],[-2.0502,48.2903],[-2.0468,48.2944],[-2.0532,48.2983],[-2.0665,48.294],[-2.0801,48.2933],[-2.075,48.2849],[-2.0783,48.2831],[-2.0808,48.2771],[-2.1105,48.2752],[-2.1143,48.2714],[-2.1096,48.2678],[-2.0957,48.2664],[-2.1036,48.2583],[-2.111,48.2577],[-2.1065,48.2519],[-2.1254,48.26],[-2.1507,48.2582],[-2.153,48.2621],[-2.1678,48.2534],[-2.1731,48.2538],[-2.1803,48.2489],[-2.1841,48.2497],[-2.187,48.2476],[-2.1882,48.2408],[-2.186,48.2361],[-2.1909,48.2254],[-2.1902,48.2217],[-2.1849,48.2197],[-2.1839,48.2103],[-2.2014,48.2067],[-2.2128,48.2142],[-2.2278,48.2112],[-2.227,48.2083],[-2.2242,48.2083],[-2.2242,48.204],[-2.2182,48.2043],[-2.2215,48.2004],[-2.2194,48.1933],[-2.2215,48.1926],[-2.2223,48.185],[-2.2246,48.1846],[-2.2232,48.173],[-2.2285,48.165],[-2.2419,48.1625],[-2.2486,48.1594],[-2.2491,48.1562],[-2.2485,48.1527],[-2.2355,48.1489],[-2.2361,48.1445],[-2.2526,48.1442],[-2.2558,48.1454],[-2.2591,48.1513],[-2.2705,48.1516],[-2.2741,48.1468],[-2.2777,48.1485],[-2.2785,48.1459],[-2.2831,48.1455],[-2.2876,48.1338],[-2.2963,48.1319],[-2.2963,48.1351],[-2.3169,48.1356],[-2.3211,48.1331],[-2.3204,48.128],[-2.3237,48.1254],[-2.3211,48.1233],[-2.3247,48.1213],[-2.3367,48.1193],[-2.336,48.1231],[-2.3381,48.1256],[-2.3489,48.1267],[-2.3519,48.1252],[-2.3528,48.117],[-2.3578,48.1111],[-2.3664,48.1158],[-2.3757,48.1266],[-2.3745,48.1403],[-2.3999,48.1543],[-2.4043,48.1604],[-2.4058,48.1676],[-2.4261,48.1742],[-2.4408,48.1716],[-2.4481,48.1728]]],[[[-2.1958,48.6199],[-2.1893,48.6275],[-2.1868,48.627],[-2.1875,48.6217],[-2.1929,48.6214],[-2.1936,48.6184],[-2.1958,48.6199]]],[[[-2.9855,48.7971],[-2.981,48.7997],[-2.9759,48.7979],[-2.9855,48.7971]]],[[[-2.9935,48.8386],[-2.9921,48.842],[-2.9881,48.84],[-2.9935,48.8386]]],[[[-2.9825,48.847],[-2.9805,48.8484],[-2.9783,48.8459],[-2.9825,48.847]]],[[[-2.9916,48.8462],[-2.9864,48.8487],[-2.9876,48.8459],[-2.9916,48.8462]]],[[[-2.9831,48.8593],[-2.9804,48.861],[-2.9812,48.8585],[-2.9831,48.8593]]]]}},{"type":"Feature","properties":{"territoire":"56","nom":"Morbihan","type":"departement"},"geometry":{"type":"MultiPolygon","coordinates":[[[[-3.5147,47.6475],[-3.5127,47.6492],[-3.5141,47.6523],[-3.4864,47.6529],[-3.472,47.6475],[-3.4652,47.6491],[-3.4603,47.6451],[-3.4302,47.6431],[-3.42,47.6376],[-3.4158,47.6316],[-3.4223,47.6199],[-3.4286,47.6247],[-3.4329,47.6234],[-3.4337,47.6257],[-3.4375,47.6262],[-3.4351,47.6269],[-3.4374,47.6286],[-3.446,47.6227],[-3.4554,47.6234],[-3.4632,47.6204],[-3.4651,47.6217],[-3.4633,47.6236],[-3.4739,47.6276],[-3.4857,47.6285],[-3.4863,47.6305],[-3.4822,47.6321],[-3.4829,47.6341],[-3.491,47.6323],[-3.4999,47.6365],[-3.4999,47.6392],[-3.5053,47.6386],[-3.5147,47.6475]]],[[[-3.3172,47.7053],[-3.3128,47.7051],[-3.3126,47.7025],[-3.3157,47.7026],[-3.3172,47.7053]]],[[[-3.3597,47.7256],[-3.3565,47.7277],[-3.3578,47.7245],[-3.3597,47.7256]]],[[[-3.2528,47.3882],[-3.2524,47.3899],[-3.2487,47.3889],[-3.2514,47.3868],[-3.2528,47.3882]]],[[[-3.1216,47.3231],[-3.1122,47.3244],[-3.1139,47.3229],[-3.1106,47.3185],[-3.0972,47.3154],[-3.0685,47.3172],[-3.0566,47.3096],[-3.0577,47.3067],[-3.0648,47.3074],[-3.0677,47.2961],[-3.0742,47.2935],[-3.0772,47.2946],[-3.0753,47.2933],[-3.0771,47.2883],[-3.0751,47.2868],[-3.0865,47.2835],[-3.093,47.2779],[-3.097,47.2799],[-3.0946,47.2835],[-3.1068,47.2852],[-3.108,47.2877],[-3.1132,47.288],[-3.1119,47.289],[-3.1172,47.2878],[-3.1192,47.2907],[-3.1301,47.2871],[-3.1307,47.2888],[-3.1426,47.2868],[-3.1377,47.2891],[-3.1395,47.2897],[-3.1385,47.2929],[-3.1417,47.2896],[-3.1501,47.294],[-3.1593,47.2924],[-3.16,47.2966],[-3.1676,47.2985],[-3.1668,47.3019],[-3.1822,47.2997],[-3.183,47.2953],[-3.1997,47.295],[-3.2022,47.2972],[-3.1981,47.301],[-3.2083,47.2965],[-3.2061,47.2936],[-3.2122,47.2955],[-3.2142,47.2932],[-3.222,47.2936],[-3.2203,47.2949],[-3.2253,47.2971],[-3.2221,47.298],[-3.2227,47.3],[-3.2288,47.3011],[-3.2257,47.3043],[-3.2306,47.3015],[-3.2363,47.3016],[-3.2411,47.3065],[-3.238,47.308],[-3.2415,47.3082],[-3.2395,47.3097],[-3.2442,47.3086],[-3.2484,47.3136],[-3.2497,47.3168],[-3.2434,47.3155],[-3.2437,47.3207],[-3.238,47.3192],[-3.2403,47.3226],[-3.2356,47.3261],[-3.2439,47.3285],[-3.2429,47.3322],[-3.2456,47.3299],[-3.2488,47.3307],[-3.2471,47.3347],[-3.2496,47.3334],[-3.2478,47.3355],[-3.2507,47.3355],[-3.2486,47.3364],[-3.2539,47.3357],[-3.2511,47.3399],[-3.2544,47.34],[-3.2577,47.345],[-3.2528,47.349],[-3.2637,47.3519],[-3.2601,47.3518],[-3.2628,47.3535],[-3.2592,47.3557],[-3.2632,47.3561],[-3.2575,47.358],[-3.263,47.3619],[-3.2596,47.3637],[-3.2615,47.3672],[-3.256,47.3685],[-3.263,47.3715],[-3.255,47.3731],[-3.2542,47.3683],[-3.2524,47.3723],[-3.2461,47.3713],[-3.2534,47.3756],[-3.2484,47.3796],[-3.2503,47.3804],[-3.248,47.3812],[-3.2503,47.3824],[-3.2493,47.3875],[-3.2451,47.3878],[-3.2417,47.383],[-3.2367,47.382],[-3.2359,47.3783],[-3.2293,47.3792],[-3.2255,47.3771],[-3.2185,47.3792],[-3.2197,47.376],[-3.2173,47.375],[-3.2223,47.3686],[-3.2184,47.3631],[-3.2195,47.3707],[-3.2167,47.3742],[-3.2068,47.3709],[-3.2009,47.3726],[-3.195,47.3654],[-3.1901,47.3651],[-3.191,47.363],[-3.1801,47.3642],[-3.1722,47.3618],[-3.1728,47.3595],[-3.1573,47.3646],[-3.1543,47.3509],[-3.1506,47.3473],[-3.1588,47.3483],[-3.1639,47.3456],[-3.1585,47.348],[-3.1512,47.347],[-3.1495,47.3432],[-3.1452,47.3427],[-3.1479,47.3328],[-3.1453,47.3338],[-3.136,47.3284],[-3.124,47.3289],[-3.1257,47.3267],[-3.1216,47.3231]]],[[[-3.1727,47.6875],[-3.1701,47.6888],[-3.1696,47.6859],[-3.1727,47.6875]]],[[[-3.1797,47.6875],[-3.1772,47.6896],[-3.1767,47.687],[-3.1797,47.6875]]],[[[-2.9949,47.3942],[-2.9917,47.3956],[-2.9944,47.3992],[-2.9909,47.4002],[-2.9937,47.4017],[-2.9909,47.4025],[-2.9885,47.3992],[-2.9809,47.4],[-2.9808,47.3974],[-2.9752,47.397],[-2.9756,47.3952],[-2.9682,47.3926],[-2.9615,47.3943],[-2.952,47.3907],[-2.9422,47.3941],[-2.9386,47.3931],[-2.9538,47.385],[-2.9538,47.3811],[-2.9498,47.3812],[-2.9491,47.3793],[-2.9502,47.3752],[-2.9562,47.378],[-2.9554,47.3808],[-2.9591,47.384],[-2.9743,47.3854],[-2.9858,47.3949],[-2.9933,47.3928],[-2.9949,47.3942]]],[[[-2.9989,47.3948],[-2.9954,47.3949],[-2.9973,47.393],[-2.9989,47.3948]]],[[[-2.8915,47.346],[-2.8836,47.3428],[-2.8751,47.3445],[-2.8765,47.3428],[-2.874,47.3429],[-2.8639,47.3491],[-2.8609,47.3411],[-2.8651,47.337],[-2.8747,47.3356],[-2.8763,47.333],[-2.8857,47.3324],[-2.8907,47.338],[-2.8872,47.3418],[-2.8915,47.346]]],[[[-2.8476,47.5548],[-2.8429,47.5609],[-2.844,47.5553],[-2.8476,47.5548]]],[[[-2.8325,47.5594],[-2.8309,47.5605],[-2.8288,47.5574],[-2.8311,47.5568],[-2.8325,47.5594]]],[[[-2.8506,47.5627],[-2.8467,47.5615],[-2.8493,47.5605],[-2.8506,47.5627]]],[[[-2.8896,47.5671],[-2.8871,47.572],[-2.8864,47.5672],[-2.8886,47.5654],[-2.8896,47.5671]]],[[[-2.9111,47.5758],[-2.9089,47.5773],[-2.9084,47.5694],[-2.9064,47.5685],[-2.9079,47.567],[-2.9098,47.5675],[-2.9111,47.5758]]],[[[-2.9007,47.5723],[-2.898,47.5772],[-2.8962,47.5767],[-2.8959,47.5725],[-2.9007,47.5723]]],[[[-2.8912,47.5772],[-2.8897,47.5825],[-2.8845,47.5825],[-2.8864,47.5807],[-2.8849,47.5784],[-2.8892,47.5748],[-2.8912,47.5772]]],[[[-2.9304,47.5812],[-2.9264,47.5782],[-2.929,47.5775],[-2.9304,47.5812]]],[[[-2.8621,47.569],[-2.8557,47.5844],[-2.8571,47.5902],[-2.8509,47.5976],[-2.8552,47.6005],[-2.8519,47.6015],[-2.8481,47.5984],[-2.8373,47.6072],[-2.8385,47.601],[-2.842,47.5977],[-2.8409,47.5938],[-2.8237,47.5909],[-2.8238,47.5887],[-2.8326,47.5901],[-2.8374,47.5874],[-2.8471,47.5897],[-2.8519,47.5831],[-2.8506,47.5779],[-2.8559,47.5737],[-2.8529,47.5724],[-2.853,47.5685],[-2.8488,47.5663],[-2.8591,47.5664],[-2.8576,47.561],[-2.8599,47.56],[-2.8621,47.569]]],[[[-2.9329,47.5851],[-2.928,47.5856],[-2.9295,47.5839],[-2.9329,47.5851]]],[[[-2.8522,47.6118],[-2.8509,47.6136],[-2.8455,47.6111],[-2.8472,47.6096],[-2.8522,47.6118]]],[[[-2.5334,48.1571],[-2.5091,48.1601],[-2.4878,48.1553],[-2.4841,48.1568],[-2.4891,48.16],[-2.4872,48.1669],[-2.4794,48.1677],[-2.4718,48.1598],[-2.4692,48.1625],[-2.4532,48.1635],[-2.4543,48.1694],[-2.4493,48.173],[-2.4198,48.1732],[-2.4058,48.1676],[-2.4043,48.1604],[-2.3999,48.1543],[-2.3745,48.1403],[-2.3757,48.1266],[-2.3664,48.1158],[-2.358,48.1111],[-2.3528,48.117],[-2.3519,48.1252],[-2.3489,48.1267],[-2.3381,48.1256],[-2.3365,48.1193],[-2.3218,48.1227],[-2.3237,48.1254],[-2.3204,48.128],[-2.3211,48.1331],[-2.3169,48.1356],[-2.2963,48.1351],[-2.2963,48.1319],[-2.2842,48.1329],[-2.2535,48.1064],[-2.2553,48.0972],[-2.2517,48.094],[-2.2536,48.0898],[-2.2479,48.0853],[-2.2554,48.0768],[-2.2551,48.0739],[-2.2577,48.0731],[-2.256,48.0631],[-2.2345,48.0633],[-2.2326,48.0691],[-2.2372,48.0751],[-2.2217,48.0786],[-2.2196,48.0809],[-2.1872,48.081],[-2.1809,48.0832],[-2.1713,48.0791],[-2.1685,48.0762],[-2.1722,48.0732],[-2.1704,48.0634],[-2.1813,48.0571],[-2.1882,48.0568],[-2.1886,48.0526],[-2.2252,48.0506],[-2.2423,48.0529],[-2.2636,48.0401],[-2.2798,48.0262],[-2.2827,48.0178],[-2.2746,48.0105],[-2.2814,48.0039],[-2.289,48.0009],[-2.287,47.9985],[-2.2876,47.9916],[-2.2368,47.9998],[-2.2261,47.9946],[-2.2192,47.9955],[-2.2162,47.993],[-2.2114,47.995],[-2.198,47.9907],[-2.1913,47.991],[-2.1856,47.9854],[-2.187,47.9829],[-2.1787,47.9799],[-2.144,47.984],[-2.1413,47.9802],[-2.1368,47.9791],[-2.1264,47.9644],[-2.1223,47.9645],[-2.1183,47.9602],[-2.1106,47.9599],[-2.1088,47.957],[-2.1103,47.953],[-2.1047,47.9523],[-2.1025,47.9482],[-2.0996,47.9482],[-2.1001,47.9444],[-2.0977,47.9416],[-2.1015,47.9392],[-2.0973,47.9365],[-2.0979,47.9331],[-2.0904,47.9304],[-2.0893,47.927],[-2.0784,47.9192],[-2.0813,47.9168],[-2.0805,47.9146],[-2.0854,47.9141],[-2.0817,47.9089],[-2.0857,47.9068],[-2.086,47.9035],[-2.0996,47.9004],[-2.1054,47.9025],[-2.1013,47.8949],[-2.1055,47.8932],[-2.1118,47.8949],[-2.1157,47.8902],[-2.1131,47.8877],[-2.1132,47.8831],[-2.1162,47.8806],[-2.1148,47.8777],[-2.0957,47.8618],[-2.1056,47.8586],[-2.1043,47.853],[-2.1096,47.8489],[-2.1021,47.844],[-2.0908,47.8435],[-2.0771,47.8505],[-2.0686,47.852],[-2.0644,47.8605],[-2.0549,47.8687],[-2.0508,47.857],[-2.0541,47.8542],[-2.0544,47.8503],[-2.0507,47.8459],[-2.0516,47.8406],[-2.0478,47.8364],[-2.0353,47.8328],[-2.042,47.8297],[-2.0401,47.8281],[-2.0457,47.8239],[-2.0494,47.817],[-2.0705,47.8117],[-2.0695,47.8025],[-2.0715,47.8019],[-2.0699,47.801],[-2.0723,47.7986],[-2.0736,47.7892],[-2.0799,47.7894],[-2.0837,47.7844],[-2.0961,47.7783],[-2.1098,47.7787],[-2.1088,47.7756],[-2.1111,47.771],[-2.1236,47.7715],[-2.1282,47.7688],[-2.1271,47.761],[-2.0845,47.7628],[-2.0856,47.7549],[-2.0838,47.75],[-2.0619,47.7514],[-2.0577,47.7427],[-2.0585,47.7381],[-2.1071,47.7375],[-2.1094,47.7359],[-2.1069,47.732],[-2.1127,47.7282],[-2.1314,47.7223],[-2.1186,47.7083],[-2.1249,47.6912],[-2.1213,47.6881],[-2.1224,47.6827],[-2.1036,47.6759],[-2.1029,47.6663],[-2.1119,47.6548],[-2.114,47.6482],[-2.1115,47.6455],[-2.1022,47.6441],[-2.0959,47.647],[-2.094,47.6396],[-2.0982,47.6373],[-2.1048,47.6385],[-2.1024,47.6341],[-2.0895,47.6273],[-2.0841,47.6181],[-2.0865,47.6035],[-2.1018,47.5963],[-2.1035,47.5933],[-2.0996,47.5804],[-2.1051,47.5775],[-2.1047,47.5753],[-2.1002,47.5771],[-2.0988,47.5722],[-2.0965,47.5725],[-2.0992,47.5583],[-2.1048,47.5489],[-2.0969,47.5407],[-2.0988,47.5335],[-2.1188,47.5281],[-2.1319,47.5312],[-2.1318,47.5267],[-2.156,47.522],[-2.1528,47.5103],[-2.1543,47.4964],[-2.1642,47.4892],[-2.1727,47.4921],[-2.1819,47.4905],[-2.1922,47.4967],[-2.1924,47.5002],[-2.1876,47.4992],[-2.1836,47.5017],[-2.1866,47.5072],[-2.1846,47.5122],[-2.2151,47.5085],[-2.2306,47.4978],[-2.2438,47.4939],[-2.2656,47.5018],[-2.2557,47.5064],[-2.2549,47.5116],[-2.2613,47.5138],[-2.2666,47.5105],[-2.2743,47.5127],[-2.2809,47.5095],[-2.2873,47.5133],[-2.2872,47.5157],[-2.2909,47.5133],[-2.2985,47.5159],[-2.2964,47.5123],[-2.299,47.5004],[-2.3041,47.4915],[-2.3131,47.4859],[-2.3144,47.4763],[-2.3117,47.4651],[-2.3174,47.4611],[-2.3496,47.4578],[-2.3532,47.4544],[-2.3682,47.4643],[-2.381,47.463],[-2.3893,47.4571],[-2.4004,47.4562],[-2.4168,47.4602],[-2.4177,47.4667],[-2.4231,47.4684],[-2.4182,47.4725],[-2.4231,47.4772],[-2.4296,47.4758],[-2.431,47.4743],[-2.4287,47.4726],[-2.4339,47.4726],[-2.4376,47.4658],[-2.4532,47.4625],[-2.4531,47.4561],[-2.4588,47.4477],[-2.4687,47.4496],[-2.4722,47.4455],[-2.4788,47.4449],[-2.4801,47.4413],[-2.4928,47.4479],[-2.4951,47.4539],[-2.5007,47.4584],[-2.494,47.4612],[-2.4949,47.4664],[-2.4903,47.4659],[-2.488,47.4711],[-2.5018,47.4884],[-2.4982,47.4952],[-2.4826,47.4959],[-2.4658,47.4872],[-2.4499,47.4909],[-2.4472,47.4946],[-2.4262,47.4943],[-2.4221,47.493],[-2.4272,47.4869],[-2.4236,47.4857],[-2.4218,47.4887],[-2.4238,47.4916],[-2.4207,47.493],[-2.4055,47.4895],[-2.4037,47.4951],[-2.3945,47.4952],[-2.4008,47.4968],[-2.3943,47.5011],[-2.386,47.497],[-2.3821,47.5001],[-2.389,47.5056],[-2.3873,47.5099],[-2.3892,47.5069],[-2.3947,47.5075],[-2.3915,47.5061],[-2.3985,47.5053],[-2.408,47.4989],[-2.4099,47.5066],[-2.4134,47.504],[-2.4108,47.5039],[-2.4125,47.5014],[-2.4092,47.4977],[-2.4134,47.4965],[-2.4185,47.4971],[-2.4216,47.5006],[-2.4393,47.4984],[-2.4665,47.5121],[-2.4806,47.5132],[-2.4853,47.5166],[-2.4961,47.5177],[-2.5021,47.5143],[-2.5042,47.517],[-2.5001,47.5184],[-2.5034,47.522],[-2.5171,47.527],[-2.5349,47.5236],[-2.5367,47.5247],[-2.5331,47.5286],[-2.5351,47.5291],[-2.5386,47.5263],[-2.5367,47.524],[-2.5436,47.5233],[-2.5449,47.518],[-2.5529,47.5139],[-2.5499,47.5106],[-2.5704,47.5164],[-2.597,47.5175],[-2.6061,47.5152],[-2.6095,47.5105],[-2.6077,47.5083],[-2.6203,47.5047],[-2.6322,47.5045],[-2.6338,47.5065],[-2.6317,47.5094],[-2.6397,47.5164],[-2.6632,47.5195],[-2.6681,47.5128],[-2.6655,47.5089],[-2.6812,47.4971],[-2.6806,47.4942],[-2.6754,47.4942],[-2.6749,47.4918],[-2.6822,47.4919],[-2.6827,47.4954],[-2.6953,47.5006],[-2.7256,47.5068],[-2.7385,47.5045],[-2.7412,47.5023],[-2.7401,47.5003],[-2.7827,47.495],[-2.7867,47.4925],[-2.7854,47.49],[-2.7922,47.4889],[-2.7929,47.4864],[-2.79,47.4873],[-2.7939,47.484],[-2.8057,47.4889],[-2.8161,47.4867],[-2.8505,47.4985],[-2.847,47.5119],[-2.8553,47.5184],[-2.8534,47.5188],[-2.8584,47.519],[-2.8604,47.5243],[-2.874,47.5338],[-2.8938,47.5384],[-2.897,47.5378],[-2.8978,47.5349],[-2.9036,47.5344],[-2.9047,47.5382],[-2.8925,47.5426],[-2.8911,47.5454],[-2.8957,47.5457],[-2.8948,47.5439],[-2.8985,47.5418],[-2.9096,47.5413],[-2.9194,47.5482],[-2.9081,47.5496],[-2.9101,47.5536],[-2.9149,47.5557],[-2.9093,47.5572],[-2.9078,47.5631],[-2.9035,47.5591],[-2.8974,47.5634],[-2.8945,47.5547],[-2.8909,47.5615],[-2.8831,47.5567],[-2.8842,47.5614],[-2.8807,47.5642],[-2.8763,47.5607],[-2.8787,47.5553],[-2.8753,47.5543],[-2.8673,47.5591],[-2.8703,47.5525],[-2.8582,47.5508],[-2.8571,47.5444],[-2.8628,47.5416],[-2.8549,47.5392],[-2.8539,47.5365],[-2.8484,47.5407],[-2.8444,47.5385],[-2.8469,47.5418],[-2.8537,47.5417],[-2.8481,47.5484],[-2.8393,47.5438],[-2.8266,47.5503],[-2.8259,47.5486],[-2.8305,47.5462],[-2.8293,47.5431],[-2.8177,47.5426],[-2.82,47.5438],[-2.8183,47.5481],[-2.8238,47.5511],[-2.8242,47.5569],[-2.8165,47.5561],[-2.8137,47.5532],[-2.8059,47.5559],[-2.8073,47.5409],[-2.8004,47.54],[-2.7994,47.5371],[-2.7964,47.5429],[-2.7999,47.5476],[-2.7877,47.5528],[-2.7847,47.5524],[-2.7855,47.5476],[-2.7835,47.5451],[-2.777,47.549],[-2.7763,47.5449],[-2.7812,47.5404],[-2.7754,47.5382],[-2.7682,47.5409],[-2.7685,47.5389],[-2.7645,47.5387],[-2.7684,47.5417],[-2.7675,47.5439],[-2.7614,47.5371],[-2.7516,47.5381],[-2.743,47.5441],[-2.7304,47.5432],[-2.7306,47.5477],[-2.7286,47.5483],[-2.7349,47.5531],[-2.7311,47.5542],[-2.7251,47.5635],[-2.7289,47.5681],[-2.7185,47.5722],[-2.7136,47.5798],[-2.7183,47.5833],[-2.7182,47.588],[-2.7215,47.591],[-2.7261,47.5908],[-2.7305,47.5938],[-2.7278,47.5956],[-2.7229,47.5916],[-2.7185,47.5922],[-2.7195,47.5962],[-2.7174,47.5984],[-2.7224,47.6039],[-2.7304,47.6018],[-2.7308,47.6055],[-2.7353,47.6035],[-2.7304,47.6001],[-2.7321,47.5988],[-2.7404,47.6051],[-2.7582,47.6128],[-2.7582,47.6155],[-2.7641,47.6157],[-2.7646,47.6139],[-2.7784,47.6189],[-2.7796,47.622],[-2.7784,47.6254],[-2.7748,47.6256],[-2.7667,47.6221],[-2.7638,47.623],[-2.7563,47.6179],[-2.7461,47.6192],[-2.7432,47.6144],[-2.7364,47.6139],[-2.7354,47.6158],[-2.7436,47.6224],[-2.7411,47.6261],[-2.7452,47.6292],[-2.7449,47.6321],[-2.7469,47.6315],[-2.7459,47.6211],[-2.7499,47.6214],[-2.7538,47.6283],[-2.7576,47.63],[-2.7581,47.6321],[-2.7546,47.6344],[-2.755,47.6382],[-2.7614,47.6408],[-2.7642,47.6316],[-2.7703,47.6303],[-2.7804,47.6323],[-2.7765,47.6271],[-2.7821,47.626],[-2.7824,47.6211],[-2.7954,47.6204],[-2.8012,47.617],[-2.8049,47.621],[-2.8125,47.6225],[-2.8359,47.6125],[-2.8283,47.6183],[-2.8328,47.6204],[-2.8396,47.6167],[-2.8502,47.6199],[-2.8553,47.6191],[-2.8531,47.6217],[-2.8593,47.6232],[-2.8662,47.6181],[-2.87,47.6209],[-2.8678,47.6167],[-2.8591,47.6185],[-2.8562,47.6146],[-2.8685,47.6071],[-2.8589,47.6022],[-2.8625,47.5969],[-2.8751,47.5988],[-2.8873,47.6038],[-2.8928,47.5963],[-2.8897,47.5963],[-2.8886,47.5924],[-2.8905,47.5818],[-2.8952,47.5815],[-2.8952,47.5847],[-2.898,47.5857],[-2.9056,47.582],[-2.9085,47.5841],[-2.9044,47.5857],[-2.9045,47.5893],[-2.9106,47.5922],[-2.9142,47.5917],[-2.9153,47.5868],[-2.9186,47.586],[-2.9179,47.5822],[-2.9257,47.586],[-2.927,47.5899],[-2.9254,47.5916],[-2.9278,47.5931],[-2.9268,47.6012],[-2.9297,47.6034],[-2.9374,47.5959],[-2.9341,47.5864],[-2.9384,47.5877],[-2.9383,47.5936],[-2.9428,47.6019],[-2.9464,47.6033],[-2.9464,47.6076],[-2.9504,47.6071],[-2.9509,47.61],[-2.9464,47.6127],[-2.9488,47.6139],[-2.9492,47.6215],[-2.9432,47.6257],[-2.9347,47.6254],[-2.9427,47.6293],[-2.9555,47.6261],[-2.9586,47.6274],[-2.9573,47.6326],[-2.9619,47.6349],[-2.9548,47.6388],[-2.9677,47.6387],[-2.9638,47.6457],[-2.9769,47.6598],[-2.9779,47.6567],[-2.9812,47.6556],[-2.9773,47.6522],[-2.9754,47.6454],[-2.9704,47.6445],[-2.9721,47.6389],[-2.9708,47.633],[-2.9625,47.6336],[-2.9604,47.6238],[-2.9551,47.6202],[-2.9565,47.617],[-2.9535,47.6127],[-2.9594,47.6152],[-2.9658,47.6113],[-2.9616,47.6099],[-2.9633,47.6076],[-2.9685,47.6059],[-2.9721,47.6075],[-2.9662,47.605],[-2.9642,47.601],[-2.9598,47.6011],[-2.9542,47.5974],[-2.958,47.5938],[-2.9609,47.5944],[-2.9651,47.5884],[-2.9623,47.588],[-2.9629,47.5847],[-2.9593,47.5808],[-2.9469,47.5788],[-2.9448,47.5745],[-2.9459,47.5713],[-2.9405,47.5672],[-2.9366,47.5681],[-2.9373,47.5602],[-2.9284,47.5593],[-2.9263,47.5571],[-2.9284,47.5541],[-2.9518,47.5561],[-2.951,47.5583],[-2.957,47.5652],[-2.9597,47.5617],[-2.9564,47.5609],[-2.9638,47.5569],[-2.9623,47.5536],[-2.9714,47.5588],[-2.9758,47.5587],[-2.9758,47.5611],[-2.9786,47.5619],[-2.9771,47.563],[-2.9745,47.5598],[-2.9684,47.5596],[-2.9757,47.5693],[-2.9708,47.5685],[-2.9709,47.5707],[-2.9805,47.5784],[-2.9854,47.577],[-2.9915,47.5806],[-2.9893,47.5837],[-2.994,47.5861],[-2.9948,47.5911],[-2.9994,47.5912],[-2.996,47.5879],[-2.9978,47.5845],[-2.9876,47.5661],[-2.9941,47.5718],[-2.9982,47.5698],[-2.9968,47.5664],[-3.0072,47.5683],[-3.0113,47.5747],[-3.0113,47.5805],[-3.025,47.5924],[-3.0285,47.5898],[-3.0264,47.5872],[-3.0243,47.588],[-3.027,47.587],[-3.0249,47.5847],[-3.0269,47.5825],[-3.0223,47.5794],[-3.0236,47.5734],[-3.0184,47.5671],[-3.0251,47.5682],[-3.0286,47.5734],[-3.0397,47.5737],[-3.0391,47.5786],[-3.041,47.5793],[-3.0422,47.5771],[-3.0525,47.5776],[-3.0522,47.575],[-3.0552,47.5731],[-3.0532,47.5693],[-3.061,47.5723],[-3.0777,47.5686],[-3.079,47.5709],[-3.0794,47.5676],[-3.0958,47.5635],[-3.0977,47.5691],[-3.1063,47.5738],[-3.106,47.5773],[-3.0964,47.578],[-3.0976,47.5752],[-3.0918,47.5739],[-3.0922,47.5796],[-3.1047,47.5806],[-3.1035,47.5849],[-3.1086,47.5848],[-3.1104,47.5876],[-3.1196,47.5912],[-3.1183,47.5933],[-3.1208,47.5931],[-3.1207,47.5961],[-3.125,47.5993],[-3.129,47.5981],[-3.1312,47.5959],[-3.1272,47.5934],[-3.1304,47.5894],[-3.1313,47.5749],[-3.1242,47.5721],[-3.1165,47.5773],[-3.1165,47.5799],[-3.115,47.5761],[-3.1256,47.5661],[-3.1297,47.5511],[-3.1341,47.5441],[-3.1311,47.5389],[-3.1334,47.5326],[-3.1321,47.5283],[-3.1282,47.5257],[-3.129,47.5206],[-3.1258,47.5211],[-3.1267,47.5135],[-3.1177,47.5098],[-3.1197,47.5023],[-3.1175,47.4965],[-3.1135,47.4959],[-3.1088,47.4889],[-3.1002,47.4891],[-3.1047,47.4888],[-3.1014,47.4846],[-3.0998,47.4879],[-3.1004,47.4858],[-3.0979,47.4866],[-3.0987,47.4892],[-3.0992,47.4846],[-3.0944,47.4831],[-3.0905,47.4733],[-3.0793,47.4691],[-3.0881,47.4698],[-3.0937,47.4736],[-3.1013,47.4713],[-3.1055,47.4738],[-3.1092,47.4709],[-3.1135,47.4772],[-3.1181,47.4792],[-3.1225,47.479],[-3.1226,47.4764],[-3.1253,47.478],[-3.1277,47.4756],[-3.1218,47.4757],[-3.1294,47.4752],[-3.1307,47.473],[-3.138,47.4805],[-3.1375,47.4831],[-3.1456,47.4834],[-3.1429,47.4845],[-3.1453,47.4886],[-3.1424,47.4918],[-3.1477,47.4941],[-3.149,47.5014],[-3.1514,47.5026],[-3.149,47.5088],[-3.1527,47.511],[-3.1508,47.5138],[-3.1531,47.5216],[-3.155,47.5238],[-3.16,47.5232],[-3.1584,47.5245],[-3.1624,47.5298],[-3.1541,47.5272],[-3.1475,47.5315],[-3.1465,47.53],[-3.1398,47.5378],[-3.1386,47.5427],[-3.1351,47.5444],[-3.1404,47.5796],[-3.1498,47.596],[-3.1601,47.6076],[-3.1974,47.6239],[-3.1995,47.6309],[-3.2101,47.6405],[-3.21,47.6448],[-3.2043,47.6491],[-3.208,47.6634],[-3.2046,47.6654],[-3.1922,47.6603],[-3.1871,47.6612],[-3.2091,47.6666],[-3.2085,47.67],[-3.2014,47.67],[-3.202,47.6719],[-3.1974,47.6734],[-3.1995,47.6759],[-3.1966,47.6788],[-3.1879,47.6772],[-3.1909,47.6816],[-3.1856,47.6852],[-3.1861,47.688],[-3.1836,47.6869],[-3.1856,47.6855],[-3.1831,47.6815],[-3.1712,47.6835],[-3.1681,47.6805],[-3.1623,47.68],[-3.1617,47.6844],[-3.1642,47.6865],[-3.1584,47.6898],[-3.155,47.6865],[-3.1499,47.6898],[-3.1512,47.6927],[-3.1669,47.6957],[-3.1727,47.6929],[-3.1845,47.6935],[-3.1994,47.6873],[-3.1981,47.6889],[-3.2,47.6912],[-3.2052,47.6891],[-3.2105,47.6911],[-3.2111,47.6987],[-3.2162,47.6958],[-3.2143,47.6901],[-3.2123,47.6915],[-3.2065,47.688],[-3.2105,47.6866],[-3.2111,47.6839],[-3.1983,47.6831],[-3.203,47.6777],[-3.201,47.6755],[-3.209,47.6761],[-3.2062,47.6716],[-3.2174,47.674],[-3.214,47.669],[-3.2189,47.666],[-3.2118,47.6617],[-3.2117,47.6589],[-3.2143,47.6589],[-3.2105,47.6544],[-3.214,47.6437],[-3.2713,47.6789],[-3.301,47.6897],[-3.343,47.6956],[-3.353,47.6929],[-3.3538,47.6912],[-3.3512,47.6904],[-3.3605,47.686],[-3.3592,47.6878],[-3.3619,47.6909],[-3.355,47.6942],[-3.3556,47.6988],[-3.3532,47.7014],[-3.3452,47.6959],[-3.339,47.6996],[-3.3315,47.6985],[-3.3267,47.7022],[-3.3233,47.6994],[-3.3146,47.6986],[-3.3176,47.697],[-3.3075,47.6936],[-3.3141,47.6936],[-3.2854,47.6861],[-3.2804,47.6866],[-3.2795,47.6892],[-3.2881,47.7023],[-3.2878,47.7051],[-3.2839,47.7041],[-3.2839,47.7065],[-3.2896,47.7084],[-3.2894,47.7055],[-3.2932,47.7062],[-3.29,47.7038],[-3.2933,47.7027],[-3.3044,47.7025],[-3.3081,47.7056],[-3.3125,47.7055],[-3.3089,47.7088],[-3.3102,47.71],[-3.3204,47.7047],[-3.327,47.7089],[-3.3322,47.7072],[-3.3443,47.7085],[-3.3462,47.705],[-3.3553,47.7029],[-3.3652,47.7107],[-3.3616,47.7092],[-3.3565,47.712],[-3.3528,47.7086],[-3.3505,47.7116],[-3.3548,47.712],[-3.352,47.7125],[-3.3511,47.7158],[-3.3463,47.7138],[-3.3429,47.7159],[-3.3439,47.7206],[-3.3518,47.7244],[-3.3442,47.7269],[-3.3458,47.7299],[-3.3491,47.7288],[-3.3479,47.7345],[-3.3218,47.7353],[-3.3144,47.7416],[-3.3151,47.7458],[-3.3063,47.748],[-3.3017,47.7582],[-3.3028,47.7626],[-3.2965,47.7713],[-3.2936,47.7687],[-3.2868,47.7682],[-3.2821,47.7765],[-3.2831,47.7803],[-3.2929,47.7845],[-3.2921,47.7896],[-3.2893,47.7923],[-3.276,47.7938],[-3.2761,47.7985],[-3.2776,47.7942],[-3.2954,47.7938],[-3.2901,47.7935],[-3.2965,47.7853],[-3.2958,47.7817],[-3.2911,47.7829],[-3.2873,47.7785],[-3.2873,47.7723],[-3.2917,47.7717],[-3.2952,47.7754],[-3.3001,47.7748],[-3.303,47.7653],[-3.3089,47.764],[-3.3163,47.7569],[-3.3199,47.7561],[-3.326,47.7593],[-3.3224,47.7492],[-3.3332,47.7431],[-3.3467,47.7421],[-3.3528,47.7594],[-3.3578,47.7626],[-3.3646,47.7611],[-3.3547,47.7573],[-3.3516,47.7506],[-3.3541,47.7496],[-3.3512,47.7486],[-3.3537,47.7468],[-3.3501,47.7443],[-3.3609,47.7451],[-3.3497,47.7422],[-3.3525,47.7412],[-3.3493,47.7404],[-3.3526,47.741],[-3.3563,47.7317],[-3.3642,47.7271],[-3.3624,47.7291],[-3.3663,47.7289],[-3.3686,47.7317],[-3.3657,47.7273],[-3.3708,47.7231],[-3.3677,47.7159],[-3.3745,47.713],[-3.3751,47.7088],[-3.3813,47.7076],[-3.3808,47.7048],[-3.3913,47.7008],[-3.4074,47.703],[-3.4175,47.7003],[-3.4262,47.7049],[-3.4316,47.7019],[-3.4282,47.6998],[-3.4342,47.7014],[-3.4363,47.6984],[-3.4443,47.6997],[-3.4457,47.6957],[-3.4531,47.6953],[-3.4577,47.6995],[-3.4611,47.6984],[-3.4623,47.7021],[-3.4592,47.7012],[-3.4589,47.7035],[-3.4627,47.7063],[-3.4692,47.7067],[-3.4711,47.7109],[-3.4763,47.7103],[-3.4753,47.7147],[-3.4845,47.7161],[-3.487,47.722],[-3.5006,47.731],[-3.499,47.7336],[-3.5122,47.753],[-3.5219,47.7581],[-3.5231,47.7623],[-3.5301,47.766],[-3.5257,47.7677],[-3.526,47.7706],[-3.5304,47.7723],[-3.5304,47.7792],[-3.5238,47.7895],[-3.5289,47.7896],[-3.5249,47.7916],[-3.5252,47.7959],[-3.5206,47.7986],[-3.5216,47.8015],[-3.5192,47.8032],[-3.5244,47.8044],[-3.5235,47.8104],[-3.5355,47.8131],[-3.5374,47.8166],[-3.5329,47.8204],[-3.5399,47.8227],[-3.5411,47.8293],[-3.5395,47.8366],[-3.5313,47.843],[-3.5264,47.843],[-3.5286,47.8456],[-3.5231,47.8495],[-3.519,47.8492],[-3.5219,47.8399],[-3.5161,47.8393],[-3.512,47.8321],[-3.4959,47.8284],[-3.4921,47.8243],[-3.4879,47.8237],[-3.475,47.8356],[-3.4577,47.8367],[-3.4541,47.8445],[-3.4491,47.8465],[-3.4519,47.8585],[-3.4483,47.8637],[-3.4397,47.8628],[-3.4321,47.8676],[-3.4193,47.8692],[-3.4112,47.8677],[-3.4108,47.8634],[-3.3982,47.8632],[-3.4042,47.8666],[-3.4013,47.8736],[-3.4037,47.8795],[-3.4022,47.8847],[-3.4085,47.8965],[-3.4043,47.8993],[-3.4051,47.9019],[-3.4193,47.9056],[-3.4052,47.9064],[-3.404,47.9089],[-3.4094,47.9098],[-3.409,47.916],[-3.4009,47.919],[-3.3939,47.9173],[-3.3869,47.9254],[-3.3895,47.9309],[-3.3983,47.9346],[-3.4017,47.9434],[-3.393,47.951],[-3.3919,47.9574],[-3.4024,47.9604],[-3.4036,47.967],[-3.4083,47.967],[-3.4151,47.9751],[-3.4213,47.9675],[-3.4337,47.9654],[-3.4456,47.9585],[-3.457,47.957],[-3.4605,47.9607],[-3.4621,47.9492],[-3.4674,47.9453],[-3.4668,47.9474],[-3.4777,47.9489],[-3.4812,47.9518],[-3.4818,47.958],[-3.4851,47.9597],[-3.4848,47.9668],[-3.4914,47.975],[-3.5192,47.9762],[-3.5252,47.9795],[-3.5316,47.9891],[-3.5463,47.9866],[-3.5494,47.9909],[-3.5587,47.9941],[-3.5607,47.9914],[-3.5768,47.9907],[-3.584,47.9845],[-3.5901,47.9895],[-3.5963,47.9906],[-3.608,47.9893],[-3.6189,47.9817],[-3.6281,47.9834],[-3.6311,47.9866],[-3.6331,47.9837],[-3.6358,47.9858],[-3.6408,47.9853],[-3.6408,47.991],[-3.6442,47.9934],[-3.6482,48.0064],[-3.6593,48.0141],[-3.6645,48.0227],[-3.6613,48.0237],[-3.6644,48.0294],[-3.662,48.0302],[-3.6637,48.0369],[-3.6713,48.0371],[-3.6698,48.0425],[-3.6757,48.0474],[-3.6734,48.0586],[-3.6869,48.0588],[-3.6921,48.0633],[-3.6992,48.0624],[-3.7086,48.0666],[-3.708,48.0696],[-3.6984,48.0687],[-3.6999,48.0754],[-3.7035,48.0784],[-3.7045,48.0868],[-3.695,48.0937],[-3.7045,48.0983],[-3.7144,48.0989],[-3.7255,48.095],[-3.7333,48.0964],[-3.7295,48.1048],[-3.7349,48.1113],[-3.7282,48.1169],[-3.717,48.121],[-3.724,48.1244],[-3.7207,48.1308],[-3.7088,48.1355],[-3.7146,48.1387],[-3.7146,48.1431],[-3.6977,48.1456],[-3.6958,48.1522],[-3.667,48.1524],[-3.6521,48.1567],[-3.6285,48.169],[-3.5882,48.1778],[-3.5692,48.1856],[-3.5643,48.1856],[-3.5557,48.1799],[-3.5456,48.1808],[-3.5357,48.178],[-3.5019,48.1807],[-3.477,48.1863],[-3.47,48.1773],[-3.4678,48.1783],[-3.4689,48.1799],[-3.4632,48.1816],[-3.4548,48.1804],[-3.4528,48.1774],[-3.4443,48.1814],[-3.445,48.1871],[-3.42,48.174],[-3.4238,48.1703],[-3.4296,48.1701],[-3.4384,48.1627],[-3.4389,48.1599],[-3.4352,48.1542],[-3.427,48.1522],[-3.4173,48.1456],[-3.4082,48.1488],[-3.4025,48.157],[-3.3967,48.1558],[-3.3933,48.1517],[-3.3755,48.1606],[-3.3742,48.1645],[-3.3497,48.1648],[-3.3439,48.171],[-3.3371,48.1719],[-3.3339,48.1655],[-3.3239,48.1607],[-3.3264,48.1535],[-3.3254,48.1502],[-3.3205,48.1488],[-3.3181,48.1489],[-3.3159,48.1557],[-3.2991,48.154],[-3.298,48.1557],[-3.2973,48.1515],[-3.2879,48.153],[-3.293,48.1499],[-3.2891,48.1495],[-3.2827,48.1414],[-3.2751,48.1436],[-3.2722,48.14],[-3.2669,48.1458],[-3.2594,48.1432],[-3.2566,48.1481],[-3.2414,48.1516],[-3.235,48.1504],[-3.2332,48.1468],[-3.2287,48.1497],[-3.2245,48.1488],[-3.2251,48.1464],[-3.2115,48.1425],[-3.2156,48.1484],[-3.2151,48.1539],[-3.2081,48.1539],[-3.2055,48.1599],[-3.1923,48.165],[-3.1754,48.1588],[-3.1656,48.1616],[-3.1593,48.168],[-3.1551,48.1585],[-3.1392,48.1641],[-3.1401,48.1667],[-3.1343,48.1684],[-3.1302,48.1769],[-3.137,48.1817],[-3.1368,48.19],[-3.1306,48.1957],[-3.1305,48.2003],[-3.1204,48.2004],[-3.1162,48.2032],[-3.1166,48.2063],[-3.1106,48.2055],[-3.1079,48.2085],[-3.1063,48.2054],[-3.0979,48.2062],[-3.0917,48.2021],[-3.0855,48.2043],[-3.0853,48.2082],[-3.0791,48.2109],[-3.0713,48.2053],[-3.055,48.2071],[-3.048,48.2027],[-3.0359,48.2037],[-3.029,48.1959],[-3.0148,48.1979],[-3.0204,48.1922],[-3.0115,48.183],[-3.0118,48.1721],[-2.9953,48.1708],[-3.0006,48.1643],[-2.9999,48.1606],[-2.9822,48.1604],[-2.97,48.1677],[-2.9422,48.1719],[-2.9329,48.168],[-2.9107,48.1658],[-2.9035,48.1626],[-2.8917,48.1649],[-2.883,48.1578],[-2.8824,48.153],[-2.8511,48.1413],[-2.8421,48.1407],[-2.8186,48.1472],[-2.8038,48.1451],[-2.8053,48.1399],[-2.7895,48.1313],[-2.7883,48.1238],[-2.7818,48.121],[-2.7835,48.1107],[-2.7764,48.1047],[-2.779,48.099],[-2.7735,48.0959],[-2.777,48.0944],[-2.7776,48.0907],[-2.7732,48.0865],[-2.7677,48.0893],[-2.7668,48.0937],[-2.7598,48.0986],[-2.7585,48.1101],[-2.7542,48.116],[-2.7512,48.1167],[-2.7511,48.1147],[-2.7444,48.1131],[-2.7244,48.1173],[-2.7249,48.1142],[-2.7035,48.1125],[-2.7011,48.1198],[-2.6971,48.1218],[-2.6952,48.1204],[-2.6764,48.1315],[-2.6677,48.133],[-2.6609,48.1308],[-2.6616,48.1268],[-2.6522,48.1195],[-2.6572,48.1152],[-2.6514,48.1132],[-2.6513,48.1076],[-2.6569,48.1064],[-2.6499,48.0975],[-2.6564,48.0931],[-2.6539,48.0874],[-2.6558,48.0841],[-2.6618,48.0823],[-2.6629,48.0751],[-2.6658,48.0718],[-2.6646,48.0693],[-2.6732,48.0631],[-2.6655,48.0563],[-2.6669,48.0517],[-2.6706,48.0509],[-2.6701,48.048],[-2.6656,48.0444],[-2.6589,48.0446],[-2.6573,48.0413],[-2.6616,48.0386],[-2.6556,48.0326],[-2.6541,48.0378],[-2.6489,48.0378],[-2.6438,48.0423],[-2.6455,48.0355],[-2.641,48.0347],[-2.636,48.0378],[-2.6285,48.0338],[-2.6258,48.0348],[-2.6099,48.0465],[-2.5899,48.0562],[-2.5814,48.0646],[-2.5785,48.0719],[-2.5644,48.0673],[-2.5618,48.0686],[-2.5638,48.0715],[-2.5612,48.0745],[-2.5474,48.0765],[-2.5521,48.0813],[-2.5494,48.0825],[-2.5487,48.0868],[-2.5517,48.0918],[-2.5481,48.0936],[-2.554,48.095],[-2.5549,48.0991],[-2.551,48.0981],[-2.5344,48.1066],[-2.536,48.1086],[-2.5318,48.1092],[-2.514,48.1322],[-2.5176,48.1405],[-2.5165,48.1425],[-2.5229,48.1435],[-2.5306,48.1494],[-2.5348,48.1552],[-2.5334,48.1571]]],[[[-2.807,47.5645],[-2.8045,47.5666],[-2.8032,47.5634],[-2.8049,47.5608],[-2.807,47.5645]]],[[[-2.795,47.5656],[-2.7937,47.5668],[-2.7888,47.5627],[-2.7931,47.5628],[-2.795,47.5656]]],[[[-2.7953,47.5716],[-2.792,47.5774],[-2.7938,47.5795],[-2.7909,47.5801],[-2.7911,47.5768],[-2.786,47.5755],[-2.7894,47.5712],[-2.7859,47.5686],[-2.7953,47.5716]]],[[[-2.75,47.5766],[-2.747,47.5789],[-2.7462,47.5763],[-2.75,47.5766]]],[[[-2.7383,47.5843],[-2.7264,47.5796],[-2.7238,47.5769],[-2.7254,47.574],[-2.7277,47.5726],[-2.7381,47.5807],[-2.7383,47.5843]]],[[[-2.816,47.5853],[-2.8124,47.5839],[-2.8081,47.587],[-2.8143,47.5915],[-2.8088,47.593],[-2.8129,47.599],[-2.8066,47.596],[-2.798,47.5973],[-2.7951,47.6],[-2.7962,47.6043],[-2.7927,47.6066],[-2.794,47.6015],[-2.7862,47.5996],[-2.7866,47.595],[-2.789,47.5939],[-2.7846,47.5917],[-2.7747,47.5934],[-2.7781,47.5864],[-2.7819,47.5908],[-2.7833,47.5897],[-2.7815,47.5892],[-2.7862,47.5895],[-2.7865,47.5929],[-2.7933,47.5935],[-2.7945,47.5908],[-2.7992,47.5893],[-2.7977,47.5877],[-2.8021,47.5862],[-2.803,47.5824],[-2.8096,47.5783],[-2.8133,47.5792],[-2.8115,47.5815],[-2.816,47.5853]]],[[[-2.7256,47.5999],[-2.7223,47.6003],[-2.7235,47.5986],[-2.7256,47.5999]]],[[[-2.7709,47.6106],[-2.7681,47.6125],[-2.7674,47.6082],[-2.7651,47.6101],[-2.7527,47.6045],[-2.7534,47.607],[-2.7525,47.6036],[-2.7536,47.6023],[-2.7649,47.6076],[-2.7698,47.6055],[-2.7709,47.6106]]],[[[-2.7862,47.6162],[-2.7842,47.6163],[-2.7848,47.618],[-2.7741,47.6138],[-2.7862,47.6162]]]]}},{"type":"Feature","properties":{"territoire":"29","nom":"Finistère","type":"departement"},"geometry":{"type":"MultiPolygon","coordinates":[[[[-5.1412,48.4493],[-5.1403,48.4522],[-5.1366,48.4529],[-5.1378,48.4552],[-5.1328,48.4557],[-5.1338,48.4578],[-5.1306,48.4605],[-5.1208,48.462],[-5.117,48.465],[-5.1073,48.4652],[-5.1062,48.4666],[-5.1096,48.4685],[-5.1056,48.4727],[-5.0949,48.4729],[-5.0953,48.475],[-5.0912,48.4765],[-5.0922,48.4742],[-5.0881,48.4724],[-5.0758,48.474],[-5.0696,48.4791],[-5.0764,48.4799],[-5.0743,48.4833],[-5.0635,48.4808],[-5.0662,48.4795],[-5.0614,48.4785],[-5.0601,48.4757],[-5.0536,48.4778],[-5.0503,48.4765],[-5.0577,48.4715],[-5.0528,48.4706],[-5.0541,48.4687],[-5.0567,48.4693],[-5.0587,48.4669],[-5.0543,48.4665],[-5.0549,48.465],[-5.0498,48.4667],[-5.0503,48.464],[-5.0478,48.4621],[-5.0435,48.4639],[-5.0444,48.4652],[-5.0344,48.4631],[-5.0406,48.4576],[-5.0508,48.459],[-5.0494,48.4579],[-5.0587,48.4527],[-5.0599,48.4495],[-5.0644,48.451],[-5.067,48.4493],[-5.0701,48.4522],[-5.0786,48.4489],[-5.0802,48.4514],[-5.0832,48.4469],[-5.087,48.4463],[-5.0887,48.4408],[-5.0946,48.4397],[-5.0954,48.4414],[-5.1027,48.4362],[-5.1115,48.4354],[-5.1182,48.4385],[-5.1097,48.4392],[-5.1087,48.4411],[-5.1118,48.4429],[-5.1065,48.4449],[-5.0983,48.4451],[-5.0977,48.448],[-5.0919,48.4502],[-5.0958,48.4531],[-5.0957,48.4558],[-5.0978,48.4535],[-5.0993,48.4566],[-5.1175,48.4513],[-5.1206,48.4534],[-5.1318,48.4482],[-5.1412,48.4493]]],[[[-5.1042,48.4812],[-5.1015,48.483],[-5.1023,48.481],[-5.0943,48.4823],[-5.0895,48.4799],[-5.0988,48.478],[-5.1042,48.4812]]],[[[-4.9871,48.4155],[-4.983,48.4206],[-4.9803,48.4189],[-4.9805,48.4154],[-4.9871,48.4155]]],[[[-5.0142,48.426],[-5.0128,48.4311],[-5.0109,48.4312],[-5.012,48.428],[-5.0102,48.4264],[-5.0123,48.4242],[-5.0142,48.426]]],[[[-4.8405,48.0318],[-4.8358,48.0322],[-4.838,48.0302],[-4.8405,48.0318]]],[[[-4.8713,48.0405],[-4.8668,48.0443],[-4.8625,48.041],[-4.8565,48.0411],[-4.8547,48.0384],[-4.8517,48.0407],[-4.8483,48.0361],[-4.8509,48.0352],[-4.8504,48.0333],[-4.8439,48.0325],[-4.8432,48.0345],[-4.8421,48.0322],[-4.8496,48.0317],[-4.8531,48.035],[-4.8561,48.032],[-4.8541,48.0363],[-4.8564,48.039],[-4.8655,48.0402],[-4.8666,48.0372],[-4.8713,48.0405]]],[[[-4.9112,48.3745],[-4.8973,48.376],[-4.893,48.3733],[-4.9054,48.3722],[-4.9112,48.3745]]],[[[-4.8876,48.3749],[-4.887,48.3773],[-4.8837,48.3741],[-4.8876,48.3749]]],[[[-4.9452,48.3699],[-4.9357,48.3754],[-4.9327,48.3741],[-4.9452,48.3699]]],[[[-4.8999,48.3806],[-4.8999,48.3833],[-4.8967,48.38],[-4.8999,48.3806]]],[[[-4.9671,48.3983],[-4.9563,48.4025],[-4.9592,48.3998],[-4.9548,48.398],[-4.9537,48.3933],[-4.9588,48.3903],[-4.9628,48.3912],[-4.9671,48.3983]]],[[[-4.9525,48.4007],[-4.9488,48.4027],[-4.9454,48.4013],[-4.9502,48.3979],[-4.9525,48.4007]]],[[[-4.8657,48.3422],[-4.8593,48.3457],[-4.8579,48.351],[-4.8503,48.3535],[-4.8482,48.357],[-4.842,48.3557],[-4.858,48.3456],[-4.8581,48.3414],[-4.8657,48.3422]]],[[[-4.7787,48.486],[-4.776,48.4857],[-4.7766,48.4837],[-4.7787,48.486]]],[[[-4.7781,48.5294],[-4.7737,48.5309],[-4.773,48.5282],[-4.7757,48.5269],[-4.7781,48.5294]]],[[[-4.5389,48.3024],[-4.5372,48.3044],[-4.5347,48.3032],[-4.5389,48.3024]]],[[[-4.6374,48.6005],[-4.6365,48.6023],[-4.6332,48.6001],[-4.6374,48.6005]]],[[[-4.5751,48.6105],[-4.5694,48.6078],[-4.57,48.606],[-4.5721,48.6048],[-4.5751,48.6105]]],[[[-4.5764,48.6151],[-4.5746,48.6188],[-4.5746,48.615],[-4.5764,48.6151]]],[[[-4.573,48.6213],[-4.5715,48.6226],[-4.5705,48.6208],[-4.573,48.6213]]],[[[-4.5951,48.6242],[-4.5952,48.6259],[-4.592,48.6256],[-4.5932,48.6223],[-4.5951,48.6242]]],[[[-4.3393,48.1025],[-4.3364,48.1026],[-4.3356,48.1],[-4.3393,48.1025]]],[[[-4.439,48.2247],[-4.4344,48.2279],[-4.4353,48.2241],[-4.439,48.2247]]],[[[-4.5586,48.6303],[-4.5549,48.6317],[-4.5554,48.6293],[-4.5509,48.6287],[-4.5561,48.6275],[-4.5586,48.6303]]],[[[-4.5721,48.6382],[-4.5697,48.6404],[-4.5665,48.6395],[-4.5686,48.6374],[-4.5692,48.6392],[-4.5701,48.6373],[-4.5721,48.6382]]],[[[-4.4375,48.6569],[-4.4367,48.6584],[-4.436,48.6561],[-4.4375,48.6569]]],[[[-4.0023,47.7071],[-3.9994,47.7107],[-3.9927,47.7083],[-3.9904,47.7029],[-3.9993,47.7015],[-3.9982,47.707],[-4.0023,47.7071]]],[[[-3.9586,47.714],[-3.9552,47.7246],[-3.9508,47.7202],[-3.9561,47.7151],[-3.9551,47.7126],[-3.9576,47.7119],[-3.9586,47.714]]],[[[-4.0129,47.7168],[-4.0114,47.7188],[-4.0072,47.7174],[-4.0129,47.7168]]],[[[-4.0058,47.7235],[-3.997,47.7253],[-4.0032,47.7221],[-4.0058,47.7235]]],[[[-4.1842,47.846],[-4.1814,47.8474],[-4.1765,47.8437],[-4.1765,47.8406],[-4.1842,47.846]]],[[[-3.641,47.9856],[-3.6331,47.9837],[-3.6311,47.9866],[-3.6281,47.9834],[-3.6189,47.9817],[-3.608,47.9893],[-3.5963,47.9906],[-3.5901,47.9895],[-3.584,47.9845],[-3.5768,47.9907],[-3.5607,47.9914],[-3.5587,47.9941],[-3.5494,47.9909],[-3.5463,47.9866],[-3.5316,47.9891],[-3.5252,47.9795],[-3.5192,47.9762],[-3.4914,47.975],[-3.4848,47.9668],[-3.4851,47.9597],[-3.4818,47.958],[-3.4812,47.9518],[-3.4777,47.9489],[-3.4668,47.9474],[-3.4674,47.9453],[-3.4621,47.9492],[-3.4605,47.9607],[-3.457,47.957],[-3.4456,47.9585],[-3.4337,47.9654],[-3.4213,47.9675],[-3.4151,47.9751],[-3.4083,47.967],[-3.4036,47.967],[-3.4024,47.9604],[-3.3919,47.9574],[-3.393,47.951],[-3.4017,47.9434],[-3.3983,47.9346],[-3.3895,47.9309],[-3.3869,47.9254],[-3.3939,47.9173],[-3.4009,47.919],[-3.409,47.916],[-3.4094,47.9098],[-3.404,47.9089],[-3.4052,47.9064],[-3.4193,47.9056],[-3.4051,47.9019],[-3.4043,47.8993],[-3.4085,47.8965],[-3.4022,47.8847],[-3.4037,47.8795],[-3.4013,47.8736],[-3.4042,47.8666],[-3.3982,47.8632],[-3.4108,47.8634],[-3.4112,47.8677],[-3.4193,47.8692],[-3.4321,47.8676],[-3.4397,47.8628],[-3.4483,47.8637],[-3.4519,47.8585],[-3.4491,47.8465],[-3.4541,47.8445],[-3.4577,47.8367],[-3.475,47.8356],[-3.4879,47.8237],[-3.4921,47.8243],[-3.4959,47.8284],[-3.512,47.8321],[-3.5161,47.8393],[-3.5219,47.8399],[-3.519,47.8492],[-3.5231,47.8495],[-3.5286,47.8456],[-3.5267,47.8427],[-3.5317,47.8428],[-3.5402,47.8356],[-3.54,47.8229],[-3.5329,47.8204],[-3.5374,47.8166],[-3.5355,47.8131],[-3.5235,47.8104],[-3.5244,47.8044],[-3.5192,47.8032],[-3.5216,47.8015],[-3.5206,47.7986],[-3.5273,47.797],[-3.5287,47.7923],[-3.5319,47.7907],[-3.5281,47.7865],[-3.5323,47.7834],[-3.5333,47.7758],[-3.5384,47.7755],[-3.5334,47.7744],[-3.5317,47.7689],[-3.5376,47.7659],[-3.5385,47.7628],[-3.5478,47.7661],[-3.5531,47.7631],[-3.5553,47.766],[-3.5602,47.7655],[-3.5627,47.7682],[-3.5728,47.7699],[-3.5802,47.7669],[-3.5984,47.7703],[-3.6029,47.7688],[-3.6087,47.772],[-3.6011,47.7791],[-3.6104,47.7737],[-3.6096,47.77],[-3.6127,47.7704],[-3.6124,47.7686],[-3.6207,47.7721],[-3.6264,47.77],[-3.6286,47.7717],[-3.6279,47.7746],[-3.6296,47.7723],[-3.6353,47.7746],[-3.6397,47.7736],[-3.639,47.7772],[-3.6453,47.774],[-3.649,47.7817],[-3.6448,47.7833],[-3.6383,47.7928],[-3.6429,47.7908],[-3.6457,47.7847],[-3.6512,47.7823],[-3.6522,47.7792],[-3.661,47.7799],[-3.663,47.7828],[-3.6686,47.7813],[-3.6704,47.7841],[-3.6678,47.7873],[-3.6687,47.7908],[-3.6687,47.7868],[-3.6713,47.7856],[-3.6695,47.7811],[-3.6726,47.7795],[-3.6719,47.7778],[-3.6773,47.7755],[-3.6823,47.7771],[-3.6831,47.7793],[-3.6934,47.7829],[-3.6951,47.7871],[-3.7007,47.7869],[-3.723,47.798],[-3.7203,47.8015],[-3.7232,47.8028],[-3.7179,47.8071],[-3.7131,47.8069],[-3.7079,47.8133],[-3.7029,47.8125],[-3.6991,47.8084],[-3.7008,47.8109],[-3.6987,47.8124],[-3.7022,47.8139],[-3.697,47.819],[-3.6851,47.8186],[-3.6805,47.8223],[-3.6718,47.8244],[-3.6644,47.8237],[-3.6659,47.8221],[-3.662,47.8225],[-3.6612,47.8199],[-3.6589,47.8226],[-3.6523,47.8198],[-3.6512,47.8217],[-3.6704,47.8255],[-3.6736,47.8287],[-3.6727,47.8261],[-3.6752,47.8243],[-3.6838,47.8235],[-3.6861,47.8205],[-3.6945,47.8205],[-3.697,47.8211],[-3.6974,47.8242],[-3.693,47.8274],[-3.6949,47.8318],[-3.6981,47.8318],[-3.6955,47.8278],[-3.7003,47.8247],[-3.6984,47.8219],[-3.7046,47.8173],[-3.7053,47.8138],[-3.7118,47.8147],[-3.7145,47.8098],[-3.7327,47.8031],[-3.7419,47.8123],[-3.744,47.8181],[-3.7408,47.8184],[-3.7446,47.8207],[-3.7426,47.8254],[-3.7476,47.8312],[-3.7459,47.8328],[-3.7494,47.8325],[-3.7507,47.8347],[-3.745,47.8356],[-3.7483,47.8376],[-3.747,47.8419],[-3.7426,47.8405],[-3.7509,47.8457],[-3.7474,47.8485],[-3.7479,47.8541],[-3.749,47.848],[-3.7553,47.844],[-3.7509,47.845],[-3.7487,47.8407],[-3.7526,47.8391],[-3.7539,47.8407],[-3.7554,47.8396],[-3.7526,47.8377],[-3.7573,47.8362],[-3.7518,47.8271],[-3.7494,47.8287],[-3.7496,47.8268],[-3.746,47.8267],[-3.7453,47.819],[-3.7513,47.8165],[-3.7556,47.8179],[-3.7564,47.8214],[-3.7561,47.8176],[-3.7591,47.8164],[-3.7547,47.8173],[-3.7516,47.8141],[-3.7472,47.8158],[-3.7448,47.814],[-3.7455,47.8091],[-3.7436,47.811],[-3.7413,47.8093],[-3.7394,47.8053],[-3.7406,47.802],[-3.7378,47.8003],[-3.7434,47.7964],[-3.7621,47.7902],[-3.7667,47.7943],[-3.7665,47.7917],[-3.7698,47.79],[-3.7882,47.7911],[-3.7999,47.7875],[-3.8066,47.789],[-3.8111,47.7942],[-3.8187,47.7964],[-3.8259,47.7968],[-3.8285,47.7933],[-3.8303,47.7961],[-3.839,47.7985],[-3.846,47.7924],[-3.8518,47.7926],[-3.8556,47.7901],[-3.8539,47.7921],[-3.8557,47.7938],[-3.8531,47.7931],[-3.8503,47.7972],[-3.8516,47.7988],[-3.8436,47.806],[-3.8504,47.8002],[-3.852,47.8026],[-3.8511,47.799],[-3.855,47.8043],[-3.8654,47.8094],[-3.8933,47.8332],[-3.9019,47.8344],[-3.9019,47.8404],[-3.8982,47.8419],[-3.8988,47.8467],[-3.8929,47.8465],[-3.8938,47.8421],[-3.8899,47.8441],[-3.8911,47.8479],[-3.8866,47.8492],[-3.9031,47.8493],[-3.9055,47.8516],[-3.9097,47.85],[-3.9106,47.8533],[-3.9191,47.8558],[-3.9133,47.8593],[-3.9079,47.8561],[-3.9012,47.8602],[-3.8988,47.8589],[-3.9003,47.8624],[-3.9055,47.8605],[-3.9078,47.8624],[-3.9067,47.8643],[-3.9114,47.8665],[-3.9116,47.8713],[-3.9066,47.8729],[-3.9085,47.8736],[-3.9055,47.8771],[-3.9174,47.8738],[-3.9138,47.869],[-3.9169,47.868],[-3.93,47.8711],[-3.9291,47.8744],[-3.9318,47.8805],[-3.9478,47.888],[-3.9413,47.8945],[-3.9498,47.8908],[-3.9458,47.9052],[-3.9536,47.8939],[-3.9592,47.8972],[-3.9707,47.8958],[-3.9728,47.8934],[-3.9762,47.8984],[-3.9736,47.8977],[-3.9737,47.9018],[-3.9772,47.8989],[-3.9794,47.9021],[-3.9818,47.8969],[-3.9786,47.8953],[-3.9825,47.8933],[-3.9922,47.8965],[-3.9875,47.8909],[-3.9816,47.8889],[-3.9713,47.8915],[-3.9901,47.883],[-3.9851,47.8758],[-3.9842,47.8696],[-3.9861,47.8669],[-3.984,47.861],[-3.9747,47.8551],[-3.9776,47.8537],[-4.0272,47.8502],[-4.0404,47.8444],[-4.059,47.8568],[-4.0889,47.8621],[-4.0743,47.8616],[-4.0518,47.8545],[-4.0588,47.8596],[-4.0567,47.8619],[-4.0637,47.8608],[-4.0632,47.8674],[-4.0669,47.863],[-4.0731,47.8647],[-4.0672,47.871],[-4.075,47.8675],[-4.0792,47.8691],[-4.0791,47.8735],[-4.0833,47.8741],[-4.0839,47.8722],[-4.0772,47.8667],[-4.088,47.8646],[-4.0907,47.861],[-4.0987,47.8624],[-4.1022,47.8666],[-4.1016,47.8703],[-4.1111,47.8714],[-4.1168,47.8769],[-4.1175,47.8794],[-4.1145,47.8824],[-4.1059,47.8813],[-4.1117,47.8847],[-4.1169,47.8837],[-4.1243,47.8881],[-4.1253,47.8914],[-4.1183,47.8932],[-4.1162,47.8968],[-4.124,47.8932],[-4.1263,47.8951],[-4.1281,47.8927],[-4.1329,47.8986],[-4.1414,47.9004],[-4.1416,47.9068],[-4.1439,47.9081],[-4.1422,47.9091],[-4.1446,47.9095],[-4.1392,47.9213],[-4.1395,47.9257],[-4.1308,47.9253],[-4.1295,47.9301],[-4.1119,47.9313],[-4.1128,47.9332],[-4.1087,47.9365],[-4.1086,47.9423],[-4.1041,47.9396],[-4.0995,47.943],[-4.096,47.9409],[-4.0965,47.9384],[-4.0818,47.9354],[-4.0795,47.9367],[-4.0767,47.9339],[-4.0691,47.9329],[-4.0766,47.9345],[-4.0782,47.9381],[-4.0866,47.9379],[-4.0954,47.9416],[-4.089,47.9457],[-4.083,47.9447],[-4.0881,47.947],[-4.0849,47.9503],[-4.0752,47.9481],[-4.0786,47.9521],[-4.084,47.9517],[-4.0812,47.9559],[-4.0844,47.9558],[-4.085,47.9518],[-4.0916,47.9491],[-4.0905,47.9465],[-4.0961,47.9422],[-4.1013,47.9445],[-4.1037,47.9421],[-4.1097,47.9426],[-4.108,47.9506],[-4.1023,47.9503],[-4.0975,47.9534],[-4.0949,47.9652],[-4.0961,47.9704],[-4.1007,47.9745],[-4.115,47.9763],[-4.1132,47.9771],[-4.1156,47.9839],[-4.1184,47.98],[-4.1171,47.9753],[-4.1126,47.9721],[-4.101,47.9707],[-4.1089,47.9639],[-4.1122,47.9665],[-4.1209,47.9654],[-4.1122,47.9607],[-4.1135,47.9547],[-4.1233,47.9535],[-4.1221,47.9515],[-4.1134,47.9526],[-4.112,47.9498],[-4.1146,47.947],[-4.1114,47.9414],[-4.1116,47.936],[-4.118,47.9315],[-4.1317,47.932],[-4.1325,47.9261],[-4.1412,47.9263],[-4.1421,47.9193],[-4.1501,47.9127],[-4.1482,47.9113],[-4.1518,47.9106],[-4.1476,47.9094],[-4.15,47.9079],[-4.1465,47.9045],[-4.1457,47.8974],[-4.1521,47.8978],[-4.1587,47.8943],[-4.1617,47.8974],[-4.1663,47.8956],[-4.1688,47.8998],[-4.1729,47.9007],[-4.1741,47.9076],[-4.1765,47.9071],[-4.1738,47.8992],[-4.1697,47.8965],[-4.1715,47.8945],[-4.1567,47.8917],[-4.1558,47.8954],[-4.1516,47.8946],[-4.1514,47.8908],[-4.1481,47.8892],[-4.1496,47.8936],[-4.1437,47.8958],[-4.1427,47.8935],[-4.1406,47.896],[-4.1304,47.89],[-4.1317,47.8871],[-4.1215,47.8826],[-4.1248,47.8782],[-4.1144,47.8714],[-4.1131,47.8623],[-4.1212,47.8647],[-4.1416,47.8591],[-4.1633,47.8483],[-4.169,47.8393],[-4.1711,47.841],[-4.1688,47.8418],[-4.1685,47.8496],[-4.1652,47.8522],[-4.1662,47.8565],[-4.1713,47.8621],[-4.1684,47.8655],[-4.1765,47.8724],[-4.1711,47.8729],[-4.1717,47.875],[-4.1786,47.8803],[-4.1847,47.8809],[-4.1828,47.8786],[-4.1846,47.8749],[-4.1955,47.8757],[-4.1923,47.8725],[-4.1919,47.8672],[-4.182,47.8673],[-4.1832,47.8634],[-4.1761,47.8547],[-4.178,47.8506],[-4.1932,47.8643],[-4.1899,47.8661],[-4.1913,47.8669],[-4.1944,47.8652],[-4.1976,47.8668],[-4.1951,47.8645],[-4.1972,47.8581],[-4.2043,47.8625],[-4.2058,47.8657],[-4.2041,47.8672],[-4.2217,47.8679],[-4.2109,47.8667],[-4.1986,47.8573],[-4.1942,47.8566],[-4.196,47.8565],[-4.192,47.8515],[-4.1875,47.8491],[-4.1837,47.8507],[-4.1835,47.8491],[-4.1917,47.8471],[-4.1805,47.8408],[-4.1793,47.8388],[-4.1853,47.8387],[-4.1824,47.8373],[-4.1831,47.8356],[-4.18,47.8363],[-4.1781,47.8329],[-4.175,47.833],[-4.1788,47.8373],[-4.1748,47.8381],[-4.1724,47.8368],[-4.1767,47.8357],[-4.1723,47.8341],[-4.1707,47.8342],[-4.1723,47.8361],[-4.168,47.8357],[-4.1591,47.8314],[-4.1632,47.8277],[-4.1615,47.8237],[-4.1671,47.8187],[-4.1653,47.8143],[-4.1757,47.8114],[-4.1737,47.8067],[-4.1923,47.7959],[-4.2021,47.7996],[-4.2109,47.7992],[-4.2075,47.8005],[-4.2132,47.8028],[-4.2143,47.8],[-4.211,47.7966],[-4.2146,47.7977],[-4.2134,47.7957],[-4.2164,47.7954],[-4.2107,47.7948],[-4.224,47.7915],[-4.2315,47.7937],[-4.2678,47.7903],[-4.2794,47.793],[-4.2848,47.7904],[-4.2738,47.7957],[-4.2742,47.7976],[-4.2713,47.7984],[-4.2723,47.8008],[-4.2752,47.7993],[-4.2749,47.7969],[-4.285,47.7915],[-4.2865,47.7932],[-4.2957,47.7928],[-4.2936,47.7971],[-4.3014,47.8013],[-4.3245,47.7978],[-4.345,47.7996],[-4.3504,47.7981],[-4.3498,47.794],[-4.3505,47.798],[-4.3549,47.7969],[-4.3541,47.7956],[-4.3748,47.7973],[-4.3749,47.8041],[-4.3719,47.8106],[-4.3787,47.8135],[-4.3749,47.815],[-4.3802,47.8151],[-4.3777,47.8174],[-4.3834,47.8135],[-4.3821,47.8124],[-4.3825,47.8149],[-4.3845,47.8129],[-4.3828,47.8113],[-4.3846,47.8122],[-4.3804,47.8175],[-4.3804,47.8216],[-4.3712,47.826],[-4.3679,47.8248],[-4.3665,47.8283],[-4.3624,47.8286],[-4.3613,47.826],[-4.3555,47.8269],[-4.3476,47.8329],[-4.3496,47.8371],[-4.3554,47.8365],[-4.3475,47.8376],[-4.3456,47.8404],[-4.355,47.8705],[-4.3654,47.8933],[-4.3882,47.9275],[-4.3998,47.9382],[-4.4085,47.9427],[-4.4205,47.9604],[-4.4446,47.9739],[-4.451,47.9812],[-4.4624,47.9859],[-4.4639,47.9843],[-4.4758,47.9859],[-4.483,47.9939],[-4.5021,48.0025],[-4.5163,48.0063],[-4.5253,48.0059],[-4.5349,48.0097],[-4.5371,48.0121],[-4.5322,48.021],[-4.5351,48.0246],[-4.5385,48.0233],[-4.535,48.0189],[-4.5415,48.0122],[-4.5408,48.0092],[-4.5408,48.0109],[-4.5494,48.0119],[-4.5547,48.0102],[-4.5573,48.0063],[-4.5511,48.0052],[-4.5563,48.0053],[-4.5664,47.9997],[-4.5769,48.0047],[-4.5923,48.0065],[-4.5915,48.0102],[-4.5982,48.0153],[-4.6085,48.016],[-4.6119,48.0186],[-4.6142,48.0168],[-4.623,48.0177],[-4.6224,48.0204],[-4.6278,48.0219],[-4.633,48.0296],[-4.641,48.0264],[-4.6428,48.0233],[-4.6494,48.0237],[-4.6506,48.0217],[-4.6634,48.0249],[-4.664,48.0269],[-4.6901,48.0263],[-4.6955,48.0287],[-4.6977,48.026],[-4.712,48.0343],[-4.7264,48.0329],[-4.7412,48.0402],[-4.7132,48.0415],[-4.7071,48.0445],[-4.7054,48.0492],[-4.7112,48.0514],[-4.7101,48.0532],[-4.7145,48.0532],[-4.7108,48.0555],[-4.7152,48.0578],[-4.7125,48.0594],[-4.7161,48.0621],[-4.7146,48.0651],[-4.6935,48.0598],[-4.6892,48.0617],[-4.6907,48.0654],[-4.6853,48.0608],[-4.6813,48.0627],[-4.6718,48.0605],[-4.6722,48.064],[-4.6677,48.0671],[-4.6698,48.0692],[-4.6652,48.0727],[-4.6627,48.0687],[-4.6557,48.0678],[-4.6505,48.07],[-4.6438,48.0671],[-4.6373,48.0689],[-4.6316,48.067],[-4.6288,48.0692],[-4.6312,48.0729],[-4.6214,48.0683],[-4.6142,48.0702],[-4.6146,48.072],[-4.6106,48.0715],[-4.6107,48.0736],[-4.6083,48.0724],[-4.6049,48.0761],[-4.5912,48.0737],[-4.592,48.0764],[-4.587,48.0782],[-4.5887,48.0796],[-4.5825,48.0798],[-4.5819,48.0824],[-4.5667,48.0821],[-4.5518,48.076],[-4.546,48.0777],[-4.5454,48.0826],[-4.5409,48.0813],[-4.5425,48.0838],[-4.5399,48.0836],[-4.5403,48.0877],[-4.5363,48.0899],[-4.5319,48.0866],[-4.523,48.0854],[-4.5209,48.0868],[-4.522,48.0912],[-4.5195,48.0879],[-4.5107,48.0894],[-4.5119,48.0908],[-4.5041,48.088],[-4.5021,48.09],[-4.5033,48.0915],[-4.498,48.088],[-4.4862,48.0864],[-4.4823,48.0915],[-4.4769,48.0927],[-4.4771,48.0958],[-4.4662,48.0958],[-4.4666,48.0993],[-4.457,48.0964],[-4.4496,48.0986],[-4.4334,48.0965],[-4.4296,48.0999],[-4.4231,48.1],[-4.4231,48.1034],[-4.416,48.1068],[-4.4059,48.1035],[-4.4038,48.1056],[-4.3857,48.1053],[-4.3743,48.1103],[-4.3626,48.1093],[-4.3524,48.1022],[-4.3409,48.1015],[-4.339,48.0981],[-4.3416,48.0959],[-4.3384,48.0969],[-4.3354,48.0946],[-4.3355,48.0973],[-4.3302,48.0966],[-4.3278,48.1003],[-4.3214,48.0994],[-4.3274,48.0999],[-4.3225,48.0968],[-4.3211,48.0986],[-4.3227,48.0952],[-4.3244,48.0969],[-4.3238,48.0931],[-4.3141,48.0926],[-4.3055,48.089],[-4.2968,48.0919],[-4.2991,48.0946],[-4.2857,48.1049],[-4.2804,48.1188],[-4.2834,48.12],[-4.2856,48.1262],[-4.279,48.1287],[-4.2763,48.1341],[-4.2677,48.1304],[-4.2715,48.137],[-4.2721,48.148],[-4.2761,48.1506],[-4.272,48.1519],[-4.2743,48.1556],[-4.2862,48.1557],[-4.2885,48.1591],[-4.2933,48.1576],[-4.2962,48.1592],[-4.2935,48.1643],[-4.2992,48.1677],[-4.2923,48.1685],[-4.291,48.1761],[-4.3037,48.1963],[-4.3124,48.1972],[-4.3163,48.2039],[-4.3278,48.202],[-4.3267,48.2042],[-4.3346,48.2072],[-4.3591,48.205],[-4.3743,48.2066],[-4.369,48.2097],[-4.3779,48.2188],[-4.3866,48.2196],[-4.3922,48.2172],[-4.3925,48.2204],[-4.415,48.2232],[-4.4138,48.2256],[-4.4182,48.2276],[-4.4219,48.2266],[-4.4263,48.2297],[-4.4339,48.2284],[-4.4285,48.2345],[-4.4322,48.2379],[-4.442,48.2343],[-4.4359,48.2339],[-4.4374,48.2319],[-4.4338,48.2328],[-4.4329,48.2305],[-4.4483,48.2358],[-4.4607,48.2352],[-4.4644,48.2395],[-4.4738,48.2361],[-4.4861,48.2345],[-4.4892,48.2363],[-4.4982,48.2332],[-4.5041,48.2254],[-4.4947,48.2229],[-4.4935,48.2258],[-4.4955,48.2221],[-4.4937,48.2207],[-4.4981,48.2165],[-4.5032,48.2163],[-4.5105,48.2118],[-4.5152,48.2046],[-4.5111,48.2012],[-4.5149,48.2011],[-4.5209,48.1954],[-4.5183,48.1919],[-4.5225,48.1913],[-4.5272,48.1855],[-4.5404,48.1808],[-4.5388,48.1769],[-4.5418,48.1739],[-4.5392,48.171],[-4.5417,48.1683],[-4.5594,48.1699],[-4.5571,48.1743],[-4.56,48.1767],[-4.5508,48.1819],[-4.5528,48.1851],[-4.5551,48.1848],[-4.5509,48.187],[-4.5511,48.1892],[-4.5547,48.1902],[-4.5497,48.1942],[-4.5541,48.2063],[-4.552,48.209],[-4.555,48.2131],[-4.5587,48.2124],[-4.5566,48.216],[-4.5607,48.2195],[-4.5585,48.2243],[-4.5626,48.2283],[-4.5615,48.2303],[-4.5646,48.2323],[-4.5724,48.2312],[-4.5705,48.2347],[-4.5737,48.2357],[-4.5674,48.235],[-4.5657,48.2374],[-4.5615,48.2356],[-4.5545,48.2395],[-4.5454,48.2404],[-4.5435,48.2492],[-4.5488,48.2551],[-4.5602,48.2593],[-4.5638,48.2555],[-4.5771,48.2545],[-4.5823,48.2507],[-4.5885,48.2536],[-4.5965,48.252],[-4.5957,48.2553],[-4.6021,48.2576],[-4.6029,48.2604],[-4.6124,48.2622],[-4.6181,48.261],[-4.6226,48.2526],[-4.6216,48.2555],[-4.6258,48.2573],[-4.6231,48.2577],[-4.6251,48.2591],[-4.6163,48.2676],[-4.6178,48.2687],[-4.6154,48.2741],[-4.6197,48.278],[-4.6306,48.28],[-4.6159,48.2817],[-4.612,48.2799],[-4.6076,48.2864],[-4.601,48.2877],[-4.6009,48.2824],[-4.5884,48.2809],[-4.5915,48.2791],[-4.5983,48.2812],[-4.5952,48.2763],[-4.5921,48.275],[-4.5887,48.2772],[-4.5877,48.2749],[-4.5774,48.2782],[-4.5748,48.2822],[-4.5699,48.2823],[-4.5661,48.2886],[-4.5696,48.2937],[-4.568,48.296],[-4.5736,48.2995],[-4.5709,48.3005],[-4.5706,48.3055],[-4.5743,48.3066],[-4.5723,48.3068],[-4.5736,48.3097],[-4.5762,48.3098],[-4.5736,48.3128],[-4.5765,48.3169],[-4.5819,48.3194],[-4.5774,48.3226],[-4.5785,48.3249],[-4.5706,48.3271],[-4.5711,48.3303],[-4.5632,48.3316],[-4.5554,48.3383],[-4.5323,48.3417],[-4.5384,48.3315],[-4.5453,48.3253],[-4.5436,48.3201],[-4.5462,48.3176],[-4.5452,48.3143],[-4.5508,48.3061],[-4.5559,48.3042],[-4.5565,48.3003],[-4.5489,48.2922],[-4.5412,48.2902],[-4.5377,48.2928],[-4.5391,48.2892],[-4.542,48.29],[-4.5358,48.284],[-4.5224,48.2899],[-4.5224,48.2923],[-4.5262,48.2924],[-4.5261,48.2951],[-4.5178,48.2977],[-4.5067,48.3109],[-4.4991,48.3111],[-4.4958,48.31],[-4.4955,48.3075],[-4.4996,48.3106],[-4.5015,48.3058],[-4.4975,48.3047],[-4.5018,48.3056],[-4.5121,48.2978],[-4.5111,48.2963],[-4.5183,48.2941],[-4.5152,48.2903],[-4.5055,48.287],[-4.5091,48.2844],[-4.5039,48.2812],[-4.4696,48.2874],[-4.4634,48.2909],[-4.467,48.2921],[-4.4609,48.2946],[-4.4582,48.2921],[-4.4477,48.291],[-4.4266,48.2909],[-4.4193,48.2937],[-4.4182,48.2906],[-4.4214,48.2865],[-4.4187,48.2837],[-4.4157,48.2847],[-4.4179,48.2837],[-4.4118,48.2771],[-4.3964,48.2746],[-4.3661,48.278],[-4.3535,48.286],[-4.3411,48.2863],[-4.3387,48.2856],[-4.3391,48.2833],[-4.3308,48.2903],[-4.3224,48.2913],[-4.3083,48.2972],[-4.2882,48.2988],[-4.2937,48.2973],[-4.2722,48.296],[-4.2646,48.2927],[-4.266,48.2844],[-4.2704,48.285],[-4.2731,48.2889],[-4.2803,48.2898],[-4.2847,48.2883],[-4.2864,48.2832],[-4.2896,48.2814],[-4.2844,48.2782],[-4.289,48.2733],[-4.2809,48.275],[-4.2788,48.2717],[-4.2611,48.2671],[-4.2553,48.2631],[-4.2705,48.258],[-4.2547,48.2595],[-4.2529,48.2569],[-4.2576,48.2561],[-4.2452,48.2539],[-4.2486,48.2504],[-4.2446,48.2508],[-4.2429,48.2487],[-4.241,48.2509],[-4.2284,48.2513],[-4.2183,48.2586],[-4.2141,48.2528],[-4.2146,48.2481],[-4.2127,48.2482],[-4.212,48.2446],[-4.2148,48.2425],[-4.2085,48.2421],[-4.206,48.2376],[-4.2109,48.2472],[-4.2033,48.2448],[-4.2006,48.2457],[-4.2008,48.2495],[-4.2081,48.2511],[-4.2087,48.2559],[-4.2137,48.2602],[-4.224,48.2606],[-4.2393,48.2539],[-4.2483,48.2654],[-4.28,48.2789],[-4.2773,48.281],[-4.261,48.2797],[-4.2396,48.2887],[-4.2375,48.2869],[-4.2387,48.2904],[-4.2333,48.2919],[-4.228,48.2909],[-4.2257,48.2872],[-4.2164,48.2901],[-4.2106,48.2894],[-4.2108,48.2913],[-4.2027,48.2942],[-4.1956,48.2917],[-4.191,48.2948],[-4.1892,48.2932],[-4.1883,48.2953],[-4.1786,48.2969],[-4.1952,48.2986],[-4.1959,48.297],[-4.2123,48.298],[-4.2226,48.296],[-4.2389,48.2989],[-4.2362,48.3021],[-4.2412,48.3056],[-4.241,48.3077],[-4.2206,48.3141],[-4.2314,48.3144],[-4.2331,48.3119],[-4.2451,48.3111],[-4.2449,48.3063],[-4.249,48.3024],[-4.2464,48.299],[-4.255,48.3059],[-4.2599,48.3066],[-4.2556,48.3078],[-4.2558,48.3096],[-4.2608,48.3094],[-4.2593,48.3075],[-4.2719,48.3088],[-4.282,48.3126],[-4.2758,48.3165],[-4.2665,48.3182],[-4.2665,48.3208],[-4.2542,48.3217],[-4.2423,48.3288],[-4.2527,48.3259],[-4.2555,48.3275],[-4.2609,48.3234],[-4.2658,48.3242],[-4.2714,48.3212],[-4.2684,48.3206],[-4.2706,48.3195],[-4.2769,48.3211],[-4.2803,48.319],[-4.2833,48.3204],[-4.2834,48.3231],[-4.2832,48.317],[-4.2867,48.3168],[-4.293,48.3116],[-4.3088,48.3161],[-4.3069,48.3188],[-4.3117,48.3169],[-4.3094,48.3146],[-4.3249,48.3157],[-4.3345,48.3152],[-4.3326,48.314],[-4.3354,48.3133],[-4.336,48.3169],[-4.3327,48.3169],[-4.3293,48.3205],[-4.3262,48.3197],[-4.3246,48.3235],[-4.3186,48.3222],[-4.3168,48.3256],[-4.3191,48.3256],[-4.3193,48.3234],[-4.3199,48.3262],[-4.3232,48.3261],[-4.3193,48.329],[-4.3093,48.3272],[-4.3018,48.3316],[-4.3077,48.3331],[-4.3162,48.3314],[-4.3173,48.3352],[-4.3073,48.3381],[-4.3004,48.3373],[-4.2907,48.342],[-4.2861,48.341],[-4.2784,48.3443],[-4.2833,48.3463],[-4.283,48.3432],[-4.284,48.347],[-4.2884,48.349],[-4.2917,48.3477],[-4.2925,48.3504],[-4.2672,48.3545],[-4.2613,48.3617],[-4.2644,48.3581],[-4.2749,48.3554],[-4.2868,48.3564],[-4.2855,48.3547],[-4.2873,48.3531],[-4.2943,48.3535],[-4.2989,48.3566],[-4.3065,48.3546],[-4.3048,48.3521],[-4.3073,48.3483],[-4.2993,48.347],[-4.2991,48.3453],[-4.3192,48.3433],[-4.3301,48.3389],[-4.3312,48.3464],[-4.326,48.3497],[-4.327,48.3521],[-4.3174,48.3622],[-4.332,48.3513],[-4.3451,48.3478],[-4.3417,48.3475],[-4.3414,48.3452],[-4.3464,48.3424],[-4.3503,48.3445],[-4.3535,48.3427],[-4.3558,48.3449],[-4.3454,48.3517],[-4.3467,48.3525],[-4.3406,48.3585],[-4.367,48.345],[-4.3697,48.3381],[-4.3691,48.3357],[-4.3662,48.3363],[-4.3737,48.3313],[-4.3717,48.3281],[-4.3777,48.3253],[-4.4181,48.3244],[-4.4047,48.3372],[-4.3961,48.3409],[-4.3925,48.3402],[-4.3907,48.3429],[-4.4011,48.3423],[-4.4082,48.3386],[-4.4056,48.3365],[-4.4132,48.3384],[-4.4209,48.333],[-4.4411,48.3269],[-4.4479,48.3254],[-4.4589,48.3269],[-4.4487,48.3299],[-4.4477,48.3353],[-4.4504,48.3365],[-4.4392,48.3414],[-4.439,48.344],[-4.4441,48.3449],[-4.4425,48.3461],[-4.4449,48.3495],[-4.4412,48.3539],[-4.4362,48.3553],[-4.4372,48.36],[-4.4304,48.365],[-4.4179,48.3688],[-4.4081,48.3777],[-4.4078,48.3812],[-4.3813,48.3923],[-4.3673,48.395],[-4.361,48.4013],[-4.3413,48.4036],[-4.3225,48.4137],[-4.3109,48.4169],[-4.2867,48.4334],[-4.2813,48.4314],[-4.2822,48.4344],[-4.2695,48.4418],[-4.2727,48.4436],[-4.2697,48.4451],[-4.278,48.4421],[-4.2794,48.4375],[-4.2938,48.4341],[-4.3027,48.4281],[-4.3011,48.4263],[-4.3091,48.4254],[-4.3145,48.4198],[-4.3291,48.4178],[-4.3288,48.4153],[-4.3324,48.4143],[-4.3385,48.4148],[-4.3475,48.4073],[-4.3612,48.41],[-4.3604,48.4086],[-4.3691,48.4064],[-4.3691,48.4014],[-4.3836,48.3964],[-4.393,48.3974],[-4.4017,48.3898],[-4.4291,48.3977],[-4.4343,48.3955],[-4.4339,48.3921],[-4.4303,48.3923],[-4.4334,48.392],[-4.4332,48.3894],[-4.4304,48.3897],[-4.4335,48.389],[-4.4355,48.3833],[-4.4426,48.3797],[-4.449,48.3804],[-4.4459,48.3833],[-4.4499,48.3852],[-4.4537,48.3814],[-4.452,48.3856],[-4.4558,48.3823],[-4.4524,48.3863],[-4.456,48.3875],[-4.4595,48.3845],[-4.4574,48.3879],[-4.4674,48.381],[-4.4739,48.3833],[-4.4752,48.3793],[-4.4772,48.3832],[-4.4753,48.3854],[-4.482,48.3826],[-4.4815,48.381],[-4.4839,48.3827],[-4.4882,48.3812],[-4.485,48.378],[-4.489,48.3808],[-4.4972,48.3762],[-4.496,48.3779],[-4.4977,48.3765],[-4.5054,48.379],[-4.5021,48.3771],[-4.5062,48.3783],[-4.5033,48.376],[-4.5238,48.3657],[-4.518,48.3628],[-4.507,48.3669],[-4.5082,48.3648],[-4.4907,48.3684],[-4.5183,48.3625],[-4.5245,48.366],[-4.5303,48.3635],[-4.5336,48.3579],[-4.5376,48.3573],[-4.5538,48.362],[-4.5503,48.3585],[-4.5541,48.36],[-4.5586,48.3544],[-4.5648,48.3562],[-4.5671,48.355],[-4.5668,48.352],[-4.5721,48.3493],[-4.5864,48.3485],[-4.5867,48.3465],[-4.6086,48.3381],[-4.6146,48.3373],[-4.6157,48.3398],[-4.628,48.3376],[-4.6327,48.3403],[-4.6326,48.3437],[-4.6367,48.3429],[-4.6399,48.3472],[-4.6432,48.3446],[-4.651,48.345],[-4.6646,48.3525],[-4.6809,48.3558],[-4.6844,48.3532],[-4.691,48.3548],[-4.7012,48.3499],[-4.7034,48.3454],[-4.701,48.3452],[-4.7015,48.3429],[-4.699,48.3421],[-4.7007,48.3393],[-4.6981,48.3382],[-4.7058,48.3363],[-4.7098,48.3307],[-4.7292,48.33],[-4.7384,48.3335],[-4.7456,48.3295],[-4.7697,48.3284],[-4.7742,48.3307],[-4.7715,48.3355],[-4.7758,48.3359],[-4.7701,48.3477],[-4.7814,48.3536],[-4.7781,48.3564],[-4.783,48.3597],[-4.7671,48.3618],[-4.766,48.3636],[-4.7901,48.362],[-4.785,48.3659],[-4.7881,48.3666],[-4.7863,48.3684],[-4.7792,48.3642],[-4.7691,48.3652],[-4.761,48.3723],[-4.7625,48.3772],[-4.7609,48.3784],[-4.766,48.3804],[-4.7626,48.3833],[-4.7704,48.3841],[-4.7764,48.3902],[-4.7769,48.3922],[-4.774,48.3934],[-4.7738,48.4055],[-4.778,48.4072],[-4.785,48.4048],[-4.7836,48.4074],[-4.7954,48.4149],[-4.7841,48.43],[-4.7857,48.4359],[-4.7799,48.4395],[-4.7796,48.4432],[-4.7762,48.4437],[-4.7794,48.4465],[-4.7825,48.4433],[-4.7834,48.4459],[-4.7786,48.4479],[-4.78,48.451],[-4.7719,48.4552],[-4.7699,48.4617],[-4.7714,48.4633],[-4.7679,48.4621],[-4.7618,48.4694],[-4.7575,48.4685],[-4.7595,48.4598],[-4.7555,48.4655],[-4.7528,48.4642],[-4.7534,48.4703],[-4.7321,48.4712],[-4.7335,48.4728],[-4.7308,48.4741],[-4.7194,48.4745],[-4.7168,48.469],[-4.7177,48.4743],[-4.7202,48.4758],[-4.7465,48.4723],[-4.751,48.4743],[-4.7564,48.4734],[-4.7571,48.4703],[-4.7635,48.4721],[-4.7675,48.4781],[-4.7708,48.4792],[-4.7667,48.4809],[-4.775,48.4846],[-4.7719,48.4845],[-4.7713,48.4868],[-4.7757,48.4886],[-4.7743,48.493],[-4.78,48.4977],[-4.7757,48.5011],[-4.7781,48.5049],[-4.7666,48.5108],[-4.7701,48.5128],[-4.77,48.5164],[-4.7763,48.5144],[-4.778,48.5167],[-4.7729,48.5193],[-4.7667,48.5158],[-4.7637,48.5199],[-4.7696,48.5216],[-4.7653,48.5234],[-4.7628,48.5197],[-4.7581,48.5208],[-4.7599,48.5237],[-4.7633,48.523],[-4.7598,48.526],[-4.7655,48.528],[-4.7634,48.5282],[-4.7645,48.531],[-4.7575,48.5299],[-4.7565,48.5322],[-4.7589,48.5344],[-4.7494,48.5279],[-4.7462,48.5291],[-4.7505,48.531],[-4.7489,48.5369],[-4.753,48.5439],[-4.7498,48.5433],[-4.7355,48.5498],[-4.731,48.5562],[-4.7157,48.5596],[-4.7177,48.5559],[-4.7127,48.5536],[-4.7083,48.5555],[-4.7043,48.55],[-4.7046,48.554],[-4.6993,48.5563],[-4.7069,48.5572],[-4.7028,48.5608],[-4.7048,48.564],[-4.701,48.5658],[-4.7048,48.5701],[-4.6973,48.5717],[-4.6931,48.5695],[-4.6901,48.5724],[-4.6844,48.5722],[-4.6857,48.5687],[-4.6801,48.5665],[-4.6718,48.5708],[-4.6705,48.5761],[-4.6638,48.5713],[-4.6529,48.5706],[-4.6261,48.5789],[-4.625,48.5749],[-4.6156,48.5759],[-4.6128,48.5729],[-4.5967,48.5717],[-4.5952,48.5629],[-4.5909,48.5598],[-4.5916,48.557],[-4.5973,48.5562],[-4.5928,48.5562],[-4.5954,48.5533],[-4.5862,48.5564],[-4.5796,48.5553],[-4.5853,48.5598],[-4.5562,48.56],[-4.5455,48.5552],[-4.5424,48.5572],[-4.5405,48.5545],[-4.5348,48.5542],[-4.5356,48.5511],[-4.5309,48.5511],[-4.5305,48.5479],[-4.5286,48.551],[-4.5318,48.5528],[-4.5275,48.5549],[-4.5051,48.5459],[-4.5081,48.5482],[-4.5082,48.5526],[-4.503,48.5527],[-4.5145,48.551],[-4.5168,48.5547],[-4.5272,48.5563],[-4.5252,48.5583],[-4.5345,48.5546],[-4.5392,48.5624],[-4.5479,48.5579],[-4.553,48.5607],[-4.5526,48.5649],[-4.5536,48.5623],[-4.5596,48.5606],[-4.5871,48.5626],[-4.5899,48.5717],[-4.5938,48.5745],[-4.6086,48.5748],[-4.6124,48.5783],[-4.6074,48.579],[-4.603,48.5849],[-4.6048,48.5883],[-4.6087,48.5887],[-4.6051,48.5912],[-4.6081,48.5968],[-4.6043,48.6024],[-4.6063,48.6048],[-4.6016,48.6049],[-4.5971,48.6084],[-4.594,48.6041],[-4.5861,48.6025],[-4.5878,48.5998],[-4.5942,48.598],[-4.5957,48.5933],[-4.5726,48.5958],[-4.5625,48.5995],[-4.5571,48.5943],[-4.5433,48.5986],[-4.5284,48.5947],[-4.5289,48.5923],[-4.5268,48.5938],[-4.5227,48.5922],[-4.5214,48.5845],[-4.5152,48.5866],[-4.5154,48.5884],[-4.5209,48.5894],[-4.5214,48.5934],[-4.5166,48.5939],[-4.5365,48.5978],[-4.5406,48.6013],[-4.5495,48.6021],[-4.5507,48.6044],[-4.5597,48.6037],[-4.5529,48.6112],[-4.5579,48.6095],[-4.5607,48.6111],[-4.5631,48.6082],[-4.5684,48.6091],[-4.5678,48.613],[-4.5637,48.6149],[-4.57,48.6166],[-4.5693,48.6201],[-4.5654,48.6187],[-4.5624,48.6208],[-4.5658,48.6259],[-4.5594,48.6233],[-4.5504,48.6245],[-4.5498,48.6264],[-4.5418,48.6245],[-4.5481,48.6332],[-4.5474,48.6352],[-4.5446,48.6337],[-4.5437,48.6363],[-4.5383,48.6374],[-4.5401,48.6317],[-4.537,48.6312],[-4.5355,48.6337],[-4.5357,48.6312],[-4.5312,48.6294],[-4.5263,48.6298],[-4.5215,48.6349],[-4.5132,48.6352],[-4.512,48.6294],[-4.5088,48.6293],[-4.5084,48.6312],[-4.5051,48.6291],[-4.513,48.6282],[-4.5093,48.6224],[-4.5005,48.6209],[-4.4935,48.6258],[-4.4764,48.6239],[-4.4589,48.6295],[-4.4474,48.6382],[-4.4493,48.6434],[-4.4471,48.6395],[-4.4402,48.6417],[-4.4406,48.6382],[-4.4348,48.6354],[-4.4306,48.6373],[-4.4332,48.6421],[-4.4203,48.6375],[-4.4117,48.6387],[-4.3984,48.6362],[-4.3973,48.6375],[-4.4045,48.6417],[-4.4165,48.6416],[-4.4248,48.6468],[-4.4329,48.6475],[-4.4337,48.6519],[-4.4376,48.6529],[-4.4356,48.656],[-4.4268,48.6523],[-4.4177,48.655],[-4.3981,48.6558],[-4.3879,48.6616],[-4.3794,48.6594],[-4.3787,48.6617],[-4.3812,48.6612],[-4.3803,48.6599],[-4.3811,48.6627],[-4.3761,48.6642],[-4.3737,48.6698],[-4.3661,48.6689],[-4.347,48.6783],[-4.3248,48.675],[-4.33,48.6691],[-4.3258,48.6662],[-4.32,48.667],[-4.3216,48.6686],[-4.3174,48.6704],[-4.3182,48.6722],[-4.3128,48.6726],[-4.3127,48.6686],[-4.2964,48.6647],[-4.2941,48.6615],[-4.3005,48.6589],[-4.299,48.6541],[-4.3007,48.6525],[-4.3094,48.6462],[-4.3119,48.646],[-4.3093,48.6472],[-4.3114,48.6485],[-4.3191,48.6463],[-4.3085,48.6442],[-4.3117,48.6394],[-4.3116,48.6418],[-4.3161,48.6406],[-4.3148,48.6367],[-4.2965,48.6325],[-4.2932,48.6374],[-4.3021,48.6411],[-4.2811,48.6423],[-4.2748,48.6495],[-4.244,48.6497],[-4.2229,48.6559],[-4.2379,48.6498],[-4.2319,48.6473],[-4.2313,48.6492],[-4.2215,48.6482],[-4.1944,48.6519],[-4.1954,48.6546],[-4.2025,48.6568],[-4.2213,48.6568],[-4.2222,48.6588],[-4.214,48.6643],[-4.2135,48.6681],[-4.2181,48.6652],[-4.2159,48.668],[-4.2051,48.6712],[-4.2066,48.6729],[-4.1969,48.6772],[-4.1941,48.6821],[-4.19,48.6823],[-4.1867,48.6869],[-4.1836,48.6874],[-4.1806,48.6841],[-4.1764,48.687],[-4.1712,48.686],[-4.1697,48.6892],[-4.1659,48.6882],[-4.1617,48.6914],[-4.158,48.6897],[-4.1545,48.6922],[-4.1389,48.6927],[-4.1299,48.697],[-4.1272,48.6938],[-4.1213,48.6933],[-4.1108,48.6954],[-4.1,48.6928],[-4.0995,48.6959],[-4.0949,48.6926],[-4.0959,48.6858],[-4.0921,48.692],[-4.0862,48.6905],[-4.0841,48.6938],[-4.0812,48.6931],[-4.0808,48.6906],[-4.0748,48.6892],[-4.0791,48.6873],[-4.0721,48.6865],[-4.0716,48.6835],[-4.0673,48.6822],[-4.0688,48.6796],[-4.058,48.6754],[-4.0559,48.669],[-4.0572,48.6758],[-4.07,48.6879],[-4.0541,48.6853],[-4.0356,48.6879],[-4.0427,48.6887],[-4.0413,48.6901],[-4.0569,48.6869],[-4.0567,48.7008],[-4.0526,48.7027],[-4.0533,48.7064],[-4.0426,48.7025],[-4.0372,48.7064],[-4.0354,48.7141],[-4.0253,48.7106],[-4.0157,48.7125],[-4.0116,48.7158],[-4.0133,48.7186],[-4.0074,48.7232],[-4.0071,48.7276],[-4.0049,48.7259],[-4.001,48.7271],[-4.008,48.7209],[-4.0027,48.7172],[-4.0051,48.7154],[-4.0008,48.7116],[-3.9978,48.7125],[-3.9913,48.7174],[-3.9928,48.7232],[-3.9892,48.7275],[-3.9813,48.7268],[-3.9823,48.7312],[-3.9813,48.7268],[-3.9775,48.726],[-3.9819,48.7264],[-3.9793,48.7246],[-3.9825,48.7253],[-3.9804,48.723],[-3.9745,48.7234],[-3.9752,48.7269],[-3.9728,48.7246],[-3.9695,48.7275],[-3.9683,48.723],[-3.9613,48.7202],[-3.9653,48.7219],[-3.9656,48.7185],[-3.9679,48.7181],[-3.9655,48.7177],[-3.9723,48.7136],[-3.9698,48.7106],[-3.9737,48.7105],[-3.9714,48.7059],[-3.9762,48.6994],[-3.9701,48.694],[-3.965,48.6932],[-3.9659,48.6895],[-3.9577,48.6883],[-3.9617,48.6866],[-3.9593,48.6832],[-3.9621,48.686],[-3.9611,48.6878],[-3.9682,48.6901],[-3.9707,48.685],[-3.9693,48.6762],[-3.9718,48.6746],[-3.9684,48.6733],[-3.9651,48.6768],[-3.9577,48.6731],[-3.9537,48.6758],[-3.9539,48.6736],[-3.9502,48.6728],[-3.9556,48.6691],[-3.9521,48.6634],[-3.9521,48.6573],[-3.9578,48.6481],[-3.9507,48.6448],[-3.9505,48.6533],[-3.943,48.6547],[-3.9411,48.659],[-3.9302,48.6579],[-3.9222,48.6758],[-3.9134,48.6738],[-3.9097,48.6696],[-3.8994,48.6708],[-3.8998,48.6738],[-3.8906,48.671],[-3.8911,48.6668],[-3.9029,48.6649],[-3.906,48.6621],[-3.898,48.6467],[-3.8916,48.6426],[-3.8631,48.6339],[-3.8571,48.6264],[-3.8568,48.6195],[-3.8622,48.6137],[-3.8574,48.6087],[-3.8638,48.6084],[-3.8731,48.6023],[-3.8573,48.6087],[-3.8491,48.6038],[-3.8595,48.6145],[-3.8434,48.6286],[-3.8481,48.6289],[-3.8489,48.6376],[-3.8566,48.6483],[-3.8566,48.6615],[-3.8647,48.671],[-3.8614,48.6734],[-3.854,48.6733],[-3.854,48.6622],[-3.8459,48.6603],[-3.8474,48.6658],[-3.8526,48.6648],[-3.8469,48.6663],[-3.8479,48.6697],[-3.8458,48.6722],[-3.8478,48.6762],[-3.8527,48.6767],[-3.8486,48.6798],[-3.8499,48.6837],[-3.8556,48.6847],[-3.8535,48.6865],[-3.8551,48.6894],[-3.8498,48.6918],[-3.8501,48.6958],[-3.8399,48.6972],[-3.8418,48.7065],[-3.8356,48.7067],[-3.836,48.7104],[-3.8312,48.7122],[-3.8312,48.7143],[-3.8307,48.7113],[-3.8249,48.7129],[-3.83,48.7113],[-3.8288,48.7077],[-3.826,48.7077],[-3.8284,48.7046],[-3.8204,48.7007],[-3.8212,48.7086],[-3.8169,48.7123],[-3.8206,48.7135],[-3.8187,48.7162],[-3.8217,48.7187],[-3.8175,48.7183],[-3.8134,48.7135],[-3.8078,48.7115],[-3.7989,48.7131],[-3.796,48.706],[-3.785,48.7012],[-3.7761,48.7028],[-3.7748,48.7059],[-3.7659,48.7094],[-3.7609,48.7082],[-3.7582,48.7101],[-3.7505,48.7071],[-3.7442,48.709],[-3.7417,48.7067],[-3.7364,48.709],[-3.7289,48.7056],[-3.7228,48.7065],[-3.7164,48.7047],[-3.7187,48.7009],[-3.7047,48.6946],[-3.7028,48.6905],[-3.6885,48.6918],[-3.6808,48.6866],[-3.656,48.6968],[-3.6502,48.6935],[-3.6441,48.6972],[-3.6443,48.6916],[-3.6525,48.6875],[-3.6548,48.6822],[-3.6393,48.6759],[-3.6392,48.6736],[-3.6549,48.6657],[-3.6659,48.6511],[-3.6614,48.6467],[-3.66,48.6349],[-3.6543,48.6238],[-3.6559,48.6206],[-3.6545,48.6171],[-3.6513,48.6162],[-3.6495,48.6104],[-3.6389,48.6121],[-3.6415,48.5972],[-3.6295,48.5879],[-3.6174,48.5902],[-3.6,48.5834],[-3.594,48.5857],[-3.5917,48.5826],[-3.5886,48.5827],[-3.5839,48.5744],[-3.5907,48.5635],[-3.5951,48.5641],[-3.5989,48.561],[-3.5987,48.5571],[-3.5797,48.5529],[-3.5713,48.5584],[-3.5699,48.5546],[-3.5577,48.5477],[-3.5539,48.5409],[-3.5398,48.5382],[-3.5585,48.5286],[-3.5634,48.5221],[-3.5742,48.5157],[-3.583,48.5052],[-3.6045,48.4962],[-3.6013,48.4848],[-3.6075,48.4773],[-3.6,48.4785],[-3.5975,48.4729],[-3.5997,48.4707],[-3.5943,48.4703],[-3.5931,48.464],[-3.5814,48.4648],[-3.5785,48.463],[-3.5795,48.4596],[-3.5751,48.4585],[-3.5725,48.4547],[-3.5676,48.4524],[-3.5536,48.4535],[-3.5508,48.4477],[-3.5642,48.4392],[-3.5861,48.4328],[-3.6003,48.422],[-3.6018,48.4174],[-3.5986,48.4052],[-3.604,48.3956],[-3.6011,48.3934],[-3.608,48.3885],[-3.6038,48.3861],[-3.594,48.3863],[-3.5868,48.3807],[-3.5828,48.3821],[-3.5709,48.3801],[-3.5677,48.3767],[-3.567,48.3794],[-3.5541,48.3785],[-3.5542,48.3724],[-3.5517,48.3712],[-3.5594,48.3659],[-3.5558,48.3635],[-3.5588,48.3591],[-3.5556,48.3564],[-3.5594,48.3553],[-3.5586,48.3523],[-3.5616,48.3516],[-3.5632,48.3472],[-3.5553,48.3448],[-3.5571,48.3361],[-3.5531,48.3318],[-3.5517,48.3231],[-3.5485,48.3214],[-3.5522,48.3162],[-3.5487,48.3121],[-3.5414,48.3138],[-3.5411,48.3114],[-3.5251,48.3235],[-3.5183,48.3185],[-3.5289,48.3164],[-3.5411,48.2989],[-3.5522,48.2996],[-3.555,48.2936],[-3.545,48.292],[-3.5392,48.2868],[-3.5264,48.2865],[-3.5249,48.2812],[-3.518,48.2823],[-3.5203,48.2742],[-3.5257,48.2749],[-3.5268,48.2725],[-3.5244,48.2663],[-3.527,48.2618],[-3.5229,48.2557],[-3.5244,48.2568],[-3.5285,48.252],[-3.5317,48.2559],[-3.5369,48.2555],[-3.5408,48.2529],[-3.5418,48.2434],[-3.5494,48.2442],[-3.5491,48.2418],[-3.556,48.242],[-3.5525,48.2345],[-3.5579,48.2286],[-3.5546,48.2279],[-3.5574,48.2251],[-3.5531,48.2257],[-3.5542,48.2212],[-3.5445,48.214],[-3.5395,48.2066],[-3.5208,48.2028],[-3.5194,48.1895],[-3.5222,48.1885],[-3.5423,48.1939],[-3.566,48.1902],[-3.5648,48.1858],[-3.5811,48.1823],[-3.5882,48.1778],[-3.6285,48.169],[-3.653,48.1564],[-3.6719,48.1517],[-3.6958,48.1522],[-3.6977,48.1456],[-3.7146,48.1431],[-3.7146,48.1387],[-3.7088,48.1355],[-3.7207,48.1308],[-3.724,48.1244],[-3.717,48.121],[-3.7348,48.1126],[-3.7295,48.1048],[-3.7333,48.0964],[-3.7255,48.095],[-3.7144,48.0989],[-3.7045,48.0983],[-3.695,48.0937],[-3.7045,48.0868],[-3.7035,48.0784],[-3.6999,48.0754],[-3.6984,48.0687],[-3.708,48.0696],[-3.7086,48.0666],[-3.6992,48.0624],[-3.6921,48.0633],[-3.6869,48.0588],[-3.6734,48.0586],[-3.6757,48.0474],[-3.6698,48.0425],[-3.6713,48.0371],[-3.6637,48.0369],[-3.662,48.0302],[-3.6644,48.0294],[-3.6613,48.0237],[-3.6645,48.0227],[-3.6606,48.0154],[-3.6482,48.0064],[-3.6442,47.9934],[-3.6408,47.991],[-3.641,47.9856]]],[[[-4.2819,48.2838],[-4.2786,48.285],[-4.277,48.2828],[-4.2819,48.2838]]],[[[-4.0729,48.7053],[-4.0644,48.7067],[-4.0598,48.7055],[-4.0599,48.703],[-4.0729,48.7053]]],[[[-3.9154,47.8727],[-3.9116,47.8729],[-3.9129,47.8712],[-3.9154,47.8727]]],[[[-3.9289,48.6924],[-3.9257,48.6963],[-3.9262,48.6993],[-3.923,48.6978],[-3.9253,48.696],[-3.9227,48.6929],[-3.925,48.6901],[-3.921,48.6884],[-3.9224,48.6863],[-3.919,48.6838],[-3.9225,48.6829],[-3.9225,48.6799],[-3.9266,48.6806],[-3.9228,48.6837],[-3.9265,48.6859],[-3.9256,48.6899],[-3.9289,48.6924]]],[[[-3.9645,48.7144],[-3.965,48.7184],[-3.963,48.7157],[-3.9645,48.7144]]],[[[-4.0407,48.7459],[-4.0365,48.7483],[-4.0328,48.7471],[-4.0321,48.7494],[-4.0252,48.7492],[-4.0235,48.7534],[-4.0188,48.7518],[-4.0064,48.7531],[-4.0058,48.7502],[-3.9997,48.7461],[-3.9904,48.7456],[-3.9919,48.7431],[-3.9888,48.7393],[-3.9937,48.737],[-3.9952,48.7415],[-4.0081,48.7405],[-4.0091,48.7432],[-4.0137,48.7444],[-4.0155,48.7437],[-4.014,48.7415],[-4.0171,48.7429],[-4.0184,48.7397],[-4.0117,48.7381],[-4.02,48.7404],[-4.0227,48.7388],[-4.0287,48.7426],[-4.0331,48.7432],[-4.0355,48.7411],[-4.0407,48.7459]]],[[[-3.8028,47.784],[-3.7998,47.7852],[-3.799,47.7834],[-3.8028,47.784]]]]}},{"type":"Feature","properties":{"territoire":"35","nom":"Ille-et-Vilaine","type":"departement"},"geometry":{"type":"MultiPolygon","coordinates":[[[[-2.0528,48.5527],[-2.0519,48.5557],[-2.0452,48.5573],[-2.0474,48.5614],[-2.0444,48.5642],[-2.0571,48.5663],[-2.0595,48.5706],[-2.076,48.5676],[-2.0874,48.5711],[-2.0936,48.5703],[-2.0979,48.5768],[-2.102,48.5759],[-2.1095,48.5839],[-2.1147,48.5839],[-2.1244,48.5891],[-2.1251,48.598],[-2.1272,48.5983],[-2.1248,48.5987],[-2.1235,48.6073],[-2.1308,48.6102],[-2.1295,48.6132],[-2.1365,48.6128],[-2.1374,48.6157],[-2.1354,48.6178],[-2.1382,48.6202],[-2.1381,48.6246],[-2.1416,48.6256],[-2.1438,48.6232],[-2.1454,48.6266],[-2.1499,48.6266],[-2.1513,48.6344],[-2.1417,48.6317],[-2.1335,48.6354],[-2.1331,48.6387],[-2.1267,48.635],[-2.1228,48.6356],[-2.1166,48.6384],[-2.118,48.641],[-2.1126,48.6454],[-2.1122,48.6384],[-2.105,48.6365],[-2.1031,48.6328],[-2.1063,48.638],[-2.1036,48.6392],[-2.0995,48.6391],[-2.0945,48.6337],[-2.0812,48.6364],[-2.0779,48.641],[-2.0704,48.6384],[-2.0614,48.6407],[-2.0568,48.6402],[-2.0571,48.6368],[-2.0548,48.6356],[-2.0473,48.6389],[-2.047,48.6361],[-2.0539,48.6295],[-2.0544,48.626],[-2.047,48.624],[-2.0329,48.6271],[-2.0297,48.6239],[-2.033,48.6204],[-2.0283,48.6166],[-2.0349,48.6112],[-2.0292,48.6081],[-2.0361,48.6018],[-2.0184,48.605],[-2.0247,48.603],[-2.0246,48.5988],[-2.0275,48.5974],[-2.0201,48.5977],[-2.0137,48.5873],[-2.0041,48.588],[-2.0027,48.5824],[-1.9972,48.5844],[-1.9939,48.578],[-2.003,48.577],[-2.0106,48.571],[-2.0155,48.572],[-2.0071,48.5657],[-2.0164,48.5626],[-2.0218,48.557],[-2.0224,48.5533],[-2.0307,48.5551],[-2.0365,48.5503],[-2.0386,48.542],[-2.0446,48.5418],[-2.0528,48.5527]]],[[[-2.1619,48.6384],[-2.1565,48.641],[-2.1593,48.6372],[-2.1619,48.6384]]],[[[-2.0753,48.676],[-2.0691,48.6791],[-2.0679,48.6772],[-2.0753,48.676]]],[[[-1.2789,48.5097],[-1.2776,48.5157],[-1.2697,48.524],[-1.2686,48.5297],[-1.2728,48.5339],[-1.2628,48.5402],[-1.2512,48.5438],[-1.2389,48.5377],[-1.2218,48.5385],[-1.2174,48.5368],[-1.2141,48.5394],[-1.2071,48.5385],[-1.2063,48.5422],[-1.1992,48.5362],[-1.1993,48.532],[-1.1929,48.5288],[-1.1829,48.5282],[-1.1699,48.5312],[-1.1637,48.5287],[-1.162,48.5243],[-1.1557,48.5197],[-1.1474,48.5178],[-1.1392,48.5184],[-1.1335,48.5223],[-1.1172,48.5217],[-1.115,48.5183],[-1.1033,48.5129],[-1.0912,48.5105],[-1.0814,48.5115],[-1.0734,48.508],[-1.0701,48.5088],[-1.0672,48.5057],[-1.0703,48.5027],[-1.077,48.5023],[-1.0754,48.496],[-1.0784,48.4891],[-1.0699,48.4857],[-1.079,48.4818],[-1.073,48.4822],[-1.0754,48.4773],[-1.0739,48.4738],[-1.0707,48.473],[-1.0718,48.4699],[-1.0665,48.4704],[-1.0639,48.4673],[-1.0675,48.4615],[-1.0652,48.4514],[-1.0796,48.4436],[-1.0836,48.4337],[-1.0775,48.4215],[-1.0804,48.4141],[-1.0701,48.4074],[-1.0674,48.4018],[-1.0632,48.3991],[-1.0628,48.3939],[-1.0535,48.3828],[-1.0542,48.3791],[-1.0571,48.3791],[-1.0574,48.3753],[-1.0644,48.3702],[-1.0651,48.3673],[-1.0557,48.3647],[-1.0555,48.3619],[-1.06,48.3577],[-1.0602,48.3489],[-1.0451,48.3278],[-1.0541,48.3214],[-1.0615,48.3111],[-1.082,48.2986],[-1.0841,48.2928],[-1.0904,48.2894],[-1.093,48.2741],[-1.1,48.2685],[-1.102,48.2627],[-1.0991,48.2603],[-1.0993,48.2498],[-1.0928,48.2436],[-1.0939,48.2409],[-1.0902,48.2391],[-1.0915,48.2326],[-1.0863,48.2307],[-1.0845,48.2208],[-1.0805,48.2195],[-1.0873,48.2093],[-1.0738,48.2009],[-1.0776,48.1938],[-1.0773,48.1867],[-1.08,48.1837],[-1.0784,48.1797],[-1.0808,48.1756],[-1.075,48.1718],[-1.0782,48.1677],[-1.0728,48.1665],[-1.0744,48.1593],[-1.0641,48.1608],[-1.0603,48.1502],[-1.0611,48.1366],[-1.0581,48.1312],[-1.0594,48.1257],[-1.054,48.117],[-1.0549,48.1096],[-1.0517,48.1052],[-1.0498,48.0901],[-1.0408,48.0783],[-1.0214,48.0684],[-1.0274,48.0647],[-1.0282,48.059],[-1.0336,48.053],[-1.0266,48.0456],[-1.0302,48.0434],[-1.0271,48.0402],[-1.0294,48.0361],[-1.035,48.0335],[-1.0183,48.013],[-1.0166,48.0077],[-1.019,48.0048],[-1.0156,48.0034],[-1.0198,48.0009],[-1.0209,47.9953],[-1.0382,47.9916],[-1.0478,47.9849],[-1.0637,47.9856],[-1.071,47.9818],[-1.0853,47.9869],[-1.0978,47.9866],[-1.1011,47.9893],[-1.1106,47.9874],[-1.1138,47.9889],[-1.1197,47.9877],[-1.1198,47.9858],[-1.1252,47.9868],[-1.1264,47.9847],[-1.1246,47.9836],[-1.1283,47.9817],[-1.1245,47.9798],[-1.128,47.9755],[-1.1252,47.9716],[-1.1324,47.9714],[-1.1341,47.9679],[-1.1396,47.9706],[-1.1406,47.9676],[-1.1482,47.9682],[-1.1555,47.9654],[-1.1605,47.9587],[-1.159,47.9539],[-1.1616,47.9528],[-1.1623,47.9447],[-1.16,47.9391],[-1.1674,47.9357],[-1.1634,47.9276],[-1.1682,47.9163],[-1.1753,47.912],[-1.1768,47.9074],[-1.176,47.8975],[-1.1802,47.8959],[-1.1819,47.8921],[-1.1919,47.8922],[-1.1968,47.8891],[-1.1972,47.8779],[-1.1903,47.874],[-1.1891,47.8672],[-1.1972,47.8639],[-1.2031,47.8569],[-1.2065,47.8587],[-1.2086,47.8567],[-1.2157,47.8575],[-1.2229,47.8524],[-1.2216,47.8494],[-1.2147,47.847],[-1.216,47.8317],[-1.2219,47.8257],[-1.2203,47.8203],[-1.2329,47.82],[-1.2381,47.8098],[-1.2426,47.808],[-1.2394,47.8061],[-1.2402,47.8023],[-1.2365,47.7983],[-1.2408,47.7935],[-1.2461,47.7767],[-1.3117,47.7912],[-1.365,47.7987],[-1.3615,47.8034],[-1.3641,47.8063],[-1.3779,47.8099],[-1.3767,47.8151],[-1.3803,47.8181],[-1.3817,47.8234],[-1.3935,47.8293],[-1.3984,47.8292],[-1.4055,47.8244],[-1.4109,47.8286],[-1.4177,47.8274],[-1.4235,47.8328],[-1.4397,47.8305],[-1.4478,47.8332],[-1.4576,47.8311],[-1.4624,47.8359],[-1.4713,47.833],[-1.4786,47.8358],[-1.4825,47.8299],[-1.475,47.8252],[-1.474,47.8195],[-1.467,47.8092],[-1.4717,47.8027],[-1.4909,47.7982],[-1.5005,47.7986],[-1.5032,47.8017],[-1.5208,47.7934],[-1.529,47.7848],[-1.5498,47.7828],[-1.5539,47.7851],[-1.5654,47.7787],[-1.5763,47.7777],[-1.5868,47.7797],[-1.594,47.7759],[-1.5942,47.7727],[-1.5985,47.7699],[-1.5939,47.7672],[-1.6055,47.7627],[-1.6099,47.7645],[-1.6173,47.762],[-1.6231,47.7636],[-1.6273,47.7597],[-1.626,47.7567],[-1.6335,47.7434],[-1.6368,47.7419],[-1.6399,47.7262],[-1.6382,47.7223],[-1.6485,47.7209],[-1.6498,47.7177],[-1.6557,47.7153],[-1.6547,47.7121],[-1.6579,47.7093],[-1.6652,47.7128],[-1.6831,47.7114],[-1.6892,47.7134],[-1.6945,47.7111],[-1.6954,47.7141],[-1.7073,47.7144],[-1.7036,47.7005],[-1.7092,47.7015],[-1.7221,47.6983],[-1.7294,47.6992],[-1.7377,47.7049],[-1.7518,47.7076],[-1.7714,47.6983],[-1.7845,47.6993],[-1.7899,47.7021],[-1.8023,47.7014],[-1.8166,47.7059],[-1.8205,47.7047],[-1.8274,47.7108],[-1.8403,47.7055],[-1.8593,47.7082],[-1.8648,47.7065],[-1.8663,47.7022],[-1.8776,47.6955],[-1.8953,47.6961],[-1.9379,47.6862],[-1.9535,47.6723],[-1.9604,47.671],[-1.9695,47.6736],[-1.969,47.6898],[-1.974,47.6944],[-1.9874,47.6815],[-2.009,47.6718],[-2.0127,47.6662],[-2.0389,47.6697],[-2.0495,47.6621],[-2.0481,47.658],[-2.0512,47.6499],[-2.0674,47.6497],[-2.074,47.6519],[-2.081,47.6503],[-2.0908,47.6421],[-2.0967,47.6317],[-2.1024,47.6341],[-2.1048,47.6385],[-2.0982,47.6373],[-2.0938,47.6399],[-2.0959,47.647],[-2.1045,47.6443],[-2.1115,47.6455],[-2.1142,47.6488],[-2.1029,47.6663],[-2.1036,47.6759],[-2.1224,47.6827],[-2.1213,47.6881],[-2.1249,47.6912],[-2.1186,47.7083],[-2.1314,47.7223],[-2.1127,47.7282],[-2.1069,47.732],[-2.1094,47.7359],[-2.1071,47.7375],[-2.0585,47.7381],[-2.0577,47.7427],[-2.0619,47.7514],[-2.0838,47.75],[-2.0856,47.7549],[-2.0845,47.7628],[-2.1271,47.761],[-2.1281,47.7691],[-2.1236,47.7715],[-2.1111,47.771],[-2.1088,47.7756],[-2.1098,47.7787],[-2.0961,47.7783],[-2.0837,47.7844],[-2.0799,47.7894],[-2.0736,47.7892],[-2.0723,47.7986],[-2.0699,47.801],[-2.0715,47.8019],[-2.0695,47.8025],[-2.0705,47.8117],[-2.0494,47.817],[-2.0457,47.8239],[-2.0401,47.8281],[-2.042,47.8297],[-2.0353,47.8328],[-2.0478,47.8364],[-2.0516,47.8406],[-2.0507,47.8459],[-2.0544,47.8503],[-2.0541,47.8542],[-2.0508,47.857],[-2.0549,47.8687],[-2.0644,47.8605],[-2.0686,47.852],[-2.0771,47.8505],[-2.0908,47.8435],[-2.1021,47.844],[-2.1096,47.8489],[-2.1043,47.853],[-2.1056,47.8586],[-2.0957,47.8618],[-2.1148,47.8777],[-2.1162,47.8806],[-2.1132,47.8831],[-2.1131,47.8877],[-2.1157,47.8902],[-2.1118,47.8949],[-2.106,47.8932],[-2.1013,47.8949],[-2.1054,47.9025],[-2.0996,47.9004],[-2.086,47.9035],[-2.0857,47.9068],[-2.0817,47.9089],[-2.0854,47.9141],[-2.0805,47.9146],[-2.0813,47.9168],[-2.0784,47.9192],[-2.0893,47.927],[-2.0904,47.9304],[-2.0979,47.9331],[-2.0973,47.9365],[-2.1015,47.9392],[-2.0977,47.9416],[-2.1001,47.9444],[-2.0996,47.9482],[-2.1025,47.9482],[-2.1047,47.9523],[-2.1103,47.953],[-2.1088,47.957],[-2.1106,47.9599],[-2.1183,47.9602],[-2.1223,47.9645],[-2.1264,47.9644],[-2.1368,47.9791],[-2.1413,47.9802],[-2.144,47.984],[-2.1787,47.9799],[-2.187,47.9829],[-2.1856,47.9854],[-2.1913,47.991],[-2.198,47.9907],[-2.2114,47.995],[-2.2162,47.993],[-2.2192,47.9955],[-2.2261,47.9946],[-2.2368,47.9998],[-2.2876,47.9916],[-2.287,47.9985],[-2.289,48.0009],[-2.2814,48.0039],[-2.2746,48.0105],[-2.2827,48.0178],[-2.2798,48.0262],[-2.2636,48.0401],[-2.2423,48.0529],[-2.2252,48.0506],[-2.1886,48.0526],[-2.1882,48.0568],[-2.1813,48.0571],[-2.1704,48.0634],[-2.1722,48.0732],[-2.1685,48.0762],[-2.1809,48.0832],[-2.1872,48.081],[-2.2196,48.0809],[-2.2217,48.0786],[-2.2372,48.0751],[-2.2326,48.0691],[-2.2345,48.0633],[-2.256,48.0631],[-2.2577,48.0731],[-2.2551,48.0739],[-2.2554,48.0768],[-2.2479,48.0853],[-2.2536,48.0898],[-2.2517,48.094],[-2.2553,48.0972],[-2.2535,48.1064],[-2.2876,48.1338],[-2.2875,48.1357],[-2.283,48.1456],[-2.2785,48.1459],[-2.2777,48.1485],[-2.2741,48.1468],[-2.2705,48.1516],[-2.2591,48.1513],[-2.2558,48.1454],[-2.2526,48.1442],[-2.2361,48.1445],[-2.2355,48.1489],[-2.2485,48.1527],[-2.2491,48.1562],[-2.2486,48.1594],[-2.2419,48.1625],[-2.2285,48.165],[-2.2232,48.173],[-2.2246,48.1846],[-2.2223,48.185],[-2.2215,48.1926],[-2.2194,48.1933],[-2.2215,48.2004],[-2.2182,48.2043],[-2.2242,48.204],[-2.2242,48.2083],[-2.227,48.2083],[-2.2278,48.2112],[-2.2128,48.2142],[-2.2014,48.2067],[-2.1839,48.2103],[-2.1849,48.2197],[-2.1902,48.2217],[-2.1909,48.2254],[-2.186,48.2361],[-2.1882,48.2408],[-2.187,48.2476],[-2.1841,48.2497],[-2.1803,48.2489],[-2.1731,48.2538],[-2.1678,48.2534],[-2.153,48.2621],[-2.1507,48.2582],[-2.1254,48.26],[-2.1065,48.2519],[-2.111,48.2577],[-2.1036,48.2583],[-2.0957,48.2664],[-2.1126,48.2695],[-2.1143,48.2714],[-2.1105,48.2752],[-2.0808,48.2771],[-2.0783,48.2831],[-2.075,48.2849],[-2.0801,48.2933],[-2.0665,48.294],[-2.0532,48.2983],[-2.0468,48.2944],[-2.0502,48.2903],[-2.0278,48.2848],[-2.0248,48.2811],[-2.0143,48.2819],[-2.0143,48.2797],[-2.0021,48.2807],[-2.0052,48.2921],[-1.9976,48.2902],[-1.9983,48.2973],[-1.9936,48.299],[-1.9887,48.2977],[-1.9751,48.3017],[-1.9722,48.2948],[-1.9639,48.2904],[-1.9572,48.2937],[-1.9563,48.2965],[-1.9683,48.3033],[-1.9566,48.307],[-1.959,48.3146],[-1.9539,48.3157],[-1.9669,48.343],[-1.9464,48.3424],[-1.929,48.3471],[-1.9333,48.3559],[-1.9326,48.3607],[-1.9427,48.3603],[-1.9428,48.3632],[-1.9474,48.3671],[-1.9447,48.3739],[-1.9461,48.3804],[-1.9384,48.3831],[-1.9398,48.3862],[-1.9368,48.3898],[-1.9399,48.3931],[-1.93,48.3948],[-1.9431,48.4009],[-1.9364,48.4067],[-1.9409,48.4105],[-1.9372,48.4116],[-1.9363,48.4198],[-1.9442,48.4222],[-1.9506,48.4274],[-1.9524,48.4306],[-1.9487,48.4367],[-1.9518,48.4392],[-1.9475,48.4471],[-1.9424,48.4488],[-1.9387,48.4473],[-1.9278,48.4531],[-1.9238,48.4623],[-1.9264,48.4677],[-1.9318,48.4703],[-1.9288,48.4764],[-1.909,48.4816],[-1.914,48.4908],[-1.9177,48.4932],[-1.9208,48.4921],[-1.9236,48.5012],[-1.9227,48.5052],[-1.9116,48.5061],[-1.911,48.517],[-1.9159,48.5235],[-1.9186,48.5355],[-1.9228,48.5349],[-1.923,48.5374],[-1.9269,48.5384],[-1.9223,48.5448],[-1.9318,48.5509],[-1.9469,48.5394],[-1.9698,48.5356],[-1.9604,48.5504],[-1.9648,48.557],[-1.9775,48.5562],[-1.9725,48.5652],[-1.9759,48.5703],[-1.981,48.5719],[-1.9871,48.5846],[-1.9825,48.5866],[-1.9778,48.585],[-1.9617,48.5745],[-1.9545,48.576],[-1.9541,48.5789],[-1.9658,48.5846],[-1.9606,48.5886],[-1.9624,48.593],[-1.9739,48.5892],[-1.9783,48.5933],[-1.9926,48.5943],[-1.9979,48.5902],[-2.0015,48.5943],[-1.9973,48.6036],[-2.0005,48.6029],[-2.0014,48.6001],[-2.0054,48.6015],[-2.0068,48.5992],[-2.0132,48.5991],[-2.0099,48.601],[-2.0123,48.604],[-2.0098,48.6074],[-2.005,48.6094],[-2.001,48.6152],[-2.0078,48.6131],[-2.0151,48.6141],[-2.019,48.6194],[-2.0132,48.6234],[-2.0134,48.6274],[-2.0186,48.6283],[-2.0228,48.6327],[-2.0208,48.6331],[-2.0218,48.6348],[-2.0311,48.6342],[-2.0313,48.6377],[-2.0283,48.6404],[-2.0225,48.6362],[-2.0189,48.6386],[-2.0266,48.641],[-2.0241,48.646],[-2.0319,48.6421],[-2.0281,48.6458],[-2.0292,48.6511],[-2.0096,48.6541],[-1.9896,48.6637],[-1.9897,48.6662],[-1.9818,48.6743],[-1.9828,48.6772],[-1.9874,48.6773],[-1.9911,48.6827],[-1.9891,48.6843],[-1.9872,48.6815],[-1.9811,48.6812],[-1.9774,48.6834],[-1.9791,48.6844],[-1.9741,48.6831],[-1.9702,48.6867],[-1.9642,48.6874],[-1.9618,48.686],[-1.9634,48.6816],[-1.9589,48.6804],[-1.9432,48.6854],[-1.937,48.6841],[-1.9406,48.6869],[-1.9453,48.6862],[-1.9497,48.6907],[-1.9533,48.6905],[-1.955,48.6874],[-1.96,48.6894],[-1.9551,48.6928],[-1.9459,48.6918],[-1.9381,48.6942],[-1.9371,48.7027],[-1.9329,48.7015],[-1.9323,48.6937],[-1.9222,48.6926],[-1.9175,48.696],[-1.9135,48.6907],[-1.9045,48.6899],[-1.8957,48.6931],[-1.8903,48.6993],[-1.8849,48.6969],[-1.8805,48.6987],[-1.8801,48.6959],[-1.8771,48.6957],[-1.8704,48.698],[-1.8698,48.7011],[-1.8621,48.7001],[-1.856,48.7067],[-1.8508,48.7065],[-1.8437,48.7126],[-1.8425,48.7095],[-1.8455,48.7058],[-1.8436,48.7027],[-1.8493,48.7023],[-1.8501,48.7002],[-1.845,48.6964],[-1.8492,48.6947],[-1.8471,48.6902],[-1.8418,48.6883],[-1.8421,48.6851],[-1.8357,48.6805],[-1.8466,48.6761],[-1.8517,48.6684],[-1.8534,48.671],[-1.8573,48.6678],[-1.8626,48.6678],[-1.8648,48.6633],[-1.8628,48.6586],[-1.8687,48.6526],[-1.8686,48.6489],[-1.8722,48.647],[-1.8613,48.6283],[-1.8474,48.6174],[-1.8207,48.6098],[-1.7704,48.6043],[-1.7685,48.6022],[-1.77,48.6051],[-1.7668,48.6061],[-1.7573,48.6037],[-1.7044,48.6069],[-1.6709,48.6117],[-1.6651,48.61],[-1.5709,48.6263],[-1.5656,48.6196],[-1.5659,48.6144],[-1.544,48.6061],[-1.5468,48.6015],[-1.5373,48.5989],[-1.5443,48.5871],[-1.5431,48.5799],[-1.5314,48.5808],[-1.5279,48.5788],[-1.5268,48.573],[-1.519,48.5667],[-1.5224,48.5636],[-1.5273,48.5654],[-1.5234,48.5626],[-1.5295,48.5601],[-1.5264,48.5567],[-1.5335,48.5532],[-1.533,48.5462],[-1.5299,48.5464],[-1.5299,48.5441],[-1.5157,48.5376],[-1.5189,48.5349],[-1.5167,48.5324],[-1.5179,48.5298],[-1.5107,48.527],[-1.5119,48.5238],[-1.5082,48.5234],[-1.5072,48.5199],[-1.504,48.519],[-1.506,48.5162],[-1.5033,48.5165],[-1.4956,48.5089],[-1.4956,48.5041],[-1.4897,48.4962],[-1.4899,48.4893],[-1.484,48.4913],[-1.4823,48.4868],[-1.4736,48.4853],[-1.4664,48.4885],[-1.4597,48.4848],[-1.4545,48.4877],[-1.4494,48.4874],[-1.4349,48.4779],[-1.441,48.4712],[-1.428,48.4617],[-1.4196,48.4603],[-1.4148,48.4629],[-1.4081,48.46],[-1.3972,48.4623],[-1.3803,48.4558],[-1.3697,48.4604],[-1.3642,48.467],[-1.3571,48.4667],[-1.3505,48.4716],[-1.3448,48.4727],[-1.3493,48.4821],[-1.3385,48.4913],[-1.3287,48.4862],[-1.3315,48.4926],[-1.3284,48.4927],[-1.3293,48.4962],[-1.3267,48.4988],[-1.3214,48.5001],[-1.3171,48.496],[-1.3009,48.4989],[-1.2938,48.5061],[-1.2881,48.507],[-1.2875,48.5096],[-1.2789,48.5097]]]]}}]}