{"type":"FeatureCollection","features":[{"type":"Feature","properties":{"territoire":"200027027","nom":"CC Arc Sud Bretagne","type":"epci"},"geometry":{"type":"MultiPolygon","coordinates":[[[[-2.467,47.5121],[-2.4961,47.5177],[-2.5021,47.5143],[-2.5042,47.517],[-2.5001,47.5184],[-2.5054,47.5234],[-2.5198,47.5273],[-2.5345,47.5235],[-2.5367,47.5245],[-2.5333,47.5269],[-2.5351,47.5291],[-2.5386,47.5263],[-2.5367,47.524],[-2.5436,47.5233],[-2.5449,47.518],[-2.5529,47.5139],[-2.5499,47.5106],[-2.5704,47.5164],[-2.594,47.5177],[-2.6061,47.5152],[-2.6095,47.5105],[-2.6077,47.5083],[-2.6203,47.5047],[-2.6322,47.5045],[-2.6338,47.5063],[-2.6317,47.5094],[-2.6338,47.5111],[-2.6228,47.5168],[-2.6165,47.5272],[-2.5863,47.5356],[-2.5814,47.5386],[-2.5809,47.544],[-2.5763,47.5445],[-2.576,47.549],[-2.5832,47.5538],[-2.5809,47.5566],[-2.5833,47.5582],[-2.5809,47.5588],[-2.5835,47.5617],[-2.5801,47.5633],[-2.5852,47.5727],[-2.5816,47.5777],[-2.5764,47.5798],[-2.5769,47.5815],[-2.5681,47.5851],[-2.5646,47.5904],[-2.5658,47.5934],[-2.5383,47.6019],[-2.5264,47.6004],[-2.5299,47.6145],[-2.5283,47.618],[-2.5221,47.6198],[-2.5181,47.6174],[-2.5116,47.6245],[-2.5031,47.6237],[-2.4998,47.6174],[-2.4869,47.6341],[-2.4669,47.6323],[-2.465,47.6369],[-2.4549,47.6388],[-2.4542,47.6354],[-2.4498,47.6352],[-2.4423,47.6293],[-2.438,47.6305],[-2.437,47.6258],[-2.4452,47.6181],[-2.4355,47.6174],[-2.4214,47.621],[-2.4132,47.6161],[-2.3935,47.6189],[-2.3939,47.6149],[-2.3895,47.6156],[-2.3905,47.6141],[-2.3877,47.6126],[-2.3844,47.616],[-2.3768,47.6118],[-2.3726,47.612],[-2.3664,47.6071],[-2.3503,47.6023],[-2.3476,47.6066],[-2.3424,47.606],[-2.339,47.6096],[-2.3306,47.611],[-2.3227,47.6093],[-2.3196,47.6141],[-2.3153,47.614],[-2.3059,47.6084],[-2.3026,47.6024],[-2.2985,47.6004],[-2.2989,47.5965],[-2.295,47.5939],[-2.2987,47.5894],[-2.2947,47.5894],[-2.295,47.5873],[-2.2918,47.5863],[-2.2862,47.5752],[-2.262,47.5791],[-2.2407,47.5764],[-2.23,47.5853],[-2.2126,47.5858],[-2.1987,47.5912],[-2.1834,47.5838],[-2.1705,47.5893],[-2.1593,47.5852],[-2.1389,47.5879],[-2.1235,47.5785],[-2.129,47.5751],[-2.1376,47.5746],[-2.1368,47.5724],[-2.13,47.5704],[-2.1369,47.5494],[-2.1315,47.546],[-2.1328,47.5429],[-2.1417,47.5413],[-2.1409,47.5379],[-2.1363,47.5347],[-2.1383,47.5318],[-2.145,47.5299],[-2.144,47.5251],[-2.156,47.522],[-2.1528,47.5103],[-2.1543,47.4964],[-2.1642,47.4892],[-2.1727,47.4921],[-2.1819,47.4905],[-2.19,47.4944],[-2.1925,47.5001],[-2.1876,47.4992],[-2.1836,47.5017],[-2.1866,47.5072],[-2.1846,47.5122],[-2.1875,47.5125],[-2.2151,47.5085],[-2.2306,47.4978],[-2.2438,47.4939],[-2.2656,47.5018],[-2.2557,47.5064],[-2.2549,47.5116],[-2.2613,47.5138],[-2.2666,47.5105],[-2.2743,47.5127],[-2.2809,47.5095],[-2.2873,47.5133],[-2.2872,47.5157],[-2.2909,47.5133],[-2.3088,47.5185],[-2.3296,47.5106],[-2.3507,47.5151],[-2.358,47.5075],[-2.3789,47.4972],[-2.3839,47.4988],[-2.3828,47.5019],[-2.389,47.5056],[-2.3873,47.5099],[-2.3892,47.5069],[-2.3947,47.5075],[-2.3915,47.5061],[-2.3985,47.5053],[-2.408,47.4989],[-2.4099,47.5066],[-2.4134,47.504],[-2.4108,47.5039],[-2.4125,47.5014],[-2.4092,47.4977],[-2.4156,47.4964],[-2.4202,47.4983],[-2.4203,47.5005],[-2.4442,47.4997],[-2.4544,47.5071],[-2.467,47.5121]]]]}},{"type":"Feature","properties":{"territoire":"200038990","nom":"CC de Saint-Méen Montauban","type":"epci"},"geometry":{"type":"MultiPolygon","coordinates":[[[[-2.1057,48.1071],[-2.0925,48.1053],[-2.0824,48.1077],[-2.0695,48.0957],[-2.0718,48.092],[-2.0817,48.0876],[-2.0793,48.0839],[-2.0845,48.0836],[-2.0965,48.0745],[-2.1095,48.0768],[-2.1106,48.0794],[-2.1209,48.0789],[-2.1271,48.0839],[-2.1524,48.0859],[-2.1685,48.0762],[-2.1809,48.0832],[-2.1872,48.081],[-2.2196,48.0809],[-2.2217,48.0786],[-2.2372,48.0751],[-2.2326,48.0691],[-2.2345,48.0633],[-2.256,48.0631],[-2.2577,48.0731],[-2.2551,48.0739],[-2.2554,48.0768],[-2.2479,48.0853],[-2.2536,48.0898],[-2.2517,48.094],[-2.2553,48.0972],[-2.2535,48.1064],[-2.2876,48.1338],[-2.2873,48.1367],[-2.283,48.1456],[-2.2785,48.1459],[-2.2777,48.1485],[-2.2741,48.1468],[-2.2705,48.1516],[-2.2591,48.1513],[-2.2558,48.1454],[-2.2526,48.1442],[-2.2361,48.1445],[-2.2355,48.1489],[-2.2485,48.1527],[-2.2491,48.1562],[-2.2486,48.1594],[-2.2419,48.1625],[-2.2285,48.165],[-2.2232,48.173],[-2.2246,48.1846],[-2.2223,48.185],[-2.2215,48.1926],[-2.2194,48.1933],[-2.2215,48.2004],[-2.2182,48.2043],[-2.2242,48.204],[-2.2242,48.2083],[-2.227,48.2083],[-2.2278,48.2112],[-2.2128,48.2142],[-2.2014,48.2067],[-2.1839,48.2103],[-2.1849,48.2197],[-2.1902,48.2217],[-2.1909,48.2254],[-2.186,48.2361],[-2.1882,48.2408],[-2.187,48.2476],[-2.1837,48.2498],[-2.1803,48.2489],[-2.1731,48.2538],[-2.1678,48.2534],[-2.153,48.2621],[-2.1507,48.2582],[-2.1254,48.26],[-2.1065,48.2519],[-2.111,48.2577],[-2.1036,48.2583],[-2.0957,48.2664],[-2.1096,48.2678],[-2.1143,48.2714],[-2.1105,48.2752],[-2.0808,48.2771],[-2.0783,48.2831],[-2.075,48.2849],[-2.0801,48.2933],[-2.0665,48.294],[-2.0532,48.2983],[-2.0468,48.2944],[-2.0502,48.2903],[-2.0278,48.2848],[-2.0248,48.2811],[-2.0143,48.2819],[-2.0141,48.2797],[-2.0021,48.2807],[-2.0052,48.2921],[-1.9976,48.2902],[-1.9983,48.2973],[-1.9936,48.299],[-1.9887,48.2977],[-1.9765,48.3018],[-1.9722,48.2948],[-1.9667,48.2911],[-1.9583,48.2929],[-1.9561,48.2909],[-1.9581,48.2748],[-1.952,48.2752],[-1.9503,48.2717],[-1.9309,48.2681],[-1.9062,48.2517],[-1.9091,48.2454],[-1.9158,48.2419],[-1.9168,48.232],[-1.9271,48.2319],[-1.9297,48.2312],[-1.9281,48.2292],[-1.9401,48.2271],[-1.9511,48.2275],[-1.9551,48.223],[-1.9535,48.2172],[-1.9885,48.2116],[-1.9846,48.2069],[-1.9885,48.2055],[-1.988,48.2019],[-1.9819,48.1962],[-1.985,48.1927],[-1.9944,48.1894],[-2.0021,48.191],[-1.9985,48.1875],[-1.9993,48.1857],[-1.9867,48.1827],[-1.987,48.1808],[-2.005,48.1759],[-2.0116,48.1801],[-2.0188,48.1801],[-2.0179,48.1547],[-2.0301,48.1538],[-2.0323,48.1497],[-2.05,48.1514],[-2.0681,48.1461],[-2.0868,48.1527],[-2.0912,48.145],[-2.0847,48.1465],[-2.0845,48.1417],[-2.0726,48.1379],[-2.0755,48.1246],[-2.082,48.1283],[-2.0893,48.1242],[-2.0969,48.128],[-2.101,48.1264],[-2.1049,48.124],[-2.1002,48.1129],[-2.1057,48.1071]],[[-2.1307,48.1474],[-2.1139,48.1501],[-2.0917,48.1461],[-2.1015,48.1537],[-2.1131,48.1502],[-2.1123,48.1548],[-2.1161,48.1597],[-2.1316,48.1521],[-2.1307,48.1474]]]]}},{"type":"Feature","properties":{"territoire":"200039022","nom":"CA Vitré Communauté","type":"epci"},"geometry":{"type":"MultiPolygon","coordinates":[[[[-1.2681,47.928],[-1.2736,47.9317],[-1.2832,47.9331],[-1.2936,47.9303],[-1.2922,47.9357],[-1.2938,47.9378],[-1.3057,47.9421],[-1.306,47.9459],[-1.3123,47.9447],[-1.3149,47.9471],[-1.3227,47.9474],[-1.3261,47.9555],[-1.3337,47.9561],[-1.3354,47.9595],[-1.3235,47.9654],[-1.3207,47.9693],[-1.3548,47.9894],[-1.3665,47.9863],[-1.3785,47.9905],[-1.384,48.0006],[-1.3825,48.0037],[-1.3775,48.0056],[-1.3945,48.0167],[-1.3977,48.0233],[-1.393,48.0241],[-1.3929,48.0259],[-1.3789,48.024],[-1.3804,48.0332],[-1.3645,48.0309],[-1.3654,48.0285],[-1.3585,48.0281],[-1.3584,48.0259],[-1.3508,48.0241],[-1.3381,48.0286],[-1.3364,48.032],[-1.3501,48.0376],[-1.3666,48.0367],[-1.3681,48.04],[-1.386,48.0406],[-1.3887,48.0444],[-1.397,48.0467],[-1.4016,48.0446],[-1.4101,48.0496],[-1.4092,48.0562],[-1.4171,48.0547],[-1.4155,48.0492],[-1.4107,48.0449],[-1.4128,48.0431],[-1.4059,48.0397],[-1.4103,48.0373],[-1.41,48.0351],[-1.4153,48.034],[-1.4189,48.037],[-1.4323,48.0377],[-1.4333,48.0355],[-1.4407,48.0379],[-1.4392,48.042],[-1.4283,48.0414],[-1.431,48.0522],[-1.425,48.0537],[-1.436,48.0607],[-1.4388,48.0653],[-1.436,48.0681],[-1.4382,48.0709],[-1.4516,48.0746],[-1.4545,48.0783],[-1.4502,48.0886],[-1.4549,48.0953],[-1.4441,48.0969],[-1.4334,48.0945],[-1.4344,48.0984],[-1.4397,48.0986],[-1.4405,48.1017],[-1.4374,48.1031],[-1.4401,48.1089],[-1.4301,48.1129],[-1.4337,48.1201],[-1.4321,48.126],[-1.4349,48.1286],[-1.4359,48.1355],[-1.441,48.1353],[-1.4407,48.1368],[-1.4345,48.1373],[-1.4301,48.1443],[-1.4264,48.1418],[-1.4145,48.1472],[-1.4042,48.1468],[-1.41,48.1552],[-1.4052,48.1563],[-1.3947,48.1533],[-1.3913,48.149],[-1.3848,48.1472],[-1.3778,48.1625],[-1.3706,48.1595],[-1.3661,48.168],[-1.3568,48.168],[-1.3522,48.1714],[-1.3608,48.183],[-1.3557,48.188],[-1.3584,48.194],[-1.3546,48.1972],[-1.351,48.1959],[-1.346,48.1989],[-1.3515,48.2011],[-1.3454,48.2034],[-1.3431,48.2079],[-1.3302,48.2145],[-1.3248,48.2145],[-1.3164,48.223],[-1.3015,48.2169],[-1.2907,48.2209],[-1.2861,48.2255],[-1.2839,48.2306],[-1.2882,48.233],[-1.2945,48.2281],[-1.3045,48.2293],[-1.3011,48.235],[-1.3101,48.235],[-1.3119,48.2394],[-1.3244,48.2433],[-1.3223,48.2493],[-1.3304,48.2505],[-1.3289,48.2531],[-1.3193,48.2567],[-1.2963,48.2601],[-1.2946,48.2553],[-1.2725,48.2569],[-1.2581,48.2518],[-1.2527,48.2544],[-1.2487,48.2535],[-1.2499,48.2559],[-1.2478,48.2586],[-1.245,48.2591],[-1.2352,48.2707],[-1.2256,48.2674],[-1.2157,48.2576],[-1.2047,48.2553],[-1.1983,48.2497],[-1.1902,48.2511],[-1.1813,48.257],[-1.1764,48.2495],[-1.1704,48.2453],[-1.165,48.2515],[-1.1568,48.2553],[-1.1453,48.253],[-1.1379,48.2484],[-1.1343,48.2505],[-1.1238,48.2501],[-1.1224,48.2607],[-1.1093,48.2665],[-1.0991,48.2681],[-1.102,48.2631],[-1.0991,48.2603],[-1.0993,48.2498],[-1.0928,48.2436],[-1.0939,48.2409],[-1.0902,48.2391],[-1.0915,48.2326],[-1.0857,48.2299],[-1.0845,48.2208],[-1.0805,48.2195],[-1.0873,48.2093],[-1.0738,48.2009],[-1.0776,48.1938],[-1.0773,48.1867],[-1.08,48.1837],[-1.0784,48.1797],[-1.0808,48.1756],[-1.075,48.1718],[-1.0782,48.1677],[-1.0728,48.1665],[-1.0744,48.1593],[-1.0641,48.1608],[-1.0603,48.1502],[-1.0611,48.1366],[-1.0581,48.1312],[-1.0594,48.1257],[-1.054,48.117],[-1.0549,48.1096],[-1.0517,48.1052],[-1.0498,48.0901],[-1.0408,48.0783],[-1.0214,48.0684],[-1.0274,48.0647],[-1.0282,48.059],[-1.0336,48.053],[-1.0266,48.0456],[-1.0302,48.0434],[-1.0271,48.0402],[-1.0294,48.0361],[-1.035,48.0335],[-1.0183,48.013],[-1.0166,48.0077],[-1.019,48.0048],[-1.0156,48.0034],[-1.0198,48.0009],[-1.0216,47.9948],[-1.0382,47.9916],[-1.0492,47.9846],[-1.0637,47.9856],[-1.0716,47.9818],[-1.0853,47.9869],[-1.0978,47.9866],[-1.1011,47.9893],[-1.1106,47.9874],[-1.1138,47.9889],[-1.1197,47.9877],[-1.1198,47.9858],[-1.1252,47.9868],[-1.1264,47.9847],[-1.1246,47.9836],[-1.1283,47.9817],[-1.1245,47.9798],[-1.128,47.9755],[-1.1252,47.9716],[-1.1324,47.9714],[-1.1341,47.9679],[-1.1396,47.9706],[-1.1406,47.9676],[-1.1482,47.9682],[-1.1555,47.9654],[-1.1605,47.9587],[-1.159,47.9539],[-1.1616,47.9528],[-1.1623,47.9447],[-1.16,47.9391],[-1.1674,47.9357],[-1.1634,47.9276],[-1.1682,47.9163],[-1.1753,47.912],[-1.1768,47.9074],[-1.176,47.8975],[-1.1802,47.8959],[-1.1819,47.8921],[-1.1919,47.8922],[-1.1968,47.8891],[-1.1972,47.8779],[-1.1903,47.874],[-1.1891,47.8672],[-1.1972,47.8639],[-1.2031,47.8569],[-1.2065,47.8587],[-1.212,47.8566],[-1.2118,47.8586],[-1.2255,47.8615],[-1.2436,47.8729],[-1.251,47.873],[-1.2517,47.8704],[-1.2576,47.8679],[-1.2733,47.8697],[-1.2778,47.8653],[-1.2853,47.8634],[-1.296,47.8661],[-1.2975,47.8747],[-1.3072,47.8795],[-1.3009,47.8942],[-1.2933,47.8984],[-1.2943,47.9058],[-1.2982,47.9066],[-1.2977,47.9179],[-1.2896,47.9193],[-1.2819,47.9241],[-1.2751,47.9236],[-1.2681,47.928]]]]}},{"type":"Feature","properties":{"territoire":"200042174","nom":"CA Lorient Agglomération","type":"epci"},"geometry":{"type":"MultiPolygon","coordinates":[[[[-3.5146,47.6475],[-3.5127,47.6492],[-3.5141,47.6523],[-3.4864,47.6529],[-3.472,47.6475],[-3.4652,47.6491],[-3.4603,47.6451],[-3.4302,47.6431],[-3.42,47.6376],[-3.4158,47.6316],[-3.4223,47.6199],[-3.4286,47.6247],[-3.4329,47.6234],[-3.4337,47.6257],[-3.4375,47.6262],[-3.4351,47.6269],[-3.4374,47.6286],[-3.446,47.6227],[-3.4554,47.6234],[-3.4632,47.6204],[-3.4651,47.6217],[-3.4633,47.6236],[-3.4739,47.6276],[-3.4857,47.6285],[-3.4863,47.6305],[-3.4822,47.6321],[-3.4829,47.6341],[-3.491,47.6323],[-3.4999,47.6365],[-3.4999,47.6392],[-3.5053,47.6386],[-3.5146,47.6475]]],[[[-3.5393,47.8241],[-3.5411,47.8284],[-3.5398,47.8363],[-3.5313,47.843],[-3.5267,47.8427],[-3.5288,47.8453],[-3.5231,47.8495],[-3.5186,47.8482],[-3.5219,47.8399],[-3.5161,47.8393],[-3.512,47.8321],[-3.4959,47.8284],[-3.4921,47.8243],[-3.4879,47.8237],[-3.475,47.8356],[-3.4577,47.8367],[-3.4541,47.8445],[-3.4491,47.8465],[-3.4519,47.8585],[-3.4483,47.8637],[-3.4397,47.8628],[-3.4321,47.8676],[-3.4193,47.8692],[-3.4112,47.8677],[-3.4108,47.8634],[-3.3983,47.8631],[-3.4042,47.8666],[-3.4013,47.8736],[-3.4037,47.8795],[-3.4022,47.8847],[-3.4085,47.8965],[-3.4043,47.8993],[-3.4051,47.9019],[-3.4193,47.9056],[-3.4052,47.9064],[-3.404,47.9089],[-3.4094,47.9098],[-3.409,47.916],[-3.4009,47.919],[-3.3939,47.9173],[-3.3869,47.9254],[-3.3895,47.9309],[-3.3983,47.9346],[-3.4017,47.9434],[-3.3937,47.9507],[-3.3818,47.9511],[-3.3775,47.949],[-3.3726,47.9515],[-3.3621,47.9429],[-3.3568,47.9442],[-3.3492,47.9542],[-3.3497,47.9625],[-3.3432,47.9669],[-3.34,47.975],[-3.3323,47.983],[-3.3202,47.9889],[-3.3156,47.9936],[-3.3112,47.9889],[-3.3066,47.9912],[-3.3066,47.9947],[-3.2884,47.9973],[-3.2773,47.9949],[-3.2697,47.9982],[-3.263,47.994],[-3.2561,47.9952],[-3.2564,47.9904],[-3.2536,47.988],[-3.2499,47.9878],[-3.2437,47.9819],[-3.2367,47.9819],[-3.2276,47.9904],[-3.2249,47.9894],[-3.2241,47.9928],[-3.2096,47.9943],[-3.2038,48],[-3.197,48.002],[-3.1989,48.005],[-3.195,48.0059],[-3.1987,48.0058],[-3.2005,48.0096],[-3.1913,48.0106],[-3.1889,48.0146],[-3.1918,48.0186],[-3.1896,48.019],[-3.1896,48.0227],[-3.1776,48.0271],[-3.1756,48.0341],[-3.1613,48.0329],[-3.1568,48.0349],[-3.152,48.0304],[-3.1449,48.0281],[-3.1482,48.027],[-3.147,48.0228],[-3.1387,48.0117],[-3.1312,48.0089],[-3.1362,48.0045],[-3.1331,47.9919],[-3.1351,47.9904],[-3.1342,47.9868],[-3.137,47.9894],[-3.1436,47.9894],[-3.1417,47.9813],[-3.1453,47.9764],[-3.1452,47.9625],[-3.1407,47.9618],[-3.1364,47.9545],[-3.1265,47.951],[-3.1244,47.9466],[-3.1152,47.9455],[-3.1114,47.9405],[-3.0989,47.9447],[-3.0972,47.9421],[-3.0922,47.9424],[-3.0922,47.9392],[-3.0858,47.9358],[-3.0864,47.9337],[-3.0739,47.9342],[-3.0735,47.9268],[-3.0878,47.9129],[-3.0765,47.9081],[-3.0775,47.8826],[-3.0849,47.8793],[-3.0895,47.8799],[-3.0943,47.8815],[-3.0992,47.8873],[-3.1114,47.8829],[-3.098,47.8765],[-3.0773,47.8758],[-3.0665,47.8711],[-3.0689,47.865],[-3.0663,47.8591],[-3.0687,47.8571],[-3.0673,47.8533],[-3.0713,47.848],[-3.0685,47.839],[-3.0597,47.8359],[-3.0592,47.8324],[-3.0607,47.827],[-3.0748,47.8284],[-3.0834,47.8243],[-3.0893,47.82],[-3.0874,47.8141],[-3.0968,47.8168],[-3.1049,47.8137],[-3.1063,47.8075],[-3.1115,47.8099],[-3.1181,47.8062],[-3.116,47.7992],[-3.1229,47.7919],[-3.122,47.7881],[-3.1273,47.7884],[-3.1258,47.7822],[-3.1338,47.7819],[-3.135,47.7782],[-3.1419,47.7786],[-3.1424,47.7747],[-3.1469,47.7731],[-3.1481,47.769],[-3.1576,47.7731],[-3.163,47.7711],[-3.1723,47.7744],[-3.1718,47.7778],[-3.1744,47.779],[-3.1838,47.7791],[-3.1869,47.7762],[-3.1974,47.7801],[-3.2008,47.7775],[-3.2007,47.7802],[-3.2043,47.7815],[-3.1993,47.785],[-3.1997,47.7875],[-3.2109,47.8012],[-3.2157,47.8029],[-3.2331,47.8017],[-3.2378,47.8041],[-3.2436,47.7978],[-3.2502,47.8004],[-3.26,47.7914],[-3.2656,47.7913],[-3.2665,47.7882],[-3.2842,47.7797],[-3.2927,47.7843],[-3.2931,47.7873],[-3.2896,47.7922],[-3.276,47.7938],[-3.2761,47.7985],[-3.2776,47.7942],[-3.2954,47.7938],[-3.2901,47.7933],[-3.2962,47.7864],[-3.2958,47.7817],[-3.2909,47.7828],[-3.2868,47.7776],[-3.2865,47.7732],[-3.2912,47.7716],[-3.2944,47.7752],[-3.3001,47.7748],[-3.303,47.7653],[-3.3089,47.764],[-3.3163,47.7569],[-3.3199,47.7561],[-3.326,47.7593],[-3.3223,47.7511],[-3.3247,47.7469],[-3.3336,47.743],[-3.3465,47.742],[-3.3528,47.7594],[-3.3578,47.7626],[-3.3648,47.7609],[-3.3548,47.7574],[-3.3516,47.7506],[-3.3541,47.7496],[-3.3515,47.747],[-3.3536,47.7484],[-3.3518,47.7466],[-3.3537,47.7468],[-3.3506,47.7438],[-3.3609,47.7451],[-3.3497,47.7422],[-3.3525,47.7412],[-3.3493,47.7404],[-3.3526,47.741],[-3.3563,47.7317],[-3.3642,47.7271],[-3.3624,47.7291],[-3.3663,47.7289],[-3.3686,47.7317],[-3.3657,47.7273],[-3.3708,47.7231],[-3.367,47.7172],[-3.3756,47.7119],[-3.3751,47.7088],[-3.3813,47.7076],[-3.3808,47.7048],[-3.3913,47.7008],[-3.4074,47.703],[-3.4154,47.7003],[-3.4277,47.7047],[-3.4316,47.7019],[-3.4282,47.6998],[-3.4342,47.7014],[-3.4363,47.6984],[-3.4443,47.6997],[-3.4457,47.6957],[-3.4502,47.6952],[-3.4577,47.6995],[-3.4611,47.6984],[-3.4623,47.7021],[-3.4592,47.7012],[-3.4589,47.7035],[-3.4627,47.7063],[-3.4692,47.7067],[-3.4711,47.7109],[-3.4763,47.7103],[-3.4753,47.7147],[-3.4845,47.7161],[-3.487,47.722],[-3.5006,47.731],[-3.499,47.7336],[-3.5122,47.753],[-3.5219,47.7581],[-3.5231,47.7623],[-3.5301,47.766],[-3.5257,47.7677],[-3.526,47.7706],[-3.5304,47.7723],[-3.5304,47.7792],[-3.5238,47.7895],[-3.5289,47.7896],[-3.5249,47.7916],[-3.5252,47.7959],[-3.5206,47.7986],[-3.5216,47.8015],[-3.5192,47.8032],[-3.5244,47.8044],[-3.5235,47.8104],[-3.5355,47.8131],[-3.5374,47.8166],[-3.5329,47.8204],[-3.5395,47.8224],[-3.5393,47.8241]]],[[[-3.3414,47.7089],[-3.3455,47.708],[-3.3462,47.705],[-3.3553,47.7029],[-3.3652,47.7107],[-3.3616,47.7092],[-3.3565,47.712],[-3.3528,47.7086],[-3.3505,47.7116],[-3.3548,47.712],[-3.352,47.7125],[-3.3511,47.7158],[-3.3463,47.7138],[-3.3429,47.7159],[-3.3439,47.7206],[-3.3518,47.7244],[-3.3442,47.7269],[-3.3458,47.7299],[-3.3491,47.7288],[-3.3479,47.7345],[-3.3229,47.735],[-3.3144,47.7416],[-3.3151,47.7449],[-3.3023,47.7445],[-3.3004,47.7429],[-3.3023,47.7394],[-3.2861,47.7383],[-3.2885,47.7356],[-3.2877,47.7314],[-3.2783,47.7302],[-3.2785,47.7221],[-3.2733,47.722],[-3.2794,47.7197],[-3.281,47.7155],[-3.2731,47.7116],[-3.2727,47.7083],[-3.2645,47.7051],[-3.2696,47.7004],[-3.2793,47.7019],[-3.2896,47.7084],[-3.2894,47.7055],[-3.2932,47.7062],[-3.2905,47.7034],[-3.3025,47.7023],[-3.3126,47.7056],[-3.3089,47.7088],[-3.3102,47.71],[-3.3204,47.7047],[-3.3258,47.7087],[-3.3347,47.7072],[-3.3414,47.7089]]],[[[-3.3597,47.7255],[-3.3565,47.7277],[-3.3578,47.7245],[-3.3597,47.7255]]],[[[-3.303,47.6902],[-3.343,47.6956],[-3.353,47.6929],[-3.3538,47.6912],[-3.3512,47.6904],[-3.3601,47.6859],[-3.3619,47.6909],[-3.355,47.6942],[-3.3556,47.6988],[-3.3532,47.7014],[-3.3452,47.6959],[-3.339,47.6996],[-3.3315,47.6985],[-3.3266,47.7022],[-3.3233,47.6994],[-3.3146,47.6986],[-3.3176,47.697],[-3.3075,47.6936],[-3.3141,47.6936],[-3.3049,47.6924],[-3.3015,47.691],[-3.303,47.6902]]],[[[-3.3172,47.7053],[-3.3128,47.7051],[-3.3126,47.7025],[-3.3157,47.7026],[-3.3172,47.7053]]]]}},{"type":"Feature","properties":{"territoire":"200043123","nom":"CC Auray Quiberon Terre Atlantique","type":"epci"},"geometry":{"type":"MultiPolygon","coordinates":[[[[-3.2043,47.6492],[-3.2081,47.6591],[-3.2064,47.6581],[-3.2083,47.6627],[-3.2065,47.6647],[-3.1922,47.6603],[-3.1871,47.6612],[-3.2091,47.6666],[-3.2088,47.6697],[-3.2014,47.67],[-3.202,47.6719],[-3.1974,47.6734],[-3.1995,47.6759],[-3.1966,47.6788],[-3.1879,47.6772],[-3.1909,47.6816],[-3.1856,47.6852],[-3.1861,47.688],[-3.1836,47.6869],[-3.1856,47.6855],[-3.1831,47.6815],[-3.1712,47.6835],[-3.1638,47.6799],[-3.1617,47.6807],[-3.1635,47.6821],[-3.1617,47.6844],[-3.1642,47.6865],[-3.1584,47.6898],[-3.155,47.6865],[-3.1499,47.6898],[-3.1512,47.6927],[-3.1653,47.6956],[-3.1727,47.6929],[-3.1773,47.6941],[-3.1615,47.7041],[-3.1668,47.7087],[-3.1659,47.7219],[-3.158,47.7249],[-3.1573,47.7291],[-3.1523,47.7329],[-3.1558,47.7361],[-3.1487,47.745],[-3.1479,47.7523],[-3.1548,47.7551],[-3.1484,47.7641],[-3.1479,47.7717],[-3.1424,47.7747],[-3.1419,47.7786],[-3.135,47.7782],[-3.1338,47.7819],[-3.1258,47.7822],[-3.1273,47.7884],[-3.122,47.7881],[-3.1229,47.7919],[-3.116,47.7992],[-3.1181,47.8062],[-3.1115,47.8099],[-3.1063,47.8075],[-3.1049,47.8137],[-3.0968,47.8168],[-3.0874,47.8141],[-3.0892,47.8202],[-3.0748,47.8284],[-3.0607,47.827],[-3.0603,47.8312],[-3.0564,47.8318],[-3.0462,47.8281],[-3.0491,47.832],[-3.0398,47.8272],[-3.0349,47.833],[-3.0355,47.8404],[-3.0327,47.8402],[-3.0317,47.8432],[-3.0341,47.8466],[-3.0328,47.8486],[-3.0266,47.8489],[-3.0307,47.8503],[-3.0234,47.8599],[-3.0175,47.8602],[-3.0137,47.8658],[-3.0023,47.8623],[-2.9744,47.8618],[-2.973,47.858],[-2.9706,47.8595],[-2.9626,47.8563],[-2.9612,47.8538],[-2.9639,47.8457],[-2.9611,47.8444],[-2.9526,47.8268],[-2.9227,47.8196],[-2.9247,47.8168],[-2.9301,47.8163],[-2.9344,47.8037],[-2.9339,47.7959],[-2.9423,47.7992],[-2.9501,47.7974],[-2.9557,47.7932],[-2.9514,47.7909],[-2.9484,47.7855],[-2.9519,47.7822],[-2.9478,47.7799],[-2.9501,47.7767],[-2.9473,47.7729],[-2.9498,47.7693],[-2.9489,47.7663],[-2.9547,47.7644],[-2.9503,47.759],[-2.9507,47.756],[-2.9463,47.7549],[-2.955,47.7489],[-2.9502,47.7462],[-2.9426,47.746],[-2.9301,47.7524],[-2.9266,47.7483],[-2.9176,47.7472],[-2.9116,47.7493],[-2.9093,47.7507],[-2.9101,47.754],[-2.9251,47.7601],[-2.9176,47.7651],[-2.8928,47.7593],[-2.8821,47.7599],[-2.8721,47.7534],[-2.8757,47.7493],[-2.8719,47.7474],[-2.874,47.7442],[-2.8778,47.7452],[-2.8797,47.7372],[-2.8752,47.7335],[-2.8774,47.7294],[-2.873,47.7247],[-2.8761,47.7205],[-2.8829,47.7215],[-2.8901,47.716],[-2.8773,47.7086],[-2.8815,47.7011],[-2.882,47.6951],[-2.8869,47.6911],[-2.8832,47.6869],[-2.9014,47.6838],[-2.9007,47.6804],[-2.9057,47.679],[-2.9125,47.6814],[-2.9182,47.6798],[-2.9249,47.6746],[-2.9194,47.6677],[-2.9253,47.6682],[-2.9285,47.6659],[-2.9242,47.6617],[-2.9288,47.653],[-2.935,47.6533],[-2.9493,47.6474],[-2.9555,47.639],[-2.9677,47.6387],[-2.9638,47.6457],[-2.9769,47.6598],[-2.9779,47.6567],[-2.9812,47.6557],[-2.9773,47.6522],[-2.9754,47.6454],[-2.9704,47.6445],[-2.9721,47.6389],[-2.9708,47.633],[-2.9631,47.6341],[-2.9604,47.6238],[-2.9551,47.6202],[-2.9565,47.617],[-2.9535,47.6124],[-2.9594,47.6152],[-2.9658,47.6113],[-2.9616,47.6099],[-2.9633,47.6076],[-2.9685,47.6059],[-2.9721,47.6075],[-2.9662,47.605],[-2.9642,47.601],[-2.9598,47.6011],[-2.9542,47.5974],[-2.958,47.5938],[-2.9609,47.5944],[-2.9649,47.588],[-2.9623,47.588],[-2.9629,47.5847],[-2.9593,47.5808],[-2.9469,47.5788],[-2.9448,47.5745],[-2.9459,47.5713],[-2.9405,47.5672],[-2.9366,47.5681],[-2.9373,47.5602],[-2.9284,47.5593],[-2.9263,47.557],[-2.9285,47.554],[-2.9518,47.5561],[-2.951,47.5583],[-2.957,47.5652],[-2.9597,47.5617],[-2.9564,47.5609],[-2.9638,47.5569],[-2.9623,47.5536],[-2.9714,47.5588],[-2.9758,47.5587],[-2.9758,47.5611],[-2.9786,47.5619],[-2.9771,47.563],[-2.9745,47.5598],[-2.9684,47.5596],[-2.9757,47.5693],[-2.9708,47.5685],[-2.9709,47.5707],[-2.9805,47.5784],[-2.9854,47.577],[-2.9915,47.5806],[-2.9893,47.5837],[-2.994,47.5861],[-2.9948,47.5911],[-2.9994,47.5912],[-2.996,47.5879],[-2.9978,47.5845],[-2.9876,47.5661],[-2.9941,47.5718],[-2.9982,47.5698],[-2.9968,47.5664],[-3.0072,47.5683],[-3.0113,47.5747],[-3.0113,47.5805],[-3.025,47.5924],[-3.0285,47.5898],[-3.0264,47.5872],[-3.0243,47.588],[-3.027,47.587],[-3.0249,47.5847],[-3.0269,47.5825],[-3.0223,47.5794],[-3.0236,47.5734],[-3.0184,47.5671],[-3.0251,47.5682],[-3.0286,47.5734],[-3.0397,47.5737],[-3.0391,47.5786],[-3.041,47.5793],[-3.0422,47.5771],[-3.0525,47.5776],[-3.0522,47.575],[-3.0552,47.5731],[-3.0532,47.5693],[-3.061,47.5723],[-3.0777,47.5686],[-3.079,47.5709],[-3.0794,47.5676],[-3.0958,47.5635],[-3.0977,47.5691],[-3.1063,47.5738],[-3.106,47.5773],[-3.0964,47.578],[-3.0976,47.5752],[-3.0918,47.5739],[-3.0922,47.5796],[-3.1047,47.5806],[-3.1035,47.5849],[-3.1086,47.5848],[-3.1104,47.5876],[-3.1196,47.5912],[-3.1183,47.5933],[-3.1208,47.5931],[-3.1207,47.5961],[-3.125,47.5993],[-3.1312,47.596],[-3.1272,47.5934],[-3.1304,47.5894],[-3.1313,47.5749],[-3.1242,47.5721],[-3.1165,47.5773],[-3.1165,47.5799],[-3.115,47.5761],[-3.1256,47.5661],[-3.1297,47.5511],[-3.1341,47.5441],[-3.1311,47.5389],[-3.1334,47.5326],[-3.1321,47.5283],[-3.1282,47.5257],[-3.129,47.5206],[-3.1258,47.5211],[-3.1267,47.5135],[-3.1177,47.5098],[-3.1197,47.5023],[-3.1175,47.4965],[-3.1135,47.4959],[-3.1088,47.4889],[-3.1002,47.4891],[-3.1047,47.4888],[-3.1014,47.4846],[-3.0998,47.4879],[-3.1004,47.4858],[-3.0979,47.4866],[-3.0987,47.4892],[-3.0992,47.4846],[-3.0944,47.4831],[-3.0905,47.4733],[-3.0798,47.4684],[-3.0881,47.4698],[-3.0937,47.4736],[-3.1013,47.4713],[-3.1055,47.4738],[-3.1092,47.4709],[-3.1135,47.4772],[-3.1181,47.4792],[-3.1225,47.479],[-3.1226,47.4764],[-3.1253,47.478],[-3.1277,47.4756],[-3.1218,47.4757],[-3.1294,47.4752],[-3.1307,47.473],[-3.138,47.4805],[-3.1375,47.4831],[-3.1456,47.4834],[-3.1429,47.4845],[-3.1453,47.4886],[-3.1424,47.4918],[-3.1477,47.4941],[-3.149,47.5014],[-3.1514,47.5026],[-3.149,47.5088],[-3.1527,47.511],[-3.1508,47.5138],[-3.1531,47.5216],[-3.155,47.5238],[-3.16,47.5232],[-3.1584,47.5245],[-3.1624,47.5298],[-3.1541,47.5272],[-3.1475,47.5315],[-3.1465,47.53],[-3.1398,47.5378],[-3.1386,47.5427],[-3.1351,47.5444],[-3.1399,47.5784],[-3.1498,47.596],[-3.1601,47.6076],[-3.1975,47.624],[-3.1995,47.6309],[-3.2101,47.6405],[-3.21,47.6448],[-3.2043,47.6492]]],[[[-3.1796,47.6875],[-3.1772,47.6896],[-3.1767,47.687],[-3.1796,47.6875]]],[[[-2.9987,47.3949],[-2.9954,47.3948],[-2.9974,47.393],[-2.9987,47.3949]]],[[[-3.1725,47.6876],[-3.1701,47.6888],[-3.1696,47.6859],[-3.1725,47.6876]]],[[[-2.9948,47.3943],[-2.9917,47.3956],[-2.9944,47.3992],[-2.9909,47.4002],[-2.9937,47.4017],[-2.9909,47.4025],[-2.9885,47.3992],[-2.9809,47.4],[-2.9808,47.3974],[-2.9752,47.397],[-2.9756,47.3952],[-2.9682,47.3926],[-2.9615,47.3943],[-2.952,47.3907],[-2.9422,47.3941],[-2.9386,47.3931],[-2.9538,47.385],[-2.9538,47.3811],[-2.9498,47.3812],[-2.9491,47.3793],[-2.9502,47.3752],[-2.9562,47.378],[-2.9554,47.3808],[-2.9591,47.384],[-2.9743,47.3854],[-2.9858,47.3949],[-2.9933,47.3928],[-2.9948,47.3943]]],[[[-2.8916,47.3461],[-2.8836,47.3428],[-2.8751,47.3445],[-2.8765,47.3428],[-2.874,47.3429],[-2.8639,47.3491],[-2.8609,47.3411],[-2.8651,47.337],[-2.8747,47.3356],[-2.8763,47.333],[-2.8857,47.3324],[-2.8907,47.338],[-2.8873,47.34],[-2.8875,47.3427],[-2.8916,47.3461]]]]}},{"type":"Feature","properties":{"territoire":"200043990","nom":"CC Vallons de Haute-Bretagne Communauté","type":"epci"},"geometry":{"type":"MultiPolygon","coordinates":[[[[-2.0109,47.8423],[-2.0211,47.8469],[-2.0233,47.8457],[-2.0238,47.8407],[-2.0335,47.8386],[-2.0363,47.8337],[-2.0478,47.8364],[-2.0522,47.842],[-2.0512,47.8472],[-2.0544,47.85],[-2.0541,47.8542],[-2.0508,47.857],[-2.0549,47.8687],[-2.0644,47.8605],[-2.0686,47.852],[-2.0771,47.8505],[-2.0908,47.8435],[-2.1021,47.844],[-2.1096,47.8489],[-2.1043,47.853],[-2.1056,47.8586],[-2.0957,47.8618],[-2.1148,47.8777],[-2.1162,47.8806],[-2.1132,47.8831],[-2.1131,47.8877],[-2.1157,47.8902],[-2.1118,47.8949],[-2.106,47.8932],[-2.1013,47.8949],[-2.1054,47.9025],[-2.0996,47.9004],[-2.086,47.9035],[-2.0857,47.9068],[-2.0817,47.9089],[-2.0854,47.9141],[-2.0805,47.9146],[-2.0813,47.9168],[-2.0783,47.9183],[-2.0893,47.927],[-2.0904,47.9304],[-2.0979,47.9331],[-2.0973,47.9365],[-2.1015,47.9393],[-2.0978,47.9434],[-2.1046,47.9536],[-2.0944,47.9529],[-2.0903,47.9489],[-2.0739,47.9461],[-2.0732,47.944],[-2.061,47.9502],[-2.0417,47.948],[-2.0304,47.9526],[-2.0194,47.9534],[-1.9827,47.9632],[-1.9716,47.9688],[-1.9725,47.9723],[-1.9626,47.9742],[-1.9672,47.9952],[-1.9623,48.0019],[-1.9701,48.0045],[-1.974,48.0135],[-1.9471,48.0138],[-1.9466,48.017],[-1.9406,48.0176],[-1.9304,48.015],[-1.9278,48.0228],[-1.8969,48.0247],[-1.8889,48.0238],[-1.8862,48.021],[-1.8784,48.0224],[-1.871,48.0208],[-1.8643,48.016],[-1.8474,48.0159],[-1.8343,48.0196],[-1.833,48.0224],[-1.8296,48.0217],[-1.8258,48.0282],[-1.8261,48.0379],[-1.8193,48.04],[-1.8212,48.0473],[-1.8142,48.0464],[-1.8123,48.0439],[-1.8022,48.046],[-1.7982,48.0439],[-1.7955,48.0355],[-1.7783,48.033],[-1.7779,48.0299],[-1.774,48.0281],[-1.7755,48.0212],[-1.7823,48.0159],[-1.7846,48.0035],[-1.7631,48.002],[-1.7647,47.9983],[-1.7516,47.996],[-1.7584,47.9873],[-1.7444,47.965],[-1.7487,47.9482],[-1.7442,47.9482],[-1.7362,47.9411],[-1.7203,47.9381],[-1.7214,47.9356],[-1.7189,47.9343],[-1.6843,47.937],[-1.6841,47.9318],[-1.6778,47.9293],[-1.6718,47.9303],[-1.6726,47.9282],[-1.6661,47.9239],[-1.6721,47.9228],[-1.6767,47.9174],[-1.6828,47.917],[-1.6872,47.909],[-1.6863,47.9052],[-1.6911,47.9015],[-1.6931,47.9025],[-1.6919,47.9052],[-1.698,47.9058],[-1.7124,47.9025],[-1.7202,47.9043],[-1.7316,47.9025],[-1.7461,47.9068],[-1.7631,47.8945],[-1.7862,47.8903],[-1.785,47.8836],[-1.7778,47.8764],[-1.7758,47.8614],[-1.7777,47.8529],[-1.7819,47.8475],[-1.7688,47.8451],[-1.7611,47.8492],[-1.7533,47.8455],[-1.7466,47.8454],[-1.746,47.8422],[-1.7467,47.8341],[-1.7495,47.8321],[-1.747,47.8254],[-1.7546,47.8176],[-1.7552,47.8135],[-1.7689,47.8172],[-1.7707,47.8111],[-1.7681,47.8057],[-1.7768,47.803],[-1.7744,47.799],[-1.7898,47.7911],[-1.7747,47.7747],[-1.7885,47.7719],[-1.7929,47.7695],[-1.7934,47.7659],[-1.8024,47.7666],[-1.817,47.762],[-1.8252,47.7671],[-1.8458,47.7642],[-1.8465,47.7686],[-1.85,47.769],[-1.867,47.7658],[-1.8632,47.7742],[-1.8733,47.7897],[-1.8722,47.7988],[-1.8761,47.8074],[-1.8745,47.8126],[-1.8795,47.8158],[-1.8775,47.8199],[-1.895,47.8297],[-1.9054,47.8279],[-1.9176,47.8327],[-1.916,47.8345],[-1.9175,47.8396],[-1.8943,47.8397],[-1.8901,47.8422],[-1.8897,47.8481],[-1.8929,47.8488],[-1.8902,47.8548],[-1.9019,47.8621],[-1.9044,47.8699],[-1.923,47.8717],[-1.9273,47.8695],[-1.931,47.8624],[-1.939,47.8623],[-1.9386,47.8606],[-1.9428,47.8593],[-1.9524,47.859],[-1.9655,47.8629],[-1.9807,47.862],[-1.9841,47.8575],[-1.9712,47.853],[-1.9632,47.8444],[-1.9551,47.8443],[-1.9555,47.8414],[-1.9727,47.8393],[-1.9835,47.8489],[-1.9864,47.8563],[-1.9978,47.8536],[-2.0002,47.8494],[-2.0109,47.8423]]]]}},{"type":"Feature","properties":{"territoire":"200065928","nom":"CA Lannion-Trégor Communauté","type":"epci"},"geometry":{"type":"MultiPolygon","coordinates":[[[[-3.5813,48.4638],[-3.5931,48.464],[-3.5943,48.4703],[-3.5997,48.4707],[-3.5975,48.4729],[-3.6,48.4785],[-3.6075,48.4773],[-3.6013,48.4848],[-3.6045,48.4962],[-3.583,48.5052],[-3.5742,48.5157],[-3.5634,48.5221],[-3.5585,48.5286],[-3.5398,48.5382],[-3.5539,48.5409],[-3.5577,48.5477],[-3.5699,48.5546],[-3.5713,48.5584],[-3.5797,48.5529],[-3.5987,48.5571],[-3.5989,48.561],[-3.5951,48.5641],[-3.5907,48.5635],[-3.5839,48.5744],[-3.5886,48.5827],[-3.5917,48.5826],[-3.594,48.5857],[-3.6,48.5834],[-3.6174,48.5902],[-3.6295,48.5879],[-3.6406,48.5962],[-3.6422,48.599],[-3.6393,48.6037],[-3.6389,48.6121],[-3.6495,48.6104],[-3.6513,48.6162],[-3.6545,48.6171],[-3.6559,48.6206],[-3.6543,48.6238],[-3.66,48.6349],[-3.6614,48.6467],[-3.6659,48.6523],[-3.6589,48.6558],[-3.6539,48.6648],[-3.645,48.6682],[-3.6441,48.6705],[-3.6349,48.671],[-3.6376,48.6743],[-3.637,48.6816],[-3.6289,48.6825],[-3.6235,48.6867],[-3.6227,48.6844],[-3.6132,48.6839],[-3.6162,48.6833],[-3.6161,48.6798],[-3.6133,48.672],[-3.6099,48.6697],[-3.5818,48.6703],[-3.5729,48.6752],[-3.5678,48.6859],[-3.5845,48.6909],[-3.5797,48.6973],[-3.581,48.7051],[-3.5836,48.7068],[-3.5811,48.7131],[-3.5849,48.717],[-3.581,48.7215],[-3.5845,48.7246],[-3.5832,48.7256],[-3.5783,48.7231],[-3.5722,48.7237],[-3.5637,48.7287],[-3.5648,48.7318],[-3.5535,48.7273],[-3.5353,48.7276],[-3.5397,48.732],[-3.5359,48.7331],[-3.5256,48.7305],[-3.5132,48.7339],[-3.5043,48.7315],[-3.4974,48.7368],[-3.4854,48.7359],[-3.4758,48.7392],[-3.4717,48.7384],[-3.4649,48.7318],[-3.4698,48.7384],[-3.4747,48.7402],[-3.4855,48.737],[-3.497,48.738],[-3.5049,48.7328],[-3.5129,48.7359],[-3.525,48.7321],[-3.5351,48.735],[-3.5506,48.7332],[-3.5499,48.748],[-3.5581,48.7532],[-3.5618,48.7589],[-3.5667,48.7606],[-3.5851,48.7573],[-3.578,48.7628],[-3.5822,48.7682],[-3.5888,48.7688],[-3.5842,48.7708],[-3.5831,48.7749],[-3.5852,48.7794],[-3.5807,48.7791],[-3.5783,48.7829],[-3.5845,48.7905],[-3.5806,48.7899],[-3.5803,48.7872],[-3.5782,48.79],[-3.5682,48.7898],[-3.5697,48.7913],[-3.5668,48.7918],[-3.5666,48.7962],[-3.5694,48.7973],[-3.5672,48.7979],[-3.5547,48.7913],[-3.5545,48.7937],[-3.5414,48.7984],[-3.5425,48.8018],[-3.5353,48.8017],[-3.5336,48.8064],[-3.5376,48.8081],[-3.5359,48.8115],[-3.5412,48.8136],[-3.5396,48.81],[-3.5468,48.8094],[-3.5481,48.8122],[-3.548,48.815],[-3.5396,48.8166],[-3.5418,48.8229],[-3.5381,48.825],[-3.5329,48.8242],[-3.5242,48.8208],[-3.5228,48.8182],[-3.5191,48.8189],[-3.5255,48.8226],[-3.523,48.8265],[-3.526,48.8275],[-3.5258,48.8301],[-3.5197,48.8301],[-3.52,48.8325],[-3.5165,48.8321],[-3.5127,48.837],[-3.5088,48.8353],[-3.5044,48.838],[-3.5047,48.8404],[-3.4983,48.8374],[-3.5048,48.8333],[-3.5108,48.8343],[-3.5078,48.8323],[-3.5105,48.8279],[-3.5029,48.824],[-3.5004,48.8251],[-3.5026,48.8291],[-3.4964,48.8311],[-3.4962,48.8287],[-3.4909,48.8281],[-3.4913,48.8258],[-3.4866,48.8257],[-3.4865,48.8293],[-3.4912,48.8311],[-3.4862,48.8323],[-3.4881,48.8356],[-3.4823,48.8381],[-3.4813,48.8363],[-3.4762,48.8379],[-3.4742,48.8331],[-3.4764,48.8325],[-3.4725,48.8309],[-3.473,48.8283],[-3.4678,48.8231],[-3.4596,48.8197],[-3.4607,48.8172],[-3.4578,48.8159],[-3.4508,48.8159],[-3.441,48.8204],[-3.4304,48.8191],[-3.4281,48.8216],[-3.4266,48.8173],[-3.4375,48.8112],[-3.4359,48.8065],[-3.4385,48.8032],[-3.4397,48.8065],[-3.4431,48.8034],[-3.4405,48.7981],[-3.4302,48.7972],[-3.4282,48.7986],[-3.4309,48.7998],[-3.4247,48.7981],[-3.3887,48.803],[-3.3866,48.8119],[-3.3899,48.813],[-3.3894,48.8159],[-3.3722,48.8165],[-3.3651,48.819],[-3.366,48.8226],[-3.3538,48.82],[-3.3506,48.8224],[-3.3526,48.8241],[-3.34,48.8291],[-3.3349,48.8284],[-3.3198,48.8386],[-3.3149,48.8362],[-3.3083,48.8376],[-3.2928,48.8296],[-3.2905,48.8311],[-3.2906,48.8349],[-3.2843,48.8377],[-3.2836,48.8419],[-3.2782,48.8411],[-3.2756,48.8433],[-3.2764,48.8382],[-3.271,48.8366],[-3.2696,48.8339],[-3.264,48.8343],[-3.2539,48.8422],[-3.257,48.8477],[-3.2508,48.8488],[-3.2479,48.8524],[-3.251,48.8522],[-3.2446,48.8585],[-3.2333,48.8637],[-3.2323,48.8672],[-3.2357,48.8666],[-3.2343,48.8647],[-3.2388,48.8675],[-3.2277,48.8671],[-3.2249,48.8701],[-3.2239,48.8672],[-3.2178,48.8658],[-3.2155,48.8586],[-3.2118,48.8565],[-3.2118,48.8497],[-3.206,48.8473],[-3.2106,48.8487],[-3.2139,48.8435],[-3.2132,48.8399],[-3.2187,48.8365],[-3.2197,48.8325],[-3.2162,48.8359],[-3.2069,48.8383],[-3.2035,48.8346],[-3.2033,48.8254],[-3.2066,48.8194],[-3.1995,48.8183],[-3.1968,48.8184],[-3.1998,48.8207],[-3.1988,48.8256],[-3.1907,48.8341],[-3.1903,48.8372],[-3.182,48.8436],[-3.1737,48.8421],[-3.1673,48.8534],[-3.1521,48.8526],[-3.1419,48.8578],[-3.1328,48.8589],[-3.1313,48.8609],[-3.133,48.8618],[-3.1299,48.8644],[-3.1118,48.8673],[-3.1075,48.8655],[-3.0983,48.869],[-3.1016,48.8665],[-3.0954,48.8655],[-3.0854,48.8683],[-3.0769,48.8592],[-3.0762,48.8562],[-3.0784,48.8562],[-3.0792,48.8602],[-3.0865,48.864],[-3.0878,48.8609],[-3.0936,48.8615],[-3.0958,48.859],[-3.0883,48.8575],[-3.0879,48.8549],[-3.0905,48.8539],[-3.0836,48.8478],[-3.0905,48.8381],[-3.0982,48.8342],[-3.0973,48.8321],[-3.1,48.8309],[-3.089,48.8334],[-3.0897,48.831],[-3.0879,48.8306],[-3.0814,48.8333],[-3.0825,48.8309],[-3.078,48.8296],[-3.0725,48.8334],[-3.0719,48.8307],[-3.0757,48.8278],[-3.0794,48.8296],[-3.0839,48.8271],[-3.0839,48.8213],[-3.088,48.8164],[-3.0879,48.8123],[-3.0985,48.8049],[-3.0954,48.8047],[-3.0997,48.8],[-3.0973,48.7944],[-3.1003,48.7917],[-3.0984,48.7902],[-3.1028,48.7882],[-3.099,48.7834],[-3.1055,48.7834],[-3.1082,48.7795],[-3.1212,48.7724],[-3.1284,48.7731],[-3.1215,48.7692],[-3.1221,48.7644],[-3.1248,48.7622],[-3.1234,48.759],[-3.1267,48.7576],[-3.1217,48.756],[-3.1293,48.7516],[-3.1452,48.7479],[-3.145,48.7406],[-3.1475,48.7378],[-3.1632,48.7379],[-3.17,48.7412],[-3.1836,48.7401],[-3.1878,48.745],[-3.1915,48.7435],[-3.194,48.7411],[-3.1933,48.7359],[-3.1989,48.7318],[-3.209,48.7317],[-3.215,48.7267],[-3.2154,48.7205],[-3.2312,48.7075],[-3.2216,48.6974],[-3.2388,48.6913],[-3.2499,48.695],[-3.25,48.6913],[-3.2529,48.6892],[-3.2452,48.6863],[-3.242,48.6824],[-3.2383,48.6828],[-3.234,48.6774],[-3.2357,48.6724],[-3.2337,48.6694],[-3.2356,48.6673],[-3.2342,48.662],[-3.2418,48.654],[-3.2539,48.6549],[-3.2551,48.6578],[-3.2596,48.658],[-3.2621,48.6624],[-3.2657,48.6601],[-3.2697,48.6641],[-3.2789,48.6631],[-3.2836,48.6701],[-3.2894,48.6726],[-3.307,48.6567],[-3.3287,48.654],[-3.3261,48.651],[-3.334,48.6449],[-3.3335,48.6244],[-3.3388,48.6228],[-3.3423,48.6243],[-3.3409,48.6157],[-3.3456,48.6138],[-3.3458,48.6162],[-3.3541,48.6142],[-3.3618,48.6166],[-3.3633,48.6142],[-3.3766,48.6123],[-3.3809,48.6096],[-3.3783,48.6067],[-3.3801,48.607],[-3.3829,48.5991],[-3.3814,48.5996],[-3.3818,48.5959],[-3.3793,48.5965],[-3.3827,48.5952],[-3.3818,48.5869],[-3.389,48.5744],[-3.3877,48.5733],[-3.4052,48.567],[-3.4043,48.5632],[-3.3957,48.5606],[-3.3988,48.5562],[-3.3957,48.551],[-3.3993,48.5455],[-3.3971,48.5426],[-3.398,48.539],[-3.3925,48.5364],[-3.3948,48.5283],[-3.3994,48.5255],[-3.3986,48.5225],[-3.4019,48.5189],[-3.4146,48.5203],[-3.4208,48.5166],[-3.4206,48.5112],[-3.4246,48.508],[-3.4188,48.5043],[-3.4209,48.5013],[-3.4273,48.5022],[-3.4377,48.4942],[-3.4423,48.4976],[-3.4447,48.4962],[-3.4424,48.4932],[-3.4462,48.4914],[-3.4451,48.4876],[-3.4585,48.4857],[-3.4748,48.489],[-3.4795,48.484],[-3.4789,48.4783],[-3.4808,48.4777],[-3.4838,48.4795],[-3.49,48.4777],[-3.4923,48.4819],[-3.4972,48.4814],[-3.5039,48.4799],[-3.5034,48.4778],[-3.5086,48.475],[-3.5204,48.4772],[-3.5254,48.4734],[-3.5296,48.4738],[-3.5328,48.4698],[-3.5351,48.4732],[-3.5391,48.471],[-3.5441,48.4758],[-3.5575,48.4758],[-3.5593,48.4744],[-3.554,48.4717],[-3.5623,48.466],[-3.5612,48.4647],[-3.5687,48.4668],[-3.5746,48.4627],[-3.5813,48.4638]]],[[[-3.6032,48.7717],[-3.5976,48.7711],[-3.5911,48.7664],[-3.5994,48.7671],[-3.6032,48.7717]]],[[[-3.612,48.7956],[-3.61,48.7963],[-3.611,48.7982],[-3.6051,48.7944],[-3.612,48.7956]]],[[[-3.6022,48.8001],[-3.5995,48.7987],[-3.5937,48.8016],[-3.5929,48.799],[-3.5949,48.7981],[-3.5902,48.7971],[-3.5997,48.7968],[-3.6022,48.8001]]],[[[-3.5907,48.8018],[-3.5847,48.8029],[-3.5871,48.8065],[-3.5831,48.8048],[-3.5792,48.8064],[-3.5764,48.8035],[-3.5752,48.8059],[-3.5675,48.8081],[-3.5624,48.803],[-3.5656,48.7987],[-3.5673,48.8002],[-3.5731,48.7963],[-3.5819,48.7983],[-3.5835,48.7941],[-3.5858,48.7953],[-3.5856,48.8003],[-3.5907,48.8018]]],[[[-3.5581,48.804],[-3.554,48.8024],[-3.5559,48.8009],[-3.5581,48.804]]],[[[-3.5482,48.8065],[-3.5462,48.8063],[-3.548,48.8049],[-3.5482,48.8065]]],[[[-3.4947,48.8791],[-3.488,48.8788],[-3.4916,48.8774],[-3.4947,48.8791]]],[[[-3.486,48.8824],[-3.482,48.8846],[-3.4764,48.8841],[-3.475,48.8817],[-3.486,48.8824]]],[[[-3.4125,48.8429],[-3.4081,48.8429],[-3.4086,48.8403],[-3.4051,48.8361],[-3.4057,48.8308],[-3.4086,48.8327],[-3.4096,48.8416],[-3.4125,48.8429]]],[[[-3.3105,48.8469],[-3.3089,48.8491],[-3.3023,48.8497],[-3.3035,48.848],[-3.3009,48.8462],[-3.3082,48.8433],[-3.3098,48.8461],[-3.3045,48.8458],[-3.3037,48.8487],[-3.3081,48.8492],[-3.3105,48.8469]]],[[[-3.3034,48.8507],[-3.3022,48.8523],[-3.3007,48.8493],[-3.3034,48.8507]]],[[[-3.4397,48.8992],[-3.4353,48.8998],[-3.4385,48.8974],[-3.4397,48.8992]]],[[[-3.2739,48.8394],[-3.2727,48.8408],[-3.2714,48.8388],[-3.2739,48.8394]]],[[[-3.284,48.8452],[-3.2816,48.8467],[-3.2782,48.8443],[-3.284,48.8452]]],[[[-3.2926,48.8515],[-3.2909,48.8525],[-3.2889,48.8504],[-3.2904,48.8484],[-3.287,48.8468],[-3.2786,48.8495],[-3.2757,48.8448],[-3.2792,48.8487],[-3.2882,48.8469],[-3.2926,48.8515]]],[[[-3.2612,48.8507],[-3.2593,48.8529],[-3.2597,48.8496],[-3.2612,48.8507]]],[[[-3.2044,48.8523],[-3.2048,48.854],[-3.202,48.8537],[-3.2019,48.8503],[-3.2044,48.8523]]],[[[-3.0451,48.8592],[-3.0376,48.864],[-3.0317,48.8629],[-3.0451,48.8592]]],[[[-3.1981,48.8643],[-3.1957,48.868],[-3.1919,48.867],[-3.1955,48.8664],[-3.1951,48.8631],[-3.1981,48.8643]]],[[[-3.1948,48.8742],[-3.182,48.8743],[-3.1806,48.871],[-3.1829,48.8694],[-3.1801,48.8656],[-3.1837,48.8636],[-3.1878,48.8647],[-3.1823,48.8655],[-3.1838,48.8723],[-3.1913,48.8744],[-3.1896,48.8725],[-3.1917,48.8715],[-3.1948,48.8742]]],[[[-3.0875,48.8727],[-3.0725,48.8832],[-3.0753,48.8793],[-3.0875,48.8727]]]]}},{"type":"Feature","properties":{"territoire":"200066777","nom":"Ploërmel Communauté","type":"epci"},"geometry":{"type":"MultiPolygon","coordinates":[[[[-2.6264,47.8848],[-2.6208,47.8895],[-2.6196,47.8941],[-2.612,47.8945],[-2.6027,47.9035],[-2.594,47.9057],[-2.5973,47.9053],[-2.6017,47.9115],[-2.6057,47.9124],[-2.6103,47.9175],[-2.6224,47.9189],[-2.6232,47.922],[-2.6265,47.9231],[-2.6525,47.9156],[-2.656,47.9209],[-2.6562,47.9262],[-2.6512,47.9385],[-2.6718,47.9373],[-2.6856,47.941],[-2.6875,47.9456],[-2.6797,47.9519],[-2.6794,47.9549],[-2.6659,47.9626],[-2.636,47.9654],[-2.6297,47.9717],[-2.6344,47.9778],[-2.6343,47.9832],[-2.6475,47.9843],[-2.6553,47.9926],[-2.6515,48.0025],[-2.6587,48.0054],[-2.6587,48.0076],[-2.652,48.0098],[-2.6506,48.014],[-2.6525,48.016],[-2.6515,48.0236],[-2.6563,48.0351],[-2.6541,48.0378],[-2.6489,48.0378],[-2.6438,48.0423],[-2.6455,48.0355],[-2.641,48.0347],[-2.636,48.0378],[-2.6284,48.0338],[-2.6099,48.0465],[-2.5899,48.0562],[-2.5814,48.0646],[-2.5785,48.0719],[-2.5644,48.0673],[-2.5618,48.0686],[-2.5638,48.0715],[-2.5612,48.0745],[-2.5474,48.0765],[-2.5521,48.0813],[-2.5494,48.0825],[-2.5487,48.0868],[-2.5517,48.0918],[-2.5481,48.0936],[-2.554,48.095],[-2.5549,48.0991],[-2.551,48.0981],[-2.5344,48.1066],[-2.536,48.1086],[-2.5318,48.1092],[-2.514,48.1322],[-2.5176,48.1405],[-2.5165,48.1425],[-2.5229,48.1435],[-2.5306,48.1494],[-2.535,48.1558],[-2.5323,48.1578],[-2.5091,48.1601],[-2.4878,48.1553],[-2.4841,48.1568],[-2.4891,48.16],[-2.4872,48.1669],[-2.4794,48.1677],[-2.4718,48.1598],[-2.4692,48.1625],[-2.4532,48.1635],[-2.4543,48.1694],[-2.4493,48.173],[-2.4189,48.173],[-2.4058,48.1676],[-2.4043,48.1604],[-2.3999,48.1543],[-2.3745,48.1403],[-2.3757,48.1266],[-2.3664,48.1158],[-2.358,48.1111],[-2.3528,48.117],[-2.3519,48.1252],[-2.3489,48.1267],[-2.3381,48.1256],[-2.3365,48.1193],[-2.3218,48.1227],[-2.3237,48.1254],[-2.3204,48.128],[-2.3211,48.1331],[-2.3169,48.1356],[-2.2963,48.1351],[-2.2963,48.1319],[-2.2842,48.1329],[-2.2535,48.1064],[-2.2553,48.0972],[-2.2517,48.094],[-2.2536,48.0898],[-2.2479,48.0853],[-2.2554,48.0768],[-2.2551,48.0739],[-2.2577,48.0731],[-2.256,48.0631],[-2.2345,48.0633],[-2.2326,48.0691],[-2.2372,48.0751],[-2.2217,48.0786],[-2.2196,48.0809],[-2.1872,48.081],[-2.1809,48.0832],[-2.1685,48.0762],[-2.1722,48.0732],[-2.1704,48.0634],[-2.1813,48.0571],[-2.1882,48.0568],[-2.1886,48.0526],[-2.2249,48.0506],[-2.2446,48.0521],[-2.2521,48.0454],[-2.2636,48.0401],[-2.2798,48.0262],[-2.2827,48.0178],[-2.2746,48.0105],[-2.2814,48.0039],[-2.289,48.0009],[-2.287,47.9985],[-2.2876,47.9916],[-2.2832,47.9909],[-2.2589,47.9973],[-2.2486,47.9968],[-2.2372,47.9998],[-2.2268,47.9948],[-2.2192,47.9955],[-2.2144,47.9932],[-2.2138,47.9854],[-2.2166,47.9823],[-2.2148,47.9786],[-2.2182,47.971],[-2.2117,47.9641],[-2.2125,47.9611],[-2.2065,47.9595],[-2.2094,47.9563],[-2.2075,47.9534],[-2.2129,47.9417],[-2.2255,47.9336],[-2.2426,47.942],[-2.2676,47.9412],[-2.3037,47.9363],[-2.3026,47.9329],[-2.3064,47.9285],[-2.3026,47.9254],[-2.303,47.9223],[-2.3138,47.9223],[-2.3169,47.9088],[-2.3273,47.909],[-2.323,47.907],[-2.3287,47.9039],[-2.3278,47.902],[-2.3365,47.9018],[-2.3343,47.8964],[-2.331,47.8964],[-2.3311,47.8922],[-2.3341,47.8915],[-2.3355,47.8857],[-2.3425,47.8806],[-2.3421,47.8762],[-2.3489,47.8731],[-2.3533,47.866],[-2.3657,47.8666],[-2.3683,47.8613],[-2.3781,47.8567],[-2.3899,47.859],[-2.396,47.8646],[-2.4108,47.8647],[-2.4118,47.8571],[-2.4139,47.8572],[-2.4146,47.8541],[-2.4212,47.8541],[-2.4198,47.8516],[-2.427,47.8386],[-2.4352,47.8404],[-2.4437,47.8465],[-2.4473,47.8445],[-2.4551,47.849],[-2.4573,47.8523],[-2.4562,47.859],[-2.4647,47.86],[-2.4825,47.8556],[-2.4853,47.8591],[-2.4817,47.8604],[-2.481,47.8645],[-2.485,47.8738],[-2.4804,47.8761],[-2.4868,47.8774],[-2.4899,47.887],[-2.5115,47.8874],[-2.5133,47.8898],[-2.528,47.8779],[-2.5281,47.876],[-2.5218,47.8747],[-2.5212,47.8692],[-2.5337,47.8694],[-2.5369,47.8626],[-2.5404,47.8624],[-2.5442,47.8652],[-2.5442,47.8686],[-2.5494,47.8696],[-2.5574,47.8648],[-2.5554,47.8602],[-2.5578,47.8571],[-2.5683,47.8545],[-2.5793,47.8555],[-2.577,47.8588],[-2.584,47.8624],[-2.5837,47.8653],[-2.596,47.863],[-2.6026,47.866],[-2.6074,47.859],[-2.6186,47.8661],[-2.6212,47.8702],[-2.6191,47.8733],[-2.6228,47.8752],[-2.6264,47.8848]]]]}},{"type":"Feature","properties":{"territoire":"200066785","nom":"CC de l'Oust à Brocéliande","type":"epci"},"geometry":{"type":"MultiPolygon","coordinates":[[[[-2.3259,47.7359],[-2.3492,47.7451],[-2.3668,47.7409],[-2.3822,47.7411],[-2.3975,47.7462],[-2.4014,47.754],[-2.4386,47.7541],[-2.4511,47.7688],[-2.4604,47.7619],[-2.4748,47.7612],[-2.4788,47.7646],[-2.4833,47.7599],[-2.491,47.7625],[-2.4892,47.7656],[-2.5012,47.7659],[-2.5018,47.7683],[-2.5142,47.7641],[-2.5329,47.7687],[-2.532,47.77],[-2.5365,47.7683],[-2.5397,47.7727],[-2.5453,47.7737],[-2.5508,47.7783],[-2.5414,47.7903],[-2.5419,47.7936],[-2.5475,47.7952],[-2.55,47.799],[-2.5568,47.7965],[-2.5599,47.7985],[-2.5493,47.805],[-2.551,47.8069],[-2.5479,47.8113],[-2.5508,47.8157],[-2.5546,47.8167],[-2.5544,47.821],[-2.5693,47.8207],[-2.5732,47.8357],[-2.5781,47.84],[-2.5769,47.8437],[-2.5684,47.8462],[-2.5668,47.8548],[-2.5578,47.8571],[-2.5554,47.8602],[-2.5574,47.8648],[-2.5492,47.8696],[-2.5442,47.8686],[-2.5442,47.8652],[-2.5404,47.8624],[-2.5369,47.8626],[-2.5337,47.8694],[-2.5212,47.8692],[-2.5218,47.8747],[-2.5281,47.876],[-2.528,47.8779],[-2.5133,47.8898],[-2.5115,47.8874],[-2.4899,47.887],[-2.4868,47.8774],[-2.4804,47.8761],[-2.485,47.8738],[-2.481,47.8645],[-2.4817,47.8604],[-2.4853,47.8591],[-2.4825,47.8556],[-2.4647,47.86],[-2.4562,47.859],[-2.4573,47.8523],[-2.4551,47.849],[-2.4473,47.8445],[-2.4437,47.8465],[-2.4352,47.8404],[-2.427,47.8386],[-2.4198,47.8516],[-2.4212,47.8541],[-2.4146,47.8541],[-2.4139,47.8572],[-2.4118,47.8571],[-2.4108,47.8647],[-2.396,47.8646],[-2.3899,47.859],[-2.3781,47.8567],[-2.3683,47.8613],[-2.3657,47.8666],[-2.3533,47.866],[-2.3489,47.8731],[-2.3421,47.8762],[-2.3425,47.8806],[-2.3355,47.8857],[-2.3341,47.8915],[-2.3311,47.8922],[-2.331,47.8964],[-2.3343,47.8964],[-2.3365,47.9018],[-2.3278,47.902],[-2.3287,47.9039],[-2.323,47.907],[-2.3273,47.909],[-2.3169,47.9088],[-2.3138,47.9223],[-2.303,47.9223],[-2.3026,47.9254],[-2.3064,47.9285],[-2.3026,47.9329],[-2.3037,47.9363],[-2.2676,47.9412],[-2.2426,47.942],[-2.2255,47.9336],[-2.213,47.9416],[-2.2075,47.9534],[-2.2094,47.9563],[-2.2065,47.9594],[-2.2125,47.9611],[-2.2117,47.9641],[-2.2182,47.971],[-2.2148,47.9786],[-2.2166,47.9823],[-2.2138,47.9854],[-2.2144,47.9932],[-2.2122,47.995],[-2.198,47.9907],[-2.1913,47.991],[-2.1856,47.9854],[-2.187,47.9829],[-2.1787,47.9799],[-2.144,47.984],[-2.1413,47.9802],[-2.1368,47.9791],[-2.1264,47.9644],[-2.1223,47.9645],[-2.1183,47.9602],[-2.1106,47.9599],[-2.1088,47.957],[-2.1103,47.953],[-2.1047,47.9523],[-2.1025,47.9482],[-2.0996,47.9482],[-2.1001,47.9444],[-2.0977,47.9416],[-2.1015,47.9392],[-2.0973,47.9365],[-2.0979,47.9331],[-2.0904,47.9304],[-2.0893,47.927],[-2.0783,47.9186],[-2.0813,47.9168],[-2.0805,47.9146],[-2.0854,47.9141],[-2.0817,47.9089],[-2.0857,47.9068],[-2.086,47.9035],[-2.0996,47.9004],[-2.1054,47.9025],[-2.1013,47.8949],[-2.1055,47.8932],[-2.1118,47.8949],[-2.1157,47.8902],[-2.1131,47.8877],[-2.1132,47.8831],[-2.1162,47.8806],[-2.1148,47.8777],[-2.0957,47.8618],[-2.1056,47.8586],[-2.1043,47.853],[-2.1096,47.8489],[-2.1021,47.844],[-2.0908,47.8435],[-2.0771,47.8505],[-2.0686,47.852],[-2.0644,47.8605],[-2.0549,47.8687],[-2.0508,47.857],[-2.0541,47.8542],[-2.0544,47.8503],[-2.0507,47.8459],[-2.0516,47.8406],[-2.0478,47.8364],[-2.0353,47.8328],[-2.042,47.8297],[-2.0401,47.8281],[-2.0457,47.8239],[-2.0494,47.817],[-2.0705,47.8117],[-2.0695,47.8025],[-2.0715,47.8019],[-2.0699,47.801],[-2.0723,47.7986],[-2.0736,47.7892],[-2.0799,47.7894],[-2.0837,47.7844],[-2.0961,47.7783],[-2.1098,47.7787],[-2.1088,47.7756],[-2.1111,47.771],[-2.1267,47.7707],[-2.1285,47.7619],[-2.0845,47.7628],[-2.0856,47.7549],[-2.0838,47.75],[-2.0619,47.7514],[-2.0577,47.7427],[-2.0585,47.7381],[-2.1071,47.7375],[-2.1094,47.7359],[-2.1069,47.732],[-2.1127,47.7282],[-2.1309,47.7228],[-2.1301,47.7168],[-2.1451,47.7207],[-2.1504,47.725],[-2.1658,47.7233],[-2.1753,47.7279],[-2.1725,47.7389],[-2.1656,47.7385],[-2.161,47.7424],[-2.1608,47.7446],[-2.1658,47.7433],[-2.1702,47.7465],[-2.1629,47.7534],[-2.1638,47.7585],[-2.1917,47.7634],[-2.1899,47.7672],[-2.1928,47.7726],[-2.2153,47.7768],[-2.2282,47.7619],[-2.22,47.7458],[-2.2226,47.738],[-2.2275,47.7372],[-2.2379,47.7415],[-2.2503,47.7365],[-2.2551,47.7382],[-2.2615,47.745],[-2.2688,47.7466],[-2.2751,47.7433],[-2.2813,47.7437],[-2.2908,47.7352],[-2.3176,47.7325],[-2.3259,47.7359]]]]}},{"type":"Feature","properties":{"territoire":"200066868","nom":"CC Presqu'île de Crozon-Aulne maritime","type":"epci"},"geometry":{"type":"MultiPolygon","coordinates":[[[[-4.405,48.2225],[-4.4139,48.2228],[-4.4146,48.2262],[-4.4219,48.2266],[-4.4258,48.2296],[-4.4339,48.2284],[-4.4285,48.2345],[-4.4322,48.2379],[-4.442,48.2343],[-4.4359,48.2339],[-4.4374,48.2319],[-4.4338,48.2328],[-4.4329,48.2305],[-4.4483,48.2358],[-4.4607,48.2352],[-4.4644,48.2395],[-4.4738,48.2361],[-4.4958,48.2343],[-4.5041,48.2254],[-4.4947,48.2229],[-4.4935,48.2258],[-4.4955,48.2221],[-4.4937,48.2207],[-4.4981,48.2165],[-4.5032,48.2163],[-4.5105,48.2118],[-4.5152,48.2046],[-4.5111,48.2012],[-4.5149,48.2011],[-4.5209,48.1954],[-4.5183,48.1919],[-4.5225,48.1913],[-4.5272,48.1855],[-4.5404,48.1808],[-4.5388,48.1769],[-4.5418,48.1739],[-4.5392,48.171],[-4.5417,48.1683],[-4.5542,48.1681],[-4.5595,48.17],[-4.5571,48.1743],[-4.5601,48.1765],[-4.5508,48.1819],[-4.5528,48.1851],[-4.5551,48.1848],[-4.5509,48.187],[-4.5511,48.1892],[-4.5547,48.1902],[-4.5497,48.1942],[-4.5541,48.2063],[-4.552,48.209],[-4.555,48.2131],[-4.5587,48.2124],[-4.5566,48.216],[-4.5607,48.2195],[-4.5585,48.2243],[-4.5626,48.2283],[-4.5615,48.2303],[-4.5646,48.2323],[-4.5724,48.2312],[-4.5705,48.2347],[-4.5737,48.2357],[-4.5674,48.235],[-4.5657,48.2374],[-4.5615,48.2356],[-4.5545,48.2395],[-4.5454,48.2404],[-4.5435,48.2492],[-4.5488,48.2551],[-4.5602,48.2593],[-4.5638,48.2555],[-4.5771,48.2545],[-4.5823,48.2507],[-4.5885,48.2536],[-4.5965,48.252],[-4.5957,48.2553],[-4.6021,48.2576],[-4.6029,48.2604],[-4.6124,48.2622],[-4.6181,48.261],[-4.6226,48.2526],[-4.6216,48.2555],[-4.6258,48.2573],[-4.6231,48.2577],[-4.6251,48.2591],[-4.6163,48.2676],[-4.6178,48.2687],[-4.6154,48.2741],[-4.6197,48.278],[-4.6306,48.28],[-4.6159,48.2817],[-4.612,48.2799],[-4.6076,48.2864],[-4.6012,48.2877],[-4.6009,48.2824],[-4.5884,48.2809],[-4.5913,48.2791],[-4.5989,48.2806],[-4.5932,48.2752],[-4.5807,48.2767],[-4.5748,48.2822],[-4.5706,48.2818],[-4.5664,48.2869],[-4.5679,48.2899],[-4.5664,48.291],[-4.5696,48.2937],[-4.5689,48.2972],[-4.5736,48.2995],[-4.5709,48.3005],[-4.5705,48.3046],[-4.5743,48.3066],[-4.5723,48.3068],[-4.5736,48.3097],[-4.5762,48.3098],[-4.5737,48.313],[-4.5819,48.3194],[-4.5774,48.3226],[-4.5789,48.3245],[-4.5717,48.3263],[-4.5711,48.3303],[-4.5632,48.3316],[-4.5549,48.3385],[-4.5332,48.342],[-4.5323,48.3393],[-4.5455,48.3249],[-4.5436,48.3201],[-4.5462,48.3176],[-4.5452,48.3143],[-4.5508,48.3061],[-4.5559,48.3042],[-4.5565,48.3003],[-4.5489,48.2922],[-4.5412,48.2902],[-4.5377,48.2928],[-4.5391,48.2892],[-4.542,48.29],[-4.5358,48.284],[-4.5224,48.2899],[-4.5224,48.2923],[-4.5262,48.2924],[-4.5261,48.2951],[-4.5178,48.2977],[-4.5084,48.3104],[-4.5009,48.3112],[-4.4957,48.3099],[-4.4955,48.3075],[-4.4996,48.3106],[-4.5008,48.308],[-4.5015,48.3058],[-4.4975,48.3047],[-4.5018,48.3056],[-4.5121,48.2978],[-4.5111,48.2963],[-4.5183,48.2947],[-4.5152,48.2903],[-4.5055,48.287],[-4.5091,48.2844],[-4.5034,48.2811],[-4.4696,48.2874],[-4.4634,48.2909],[-4.467,48.2921],[-4.4609,48.2946],[-4.4582,48.2921],[-4.4477,48.291],[-4.4266,48.2909],[-4.4193,48.2937],[-4.4182,48.2906],[-4.4214,48.2865],[-4.4187,48.2837],[-4.4157,48.2847],[-4.4179,48.2837],[-4.4104,48.2762],[-4.3846,48.275],[-4.3652,48.2783],[-4.3535,48.286],[-4.3411,48.2863],[-4.3387,48.2856],[-4.3391,48.2833],[-4.3308,48.2903],[-4.3067,48.2976],[-4.2882,48.2988],[-4.2923,48.297],[-4.2712,48.2958],[-4.2646,48.2927],[-4.2655,48.2847],[-4.2693,48.2844],[-4.2767,48.2901],[-4.2845,48.2884],[-4.2896,48.2813],[-4.2852,48.2796],[-4.2844,48.2765],[-4.289,48.2733],[-4.2809,48.275],[-4.2788,48.2717],[-4.2711,48.2707],[-4.2556,48.2634],[-4.2706,48.2581],[-4.2547,48.2595],[-4.2529,48.2569],[-4.2576,48.2561],[-4.2452,48.2539],[-4.2486,48.2504],[-4.2446,48.2508],[-4.2423,48.2475],[-4.2483,48.2434],[-4.2487,48.2388],[-4.2584,48.236],[-4.2665,48.2297],[-4.2843,48.2308],[-4.3007,48.2261],[-4.3044,48.2242],[-4.3072,48.2147],[-4.3136,48.2133],[-4.315,48.2089],[-4.3255,48.2021],[-4.3346,48.2072],[-4.3379,48.2054],[-4.3485,48.2073],[-4.3707,48.2056],[-4.3742,48.2076],[-4.3694,48.2107],[-4.3779,48.2188],[-4.3866,48.2196],[-4.3922,48.2172],[-4.3925,48.2204],[-4.3999,48.22],[-4.405,48.2225]]],[[[-4.539,48.3024],[-4.5372,48.3044],[-4.5347,48.3032],[-4.539,48.3024]]],[[[-4.439,48.2247],[-4.4344,48.2279],[-4.4353,48.2241],[-4.439,48.2247]]],[[[-4.0871,48.3108],[-4.0642,48.3098],[-4.0632,48.303],[-4.0693,48.282],[-4.0653,48.2781],[-4.0664,48.2746],[-4.0645,48.2724],[-4.0725,48.2639],[-4.0646,48.2631],[-4.0785,48.2532],[-4.0807,48.2499],[-4.0762,48.249],[-4.0779,48.2461],[-4.0835,48.2473],[-4.085,48.2385],[-4.1062,48.2369],[-4.111,48.2402],[-4.1081,48.2441],[-4.1122,48.2474],[-4.1228,48.2447],[-4.1299,48.2383],[-4.1364,48.2368],[-4.1523,48.2461],[-4.1906,48.2491],[-4.2007,48.2476],[-4.2008,48.2495],[-4.2081,48.2511],[-4.2105,48.2582],[-4.217,48.2612],[-4.2249,48.2603],[-4.2304,48.2567],[-4.2329,48.2579],[-4.2393,48.2539],[-4.2483,48.2654],[-4.28,48.2789],[-4.2773,48.281],[-4.261,48.2797],[-4.2396,48.2887],[-4.2375,48.2869],[-4.2387,48.2904],[-4.2333,48.2919],[-4.228,48.2909],[-4.2257,48.2872],[-4.2164,48.2901],[-4.2106,48.2894],[-4.2108,48.2913],[-4.2022,48.2943],[-4.1956,48.2917],[-4.191,48.2948],[-4.1892,48.2932],[-4.1883,48.2953],[-4.1784,48.2961],[-4.1939,48.298],[-4.1879,48.2999],[-4.1885,48.3036],[-4.1817,48.3034],[-4.1815,48.3053],[-4.1734,48.301],[-4.162,48.3025],[-4.1597,48.3063],[-4.1509,48.3088],[-4.1442,48.3201],[-4.1392,48.3199],[-4.1298,48.3242],[-4.1216,48.3212],[-4.1083,48.3204],[-4.0938,48.3113],[-4.0871,48.3108]]],[[[-4.2819,48.2837],[-4.2791,48.2851],[-4.277,48.2828],[-4.2819,48.2837]]]]}},{"type":"Feature","properties":{"territoire":"200067072","nom":"CC Haut-Léon Communauté","type":"epci"},"geometry":{"type":"MultiPolygon","coordinates":[[[[-4.17,48.5678],[-4.1773,48.5678],[-4.1781,48.5596],[-4.1836,48.5544],[-4.2151,48.5618],[-4.2188,48.5607],[-4.2423,48.5652],[-4.2455,48.5672],[-4.2467,48.5732],[-4.2386,48.5748],[-4.2388,48.5768],[-4.243,48.5769],[-4.2438,48.5799],[-4.2384,48.5849],[-4.244,48.5868],[-4.2504,48.6016],[-4.2635,48.6002],[-4.274,48.6099],[-4.2702,48.6197],[-4.2737,48.6251],[-4.2714,48.6256],[-4.2699,48.63],[-4.2754,48.6332],[-4.2894,48.633],[-4.2938,48.638],[-4.3021,48.6411],[-4.2811,48.6423],[-4.2748,48.6495],[-4.244,48.6497],[-4.2229,48.6559],[-4.2379,48.6498],[-4.2319,48.6473],[-4.2313,48.6492],[-4.2215,48.6482],[-4.1947,48.6518],[-4.1987,48.6561],[-4.2213,48.6568],[-4.2222,48.6588],[-4.214,48.6643],[-4.2135,48.6681],[-4.2181,48.6652],[-4.2159,48.668],[-4.2051,48.6712],[-4.2066,48.6729],[-4.1969,48.6772],[-4.1941,48.6821],[-4.19,48.6823],[-4.1867,48.6869],[-4.1836,48.6874],[-4.1806,48.6841],[-4.1764,48.687],[-4.1712,48.686],[-4.1697,48.6892],[-4.1659,48.6882],[-4.1617,48.6914],[-4.158,48.6897],[-4.1545,48.6922],[-4.1389,48.6927],[-4.1299,48.697],[-4.1272,48.6938],[-4.1213,48.6933],[-4.1108,48.6954],[-4.1,48.6928],[-4.0995,48.6959],[-4.0949,48.6926],[-4.0959,48.6858],[-4.0921,48.692],[-4.0862,48.6905],[-4.0841,48.6938],[-4.0812,48.6931],[-4.0808,48.6906],[-4.0748,48.6892],[-4.0791,48.6873],[-4.0721,48.6865],[-4.0716,48.6835],[-4.0673,48.6822],[-4.0688,48.6796],[-4.058,48.6754],[-4.0559,48.669],[-4.0572,48.6758],[-4.07,48.6879],[-4.0541,48.6853],[-4.0356,48.6879],[-4.0427,48.6887],[-4.0413,48.6901],[-4.0569,48.6869],[-4.0567,48.7008],[-4.0526,48.7027],[-4.0533,48.7064],[-4.0426,48.7025],[-4.0372,48.7064],[-4.0354,48.7141],[-4.0253,48.7106],[-4.0157,48.7125],[-4.0116,48.7158],[-4.0133,48.7186],[-4.0074,48.7232],[-4.0071,48.7276],[-4.0049,48.7259],[-4.001,48.7271],[-4.008,48.7209],[-4.0027,48.7172],[-4.0051,48.7154],[-4.0008,48.7116],[-3.9917,48.7168],[-3.9928,48.7232],[-3.9892,48.7275],[-3.9813,48.7268],[-3.9824,48.7312],[-3.9813,48.7268],[-3.9775,48.726],[-3.9819,48.7264],[-3.9793,48.7246],[-3.9825,48.7253],[-3.9804,48.723],[-3.9745,48.7234],[-3.9752,48.7269],[-3.9728,48.7246],[-3.9695,48.7275],[-3.9683,48.723],[-3.9613,48.7202],[-3.9653,48.7219],[-3.9656,48.7185],[-3.9679,48.7181],[-3.9655,48.7177],[-3.9723,48.7136],[-3.9698,48.7106],[-3.9737,48.7105],[-3.9714,48.7059],[-3.9762,48.6994],[-3.9701,48.694],[-3.965,48.6932],[-3.9659,48.6895],[-3.9577,48.6883],[-3.9617,48.6866],[-3.9593,48.6832],[-3.9621,48.686],[-3.9611,48.6878],[-3.9682,48.6901],[-3.9707,48.685],[-3.9693,48.6762],[-3.9718,48.6746],[-3.9684,48.6733],[-3.9651,48.6768],[-3.9577,48.6731],[-3.9537,48.6758],[-3.9539,48.6736],[-3.9502,48.6728],[-3.9556,48.6691],[-3.9521,48.6634],[-3.9521,48.6573],[-3.9578,48.6481],[-3.9516,48.6448],[-3.9488,48.6401],[-3.9538,48.626],[-3.9508,48.6232],[-3.9523,48.6206],[-3.9457,48.6175],[-3.94,48.6082],[-3.9404,48.6036],[-3.9349,48.5987],[-3.9362,48.5951],[-3.944,48.5892],[-3.9568,48.5825],[-3.9552,48.5843],[-3.96,48.5876],[-3.9645,48.5883],[-3.9678,48.5857],[-3.9731,48.5871],[-3.9761,48.5899],[-3.9739,48.5924],[-3.9758,48.5933],[-3.9921,48.5935],[-3.997,48.5962],[-3.9964,48.5989],[-3.9998,48.5984],[-4,48.6015],[-4.0229,48.5996],[-4.0212,48.6059],[-4.0252,48.6061],[-4.0246,48.6104],[-4.0286,48.6109],[-4.0339,48.6166],[-4.0435,48.6156],[-4.0458,48.6118],[-4.0436,48.6063],[-4.0493,48.6062],[-4.0492,48.6042],[-4.0537,48.6027],[-4.0535,48.6],[-4.0611,48.6024],[-4.0602,48.6054],[-4.0647,48.6077],[-4.0645,48.6122],[-4.0755,48.6118],[-4.0774,48.6202],[-4.0922,48.6171],[-4.0963,48.6212],[-4.1071,48.6194],[-4.1087,48.623],[-4.1144,48.6207],[-4.1201,48.625],[-4.1253,48.6215],[-4.1247,48.6161],[-4.1198,48.6095],[-4.1201,48.6058],[-4.1234,48.605],[-4.132,48.6084],[-4.134,48.6141],[-4.137,48.6137],[-4.1352,48.6158],[-4.1379,48.6183],[-4.1489,48.6209],[-4.1473,48.6187],[-4.1511,48.6149],[-4.1501,48.6116],[-4.1527,48.6049],[-4.1588,48.6034],[-4.1583,48.5988],[-4.1702,48.5939],[-4.1651,48.5856],[-4.1706,48.5795],[-4.166,48.5714],[-4.17,48.5678]]],[[[-4.0729,48.7053],[-4.0644,48.7067],[-4.0598,48.7055],[-4.0599,48.703],[-4.0729,48.7053]]],[[[-3.9645,48.7144],[-3.965,48.7184],[-3.963,48.7157],[-3.9645,48.7144]]],[[[-4.0407,48.7459],[-4.0365,48.7483],[-4.0328,48.7471],[-4.0321,48.7494],[-4.0252,48.7492],[-4.0235,48.7534],[-4.0188,48.7518],[-4.0064,48.7531],[-4.0058,48.7502],[-3.9997,48.7461],[-3.9904,48.7456],[-3.9919,48.7431],[-3.9888,48.7393],[-3.9937,48.737],[-3.9952,48.7415],[-4.0081,48.7405],[-4.0091,48.7432],[-4.0137,48.7444],[-4.0155,48.7437],[-4.014,48.7415],[-4.0171,48.7429],[-4.0184,48.7397],[-4.0117,48.7381],[-4.02,48.7404],[-4.0227,48.7388],[-4.0287,48.7426],[-4.0331,48.7432],[-4.0355,48.7411],[-4.0407,48.7459]]]]}},{"type":"Feature","properties":{"territoire":"200067197","nom":"CC Monts d'Arrée Communauté","type":"epci"},"geometry":{"type":"MultiPolygon","coordinates":[[[[-3.737,48.3457],[-3.7201,48.3463],[-3.6879,48.3235],[-3.6809,48.322],[-3.6806,48.3152],[-3.6951,48.3068],[-3.692,48.3026],[-3.6797,48.296],[-3.6929,48.2788],[-3.6929,48.2758],[-3.699,48.2775],[-3.6967,48.2823],[-3.7068,48.2818],[-3.7118,48.2878],[-3.7109,48.2921],[-3.723,48.2966],[-3.725,48.3041],[-3.7368,48.3059],[-3.7461,48.3022],[-3.7528,48.3025],[-3.7659,48.3096],[-3.7672,48.3143],[-3.7849,48.3164],[-3.7915,48.3211],[-3.7979,48.3212],[-3.7988,48.3234],[-3.7954,48.3258],[-3.7964,48.3296],[-3.8223,48.3276],[-3.8286,48.3246],[-3.8391,48.3265],[-3.8424,48.3228],[-3.843,48.3162],[-3.8363,48.3105],[-3.8488,48.3122],[-3.8609,48.3045],[-3.8658,48.3084],[-3.868,48.3063],[-3.8665,48.3033],[-3.8715,48.304],[-3.8746,48.3012],[-3.877,48.3041],[-3.8751,48.3059],[-3.878,48.308],[-3.8931,48.3092],[-3.9222,48.3011],[-3.9303,48.2966],[-3.9635,48.2876],[-3.9688,48.2824],[-3.9671,48.2773],[-3.9727,48.2748],[-3.9773,48.2783],[-3.9903,48.2759],[-3.9985,48.2827],[-4.0349,48.2572],[-4.0478,48.2549],[-4.0555,48.2602],[-4.0624,48.2606],[-4.0654,48.2638],[-4.0725,48.2638],[-4.0645,48.2724],[-4.0664,48.2746],[-4.0653,48.2781],[-4.0693,48.282],[-4.0632,48.303],[-4.0642,48.3098],[-4.0725,48.3103],[-4.0659,48.3115],[-4.0616,48.3149],[-4.0609,48.319],[-4.0518,48.3241],[-4.0491,48.331],[-4.0498,48.3392],[-4.0456,48.3484],[-4.0502,48.3577],[-4.0033,48.3664],[-3.962,48.359],[-3.9492,48.3792],[-3.9198,48.4017],[-3.8865,48.4133],[-3.8462,48.4219],[-3.8352,48.4285],[-3.8186,48.4306],[-3.8064,48.4239],[-3.8031,48.4262],[-3.806,48.4291],[-3.8022,48.4352],[-3.7912,48.4348],[-3.7872,48.4379],[-3.7702,48.4413],[-3.7697,48.4441],[-3.7537,48.4468],[-3.7291,48.4491],[-3.726,48.4454],[-3.7082,48.4481],[-3.7077,48.4518],[-3.7008,48.4539],[-3.69,48.4521],[-3.6743,48.4652],[-3.6506,48.467],[-3.6529,48.4706],[-3.6408,48.4751],[-3.6382,48.4722],[-3.6267,48.4727],[-3.6234,48.4641],[-3.6164,48.462],[-3.6119,48.4619],[-3.6139,48.4648],[-3.6126,48.4673],[-3.6026,48.4711],[-3.5953,48.4706],[-3.5931,48.464],[-3.5814,48.4648],[-3.5785,48.463],[-3.5795,48.4596],[-3.5684,48.4526],[-3.5536,48.4535],[-3.5511,48.4466],[-3.5779,48.4338],[-3.5855,48.4331],[-3.6003,48.422],[-3.6018,48.4174],[-3.5986,48.4052],[-3.604,48.3956],[-3.6011,48.3934],[-3.6149,48.3821],[-3.6372,48.3805],[-3.6423,48.3826],[-3.6437,48.3857],[-3.6569,48.3865],[-3.6656,48.3903],[-3.6734,48.3816],[-3.6769,48.3806],[-3.675,48.3763],[-3.6792,48.3726],[-3.6864,48.3827],[-3.6861,48.386],[-3.6966,48.3895],[-3.7032,48.3861],[-3.714,48.3891],[-3.7115,48.3841],[-3.7165,48.382],[-3.7175,48.3725],[-3.7135,48.3628],[-3.724,48.362],[-3.7237,48.3558],[-3.7307,48.3509],[-3.7386,48.3489],[-3.737,48.3457]]]]}},{"type":"Feature","properties":{"territoire":"200067247","nom":"CC Pleyben-Châteaulin-Porzay","type":"epci"},"geometry":{"type":"MultiPolygon","coordinates":[[[[-4.193,48.1301],[-4.1972,48.1297],[-4.1979,48.1259],[-4.2038,48.1219],[-4.2081,48.1218],[-4.2069,48.1126],[-4.202,48.1118],[-4.2034,48.1067],[-4.2097,48.1072],[-4.2117,48.1097],[-4.2253,48.1072],[-4.2337,48.109],[-4.232,48.0964],[-4.2389,48.0938],[-4.2502,48.0987],[-4.2589,48.1083],[-4.2687,48.11],[-4.2846,48.1079],[-4.2804,48.1189],[-4.2834,48.12],[-4.2856,48.1262],[-4.279,48.1287],[-4.2763,48.1341],[-4.2677,48.1305],[-4.2715,48.137],[-4.2721,48.148],[-4.2761,48.1506],[-4.272,48.1519],[-4.2743,48.1556],[-4.2862,48.1557],[-4.2885,48.1591],[-4.2933,48.1576],[-4.2962,48.1592],[-4.2935,48.1643],[-4.2992,48.1677],[-4.2927,48.1681],[-4.291,48.1755],[-4.2951,48.1846],[-4.3037,48.1963],[-4.3124,48.1972],[-4.3161,48.2038],[-4.3208,48.204],[-4.3141,48.21],[-4.3136,48.2133],[-4.3071,48.2148],[-4.3044,48.2242],[-4.2887,48.2303],[-4.2665,48.2297],[-4.2584,48.236],[-4.2487,48.2388],[-4.2483,48.2434],[-4.2424,48.2473],[-4.2428,48.2504],[-4.2284,48.2513],[-4.2188,48.2586],[-4.2141,48.2528],[-4.2146,48.2481],[-4.2127,48.2482],[-4.212,48.2446],[-4.2148,48.2425],[-4.2085,48.2421],[-4.206,48.2376],[-4.2108,48.2473],[-4.2033,48.2448],[-4.2007,48.2476],[-4.1923,48.2491],[-4.1523,48.2461],[-4.1376,48.2369],[-4.1309,48.2378],[-4.124,48.2441],[-4.1122,48.2474],[-4.1082,48.2447],[-4.111,48.2402],[-4.1062,48.2369],[-4.085,48.2385],[-4.0835,48.2473],[-4.0779,48.2461],[-4.0762,48.249],[-4.0807,48.2499],[-4.0785,48.2532],[-4.0654,48.2632],[-4.0459,48.2547],[-4.0284,48.2603],[-4.0252,48.2656],[-4.0097,48.2732],[-3.9985,48.2827],[-3.9903,48.2759],[-3.9773,48.2783],[-3.9727,48.2748],[-3.9671,48.2773],[-3.9688,48.2824],[-3.9635,48.2876],[-3.9303,48.2966],[-3.9244,48.3004],[-3.8931,48.3092],[-3.8828,48.3091],[-3.8751,48.3059],[-3.8769,48.3054],[-3.8758,48.3007],[-3.8814,48.3037],[-3.8852,48.3027],[-3.8857,48.3006],[-3.8824,48.2991],[-3.884,48.2976],[-3.8801,48.2947],[-3.8819,48.2908],[-3.8688,48.2813],[-3.871,48.2724],[-3.8599,48.2714],[-3.8628,48.267],[-3.868,48.2652],[-3.8684,48.2602],[-3.8611,48.2557],[-3.8617,48.2507],[-3.8689,48.2416],[-3.8723,48.2408],[-3.8726,48.2378],[-3.8771,48.2361],[-3.8726,48.233],[-3.8729,48.2265],[-3.8761,48.2238],[-3.8836,48.2069],[-3.8783,48.1945],[-3.8734,48.1924],[-3.8744,48.189],[-3.8708,48.1877],[-3.8758,48.1864],[-3.8762,48.1812],[-3.8891,48.1848],[-3.8922,48.1802],[-3.8961,48.1812],[-3.8978,48.1791],[-3.9054,48.1814],[-3.9217,48.1716],[-3.9227,48.1598],[-3.9351,48.1558],[-3.9328,48.1533],[-3.9348,48.1521],[-3.9519,48.1527],[-3.9743,48.1462],[-4.005,48.1415],[-4.0107,48.144],[-4.0171,48.1594],[-4.0318,48.1596],[-4.0346,48.1639],[-4.0439,48.1612],[-4.0603,48.1614],[-4.0616,48.1578],[-4.0574,48.1552],[-4.0596,48.1451],[-4.0577,48.1381],[-4.0665,48.1343],[-4.079,48.1216],[-4.0858,48.1246],[-4.0862,48.1283],[-4.0938,48.1259],[-4.0947,48.1289],[-4.1067,48.1298],[-4.1146,48.1256],[-4.1249,48.1401],[-4.1355,48.1438],[-4.1489,48.1353],[-4.1526,48.1355],[-4.1541,48.1313],[-4.1618,48.132],[-4.1721,48.1283],[-4.1867,48.1311],[-4.193,48.1301]]]]}},{"type":"Feature","properties":{"territoire":"200067460","nom":"CC Loudéac Communauté - Bretagne Centre","type":"epci"},"geometry":{"type":"MultiPolygon","coordinates":[[[[-2.7519,48.1166],[-2.7579,48.1116],[-2.7598,48.0986],[-2.7668,48.0937],[-2.7677,48.0893],[-2.7732,48.0865],[-2.7776,48.0907],[-2.777,48.0944],[-2.7735,48.0959],[-2.779,48.099],[-2.7764,48.1047],[-2.7835,48.1107],[-2.7818,48.121],[-2.7883,48.1238],[-2.7895,48.1313],[-2.8053,48.1399],[-2.8038,48.1451],[-2.8186,48.1472],[-2.8438,48.1406],[-2.8742,48.1489],[-2.8757,48.152],[-2.8824,48.153],[-2.883,48.1578],[-2.8917,48.1649],[-2.8878,48.1686],[-2.8915,48.1687],[-2.8928,48.1734],[-2.9041,48.1682],[-2.9021,48.1751],[-2.9069,48.1786],[-2.9051,48.1795],[-2.9081,48.1853],[-2.9064,48.1874],[-2.9088,48.1933],[-2.9127,48.1957],[-2.9229,48.1944],[-2.9293,48.1967],[-2.9347,48.1902],[-2.9366,48.1915],[-2.9334,48.2016],[-2.9473,48.1981],[-2.9511,48.196],[-2.9481,48.1955],[-2.9443,48.1878],[-2.9546,48.1842],[-2.9518,48.1792],[-2.9468,48.1779],[-2.9508,48.1761],[-2.9493,48.1744],[-2.9606,48.1739],[-2.963,48.1695],[-2.9822,48.1604],[-2.9999,48.1606],[-3.0006,48.1643],[-2.9953,48.1708],[-3.0118,48.1721],[-3.0115,48.183],[-3.0204,48.1922],[-3.0148,48.1979],[-3.029,48.1959],[-3.037,48.204],[-3.0471,48.2026],[-3.0541,48.207],[-3.0701,48.2052],[-3.0757,48.2081],[-3.0772,48.2098],[-3.0723,48.2129],[-3.0688,48.2229],[-3.0623,48.2222],[-3.0552,48.2257],[-3.0568,48.2291],[-3.0533,48.2298],[-3.0561,48.2425],[-3.0662,48.2421],[-3.0684,48.2472],[-3.0728,48.2482],[-3.0712,48.2498],[-3.0792,48.2485],[-3.0909,48.2507],[-3.0879,48.2519],[-3.0892,48.2568],[-3.0856,48.2568],[-3.0921,48.2602],[-3.0913,48.263],[-3.0839,48.2663],[-3.093,48.2755],[-3.0932,48.2832],[-3.0893,48.2846],[-3.0981,48.2911],[-3.0992,48.2965],[-3.1039,48.2986],[-3.0907,48.3042],[-3.0842,48.3038],[-3.0818,48.3084],[-3.0702,48.3127],[-3.0763,48.3207],[-3.0842,48.3256],[-3.0851,48.3281],[-3.0819,48.334],[-3.0724,48.3419],[-3.0527,48.3509],[-3.048,48.3587],[-3.0307,48.363],[-3.0331,48.3686],[-3.0234,48.3672],[-3.0062,48.3725],[-3.0027,48.3669],[-3.0131,48.3664],[-3.0137,48.3637],[-3.0073,48.3628],[-3.0108,48.3596],[-3.0009,48.3588],[-2.997,48.3517],[-2.9914,48.3473],[-2.9857,48.3278],[-2.9805,48.3244],[-2.9693,48.3227],[-2.9654,48.3226],[-2.9637,48.3254],[-2.9612,48.324],[-2.9499,48.3266],[-2.9464,48.325],[-2.9484,48.3217],[-2.9446,48.3196],[-2.9461,48.3181],[-2.9406,48.3173],[-2.9428,48.3153],[-2.9342,48.3149],[-2.9336,48.3112],[-2.9262,48.3107],[-2.9229,48.3062],[-2.9117,48.3074],[-2.913,48.3094],[-2.9077,48.3138],[-2.9083,48.3205],[-2.8917,48.3274],[-2.8908,48.3312],[-2.8955,48.3361],[-2.8894,48.3338],[-2.8871,48.3348],[-2.887,48.3394],[-2.8823,48.3394],[-2.8781,48.3384],[-2.8805,48.3359],[-2.8768,48.3335],[-2.8735,48.3339],[-2.8723,48.3382],[-2.8693,48.3373],[-2.8662,48.3401],[-2.8656,48.3435],[-2.8697,48.3427],[-2.861,48.3451],[-2.8539,48.3356],[-2.862,48.3317],[-2.8619,48.3249],[-2.8465,48.3236],[-2.8401,48.3264],[-2.8373,48.324],[-2.8392,48.3219],[-2.8351,48.3219],[-2.8365,48.3196],[-2.8295,48.3206],[-2.8255,48.3091],[-2.8298,48.3061],[-2.8288,48.2936],[-2.8234,48.2915],[-2.819,48.2955],[-2.8109,48.2968],[-2.8043,48.2915],[-2.7926,48.2749],[-2.7885,48.2729],[-2.7719,48.285],[-2.7808,48.288],[-2.7798,48.2892],[-2.7884,48.2942],[-2.7969,48.2946],[-2.7919,48.2971],[-2.7936,48.2991],[-2.7907,48.3008],[-2.7847,48.2992],[-2.7792,48.3022],[-2.7775,48.3091],[-2.7816,48.3104],[-2.7753,48.3146],[-2.774,48.3181],[-2.7631,48.3155],[-2.7469,48.3166],[-2.7366,48.3091],[-2.7361,48.3122],[-2.7252,48.316],[-2.7161,48.311],[-2.7031,48.311],[-2.7002,48.3055],[-2.6822,48.3102],[-2.6711,48.3158],[-2.6544,48.3099],[-2.6509,48.3119],[-2.6482,48.3094],[-2.6481,48.3143],[-2.6444,48.3166],[-2.6229,48.32],[-2.6162,48.3224],[-2.6205,48.3249],[-2.5934,48.3245],[-2.5695,48.3174],[-2.5708,48.313],[-2.566,48.3122],[-2.5614,48.3077],[-2.5418,48.3055],[-2.5382,48.3084],[-2.5392,48.3125],[-2.5311,48.3284],[-2.5268,48.3284],[-2.5263,48.332],[-2.5233,48.3337],[-2.5109,48.3363],[-2.5084,48.3385],[-2.5082,48.344],[-2.5025,48.349],[-2.4872,48.3533],[-2.4847,48.3499],[-2.4686,48.3508],[-2.4623,48.349],[-2.4607,48.34],[-2.4575,48.3377],[-2.4598,48.3198],[-2.4553,48.3189],[-2.4558,48.3167],[-2.4447,48.3173],[-2.4429,48.309],[-2.4362,48.3109],[-2.424,48.3091],[-2.4061,48.3169],[-2.4076,48.3114],[-2.3935,48.3007],[-2.3945,48.2943],[-2.3856,48.2878],[-2.377,48.2863],[-2.382,48.2747],[-2.3801,48.2637],[-2.3711,48.263],[-2.3683,48.2573],[-2.3623,48.2595],[-2.3595,48.2577],[-2.3616,48.2548],[-2.3495,48.2447],[-2.3382,48.2507],[-2.3348,48.2503],[-2.3245,48.2339],[-2.3293,48.227],[-2.3259,48.2241],[-2.3265,48.2205],[-2.3147,48.2235],[-2.2814,48.2129],[-2.2737,48.2147],[-2.2649,48.2101],[-2.2555,48.2101],[-2.2484,48.2052],[-2.2329,48.2145],[-2.227,48.2083],[-2.2242,48.2083],[-2.2242,48.204],[-2.2182,48.2043],[-2.2215,48.2004],[-2.2194,48.1933],[-2.2215,48.1926],[-2.2223,48.185],[-2.2246,48.1846],[-2.2232,48.173],[-2.2285,48.165],[-2.2486,48.1594],[-2.2485,48.1527],[-2.2355,48.1489],[-2.2361,48.1445],[-2.2526,48.1442],[-2.2558,48.1454],[-2.2591,48.1513],[-2.2705,48.1516],[-2.2741,48.1468],[-2.2777,48.1485],[-2.2785,48.1459],[-2.2831,48.1455],[-2.2876,48.1338],[-2.2963,48.1319],[-2.2963,48.1351],[-2.3169,48.1356],[-2.3211,48.1331],[-2.3204,48.128],[-2.3237,48.1254],[-2.3211,48.1233],[-2.3247,48.1213],[-2.3367,48.1193],[-2.336,48.1231],[-2.3381,48.1256],[-2.3489,48.1267],[-2.3519,48.1252],[-2.3528,48.117],[-2.3578,48.1111],[-2.3664,48.1158],[-2.3757,48.1266],[-2.3745,48.1403],[-2.3999,48.1543],[-2.4043,48.1604],[-2.4058,48.1676],[-2.4189,48.173],[-2.4493,48.173],[-2.4543,48.1694],[-2.4532,48.1635],[-2.4692,48.1625],[-2.4718,48.1598],[-2.4794,48.1677],[-2.4872,48.1669],[-2.4891,48.16],[-2.4841,48.1568],[-2.4878,48.1553],[-2.5091,48.1601],[-2.5323,48.1578],[-2.535,48.1558],[-2.5306,48.1494],[-2.5229,48.1435],[-2.5165,48.1425],[-2.5176,48.1405],[-2.514,48.1322],[-2.5318,48.1092],[-2.536,48.1086],[-2.5344,48.1066],[-2.551,48.0981],[-2.5549,48.0991],[-2.554,48.095],[-2.5481,48.0936],[-2.5517,48.0918],[-2.5487,48.0868],[-2.5494,48.0825],[-2.5521,48.0813],[-2.5474,48.0765],[-2.5612,48.0745],[-2.5638,48.0715],[-2.5618,48.0686],[-2.5644,48.0673],[-2.5785,48.0719],[-2.5814,48.0646],[-2.5899,48.0562],[-2.6099,48.0465],[-2.6284,48.0338],[-2.636,48.0378],[-2.641,48.0347],[-2.6455,48.0355],[-2.6438,48.0423],[-2.6489,48.0378],[-2.6541,48.0378],[-2.6563,48.0351],[-2.6553,48.0327],[-2.6572,48.0328],[-2.6616,48.0386],[-2.6573,48.0413],[-2.6589,48.0446],[-2.6656,48.0444],[-2.6702,48.0482],[-2.6706,48.0509],[-2.6669,48.0517],[-2.6655,48.0563],[-2.6732,48.064],[-2.6672,48.0659],[-2.6646,48.0693],[-2.6658,48.0718],[-2.6629,48.0751],[-2.6618,48.0823],[-2.6558,48.0841],[-2.6539,48.0874],[-2.6564,48.0931],[-2.6499,48.0975],[-2.6569,48.1064],[-2.6513,48.1076],[-2.6514,48.1132],[-2.6572,48.1152],[-2.6522,48.1195],[-2.6616,48.1268],[-2.6609,48.1308],[-2.6677,48.133],[-2.6764,48.1315],[-2.6952,48.1204],[-2.6971,48.1218],[-2.7011,48.1198],[-2.7035,48.1125],[-2.7249,48.1142],[-2.7244,48.1173],[-2.7444,48.1131],[-2.7519,48.1166]]]]}},{"type":"Feature","properties":{"territoire":"200067932","nom":"CA Golfe du Morbihan - Vannes Agglomération","type":"epci"},"geometry":{"type":"MultiPolygon","coordinates":[[[[-2.8609,47.5405],[-2.8549,47.5392],[-2.8539,47.5365],[-2.8484,47.5407],[-2.8451,47.5381],[-2.8469,47.5418],[-2.8537,47.5417],[-2.8508,47.5471],[-2.8478,47.5484],[-2.8393,47.5438],[-2.8273,47.5503],[-2.8259,47.5486],[-2.8306,47.5459],[-2.8293,47.5431],[-2.818,47.5424],[-2.82,47.5438],[-2.8183,47.5481],[-2.8238,47.5511],[-2.8242,47.5569],[-2.8165,47.5561],[-2.8137,47.5532],[-2.8059,47.5559],[-2.8073,47.5409],[-2.8004,47.54],[-2.7994,47.5371],[-2.7964,47.5429],[-2.7999,47.5476],[-2.7877,47.5528],[-2.7847,47.5524],[-2.7855,47.5476],[-2.7835,47.5451],[-2.777,47.549],[-2.7763,47.5449],[-2.7812,47.5404],[-2.7754,47.5382],[-2.7682,47.5409],[-2.7685,47.5389],[-2.7645,47.5387],[-2.7684,47.5417],[-2.7675,47.5439],[-2.7614,47.5371],[-2.7516,47.5381],[-2.743,47.5441],[-2.7304,47.5432],[-2.7306,47.5477],[-2.7286,47.5483],[-2.7349,47.5531],[-2.7311,47.5542],[-2.7251,47.5635],[-2.7289,47.5681],[-2.7185,47.5722],[-2.7136,47.5798],[-2.7183,47.5833],[-2.7182,47.588],[-2.7215,47.591],[-2.7261,47.5908],[-2.7305,47.5938],[-2.7278,47.5956],[-2.7229,47.5916],[-2.7185,47.5922],[-2.7195,47.5962],[-2.7174,47.5984],[-2.7224,47.6039],[-2.7304,47.6018],[-2.7308,47.6055],[-2.7353,47.6035],[-2.7304,47.6001],[-2.7321,47.5988],[-2.7404,47.6051],[-2.7582,47.6128],[-2.7582,47.6155],[-2.7641,47.6157],[-2.7646,47.6139],[-2.7784,47.6189],[-2.7789,47.6248],[-2.7748,47.6256],[-2.7667,47.6221],[-2.7638,47.623],[-2.7563,47.6179],[-2.7461,47.6192],[-2.7432,47.6144],[-2.7357,47.6143],[-2.7436,47.6224],[-2.7411,47.6261],[-2.7452,47.6292],[-2.7449,47.6321],[-2.7469,47.6315],[-2.7459,47.6211],[-2.7499,47.6214],[-2.7538,47.6283],[-2.7576,47.63],[-2.7581,47.6321],[-2.7546,47.6344],[-2.755,47.6382],[-2.7614,47.6408],[-2.7635,47.632],[-2.7703,47.6303],[-2.7797,47.6328],[-2.7765,47.6271],[-2.7821,47.626],[-2.7824,47.6211],[-2.7954,47.6204],[-2.8011,47.617],[-2.8049,47.621],[-2.8125,47.6225],[-2.8359,47.6125],[-2.8283,47.6183],[-2.8328,47.6204],[-2.8396,47.6167],[-2.8502,47.6199],[-2.8553,47.6191],[-2.8531,47.6217],[-2.8593,47.6232],[-2.8662,47.6181],[-2.87,47.6209],[-2.8678,47.6167],[-2.8578,47.6175],[-2.8564,47.6135],[-2.8685,47.6071],[-2.8589,47.6011],[-2.8642,47.5967],[-2.8886,47.6034],[-2.8928,47.5963],[-2.8897,47.5963],[-2.8886,47.5924],[-2.8907,47.5817],[-2.8952,47.5815],[-2.8952,47.5847],[-2.898,47.5857],[-2.9056,47.582],[-2.9085,47.5841],[-2.9044,47.5857],[-2.9045,47.5893],[-2.9106,47.5922],[-2.9142,47.5917],[-2.9153,47.5868],[-2.9187,47.5858],[-2.9174,47.5825],[-2.9202,47.5827],[-2.9257,47.586],[-2.927,47.5899],[-2.9254,47.5916],[-2.9278,47.5931],[-2.9268,47.6012],[-2.9297,47.6034],[-2.9374,47.5959],[-2.9341,47.5864],[-2.9384,47.5877],[-2.9383,47.5936],[-2.9428,47.6019],[-2.9464,47.6033],[-2.9464,47.6076],[-2.9504,47.6071],[-2.9509,47.61],[-2.9464,47.6127],[-2.9488,47.6139],[-2.9492,47.6215],[-2.9432,47.6257],[-2.9347,47.6254],[-2.9466,47.6295],[-2.9562,47.6261],[-2.9586,47.6274],[-2.9581,47.6342],[-2.9619,47.6349],[-2.9548,47.6387],[-2.9493,47.6474],[-2.935,47.6533],[-2.9288,47.653],[-2.9242,47.6617],[-2.9285,47.6659],[-2.9253,47.6682],[-2.9194,47.6677],[-2.9249,47.6746],[-2.9182,47.6798],[-2.9125,47.6814],[-2.9057,47.679],[-2.9007,47.6804],[-2.9014,47.6838],[-2.8832,47.6869],[-2.8869,47.6911],[-2.882,47.6951],[-2.8815,47.7011],[-2.8773,47.7086],[-2.8901,47.716],[-2.8829,47.7215],[-2.8761,47.7205],[-2.8731,47.7245],[-2.8774,47.7294],[-2.8752,47.7335],[-2.8797,47.7372],[-2.8778,47.7452],[-2.874,47.7442],[-2.8719,47.7474],[-2.8757,47.7493],[-2.8721,47.7534],[-2.8814,47.7597],[-2.8928,47.7593],[-2.9148,47.7651],[-2.9251,47.7601],[-2.9101,47.754],[-2.9093,47.7507],[-2.9116,47.7493],[-2.9176,47.7472],[-2.9266,47.7483],[-2.9301,47.7524],[-2.9426,47.746],[-2.9502,47.7462],[-2.955,47.7489],[-2.9463,47.7549],[-2.9507,47.756],[-2.9503,47.759],[-2.9547,47.7644],[-2.9489,47.7663],[-2.9498,47.7693],[-2.9473,47.7729],[-2.9501,47.7767],[-2.9478,47.7799],[-2.9519,47.7822],[-2.9484,47.7855],[-2.9514,47.7909],[-2.9557,47.7932],[-2.9501,47.7974],[-2.9423,47.7992],[-2.9339,47.7959],[-2.9344,47.8037],[-2.9301,47.8163],[-2.9247,47.8168],[-2.9227,47.8196],[-2.9133,47.8175],[-2.8795,47.818],[-2.8571,47.8147],[-2.8493,47.8255],[-2.8381,47.8249],[-2.8365,47.8315],[-2.8198,47.8365],[-2.8089,47.8369],[-2.7997,47.8432],[-2.7882,47.8388],[-2.7702,47.8387],[-2.7674,47.8311],[-2.7644,47.8296],[-2.7739,47.8095],[-2.7757,47.8076],[-2.7783,47.8092],[-2.7779,47.8067],[-2.7535,47.7975],[-2.7291,47.7984],[-2.7117,47.7958],[-2.7096,47.7977],[-2.7124,47.8023],[-2.6943,47.8025],[-2.6954,47.8169],[-2.692,47.8267],[-2.6868,47.8294],[-2.6838,47.8264],[-2.6733,47.8248],[-2.6843,47.8122],[-2.6839,47.8103],[-2.68,47.8116],[-2.6713,47.8095],[-2.6777,47.8038],[-2.67,47.8031],[-2.669,47.8009],[-2.6761,47.7963],[-2.6789,47.7904],[-2.6599,47.787],[-2.6579,47.7814],[-2.6529,47.7832],[-2.6509,47.789],[-2.6474,47.7907],[-2.6348,47.7891],[-2.623,47.7912],[-2.6265,47.7979],[-2.624,47.8009],[-2.6065,47.8044],[-2.6015,47.8079],[-2.5976,47.8058],[-2.5899,47.8079],[-2.5804,47.8013],[-2.5752,47.8014],[-2.5671,47.7972],[-2.5623,47.7996],[-2.5575,47.7965],[-2.55,47.799],[-2.5475,47.7952],[-2.5419,47.7936],[-2.5414,47.7903],[-2.5508,47.7783],[-2.5453,47.7737],[-2.5397,47.7727],[-2.5365,47.7683],[-2.532,47.77],[-2.5402,47.7608],[-2.5334,47.7568],[-2.5394,47.7436],[-2.5349,47.7375],[-2.5296,47.737],[-2.5257,47.7323],[-2.5228,47.7329],[-2.5217,47.7296],[-2.5299,47.7224],[-2.5397,47.72],[-2.5391,47.713],[-2.5363,47.7104],[-2.5422,47.7028],[-2.5479,47.705],[-2.5534,47.7034],[-2.5505,47.6954],[-2.5535,47.6907],[-2.5516,47.6889],[-2.5572,47.6868],[-2.5571,47.6831],[-2.5562,47.6808],[-2.5505,47.6816],[-2.5343,47.6759],[-2.5291,47.6776],[-2.5215,47.6734],[-2.5109,47.6753],[-2.5032,47.6705],[-2.5031,47.6671],[-2.4955,47.6586],[-2.4981,47.6555],[-2.5102,47.661],[-2.5163,47.6591],[-2.5152,47.6568],[-2.5414,47.654],[-2.5434,47.6499],[-2.5576,47.652],[-2.5724,47.6391],[-2.5771,47.6376],[-2.5793,47.6308],[-2.5656,47.6285],[-2.578,47.6215],[-2.5766,47.6191],[-2.5784,47.6159],[-2.5842,47.6142],[-2.5836,47.6088],[-2.577,47.6069],[-2.5831,47.6015],[-2.5747,47.5969],[-2.5723,47.5986],[-2.5578,47.5974],[-2.5658,47.5934],[-2.5646,47.5904],[-2.5681,47.5851],[-2.5769,47.5815],[-2.5764,47.5798],[-2.5816,47.5777],[-2.5852,47.5727],[-2.5801,47.5633],[-2.5835,47.5617],[-2.5809,47.5588],[-2.5833,47.5582],[-2.5809,47.5566],[-2.5832,47.5538],[-2.576,47.549],[-2.5763,47.5445],[-2.5811,47.5437],[-2.582,47.538],[-2.5963,47.5316],[-2.6165,47.5272],[-2.6228,47.5168],[-2.6338,47.5111],[-2.6397,47.5164],[-2.6632,47.5195],[-2.6681,47.5128],[-2.6655,47.5089],[-2.6812,47.4971],[-2.6806,47.4942],[-2.6754,47.4942],[-2.6749,47.4918],[-2.6822,47.4919],[-2.6827,47.4954],[-2.6953,47.5006],[-2.7153,47.5059],[-2.7279,47.5067],[-2.7385,47.5045],[-2.7412,47.5023],[-2.7401,47.5003],[-2.7827,47.495],[-2.7867,47.4925],[-2.7854,47.49],[-2.7922,47.4889],[-2.7929,47.4864],[-2.79,47.4873],[-2.7942,47.484],[-2.8057,47.4889],[-2.8161,47.4867],[-2.8505,47.4985],[-2.847,47.5119],[-2.8553,47.5184],[-2.8534,47.5188],[-2.8584,47.519],[-2.863,47.5266],[-2.875,47.5343],[-2.8872,47.5378],[-2.8962,47.5381],[-2.8976,47.535],[-2.9036,47.5344],[-2.9047,47.5382],[-2.8925,47.5426],[-2.8911,47.5454],[-2.8957,47.5457],[-2.8948,47.5439],[-2.8985,47.5418],[-2.9096,47.5413],[-2.9123,47.5421],[-2.9132,47.5455],[-2.9179,47.5459],[-2.9194,47.5482],[-2.9166,47.55],[-2.9134,47.5476],[-2.9081,47.5496],[-2.9101,47.5536],[-2.9149,47.5557],[-2.9093,47.5572],[-2.9078,47.5631],[-2.9035,47.5591],[-2.8974,47.5634],[-2.8945,47.5547],[-2.8909,47.5615],[-2.8831,47.5567],[-2.8841,47.5617],[-2.8785,47.5641],[-2.8763,47.5607],[-2.8787,47.5553],[-2.8753,47.5543],[-2.8673,47.5591],[-2.8703,47.5525],[-2.8582,47.5508],[-2.8571,47.5444],[-2.8628,47.5418],[-2.8609,47.5405]]],[[[-2.8476,47.5548],[-2.8429,47.5609],[-2.844,47.5553],[-2.8476,47.5548]]],[[[-2.8325,47.5594],[-2.8309,47.5605],[-2.8288,47.5574],[-2.8311,47.5568],[-2.8325,47.5594]]],[[[-2.8505,47.5627],[-2.8467,47.5615],[-2.8493,47.5605],[-2.8505,47.5627]]],[[[-2.8895,47.5672],[-2.8871,47.572],[-2.8864,47.5672],[-2.8886,47.5654],[-2.8895,47.5672]]],[[[-2.9111,47.5758],[-2.9089,47.5773],[-2.9084,47.5694],[-2.9064,47.5685],[-2.9079,47.567],[-2.9098,47.5675],[-2.9111,47.5758]]],[[[-2.9006,47.5724],[-2.898,47.5772],[-2.8962,47.5767],[-2.8959,47.5725],[-2.9006,47.5724]]],[[[-2.8912,47.5772],[-2.8897,47.5825],[-2.8845,47.5825],[-2.8864,47.5807],[-2.8849,47.5784],[-2.8892,47.5748],[-2.8912,47.5772]]],[[[-2.9305,47.5812],[-2.9264,47.5782],[-2.929,47.5775],[-2.9305,47.5812]]],[[[-2.8621,47.5691],[-2.8557,47.5844],[-2.8571,47.5902],[-2.8509,47.5976],[-2.8552,47.6005],[-2.8519,47.6015],[-2.8481,47.5984],[-2.8373,47.6072],[-2.8385,47.601],[-2.842,47.5977],[-2.8409,47.5938],[-2.8237,47.5909],[-2.8238,47.5887],[-2.8326,47.5901],[-2.8374,47.5874],[-2.8471,47.5897],[-2.8519,47.5831],[-2.8506,47.5779],[-2.8559,47.5737],[-2.8529,47.5724],[-2.853,47.5685],[-2.8488,47.5663],[-2.8591,47.5664],[-2.8576,47.561],[-2.8599,47.56],[-2.8621,47.5691]]],[[[-2.9328,47.5851],[-2.928,47.5856],[-2.9295,47.5839],[-2.9328,47.5851]]],[[[-2.8522,47.6118],[-2.8509,47.6136],[-2.8455,47.6111],[-2.8472,47.6096],[-2.8522,47.6118]]],[[[-2.807,47.5645],[-2.8045,47.5666],[-2.8032,47.5634],[-2.8049,47.5608],[-2.807,47.5645]]],[[[-2.7948,47.5658],[-2.7889,47.5625],[-2.7931,47.5628],[-2.7948,47.5658]]],[[[-2.7953,47.5717],[-2.792,47.5774],[-2.7938,47.5795],[-2.7909,47.5801],[-2.7911,47.5768],[-2.786,47.5755],[-2.7894,47.5712],[-2.7859,47.5686],[-2.7953,47.5717]]],[[[-2.8156,47.5853],[-2.8124,47.5839],[-2.8081,47.587],[-2.8143,47.5915],[-2.8088,47.593],[-2.8129,47.599],[-2.8066,47.596],[-2.798,47.5973],[-2.7951,47.6],[-2.7962,47.6043],[-2.7927,47.6066],[-2.794,47.6015],[-2.7862,47.5996],[-2.7866,47.595],[-2.789,47.5939],[-2.7846,47.5917],[-2.7747,47.5934],[-2.7781,47.5864],[-2.7819,47.5908],[-2.7833,47.5897],[-2.7815,47.5892],[-2.7862,47.5895],[-2.7865,47.5929],[-2.7933,47.5935],[-2.7945,47.5908],[-2.7992,47.5893],[-2.7977,47.5877],[-2.8021,47.5862],[-2.803,47.5824],[-2.8096,47.5783],[-2.8133,47.5792],[-2.8115,47.5815],[-2.8156,47.5853]]],[[[-2.75,47.5766],[-2.747,47.5789],[-2.7462,47.5763],[-2.75,47.5766]]],[[[-2.7708,47.6106],[-2.7681,47.6125],[-2.7674,47.6082],[-2.7651,47.6101],[-2.7527,47.6045],[-2.7534,47.607],[-2.7525,47.6036],[-2.7536,47.6023],[-2.7649,47.6076],[-2.7698,47.6055],[-2.7708,47.6106]]],[[[-2.7862,47.6162],[-2.7842,47.6163],[-2.7848,47.618],[-2.7741,47.6138],[-2.7862,47.6162]]],[[[-2.7382,47.5844],[-2.7264,47.5796],[-2.7238,47.5769],[-2.7254,47.574],[-2.7277,47.5726],[-2.7381,47.5807],[-2.7382,47.5844]]],[[[-2.7256,47.5999],[-2.7223,47.6003],[-2.7235,47.5986],[-2.7256,47.5999]]]]}},{"type":"Feature","properties":{"territoire":"200067981","nom":"CA Guingamp-Paimpol Agglomération de l'Armor à l'Argoat","type":"epci"},"geometry":{"type":"MultiPolygon","coordinates":[[[[-3.3381,48.3353],[-3.3484,48.3373],[-3.3553,48.3348],[-3.3601,48.3425],[-3.3674,48.3459],[-3.3746,48.3431],[-3.3838,48.3447],[-3.3882,48.3422],[-3.4062,48.3503],[-3.4226,48.3526],[-3.4515,48.3493],[-3.4579,48.3461],[-3.4833,48.3495],[-3.4865,48.3434],[-3.4985,48.3391],[-3.5119,48.3193],[-3.5183,48.3185],[-3.5251,48.3235],[-3.5411,48.3114],[-3.5414,48.3138],[-3.5487,48.3121],[-3.5523,48.3164],[-3.5485,48.3214],[-3.5517,48.3231],[-3.5531,48.3318],[-3.5571,48.3361],[-3.5553,48.3448],[-3.5632,48.3472],[-3.5616,48.3516],[-3.5586,48.3523],[-3.5594,48.3553],[-3.5556,48.3564],[-3.5588,48.3591],[-3.5558,48.3635],[-3.5594,48.3659],[-3.5517,48.3712],[-3.5542,48.3724],[-3.5541,48.3785],[-3.567,48.3794],[-3.5677,48.3767],[-3.5709,48.3801],[-3.5828,48.3821],[-3.5868,48.3807],[-3.594,48.3863],[-3.6038,48.3861],[-3.608,48.3885],[-3.6011,48.3934],[-3.604,48.3956],[-3.5986,48.4052],[-3.6018,48.4174],[-3.6003,48.422],[-3.5861,48.4328],[-3.5642,48.4392],[-3.551,48.4467],[-3.5536,48.4535],[-3.5684,48.4526],[-3.5795,48.4596],[-3.5785,48.463],[-3.5746,48.4627],[-3.5705,48.4667],[-3.5612,48.4647],[-3.5623,48.466],[-3.554,48.4717],[-3.5593,48.4744],[-3.5575,48.4758],[-3.5441,48.4758],[-3.5391,48.471],[-3.5351,48.4732],[-3.5328,48.4698],[-3.5296,48.4738],[-3.5254,48.4734],[-3.5204,48.4772],[-3.5086,48.475],[-3.5034,48.4778],[-3.5039,48.4799],[-3.4972,48.4814],[-3.4923,48.4819],[-3.49,48.4777],[-3.4838,48.4795],[-3.4808,48.4777],[-3.4789,48.4783],[-3.4795,48.484],[-3.4748,48.489],[-3.4585,48.4857],[-3.4451,48.4876],[-3.4462,48.4914],[-3.4424,48.4932],[-3.4447,48.4962],[-3.4423,48.4976],[-3.4377,48.4942],[-3.4273,48.5022],[-3.4209,48.5013],[-3.4188,48.5043],[-3.4246,48.508],[-3.4206,48.5112],[-3.4208,48.5166],[-3.4146,48.5203],[-3.4019,48.5189],[-3.3986,48.5225],[-3.3994,48.5255],[-3.3948,48.5283],[-3.3925,48.5364],[-3.398,48.539],[-3.3971,48.5426],[-3.3993,48.5455],[-3.3957,48.551],[-3.3988,48.5558],[-3.3957,48.5606],[-3.4043,48.5632],[-3.4052,48.567],[-3.3877,48.5733],[-3.389,48.5744],[-3.3818,48.5869],[-3.3827,48.5952],[-3.3793,48.5965],[-3.3818,48.5959],[-3.3814,48.5996],[-3.3829,48.5991],[-3.3801,48.607],[-3.3783,48.6067],[-3.3809,48.6096],[-3.3766,48.6123],[-3.3633,48.6142],[-3.3618,48.6166],[-3.3541,48.6142],[-3.3458,48.6162],[-3.3456,48.6138],[-3.3409,48.6157],[-3.3423,48.6243],[-3.3388,48.6228],[-3.3335,48.6244],[-3.334,48.6449],[-3.3261,48.651],[-3.3287,48.654],[-3.307,48.6567],[-3.2894,48.6726],[-3.2836,48.6701],[-3.2789,48.6631],[-3.2697,48.6641],[-3.2657,48.6601],[-3.2621,48.6624],[-3.2596,48.658],[-3.2551,48.6578],[-3.2539,48.6549],[-3.2418,48.654],[-3.2342,48.662],[-3.2356,48.6673],[-3.2337,48.6694],[-3.2357,48.6724],[-3.234,48.6774],[-3.2383,48.6828],[-3.242,48.6824],[-3.2452,48.6863],[-3.2529,48.6892],[-3.25,48.6913],[-3.2499,48.695],[-3.2388,48.6913],[-3.2216,48.6974],[-3.2312,48.7075],[-3.2154,48.7205],[-3.215,48.7267],[-3.209,48.7317],[-3.1989,48.7318],[-3.1933,48.7359],[-3.194,48.7411],[-3.1915,48.7435],[-3.1878,48.745],[-3.1836,48.7401],[-3.17,48.7412],[-3.1632,48.7379],[-3.1475,48.7378],[-3.145,48.7406],[-3.1452,48.7479],[-3.12,48.756],[-3.1197,48.7603],[-3.1154,48.7649],[-3.1027,48.7659],[-3.0987,48.7686],[-3.1009,48.7763],[-3.1055,48.7798],[-3.0945,48.7813],[-3.0919,48.7882],[-3.0942,48.7952],[-3.087,48.8027],[-3.0882,48.8059],[-3.0837,48.8128],[-3.0732,48.8202],[-3.0545,48.8223],[-3.0574,48.818],[-3.0532,48.815],[-3.0194,48.8221],[-3.0088,48.8193],[-3.0171,48.8113],[-3.0105,48.8048],[-3.0022,48.8036],[-3.0051,48.799],[-3.0176,48.799],[-3.0237,48.7952],[-3.0255,48.7911],[-3.0423,48.7897],[-3.0457,48.788],[-3.0412,48.7855],[-3.0464,48.7857],[-3.0433,48.783],[-3.0406,48.785],[-3.0411,48.7827],[-3.0093,48.7817],[-3.0166,48.7787],[-3.0277,48.7791],[-3.0302,48.7757],[-3.0184,48.7692],[-3.0181,48.7719],[-3.018,48.7655],[-3.0143,48.7667],[-3.0164,48.7679],[-3.0113,48.7663],[-3.0068,48.7684],[-3.004,48.7655],[-2.9946,48.7651],[-2.9898,48.7624],[-2.9649,48.7624],[-2.9571,48.7644],[-2.9518,48.7717],[-2.949,48.7692],[-2.9524,48.7658],[-2.9438,48.7577],[-2.9331,48.7574],[-2.9284,48.7546],[-2.9425,48.7445],[-2.9413,48.7399],[-2.9341,48.7382],[-2.9376,48.734],[-2.9372,48.7308],[-2.9459,48.7266],[-2.957,48.7264],[-2.9636,48.7204],[-2.955,48.7165],[-2.9572,48.7099],[-2.9555,48.7065],[-2.9754,48.7033],[-2.9743,48.6947],[-2.9814,48.6922],[-2.981,48.6882],[-2.9793,48.6883],[-2.9871,48.6855],[-2.9951,48.6772],[-3.004,48.6792],[-3.027,48.6776],[-3.0321,48.6827],[-3.0309,48.6881],[-3.0388,48.6855],[-3.044,48.688],[-3.0454,48.6855],[-3.0493,48.6872],[-3.0524,48.6854],[-3.0605,48.6893],[-3.0581,48.6938],[-3.0605,48.6946],[-3.0668,48.6928],[-3.0715,48.688],[-3.0819,48.6882],[-3.0958,48.684],[-3.1006,48.6805],[-3.1005,48.6704],[-3.112,48.6607],[-3.1182,48.6513],[-3.1254,48.6539],[-3.1309,48.6532],[-3.1361,48.6481],[-3.1363,48.6439],[-3.1419,48.6444],[-3.1454,48.6417],[-3.1427,48.6377],[-3.1474,48.634],[-3.1454,48.6302],[-3.1393,48.6298],[-3.1404,48.6247],[-3.1379,48.6226],[-3.144,48.6101],[-3.1383,48.6046],[-3.1371,48.5995],[-3.1273,48.5905],[-3.1261,48.5843],[-3.1239,48.5828],[-3.1175,48.5867],[-3.1172,48.5843],[-3.111,48.5824],[-3.1091,48.5846],[-3.1022,48.5814],[-3.0996,48.5755],[-3.096,48.5761],[-3.0937,48.5695],[-3.089,48.5712],[-3.0846,48.5675],[-3.0804,48.5682],[-3.0807,48.5649],[-3.0714,48.5676],[-3.0585,48.5621],[-3.0572,48.5596],[-3.0608,48.5534],[-3.0539,48.5465],[-3.0626,48.5382],[-3.0639,48.5208],[-3.067,48.5208],[-3.071,48.5167],[-3.0651,48.5162],[-3.0655,48.5135],[-3.0799,48.5121],[-3.0893,48.5038],[-3.108,48.5065],[-3.1165,48.4988],[-3.1192,48.4876],[-3.1135,48.4822],[-3.107,48.4812],[-3.1049,48.476],[-3.1009,48.4756],[-3.0967,48.462],[-3.0888,48.4577],[-3.0883,48.4542],[-3.0821,48.4505],[-3.0721,48.4518],[-3.0695,48.4464],[-3.0588,48.4411],[-3.0462,48.4452],[-3.028,48.4426],[-3.0303,48.4374],[-3.0269,48.4364],[-3.0354,48.4305],[-3.028,48.4271],[-3.0256,48.423],[-3.0324,48.422],[-3.0348,48.4191],[-3.0366,48.4228],[-3.045,48.4269],[-3.0491,48.423],[-3.0665,48.4235],[-3.0753,48.4169],[-3.09,48.4255],[-3.0957,48.422],[-3.1019,48.4234],[-3.1102,48.4199],[-3.1179,48.4215],[-3.1248,48.419],[-3.1236,48.4171],[-3.1254,48.4157],[-3.1231,48.4139],[-3.1259,48.4119],[-3.1255,48.4077],[-3.1202,48.4094],[-3.1155,48.4147],[-3.1117,48.415],[-3.1053,48.4113],[-3.1065,48.4087],[-3.104,48.4077],[-3.1028,48.4022],[-3.1112,48.3938],[-3.1108,48.3907],[-3.1164,48.3885],[-3.1153,48.3735],[-3.1206,48.3677],[-3.1173,48.3585],[-3.1318,48.36],[-3.1321,48.3619],[-3.1384,48.3601],[-3.1539,48.3694],[-3.1599,48.3685],[-3.159,48.3722],[-3.1653,48.3755],[-3.1645,48.379],[-3.1681,48.379],[-3.1673,48.3854],[-3.1695,48.3869],[-3.1744,48.3872],[-3.1731,48.3852],[-3.1866,48.3867],[-3.1987,48.3813],[-3.1969,48.3863],[-3.1987,48.3895],[-3.2115,48.3857],[-3.2179,48.3891],[-3.2293,48.3897],[-3.2499,48.3873],[-3.2516,48.3905],[-3.2597,48.3934],[-3.2654,48.3813],[-3.2701,48.382],[-3.2752,48.3791],[-3.2718,48.3771],[-3.2716,48.3739],[-3.2759,48.3716],[-3.2767,48.3678],[-3.2881,48.3668],[-3.2971,48.3713],[-3.3107,48.3684],[-3.3167,48.3719],[-3.323,48.3717],[-3.3329,48.3671],[-3.3327,48.362],[-3.3295,48.3598],[-3.3316,48.3596],[-3.3253,48.3524],[-3.304,48.3537],[-3.2996,48.3502],[-3.2989,48.3465],[-3.2964,48.3462],[-3.3004,48.3409],[-3.3138,48.3395],[-3.3229,48.3333],[-3.3381,48.3353]]],[[[-2.9855,48.7971],[-2.981,48.7997],[-2.9759,48.7979],[-2.9855,48.7971]]]]}},{"type":"Feature","properties":{"territoire":"200068120","nom":"CA Quimper Bretagne Occidentale","type":"epci"},"geometry":{"type":"MultiPolygon","coordinates":[[[[-4.1208,47.9654],[-4.1122,47.9607],[-4.1135,47.9547],[-4.1233,47.9535],[-4.1221,47.9515],[-4.1134,47.9526],[-4.112,47.9498],[-4.1146,47.947],[-4.111,47.9369],[-4.118,47.9315],[-4.1317,47.932],[-4.1325,47.9261],[-4.1412,47.9263],[-4.1421,47.9193],[-4.1501,47.9127],[-4.1482,47.9113],[-4.1518,47.9106],[-4.1476,47.9094],[-4.15,47.9079],[-4.1465,47.9045],[-4.1457,47.8974],[-4.1521,47.8978],[-4.1587,47.8943],[-4.1617,47.8974],[-4.1663,47.8956],[-4.1688,47.8998],[-4.1729,47.9007],[-4.1741,47.9076],[-4.178,47.9075],[-4.1722,47.9136],[-4.1729,47.9164],[-4.1881,47.9281],[-4.1959,47.9385],[-4.1953,47.9406],[-4.219,47.9446],[-4.2203,47.9484],[-4.2159,47.9494],[-4.2163,47.9513],[-4.214,47.9515],[-4.2156,47.953],[-4.2117,47.9535],[-4.2127,47.9583],[-4.2155,47.9575],[-4.2193,47.9616],[-4.2157,47.9631],[-4.2172,47.9665],[-4.2148,47.9663],[-4.2161,47.9739],[-4.2306,47.9752],[-4.2391,47.9807],[-4.239,47.9874],[-4.2349,47.988],[-4.2347,47.9962],[-4.228,47.9995],[-4.2326,48.0003],[-4.2443,47.9956],[-4.2441,47.9975],[-4.249,47.9997],[-4.2491,48.0092],[-4.2608,48.0095],[-4.2523,48.0157],[-4.251,48.0245],[-4.2442,48.028],[-4.2449,48.0319],[-4.2399,48.0323],[-4.242,48.034],[-4.2397,48.039],[-4.2311,48.0443],[-4.2303,48.0483],[-4.2322,48.0518],[-4.2435,48.0557],[-4.2441,48.0607],[-4.2508,48.0632],[-4.2561,48.0716],[-4.2524,48.0715],[-4.2503,48.0753],[-4.2431,48.0734],[-4.2308,48.0793],[-4.2313,48.0825],[-4.2399,48.0869],[-4.2365,48.088],[-4.2391,48.0902],[-4.2353,48.0965],[-4.232,48.0964],[-4.2338,48.1089],[-4.2253,48.1072],[-4.2117,48.1097],[-4.2097,48.1072],[-4.2034,48.1067],[-4.202,48.1118],[-4.2065,48.112],[-4.2085,48.1209],[-4.1982,48.1256],[-4.1972,48.1297],[-4.1867,48.1311],[-4.1721,48.1283],[-4.1618,48.132],[-4.1541,48.1313],[-4.1526,48.1355],[-4.1489,48.1353],[-4.1355,48.1438],[-4.1249,48.1401],[-4.1146,48.1256],[-4.1067,48.1298],[-4.0947,48.1289],[-4.0938,48.1259],[-4.0862,48.1283],[-4.0858,48.1246],[-4.079,48.1216],[-4.0665,48.1343],[-4.0577,48.1381],[-4.0596,48.1451],[-4.0574,48.1552],[-4.0616,48.1578],[-4.0605,48.1613],[-4.0439,48.1612],[-4.0346,48.1639],[-4.0318,48.1596],[-4.0171,48.1594],[-4.0107,48.144],[-4.0061,48.1415],[-3.9743,48.1462],[-3.9519,48.1527],[-3.9348,48.1521],[-3.9313,48.1489],[-3.9416,48.1403],[-3.9288,48.1419],[-3.9293,48.1355],[-3.9265,48.1339],[-3.9314,48.1327],[-3.9302,48.1279],[-3.9272,48.1252],[-3.9155,48.1299],[-3.9148,48.1259],[-3.9078,48.1254],[-3.9083,48.1216],[-3.9059,48.1195],[-3.8977,48.1187],[-3.8941,48.1014],[-3.9013,48.1006],[-3.9004,48.0979],[-3.9039,48.0944],[-3.899,48.087],[-3.8994,48.0822],[-3.8892,48.0817],[-3.8825,48.0858],[-3.8745,48.0864],[-3.8706,48.0812],[-3.881,48.0773],[-3.8818,48.0721],[-3.8868,48.072],[-3.8864,48.0687],[-3.8982,48.0652],[-3.9081,48.0568],[-3.9382,48.0499],[-3.951,48.0426],[-3.9622,48.0433],[-3.9724,48.0404],[-3.9735,48.0389],[-3.9561,48.035],[-3.9572,48.0331],[-3.9505,48.0291],[-3.9555,48.0263],[-3.9565,48.0129],[-3.9632,48.0086],[-3.9605,48.0044],[-3.9626,47.9956],[-3.966,47.9949],[-3.9647,47.9902],[-3.967,47.9832],[-3.9818,47.9834],[-3.9964,47.9887],[-4.0017,47.987],[-4.0157,47.9886],[-4.0127,47.9853],[-4.0138,47.9776],[-4.0222,47.9716],[-4.0264,47.9718],[-4.0329,47.9654],[-4.0387,47.9662],[-4.038,47.9623],[-4.0355,47.962],[-4.0368,47.9523],[-4.0414,47.9502],[-4.041,47.9457],[-4.0451,47.9456],[-4.0471,47.9377],[-4.0523,47.9336],[-4.0647,47.9305],[-4.0766,47.9345],[-4.0782,47.9381],[-4.0932,47.9395],[-4.0954,47.9416],[-4.089,47.9457],[-4.0829,47.9448],[-4.0881,47.947],[-4.0849,47.9503],[-4.0752,47.9481],[-4.0786,47.9521],[-4.084,47.9517],[-4.0812,47.9559],[-4.0844,47.9558],[-4.085,47.9518],[-4.0916,47.9491],[-4.0905,47.9465],[-4.0961,47.9422],[-4.1013,47.9445],[-4.1037,47.9421],[-4.1097,47.9426],[-4.1089,47.9497],[-4.0975,47.9534],[-4.0946,47.9631],[-4.0958,47.9699],[-4.1007,47.9745],[-4.115,47.9763],[-4.1132,47.9763],[-4.1149,47.9837],[-4.1173,47.9837],[-4.1184,47.98],[-4.1171,47.9753],[-4.1126,47.9721],[-4.101,47.9706],[-4.1089,47.9639],[-4.1122,47.9665],[-4.1208,47.9654]]]]}},{"type":"Feature","properties":{"territoire":"200068989","nom":"CA Dinan Agglomération","type":"epci"},"geometry":{"type":"MultiPolygon","coordinates":[[[[-2.1784,48.2506],[-2.187,48.2476],[-2.1882,48.2408],[-2.186,48.2361],[-2.1908,48.2263],[-2.1904,48.2219],[-2.1849,48.2197],[-2.1839,48.2103],[-2.2014,48.2067],[-2.2128,48.2142],[-2.2285,48.2109],[-2.2333,48.2145],[-2.2484,48.2052],[-2.2555,48.2101],[-2.2547,48.2176],[-2.2621,48.2344],[-2.2749,48.242],[-2.269,48.2484],[-2.2729,48.25],[-2.2712,48.2532],[-2.2731,48.2602],[-2.2703,48.262],[-2.2723,48.2676],[-2.2828,48.2694],[-2.2865,48.2775],[-2.2861,48.289],[-2.2818,48.2909],[-2.2821,48.2951],[-2.277,48.2955],[-2.2775,48.2984],[-2.2746,48.3011],[-2.2793,48.3093],[-2.2851,48.3138],[-2.2849,48.32],[-2.2799,48.3216],[-2.2664,48.333],[-2.256,48.3318],[-2.2562,48.3342],[-2.2491,48.339],[-2.2317,48.3412],[-2.2302,48.3396],[-2.2285,48.3426],[-2.23,48.3459],[-2.2088,48.3515],[-2.2006,48.3561],[-2.1982,48.3608],[-2.1988,48.3646],[-2.2025,48.3672],[-2.2024,48.3777],[-2.2124,48.381],[-2.218,48.388],[-2.227,48.3879],[-2.2299,48.3848],[-2.2274,48.3833],[-2.2291,48.3818],[-2.2271,48.3793],[-2.2362,48.3762],[-2.2429,48.3775],[-2.2437,48.3726],[-2.239,48.3708],[-2.2494,48.3645],[-2.2642,48.3716],[-2.2651,48.3755],[-2.2677,48.3751],[-2.2699,48.3698],[-2.2749,48.3699],[-2.2778,48.3748],[-2.2854,48.3731],[-2.2905,48.3779],[-2.3,48.377],[-2.2998,48.3809],[-2.3082,48.385],[-2.3072,48.3878],[-2.3148,48.3941],[-2.3159,48.3988],[-2.3119,48.4006],[-2.3047,48.3985],[-2.2968,48.4001],[-2.2896,48.4066],[-2.281,48.4077],[-2.2747,48.4121],[-2.2728,48.4173],[-2.2747,48.4198],[-2.2853,48.4185],[-2.2902,48.4228],[-2.2844,48.4258],[-2.2909,48.4307],[-2.2902,48.4361],[-2.2924,48.4392],[-2.3097,48.4366],[-2.3314,48.4446],[-2.3259,48.4475],[-2.3278,48.4524],[-2.3207,48.4549],[-2.3203,48.4575],[-2.324,48.4604],[-2.322,48.4635],[-2.3179,48.464],[-2.3192,48.4617],[-2.3173,48.4601],[-2.3114,48.4605],[-2.3105,48.4642],[-2.3144,48.4664],[-2.3126,48.4692],[-2.3139,48.4715],[-2.3086,48.4752],[-2.3094,48.4773],[-2.3371,48.4727],[-2.341,48.478],[-2.3522,48.4818],[-2.3472,48.4843],[-2.3474,48.4877],[-2.3337,48.4948],[-2.3354,48.499],[-2.3307,48.503],[-2.3351,48.5065],[-2.3398,48.5051],[-2.3491,48.5086],[-2.3499,48.5218],[-2.3404,48.5296],[-2.3443,48.5373],[-2.3505,48.5371],[-2.3477,48.5415],[-2.3518,48.5477],[-2.35,48.55],[-2.3582,48.5572],[-2.3581,48.565],[-2.3515,48.5668],[-2.3505,48.5744],[-2.3563,48.5794],[-2.365,48.5812],[-2.3663,48.5855],[-2.3662,48.5877],[-2.3594,48.5917],[-2.3587,48.6011],[-2.3528,48.6051],[-2.3544,48.607],[-2.3599,48.6053],[-2.3682,48.6066],[-2.3755,48.6125],[-2.3735,48.6148],[-2.3756,48.6224],[-2.3817,48.632],[-2.3929,48.6324],[-2.3966,48.6366],[-2.4032,48.6385],[-2.4093,48.6368],[-2.4174,48.6413],[-2.3967,48.6425],[-2.3856,48.6532],[-2.3782,48.652],[-2.3702,48.6578],[-2.3646,48.6548],[-2.3598,48.6559],[-2.3503,48.6612],[-2.349,48.6643],[-2.3282,48.6729],[-2.3283,48.6765],[-2.3258,48.6779],[-2.3276,48.6826],[-2.3234,48.6819],[-2.318,48.6862],[-2.3186,48.6885],[-2.3131,48.6807],[-2.3107,48.6808],[-2.3148,48.6748],[-2.3108,48.6704],[-2.2985,48.6674],[-2.2837,48.6688],[-2.2868,48.6669],[-2.2864,48.6635],[-2.2945,48.6599],[-2.2934,48.6583],[-2.2978,48.6555],[-2.2983,48.6509],[-2.3098,48.6436],[-2.3079,48.6402],[-2.3122,48.634],[-2.3204,48.6304],[-2.3201,48.6278],[-2.3252,48.6278],[-2.3377,48.6197],[-2.321,48.6177],[-2.3208,48.6135],[-2.3138,48.6099],[-2.2973,48.6265],[-2.2945,48.6266],[-2.2946,48.6198],[-2.2929,48.6202],[-2.2929,48.6251],[-2.2864,48.6267],[-2.2897,48.6283],[-2.2863,48.6299],[-2.2871,48.6323],[-2.2738,48.6367],[-2.2719,48.6386],[-2.2738,48.6404],[-2.2657,48.641],[-2.2601,48.6455],[-2.2576,48.6437],[-2.2475,48.6461],[-2.2431,48.6447],[-2.2433,48.6385],[-2.245,48.638],[-2.2426,48.6398],[-2.2452,48.6416],[-2.2562,48.6363],[-2.2535,48.6305],[-2.2477,48.6258],[-2.2433,48.6235],[-2.238,48.6258],[-2.2441,48.6207],[-2.2458,48.6153],[-2.2321,48.61],[-2.2283,48.611],[-2.2267,48.6045],[-2.2226,48.6024],[-2.2236,48.5956],[-2.2258,48.5947],[-2.2144,48.5933],[-2.2102,48.5873],[-2.2125,48.5812],[-2.2107,48.5761],[-2.2184,48.5734],[-2.2205,48.5704],[-2.2259,48.5707],[-2.216,48.5682],[-2.2215,48.5608],[-2.2169,48.5547],[-2.2248,48.554],[-2.2243,48.547],[-2.2187,48.5432],[-2.2264,48.5381],[-2.2156,48.541],[-2.2206,48.541],[-2.2184,48.545],[-2.2238,48.5473],[-2.2227,48.5519],[-2.2152,48.5542],[-2.2198,48.5603],[-2.2151,48.5631],[-2.2163,48.5648],[-2.2134,48.5683],[-2.2172,48.5715],[-2.2057,48.575],[-2.2069,48.5798],[-2.2013,48.5811],[-2.202,48.5839],[-2.1912,48.5938],[-2.1952,48.5985],[-2.1917,48.6037],[-2.1961,48.6105],[-2.1844,48.6059],[-2.1827,48.6028],[-2.1818,48.598],[-2.1852,48.596],[-2.1844,48.5925],[-2.1814,48.5912],[-2.1851,48.5912],[-2.1879,48.5878],[-2.1879,48.584],[-2.1827,48.5771],[-2.1763,48.5763],[-2.1709,48.5794],[-2.1661,48.579],[-2.1674,48.577],[-2.1658,48.577],[-2.1643,48.5798],[-2.1662,48.582],[-2.1609,48.5865],[-2.1495,48.586],[-2.1385,48.5911],[-2.1347,48.5967],[-2.1256,48.5977],[-2.1244,48.5891],[-2.1147,48.5839],[-2.1095,48.5839],[-2.1018,48.5758],[-2.0979,48.5768],[-2.0939,48.5704],[-2.0874,48.5711],[-2.0811,48.5686],[-2.0823,48.5661],[-2.0791,48.5642],[-2.0787,48.5597],[-2.075,48.5588],[-2.0759,48.5536],[-2.0741,48.5512],[-2.0639,48.5496],[-2.0526,48.5521],[-2.0446,48.5418],[-2.0386,48.542],[-2.0365,48.5503],[-2.0307,48.5551],[-2.0224,48.5533],[-2.0218,48.557],[-2.0164,48.5626],[-2.0069,48.5656],[-2.0045,48.569],[-2.0009,48.5679],[-1.9976,48.5603],[-1.9928,48.5595],[-1.9916,48.5537],[-1.9959,48.5515],[-1.9867,48.5503],[-1.9901,48.5446],[-1.9736,48.5449],[-1.9745,48.5407],[-1.9721,48.5348],[-1.9846,48.526],[-1.9976,48.5229],[-1.9854,48.5249],[-1.984,48.5225],[-1.9866,48.5167],[-1.979,48.5154],[-1.986,48.5114],[-1.9823,48.5001],[-1.9944,48.498],[-1.995,48.4945],[-2.0011,48.4943],[-2.0016,48.4913],[-1.994,48.492],[-1.9932,48.4969],[-1.9846,48.4959],[-1.9797,48.4989],[-1.9812,48.5098],[-1.9782,48.5117],[-1.972,48.513],[-1.9645,48.511],[-1.9691,48.5134],[-1.9682,48.5194],[-1.9704,48.5211],[-1.9648,48.5263],[-1.9579,48.5254],[-1.9573,48.522],[-1.952,48.5184],[-1.9424,48.5197],[-1.9366,48.5171],[-1.9385,48.5208],[-1.9477,48.5189],[-1.9548,48.5228],[-1.9497,48.5282],[-1.9488,48.5366],[-1.9386,48.5352],[-1.9479,48.5376],[-1.9455,48.5416],[-1.9318,48.5509],[-1.9223,48.5448],[-1.9269,48.5384],[-1.923,48.5374],[-1.9228,48.5349],[-1.9186,48.5355],[-1.9159,48.5235],[-1.911,48.517],[-1.9116,48.5061],[-1.9227,48.5052],[-1.9236,48.5012],[-1.9208,48.4921],[-1.9177,48.4932],[-1.914,48.4908],[-1.909,48.4816],[-1.9288,48.4764],[-1.9318,48.4703],[-1.9264,48.4677],[-1.9238,48.4623],[-1.9278,48.4531],[-1.9387,48.4473],[-1.9424,48.4488],[-1.9475,48.4471],[-1.9517,48.4398],[-1.9487,48.4367],[-1.9524,48.4306],[-1.9506,48.4274],[-1.9442,48.4222],[-1.9363,48.4198],[-1.9372,48.4116],[-1.9409,48.4105],[-1.9364,48.4067],[-1.9431,48.4009],[-1.93,48.3948],[-1.9399,48.3931],[-1.9368,48.3898],[-1.9398,48.3862],[-1.9384,48.3831],[-1.9461,48.3804],[-1.9447,48.3739],[-1.9474,48.3671],[-1.9428,48.3632],[-1.9427,48.3603],[-1.9326,48.3607],[-1.9333,48.3559],[-1.929,48.3471],[-1.9464,48.3424],[-1.9669,48.343],[-1.9539,48.3157],[-1.959,48.3146],[-1.9566,48.307],[-1.9683,48.3033],[-1.9579,48.2983],[-1.9572,48.2937],[-1.9667,48.2911],[-1.9722,48.2948],[-1.9751,48.3017],[-1.9887,48.2977],[-1.9936,48.299],[-1.9983,48.2973],[-1.9976,48.2902],[-2.0052,48.2921],[-2.0021,48.2807],[-2.0141,48.2797],[-2.0143,48.2819],[-2.0248,48.2811],[-2.0278,48.2848],[-2.0502,48.2903],[-2.0468,48.2944],[-2.0532,48.2983],[-2.0665,48.294],[-2.0801,48.2933],[-2.075,48.2849],[-2.0783,48.2831],[-2.0808,48.2771],[-2.1105,48.2752],[-2.1143,48.2714],[-2.1096,48.2678],[-2.0957,48.2664],[-2.1036,48.2583],[-2.111,48.2577],[-2.1065,48.2519],[-2.1254,48.26],[-2.1507,48.2582],[-2.153,48.2621],[-2.1678,48.2534],[-2.1731,48.2538],[-2.1784,48.2506]]],[[[-2.1957,48.6199],[-2.1893,48.6275],[-2.1868,48.627],[-2.1875,48.6217],[-2.1929,48.6214],[-2.1936,48.6184],[-2.1957,48.6199]]]]}},{"type":"Feature","properties":{"territoire":"200069086","nom":"CC Leff Armor Communauté","type":"epci"},"geometry":{"type":"MultiPolygon","coordinates":[[[[-3.0282,48.4426],[-3.0462,48.4452],[-3.0588,48.4411],[-3.0695,48.4464],[-3.0721,48.4518],[-3.0821,48.4505],[-3.0883,48.4542],[-3.0888,48.4577],[-3.0967,48.462],[-3.1009,48.4756],[-3.1049,48.476],[-3.107,48.4812],[-3.1135,48.4822],[-3.1192,48.4876],[-3.1165,48.4988],[-3.108,48.5065],[-3.0893,48.5038],[-3.0799,48.5121],[-3.0655,48.5135],[-3.0651,48.5162],[-3.071,48.5167],[-3.067,48.5208],[-3.0639,48.5208],[-3.0626,48.5382],[-3.0539,48.5465],[-3.0608,48.5534],[-3.0572,48.5596],[-3.0585,48.5621],[-3.0714,48.5676],[-3.0807,48.5649],[-3.0804,48.5682],[-3.0846,48.5675],[-3.089,48.5712],[-3.0937,48.5695],[-3.096,48.5761],[-3.0996,48.5755],[-3.1022,48.5814],[-3.1091,48.5846],[-3.111,48.5824],[-3.1172,48.5843],[-3.1175,48.5867],[-3.1239,48.5828],[-3.1261,48.5843],[-3.1273,48.5905],[-3.1371,48.5995],[-3.1383,48.6046],[-3.144,48.6101],[-3.1379,48.6226],[-3.1404,48.6247],[-3.1393,48.6298],[-3.1454,48.6302],[-3.1474,48.634],[-3.1427,48.6377],[-3.1454,48.6417],[-3.1419,48.6444],[-3.1363,48.6439],[-3.1361,48.6481],[-3.1309,48.6532],[-3.1254,48.6539],[-3.1182,48.6513],[-3.112,48.6607],[-3.1005,48.6704],[-3.1006,48.6805],[-3.0958,48.684],[-3.0819,48.6882],[-3.0715,48.688],[-3.0668,48.6928],[-3.0605,48.6946],[-3.0581,48.6938],[-3.0605,48.6893],[-3.0524,48.6854],[-3.0493,48.6872],[-3.0454,48.6855],[-3.044,48.688],[-3.0388,48.6855],[-3.0309,48.6881],[-3.0321,48.6827],[-3.027,48.6776],[-3.004,48.6792],[-2.9951,48.6772],[-2.9871,48.6855],[-2.9793,48.6883],[-2.981,48.6882],[-2.9814,48.6922],[-2.9743,48.6947],[-2.9754,48.7033],[-2.9555,48.7065],[-2.9572,48.7099],[-2.955,48.7165],[-2.9636,48.7204],[-2.9579,48.726],[-2.9488,48.7275],[-2.9458,48.7213],[-2.9416,48.719],[-2.9345,48.7185],[-2.9299,48.7211],[-2.9324,48.7166],[-2.9242,48.7073],[-2.9143,48.7051],[-2.9041,48.6991],[-2.8893,48.7],[-2.8899,48.694],[-2.8835,48.6904],[-2.8873,48.6846],[-2.8822,48.6786],[-2.8842,48.6766],[-2.8806,48.6744],[-2.8866,48.6674],[-2.8868,48.6615],[-2.8963,48.6528],[-2.8946,48.652],[-2.9068,48.6438],[-2.9211,48.6482],[-2.9233,48.6376],[-2.9193,48.6253],[-2.9259,48.6235],[-2.9226,48.615],[-2.9245,48.6131],[-2.9333,48.6134],[-2.9305,48.6125],[-2.9362,48.609],[-2.9323,48.6062],[-2.9256,48.6072],[-2.9274,48.6041],[-2.9229,48.6039],[-2.9204,48.6012],[-2.9223,48.5959],[-2.9275,48.5925],[-2.9261,48.5864],[-2.909,48.5928],[-2.9028,48.5889],[-2.9009,48.584],[-2.8931,48.5821],[-2.8741,48.5855],[-2.8692,48.5895],[-2.8631,48.5893],[-2.8664,48.5881],[-2.8626,48.5781],[-2.8674,48.5654],[-2.8643,48.5605],[-2.8778,48.5454],[-2.8743,48.542],[-2.868,48.5415],[-2.8675,48.539],[-2.8586,48.537],[-2.8583,48.5349],[-2.8613,48.5338],[-2.8577,48.5329],[-2.8588,48.5308],[-2.8721,48.5315],[-2.8726,48.5284],[-2.8677,48.5225],[-2.87,48.517],[-2.867,48.513],[-2.8684,48.5116],[-2.8598,48.5052],[-2.869,48.4956],[-2.8604,48.4966],[-2.8554,48.4894],[-2.8689,48.4913],[-2.8817,48.4854],[-2.8863,48.4847],[-2.8885,48.4868],[-2.8984,48.4843],[-2.9068,48.4816],[-2.9054,48.4792],[-2.909,48.476],[-2.9091,48.4702],[-2.9144,48.4677],[-2.9169,48.4719],[-2.9238,48.4713],[-2.9218,48.4699],[-2.9209,48.4593],[-2.925,48.453],[-2.9317,48.4502],[-2.9288,48.4459],[-2.9406,48.4284],[-2.9682,48.436],[-2.9921,48.4313],[-2.9952,48.44],[-2.9996,48.4407],[-2.9994,48.4434],[-3.0077,48.4443],[-3.0087,48.4472],[-3.0158,48.4455],[-3.0235,48.4483],[-3.0282,48.4426]]]]}},{"type":"Feature","properties":{"territoire":"200069391","nom":"CA Lamballe Terre et Mer","type":"epci"},"geometry":{"type":"MultiPolygon","coordinates":[[[[-2.5511,48.3059],[-2.5614,48.3077],[-2.566,48.3122],[-2.5708,48.313],[-2.5701,48.3177],[-2.5934,48.3245],[-2.6205,48.3249],[-2.6162,48.3224],[-2.6229,48.32],[-2.6444,48.3166],[-2.6481,48.3143],[-2.6482,48.3094],[-2.6509,48.3119],[-2.6544,48.3099],[-2.6711,48.3158],[-2.6822,48.3102],[-2.7002,48.3055],[-2.7031,48.311],[-2.7187,48.3119],[-2.7252,48.316],[-2.7196,48.3271],[-2.7113,48.3323],[-2.721,48.3391],[-2.7209,48.3426],[-2.7254,48.3438],[-2.7242,48.3515],[-2.727,48.3541],[-2.7236,48.3691],[-2.7355,48.3733],[-2.7508,48.3719],[-2.7525,48.378],[-2.7563,48.3786],[-2.761,48.3837],[-2.7259,48.3952],[-2.7267,48.4056],[-2.717,48.4081],[-2.7149,48.4147],[-2.7047,48.4226],[-2.7027,48.43],[-2.7095,48.433],[-2.7035,48.4368],[-2.6983,48.4479],[-2.6828,48.4506],[-2.6659,48.4472],[-2.6633,48.4502],[-2.6586,48.4492],[-2.6473,48.4605],[-2.6467,48.4633],[-2.6495,48.4665],[-2.6446,48.4749],[-2.6235,48.4722],[-2.6187,48.4806],[-2.6116,48.483],[-2.6108,48.4873],[-2.6059,48.4901],[-2.6131,48.4982],[-2.6125,48.5033],[-2.6154,48.5043],[-2.6121,48.5067],[-2.6204,48.515],[-2.62,48.5191],[-2.6241,48.5223],[-2.6279,48.5219],[-2.6263,48.5245],[-2.6341,48.5295],[-2.6318,48.533],[-2.6325,48.5375],[-2.6265,48.5422],[-2.6058,48.5507],[-2.6004,48.5551],[-2.6004,48.5582],[-2.593,48.5604],[-2.5844,48.5692],[-2.5805,48.5694],[-2.5795,48.5709],[-2.5814,48.5715],[-2.5754,48.5769],[-2.5713,48.5789],[-2.5638,48.576],[-2.563,48.5789],[-2.57,48.5793],[-2.5699,48.5837],[-2.5662,48.5826],[-2.5662,48.5845],[-2.563,48.5843],[-2.5522,48.5922],[-2.5511,48.5963],[-2.5554,48.5975],[-2.5542,48.5995],[-2.5377,48.5967],[-2.5207,48.6001],[-2.4942,48.6092],[-2.4902,48.6144],[-2.4837,48.6157],[-2.4733,48.6223],[-2.4719,48.6247],[-2.4744,48.6256],[-2.4737,48.6291],[-2.4679,48.6303],[-2.4674,48.6352],[-2.4789,48.6366],[-2.4794,48.6337],[-2.488,48.6455],[-2.4775,48.6443],[-2.4677,48.65],[-2.4529,48.6477],[-2.4382,48.6527],[-2.4185,48.6471],[-2.4215,48.6455],[-2.42,48.6425],[-2.4215,48.6398],[-2.4154,48.6369],[-2.4202,48.6326],[-2.412,48.6325],[-2.4097,48.6369],[-2.4032,48.6385],[-2.3964,48.6365],[-2.3929,48.6324],[-2.3817,48.632],[-2.3756,48.6224],[-2.3735,48.6148],[-2.3755,48.6125],[-2.3682,48.6066],[-2.3599,48.6053],[-2.3544,48.607],[-2.3528,48.6051],[-2.3587,48.6011],[-2.3594,48.5917],[-2.3662,48.5877],[-2.3663,48.5855],[-2.365,48.5812],[-2.3563,48.5794],[-2.3505,48.5744],[-2.3515,48.5668],[-2.3581,48.565],[-2.3582,48.5572],[-2.35,48.55],[-2.3518,48.5477],[-2.3477,48.5415],[-2.3505,48.5371],[-2.3443,48.5373],[-2.3404,48.5296],[-2.3499,48.5218],[-2.3491,48.5086],[-2.3398,48.5051],[-2.3351,48.5065],[-2.3307,48.503],[-2.3354,48.499],[-2.3337,48.4948],[-2.3474,48.4877],[-2.3472,48.4843],[-2.3522,48.4818],[-2.341,48.478],[-2.3371,48.4727],[-2.3094,48.4773],[-2.3086,48.4752],[-2.3139,48.4715],[-2.3126,48.4692],[-2.3144,48.4664],[-2.3105,48.4642],[-2.3114,48.4605],[-2.3173,48.4601],[-2.3192,48.4617],[-2.3179,48.464],[-2.322,48.4635],[-2.324,48.4604],[-2.3203,48.4575],[-2.3207,48.4549],[-2.3278,48.4524],[-2.3259,48.4475],[-2.3314,48.4446],[-2.3097,48.4366],[-2.2924,48.4392],[-2.2902,48.4361],[-2.2909,48.4307],[-2.2844,48.4258],[-2.2902,48.4228],[-2.2853,48.4185],[-2.2747,48.4198],[-2.2728,48.4173],[-2.2747,48.4121],[-2.281,48.4077],[-2.2896,48.4066],[-2.2968,48.4001],[-2.3047,48.3985],[-2.3143,48.4001],[-2.3148,48.3941],[-2.3072,48.3878],[-2.3079,48.3847],[-2.2998,48.3809],[-2.3,48.377],[-2.2905,48.3779],[-2.2854,48.3731],[-2.2778,48.3748],[-2.2755,48.3736],[-2.2756,48.3703],[-2.2708,48.3696],[-2.2677,48.3751],[-2.2651,48.3755],[-2.2642,48.3716],[-2.2503,48.3646],[-2.239,48.3708],[-2.2437,48.3726],[-2.2429,48.3775],[-2.2362,48.3762],[-2.2276,48.3788],[-2.2291,48.382],[-2.2274,48.3833],[-2.2299,48.3848],[-2.227,48.3879],[-2.218,48.388],[-2.2124,48.381],[-2.2024,48.3777],[-2.2025,48.3672],[-2.1988,48.3646],[-2.1982,48.3608],[-2.2006,48.3561],[-2.2088,48.3515],[-2.23,48.3459],[-2.2285,48.3426],[-2.2302,48.3396],[-2.2317,48.3412],[-2.2491,48.339],[-2.2562,48.3342],[-2.256,48.3318],[-2.2664,48.333],[-2.2799,48.3216],[-2.2849,48.32],[-2.2851,48.3138],[-2.2793,48.3093],[-2.2746,48.3011],[-2.2775,48.2984],[-2.277,48.2955],[-2.2821,48.2951],[-2.2818,48.2909],[-2.2861,48.289],[-2.2865,48.2775],[-2.2828,48.2694],[-2.2723,48.2676],[-2.2703,48.262],[-2.2731,48.2602],[-2.2712,48.2532],[-2.2729,48.25],[-2.269,48.2484],[-2.2749,48.242],[-2.2621,48.2344],[-2.2547,48.2176],[-2.2555,48.2101],[-2.2649,48.2101],[-2.2737,48.2147],[-2.2814,48.2129],[-2.3147,48.2235],[-2.3265,48.2205],[-2.3259,48.2241],[-2.3293,48.227],[-2.3245,48.2339],[-2.3348,48.2503],[-2.3382,48.2507],[-2.3495,48.2447],[-2.3616,48.2548],[-2.3595,48.2577],[-2.3623,48.2595],[-2.3683,48.2573],[-2.3711,48.263],[-2.3801,48.2637],[-2.382,48.2747],[-2.377,48.2863],[-2.3856,48.2878],[-2.3945,48.2943],[-2.3935,48.3007],[-2.4076,48.3114],[-2.4061,48.3169],[-2.424,48.3091],[-2.4362,48.3109],[-2.4429,48.309],[-2.4447,48.3173],[-2.4558,48.3167],[-2.4553,48.3189],[-2.4598,48.3198],[-2.4575,48.3377],[-2.4607,48.34],[-2.4629,48.3492],[-2.4847,48.3499],[-2.4871,48.3533],[-2.4966,48.352],[-2.5074,48.345],[-2.5109,48.3363],[-2.5233,48.3337],[-2.5263,48.332],[-2.5268,48.3284],[-2.5311,48.3284],[-2.541,48.3057],[-2.5511,48.3059]]]]}},{"type":"Feature","properties":{"territoire":"200069409","nom":"CA Saint-Brieuc Armor Agglomération","type":"epci"},"geometry":{"type":"MultiPolygon","coordinates":[[[[-2.8935,48.3344],[-2.8908,48.3312],[-2.8917,48.3274],[-2.9083,48.3205],[-2.9077,48.3138],[-2.913,48.3094],[-2.9117,48.3074],[-2.9235,48.3063],[-2.9262,48.3107],[-2.9336,48.3112],[-2.9342,48.3149],[-2.9428,48.3153],[-2.9406,48.3173],[-2.9461,48.3181],[-2.9446,48.3196],[-2.9484,48.3217],[-2.9464,48.325],[-2.9499,48.3266],[-2.9612,48.324],[-2.9637,48.3254],[-2.9654,48.3226],[-2.9693,48.3227],[-2.9805,48.3244],[-2.9857,48.3278],[-2.9914,48.3473],[-2.997,48.3517],[-3.0009,48.3588],[-3.0108,48.3596],[-3.0073,48.3628],[-3.0137,48.3637],[-3.0131,48.3664],[-3.0027,48.3669],[-3.0062,48.3725],[-3.0234,48.3672],[-3.0331,48.3686],[-3.0388,48.3665],[-3.0462,48.3692],[-3.0395,48.3742],[-3.0431,48.3789],[-3.0457,48.3783],[-3.0442,48.3802],[-3.0529,48.3775],[-3.0565,48.3838],[-3.0537,48.3868],[-3.0549,48.39],[-3.0468,48.3996],[-3.0474,48.4045],[-3.035,48.41],[-3.0309,48.4142],[-3.0341,48.4203],[-3.0256,48.423],[-3.028,48.4271],[-3.0355,48.4314],[-3.0269,48.4364],[-3.0303,48.4385],[-3.0256,48.4473],[-3.0158,48.4455],[-3.0087,48.4472],[-3.0077,48.4443],[-2.9994,48.4434],[-2.9996,48.4407],[-2.9952,48.44],[-2.9921,48.4313],[-2.9682,48.436],[-2.9406,48.4284],[-2.9288,48.4459],[-2.9317,48.4502],[-2.925,48.453],[-2.9209,48.4593],[-2.9218,48.4699],[-2.9238,48.4713],[-2.9169,48.4719],[-2.9144,48.4677],[-2.9091,48.4702],[-2.909,48.476],[-2.9054,48.4792],[-2.9068,48.4816],[-2.8984,48.4843],[-2.8885,48.4868],[-2.8863,48.4847],[-2.8817,48.4854],[-2.8689,48.4913],[-2.8554,48.4894],[-2.8604,48.4966],[-2.869,48.4956],[-2.8598,48.5052],[-2.8684,48.5116],[-2.867,48.513],[-2.87,48.517],[-2.8677,48.5225],[-2.8726,48.5284],[-2.8721,48.5315],[-2.8588,48.5308],[-2.8577,48.5329],[-2.8613,48.5338],[-2.8583,48.5349],[-2.8586,48.537],[-2.8675,48.539],[-2.868,48.5415],[-2.8743,48.542],[-2.8778,48.5454],[-2.8643,48.5605],[-2.8674,48.5654],[-2.8626,48.5781],[-2.8664,48.5881],[-2.8631,48.5893],[-2.8692,48.5895],[-2.8741,48.5855],[-2.8931,48.5821],[-2.9009,48.584],[-2.9028,48.5889],[-2.909,48.5928],[-2.9261,48.5864],[-2.9275,48.5925],[-2.9223,48.5959],[-2.9204,48.6012],[-2.9229,48.6039],[-2.9274,48.6041],[-2.9256,48.6072],[-2.9323,48.6062],[-2.9362,48.609],[-2.9305,48.6125],[-2.9333,48.6134],[-2.9245,48.6131],[-2.9226,48.615],[-2.9259,48.6235],[-2.9193,48.6253],[-2.9233,48.6376],[-2.9211,48.6482],[-2.9068,48.6438],[-2.8946,48.652],[-2.8963,48.6528],[-2.8868,48.6615],[-2.8866,48.6674],[-2.8806,48.6744],[-2.8705,48.6746],[-2.8664,48.6714],[-2.859,48.676],[-2.855,48.6723],[-2.8539,48.6671],[-2.8489,48.6678],[-2.8416,48.6643],[-2.841,48.659],[-2.8363,48.6583],[-2.8376,48.6559],[-2.8275,48.6564],[-2.8265,48.6497],[-2.8177,48.65],[-2.8151,48.6476],[-2.8183,48.6498],[-2.8233,48.6472],[-2.817,48.6473],[-2.8184,48.6458],[-2.8274,48.6468],[-2.8259,48.6438],[-2.8226,48.6443],[-2.8269,48.6371],[-2.8204,48.6316],[-2.82,48.6283],[-2.8233,48.6243],[-2.8143,48.615],[-2.8161,48.6132],[-2.8139,48.6102],[-2.819,48.608],[-2.8198,48.6045],[-2.8151,48.6012],[-2.819,48.6029],[-2.827,48.6011],[-2.8169,48.601],[-2.8245,48.6],[-2.8212,48.5943],[-2.8076,48.5925],[-2.7925,48.5847],[-2.7795,48.5852],[-2.7735,48.5768],[-2.7751,48.5718],[-2.7606,48.5653],[-2.7403,48.5603],[-2.7326,48.5613],[-2.7258,48.5566],[-2.7135,48.5556],[-2.7132,48.5529],[-2.725,48.5471],[-2.7179,48.5399],[-2.7186,48.5354],[-2.7267,48.5296],[-2.7384,48.5273],[-2.7263,48.528],[-2.7107,48.5328],[-2.7147,48.5355],[-2.7104,48.5331],[-2.7171,48.5281],[-2.7169,48.5245],[-2.7104,48.5204],[-2.7138,48.5196],[-2.7102,48.5203],[-2.7048,48.516],[-2.6974,48.5043],[-2.6792,48.489],[-2.672,48.4926],[-2.6777,48.4921],[-2.6847,48.4978],[-2.6753,48.5095],[-2.6778,48.5121],[-2.6753,48.5133],[-2.6762,48.5187],[-2.6821,48.5324],[-2.6689,48.5361],[-2.6672,48.5338],[-2.6629,48.5337],[-2.6633,48.5312],[-2.6586,48.5299],[-2.6591,48.5275],[-2.6545,48.5252],[-2.6396,48.5235],[-2.63,48.526],[-2.6275,48.524],[-2.6293,48.521],[-2.623,48.521],[-2.6202,48.519],[-2.6188,48.5129],[-2.6138,48.5102],[-2.6121,48.5067],[-2.6154,48.5043],[-2.6124,48.5031],[-2.6131,48.4982],[-2.6059,48.4896],[-2.6108,48.4873],[-2.6124,48.4823],[-2.6187,48.4806],[-2.6235,48.4722],[-2.6446,48.4749],[-2.6495,48.4665],[-2.6467,48.4633],[-2.6473,48.4605],[-2.6586,48.4492],[-2.6633,48.4502],[-2.6659,48.4472],[-2.6828,48.4506],[-2.6983,48.4479],[-2.7035,48.4368],[-2.7095,48.433],[-2.7027,48.43],[-2.7047,48.4226],[-2.7149,48.4147],[-2.717,48.4081],[-2.7267,48.4056],[-2.7259,48.3952],[-2.761,48.3837],[-2.7563,48.3786],[-2.7525,48.378],[-2.7508,48.3719],[-2.7355,48.3733],[-2.7236,48.3691],[-2.727,48.3541],[-2.7242,48.3515],[-2.7254,48.3438],[-2.7209,48.3426],[-2.721,48.3391],[-2.7113,48.3323],[-2.7196,48.3271],[-2.725,48.3153],[-2.7361,48.3122],[-2.7364,48.3091],[-2.7469,48.3166],[-2.7631,48.3155],[-2.7744,48.3179],[-2.7753,48.3146],[-2.7816,48.3104],[-2.7775,48.3091],[-2.7792,48.3022],[-2.7847,48.2992],[-2.7907,48.3008],[-2.7936,48.2991],[-2.7919,48.2971],[-2.7969,48.2946],[-2.7884,48.2942],[-2.7798,48.2892],[-2.7808,48.288],[-2.7719,48.285],[-2.7885,48.2729],[-2.7926,48.2749],[-2.8043,48.2915],[-2.8109,48.2968],[-2.819,48.2955],[-2.8234,48.2915],[-2.8288,48.2936],[-2.8298,48.3061],[-2.8255,48.3091],[-2.8295,48.3206],[-2.8365,48.3196],[-2.8351,48.3219],[-2.8392,48.3219],[-2.8373,48.324],[-2.8401,48.3264],[-2.8465,48.3236],[-2.8624,48.3254],[-2.862,48.3317],[-2.8539,48.3356],[-2.8595,48.3445],[-2.8692,48.3431],[-2.8656,48.3435],[-2.8662,48.3401],[-2.8693,48.3373],[-2.8723,48.3382],[-2.8735,48.3339],[-2.8768,48.3335],[-2.8805,48.3359],[-2.8781,48.3384],[-2.8823,48.3394],[-2.887,48.3394],[-2.8878,48.3342],[-2.895,48.3361],[-2.8935,48.3344]]]]}},{"type":"Feature","properties":{"territoire":"200070662","nom":"CC Bretagne porte de Loire Communauté","type":"epci"},"geometry":{"type":"MultiPolygon","coordinates":[[[[-1.6443,47.7221],[-1.6556,47.7154],[-1.6547,47.7121],[-1.6579,47.7093],[-1.6652,47.7128],[-1.6831,47.7114],[-1.6892,47.7134],[-1.6945,47.7111],[-1.6954,47.7141],[-1.7073,47.7144],[-1.7036,47.7005],[-1.7276,47.6988],[-1.7377,47.7049],[-1.752,47.7076],[-1.7714,47.6983],[-1.7845,47.6993],[-1.7899,47.7021],[-1.8023,47.7014],[-1.8166,47.7059],[-1.8205,47.7047],[-1.8274,47.7108],[-1.8379,47.7069],[-1.8345,47.7186],[-1.8386,47.7279],[-1.8368,47.7316],[-1.8426,47.733],[-1.8444,47.7359],[-1.8413,47.7416],[-1.8277,47.749],[-1.8179,47.7621],[-1.8024,47.7666],[-1.7934,47.7659],[-1.7929,47.7695],[-1.7885,47.7719],[-1.7749,47.7745],[-1.7898,47.7911],[-1.7744,47.799],[-1.7768,47.803],[-1.7681,47.8057],[-1.7707,47.8111],[-1.7689,47.8172],[-1.7554,47.8133],[-1.7546,47.8176],[-1.747,47.8254],[-1.7495,47.8321],[-1.7467,47.8341],[-1.7466,47.8454],[-1.7533,47.8455],[-1.7611,47.8492],[-1.7688,47.8451],[-1.7819,47.8475],[-1.7777,47.8529],[-1.7758,47.8614],[-1.7778,47.8764],[-1.785,47.8836],[-1.7862,47.8903],[-1.7631,47.8945],[-1.7461,47.9068],[-1.7316,47.9025],[-1.7215,47.9043],[-1.7124,47.9025],[-1.698,47.9058],[-1.6919,47.9052],[-1.6931,47.9025],[-1.6907,47.9017],[-1.6863,47.9052],[-1.6872,47.909],[-1.6828,47.917],[-1.6767,47.9174],[-1.6721,47.9228],[-1.6661,47.9239],[-1.6726,47.9282],[-1.6718,47.9303],[-1.6778,47.9293],[-1.6841,47.9318],[-1.6843,47.937],[-1.6723,47.9356],[-1.6716,47.9416],[-1.667,47.9481],[-1.6722,47.9509],[-1.6715,47.9533],[-1.6769,47.9552],[-1.6717,47.9691],[-1.6659,47.9725],[-1.662,47.9697],[-1.6568,47.971],[-1.6491,47.9649],[-1.6417,47.9516],[-1.6349,47.956],[-1.6233,47.9584],[-1.6325,47.967],[-1.6275,47.973],[-1.6197,47.9757],[-1.6158,47.9731],[-1.6027,47.9714],[-1.6039,47.9609],[-1.6085,47.9593],[-1.6055,47.955],[-1.5964,47.9543],[-1.5899,47.9578],[-1.5807,47.954],[-1.5685,47.9579],[-1.5675,47.952],[-1.5713,47.9515],[-1.5748,47.9465],[-1.5806,47.9442],[-1.5794,47.9387],[-1.5705,47.9384],[-1.5707,47.9359],[-1.5568,47.9302],[-1.552,47.9233],[-1.5541,47.9199],[-1.548,47.9193],[-1.5421,47.9082],[-1.5352,47.9105],[-1.5193,47.9037],[-1.5108,47.9068],[-1.5069,47.9118],[-1.4865,47.9085],[-1.4877,47.9024],[-1.4793,47.8985],[-1.4816,47.8989],[-1.4844,47.8942],[-1.4876,47.8943],[-1.4833,47.8907],[-1.4703,47.8881],[-1.4636,47.8838],[-1.4694,47.8787],[-1.4837,47.8752],[-1.491,47.8655],[-1.4985,47.8633],[-1.4971,47.8614],[-1.5018,47.8539],[-1.5008,47.8517],[-1.5049,47.8476],[-1.5017,47.8425],[-1.507,47.8402],[-1.4962,47.8357],[-1.4913,47.8311],[-1.4828,47.8316],[-1.4814,47.8283],[-1.475,47.8252],[-1.4669,47.8073],[-1.4741,47.8017],[-1.4909,47.7982],[-1.5005,47.7986],[-1.5032,47.8017],[-1.5208,47.7934],[-1.529,47.7848],[-1.5498,47.7828],[-1.5539,47.7851],[-1.5654,47.7787],[-1.5763,47.7777],[-1.5868,47.7797],[-1.594,47.7759],[-1.5942,47.7727],[-1.5985,47.7699],[-1.5939,47.7672],[-1.6055,47.7627],[-1.6099,47.7645],[-1.6173,47.762],[-1.6231,47.7636],[-1.6273,47.7597],[-1.626,47.7567],[-1.6335,47.7434],[-1.6368,47.7419],[-1.6399,47.7262],[-1.6382,47.7223],[-1.6443,47.7221]]]]}},{"type":"Feature","properties":{"territoire":"200070670","nom":"CC du Pays de Dol et de la Baie du Mont Saint-Michel","type":"epci"},"geometry":{"type":"MultiPolygon","coordinates":[[[[-1.6294,48.4684],[-1.6353,48.4649],[-1.6448,48.4673],[-1.6465,48.4636],[-1.6501,48.4641],[-1.6514,48.4693],[-1.6557,48.4691],[-1.6673,48.463],[-1.6702,48.4589],[-1.6814,48.4543],[-1.6874,48.458],[-1.6898,48.4625],[-1.6943,48.4637],[-1.6977,48.4625],[-1.6989,48.4589],[-1.7117,48.4599],[-1.7093,48.4695],[-1.7179,48.4724],[-1.7288,48.4925],[-1.7333,48.4932],[-1.7505,48.4859],[-1.7917,48.4766],[-1.7975,48.4804],[-1.8006,48.488],[-1.806,48.4906],[-1.8079,48.496],[-1.8017,48.5035],[-1.8049,48.51],[-1.8044,48.5211],[-1.8211,48.5192],[-1.819,48.525],[-1.8283,48.5351],[-1.8406,48.5385],[-1.8446,48.5481],[-1.8597,48.5574],[-1.8584,48.56],[-1.8515,48.5623],[-1.8377,48.5642],[-1.8421,48.5752],[-1.8075,48.5607],[-1.8081,48.5641],[-1.8006,48.5716],[-1.7942,48.5682],[-1.7882,48.5719],[-1.7832,48.5854],[-1.789,48.5939],[-1.7909,48.6062],[-1.7704,48.6043],[-1.7685,48.6022],[-1.77,48.6051],[-1.7668,48.6061],[-1.7573,48.6037],[-1.7044,48.6069],[-1.6709,48.6117],[-1.6651,48.61],[-1.5709,48.6263],[-1.5656,48.6196],[-1.5659,48.6144],[-1.544,48.6061],[-1.5468,48.6015],[-1.5373,48.5989],[-1.5443,48.5871],[-1.5431,48.5799],[-1.5314,48.5808],[-1.5279,48.5788],[-1.5268,48.573],[-1.519,48.5667],[-1.5224,48.5636],[-1.5273,48.5654],[-1.5234,48.5626],[-1.5295,48.5601],[-1.5264,48.5567],[-1.5335,48.5532],[-1.533,48.5462],[-1.5299,48.5464],[-1.5299,48.5441],[-1.5157,48.5376],[-1.5189,48.5349],[-1.5167,48.5324],[-1.5179,48.5298],[-1.5107,48.527],[-1.5119,48.5238],[-1.5082,48.5234],[-1.5072,48.5199],[-1.504,48.519],[-1.506,48.5162],[-1.5033,48.5165],[-1.4956,48.5089],[-1.4956,48.5041],[-1.4897,48.4962],[-1.4904,48.4901],[-1.4852,48.4873],[-1.4855,48.4831],[-1.502,48.4783],[-1.5107,48.4805],[-1.5207,48.4888],[-1.528,48.4896],[-1.5284,48.4869],[-1.5343,48.4852],[-1.5359,48.4781],[-1.5389,48.4781],[-1.5406,48.4827],[-1.5417,48.4805],[-1.5437,48.4831],[-1.5486,48.4818],[-1.5456,48.485],[-1.5554,48.4866],[-1.5576,48.4906],[-1.567,48.4914],[-1.5717,48.4898],[-1.5686,48.4842],[-1.5815,48.4754],[-1.59,48.4755],[-1.5901,48.4725],[-1.5979,48.4739],[-1.6056,48.4676],[-1.6144,48.4662],[-1.6294,48.4684]]]]}},{"type":"Feature","properties":{"territoire":"200070688","nom":"CC Couesnon Marches de Bretagne","type":"epci"},"geometry":{"type":"MultiPolygon","coordinates":[[[[-1.3926,48.3169],[-1.3884,48.3191],[-1.3903,48.3282],[-1.3866,48.3289],[-1.3891,48.3335],[-1.3963,48.3374],[-1.4041,48.3368],[-1.4069,48.34],[-1.408,48.3475],[-1.4224,48.3424],[-1.422,48.3402],[-1.4243,48.3396],[-1.434,48.3459],[-1.4412,48.3445],[-1.4619,48.3517],[-1.473,48.3531],[-1.4721,48.3585],[-1.4781,48.3597],[-1.4781,48.3622],[-1.4864,48.364],[-1.5038,48.3628],[-1.5034,48.3762],[-1.5064,48.3796],[-1.5101,48.3752],[-1.5075,48.3721],[-1.524,48.3678],[-1.5304,48.3696],[-1.534,48.3656],[-1.5397,48.3653],[-1.5401,48.3605],[-1.5466,48.3609],[-1.5405,48.352],[-1.5454,48.3505],[-1.5545,48.3521],[-1.5585,48.3487],[-1.5666,48.3529],[-1.5738,48.352],[-1.5742,48.3537],[-1.5886,48.3549],[-1.5989,48.3503],[-1.6039,48.3538],[-1.613,48.352],[-1.6194,48.3552],[-1.6265,48.354],[-1.6341,48.3578],[-1.6522,48.358],[-1.6561,48.3598],[-1.6494,48.3667],[-1.6519,48.3783],[-1.6429,48.3787],[-1.6386,48.3866],[-1.6406,48.3918],[-1.6475,48.3944],[-1.65,48.3978],[-1.6493,48.4004],[-1.6406,48.4058],[-1.644,48.4078],[-1.6456,48.4126],[-1.6502,48.4144],[-1.6514,48.4204],[-1.6374,48.4244],[-1.6403,48.4327],[-1.6368,48.4388],[-1.6303,48.4389],[-1.6306,48.4456],[-1.6201,48.4478],[-1.6222,48.4506],[-1.6176,48.4592],[-1.6168,48.4663],[-1.6056,48.4676],[-1.5979,48.4739],[-1.5901,48.4725],[-1.59,48.4755],[-1.5815,48.4754],[-1.5686,48.4842],[-1.5717,48.4898],[-1.5693,48.4911],[-1.5576,48.4906],[-1.5554,48.4866],[-1.5456,48.485],[-1.5486,48.4818],[-1.5437,48.4831],[-1.5417,48.4805],[-1.5406,48.4827],[-1.5389,48.4781],[-1.5359,48.4781],[-1.5343,48.4852],[-1.5284,48.4869],[-1.528,48.4896],[-1.5207,48.4888],[-1.5107,48.4805],[-1.5011,48.4782],[-1.4857,48.4829],[-1.4852,48.4873],[-1.4899,48.4893],[-1.4843,48.4913],[-1.4823,48.4868],[-1.4736,48.4853],[-1.4664,48.4885],[-1.4597,48.4848],[-1.4503,48.4877],[-1.4349,48.4779],[-1.441,48.4712],[-1.4306,48.4651],[-1.4293,48.4622],[-1.4196,48.4603],[-1.4148,48.4629],[-1.4081,48.46],[-1.3972,48.4623],[-1.3804,48.4558],[-1.3697,48.4604],[-1.3642,48.467],[-1.3571,48.4667],[-1.3505,48.4716],[-1.3448,48.4727],[-1.3493,48.4821],[-1.3399,48.4908],[-1.335,48.4904],[-1.3273,48.483],[-1.3274,48.48],[-1.3208,48.4764],[-1.3204,48.4691],[-1.3143,48.4641],[-1.3097,48.4681],[-1.3025,48.4659],[-1.2954,48.4685],[-1.2854,48.466],[-1.2817,48.4675],[-1.2766,48.4626],[-1.2776,48.4547],[-1.2742,48.4536],[-1.2738,48.4494],[-1.2676,48.4453],[-1.2583,48.446],[-1.2521,48.4492],[-1.2345,48.4398],[-1.2289,48.4401],[-1.228,48.4374],[-1.2326,48.4323],[-1.2325,48.4274],[-1.2284,48.4259],[-1.2255,48.42],[-1.2202,48.4193],[-1.2211,48.4172],[-1.2168,48.4134],[-1.2154,48.4081],[-1.2044,48.4],[-1.2038,48.3962],[-1.2065,48.393],[-1.2025,48.3865],[-1.2093,48.3839],[-1.2144,48.3858],[-1.2121,48.3771],[-1.2176,48.3801],[-1.2367,48.373],[-1.2428,48.3752],[-1.2448,48.3811],[-1.2569,48.3831],[-1.2749,48.3731],[-1.2785,48.3654],[-1.2953,48.3644],[-1.2939,48.3766],[-1.2987,48.3753],[-1.304,48.3772],[-1.3085,48.3765],[-1.3076,48.3722],[-1.3124,48.3725],[-1.3152,48.3693],[-1.3307,48.3673],[-1.3384,48.3638],[-1.3422,48.3648],[-1.3466,48.3599],[-1.3425,48.3599],[-1.3356,48.3533],[-1.3371,48.351],[-1.3341,48.3441],[-1.3418,48.3316],[-1.3348,48.3298],[-1.3382,48.3205],[-1.3421,48.3229],[-1.3494,48.3209],[-1.3547,48.3235],[-1.3607,48.318],[-1.3712,48.3145],[-1.3773,48.3169],[-1.3825,48.3154],[-1.3926,48.3169]]]]}},{"type":"Feature","properties":{"territoire":"200072452","nom":"CA Fougères Agglomération","type":"epci"},"geometry":{"type":"MultiPolygon","coordinates":[[[[-1.2352,48.2707],[-1.245,48.2591],[-1.2478,48.2586],[-1.2499,48.2559],[-1.2487,48.2535],[-1.2527,48.2544],[-1.2581,48.2518],[-1.2725,48.2569],[-1.2946,48.2553],[-1.2961,48.2601],[-1.3193,48.2567],[-1.3307,48.2521],[-1.3327,48.2556],[-1.3431,48.2539],[-1.3489,48.2552],[-1.3514,48.2595],[-1.3583,48.2607],[-1.3641,48.2581],[-1.4025,48.2621],[-1.4012,48.2646],[-1.4093,48.2682],[-1.4107,48.2721],[-1.3893,48.2868],[-1.3931,48.2927],[-1.3897,48.3036],[-1.4058,48.3029],[-1.4127,48.312],[-1.4176,48.3101],[-1.43,48.3116],[-1.4317,48.3143],[-1.4391,48.3139],[-1.4405,48.3163],[-1.4552,48.3202],[-1.4786,48.3226],[-1.4824,48.3272],[-1.4784,48.3274],[-1.4744,48.3315],[-1.47,48.3312],[-1.4608,48.3433],[-1.4616,48.3469],[-1.4685,48.3527],[-1.4412,48.3445],[-1.434,48.3459],[-1.4243,48.3396],[-1.422,48.3402],[-1.4224,48.3424],[-1.408,48.3475],[-1.4069,48.34],[-1.4041,48.3368],[-1.3963,48.3374],[-1.3891,48.3335],[-1.3866,48.3289],[-1.3903,48.3282],[-1.3884,48.3191],[-1.3926,48.3169],[-1.3888,48.3154],[-1.3773,48.3169],[-1.3725,48.3143],[-1.3607,48.318],[-1.3547,48.3235],[-1.3494,48.3209],[-1.3371,48.322],[-1.3348,48.3298],[-1.3418,48.3316],[-1.3343,48.3462],[-1.3371,48.351],[-1.3356,48.3533],[-1.3425,48.3599],[-1.3466,48.3599],[-1.3422,48.3648],[-1.3384,48.3638],[-1.3307,48.3673],[-1.3152,48.3693],[-1.3124,48.3725],[-1.3076,48.3722],[-1.3085,48.3765],[-1.304,48.3772],[-1.2987,48.3753],[-1.2939,48.3766],[-1.2953,48.3644],[-1.2785,48.3654],[-1.2749,48.3731],[-1.2551,48.3835],[-1.2446,48.381],[-1.2428,48.3752],[-1.2367,48.373],[-1.2176,48.3801],[-1.2121,48.3771],[-1.2144,48.3858],[-1.2093,48.3839],[-1.2025,48.3865],[-1.2065,48.393],[-1.2037,48.398],[-1.2154,48.4081],[-1.2168,48.4134],[-1.2211,48.4172],[-1.2202,48.4193],[-1.2255,48.42],[-1.2284,48.4259],[-1.2325,48.4274],[-1.2326,48.4323],[-1.228,48.4374],[-1.2289,48.4401],[-1.2345,48.4398],[-1.2521,48.4492],[-1.2583,48.446],[-1.2676,48.4453],[-1.2738,48.4494],[-1.2742,48.4536],[-1.2776,48.4547],[-1.2766,48.4626],[-1.2817,48.4675],[-1.2854,48.466],[-1.2954,48.4685],[-1.3025,48.4659],[-1.3097,48.4681],[-1.3143,48.4641],[-1.3204,48.4691],[-1.3208,48.4764],[-1.3274,48.48],[-1.3273,48.483],[-1.3303,48.4853],[-1.3287,48.4862],[-1.3315,48.4926],[-1.3284,48.4927],[-1.3293,48.4962],[-1.3263,48.499],[-1.3214,48.5001],[-1.3177,48.496],[-1.3009,48.4989],[-1.2938,48.5061],[-1.2881,48.507],[-1.2875,48.5096],[-1.279,48.5093],[-1.2776,48.5157],[-1.2697,48.524],[-1.2686,48.5297],[-1.2728,48.5339],[-1.2628,48.5402],[-1.2489,48.5437],[-1.2492,48.5417],[-1.2389,48.5377],[-1.2218,48.5385],[-1.2173,48.5368],[-1.2141,48.5394],[-1.2069,48.5386],[-1.2068,48.5423],[-1.1992,48.5362],[-1.199,48.5317],[-1.1929,48.5288],[-1.1829,48.5282],[-1.1699,48.5312],[-1.1637,48.5287],[-1.162,48.5243],[-1.1541,48.5191],[-1.1421,48.5179],[-1.1335,48.5223],[-1.1274,48.5207],[-1.1218,48.5223],[-1.1172,48.5217],[-1.115,48.5183],[-1.1033,48.5129],[-1.0701,48.5088],[-1.0669,48.5047],[-1.077,48.5023],[-1.0754,48.496],[-1.0786,48.4896],[-1.0699,48.4857],[-1.079,48.4818],[-1.073,48.4822],[-1.0754,48.4773],[-1.0739,48.4738],[-1.0707,48.473],[-1.0718,48.4699],[-1.0665,48.4704],[-1.0639,48.4673],[-1.0675,48.4615],[-1.0652,48.4514],[-1.0796,48.4436],[-1.0836,48.4337],[-1.0775,48.4215],[-1.0804,48.4141],[-1.0701,48.4074],[-1.0674,48.4018],[-1.0632,48.3991],[-1.0628,48.3939],[-1.0535,48.3828],[-1.0542,48.3791],[-1.0571,48.3791],[-1.0574,48.3753],[-1.0644,48.3702],[-1.0651,48.3673],[-1.0557,48.3647],[-1.0555,48.3619],[-1.06,48.3577],[-1.0602,48.3489],[-1.0451,48.3278],[-1.0541,48.3214],[-1.0615,48.3111],[-1.082,48.2986],[-1.0841,48.2928],[-1.0904,48.2894],[-1.0936,48.2729],[-1.0999,48.2685],[-1.1224,48.2607],[-1.1238,48.2501],[-1.1343,48.2505],[-1.1379,48.2484],[-1.1453,48.253],[-1.1568,48.2553],[-1.165,48.2515],[-1.1706,48.2453],[-1.1813,48.257],[-1.1902,48.2511],[-1.1983,48.2497],[-1.2047,48.2553],[-1.2157,48.2576],[-1.2256,48.2674],[-1.2352,48.2707]]]]}},{"type":"Feature","properties":{"territoire":"200096675","nom":"CC Baud Communauté","type":"epci"},"geometry":{"type":"MultiPolygon","coordinates":[[[[-2.9263,47.8905],[-2.9201,47.8925],[-2.9195,47.8898],[-2.9162,47.8906],[-2.9142,47.8881],[-2.9102,47.8895],[-2.9053,47.8816],[-2.908,47.8815],[-2.9075,47.8774],[-2.9125,47.8682],[-2.9133,47.8613],[-2.9183,47.8567],[-2.9172,47.8547],[-2.9209,47.8452],[-2.9242,47.8439],[-2.9189,47.838],[-2.919,47.8308],[-2.9106,47.8175],[-2.9526,47.8268],[-2.9611,47.8444],[-2.9639,47.8457],[-2.9612,47.8538],[-2.9626,47.8563],[-2.9706,47.8595],[-2.973,47.858],[-2.9744,47.8618],[-3.0023,47.8623],[-3.0122,47.8661],[-3.0175,47.8602],[-3.0234,47.8599],[-3.0307,47.8503],[-3.0266,47.8489],[-3.0328,47.8486],[-3.0341,47.8466],[-3.0317,47.8432],[-3.0327,47.8402],[-3.0355,47.8404],[-3.0349,47.833],[-3.0398,47.8272],[-3.0491,47.832],[-3.047,47.828],[-3.0603,47.8312],[-3.0597,47.8359],[-3.0685,47.839],[-3.0713,47.848],[-3.0673,47.8533],[-3.0687,47.8571],[-3.0663,47.8591],[-3.0689,47.865],[-3.0665,47.8711],[-3.0773,47.8758],[-3.098,47.8765],[-3.1114,47.8829],[-3.0992,47.8873],[-3.0943,47.8815],[-3.0895,47.8799],[-3.0849,47.8793],[-3.0775,47.8826],[-3.0765,47.9081],[-3.0878,47.9129],[-3.0735,47.9268],[-3.0739,47.9342],[-3.0864,47.9337],[-3.0858,47.9358],[-3.0922,47.9392],[-3.0922,47.9424],[-3.0972,47.9421],[-3.0989,47.9447],[-3.1114,47.9405],[-3.1152,47.9455],[-3.1244,47.9466],[-3.1265,47.951],[-3.1364,47.9545],[-3.1407,47.9618],[-3.1452,47.9625],[-3.1453,47.9764],[-3.1417,47.9813],[-3.1436,47.9894],[-3.137,47.9894],[-3.1344,47.9865],[-3.1351,47.9904],[-3.1331,47.9917],[-3.1362,48.0045],[-3.1278,48.0085],[-3.119,48.0053],[-3.115,48.0087],[-3.1038,48.0074],[-3.1016,48.0103],[-3.0931,48.0088],[-3.084,48.0112],[-3.0752,48.0035],[-3.0772,48.0053],[-3.0758,48.0078],[-3.0703,48.0101],[-3.064,48.0064],[-3.0659,48.0084],[-3.0628,48.0112],[-3.0587,48.0101],[-3.0591,48.0126],[-3.056,48.0127],[-3.0585,48.0156],[-3.053,48.0168],[-3.0353,48.0104],[-3.0306,48.0173],[-3.0331,48.0214],[-3.03,48.0206],[-3.0249,48.0246],[-3.0167,48.0259],[-3.0029,48.0202],[-2.9999,48.0173],[-3.0001,48.0129],[-2.9956,48.0167],[-2.9858,48.0178],[-2.9762,48.0052],[-2.9627,48.0029],[-2.9525,47.9952],[-2.9424,47.9967],[-2.9291,47.9925],[-2.9356,47.9856],[-2.9275,47.979],[-2.9275,47.9756],[-2.9155,47.9716],[-2.9159,47.9631],[-2.9199,47.9613],[-2.9166,47.9593],[-2.9175,47.9514],[-2.9104,47.9468],[-2.9024,47.9499],[-2.8998,47.9485],[-2.9129,47.939],[-2.9273,47.935],[-2.9287,47.9303],[-2.9233,47.9278],[-2.9231,47.9246],[-2.9299,47.9246],[-2.9361,47.9308],[-2.946,47.9233],[-2.9404,47.9189],[-2.931,47.9177],[-2.9287,47.9097],[-2.9201,47.9071],[-2.9169,47.9036],[-2.9218,47.8973],[-2.9202,47.8948],[-2.9263,47.8905]]]]}},{"type":"Feature","properties":{"territoire":"200096683","nom":"CC Centre Morbihan Communauté","type":"epci"},"geometry":{"type":"MultiPolygon","coordinates":[[[[-2.9106,47.8175],[-2.919,47.8308],[-2.9189,47.838],[-2.9242,47.8439],[-2.9209,47.8452],[-2.9172,47.8547],[-2.9183,47.8567],[-2.9133,47.8613],[-2.9125,47.8682],[-2.9075,47.8774],[-2.908,47.8815],[-2.9053,47.8816],[-2.9102,47.8895],[-2.9142,47.8881],[-2.9162,47.8906],[-2.9195,47.8898],[-2.9201,47.8925],[-2.9263,47.8905],[-2.9202,47.8948],[-2.9218,47.8973],[-2.9169,47.9036],[-2.9201,47.9071],[-2.9287,47.9097],[-2.931,47.9177],[-2.9404,47.9189],[-2.9461,47.9229],[-2.9361,47.9308],[-2.9299,47.9246],[-2.9231,47.9246],[-2.9233,47.9278],[-2.9287,47.9303],[-2.9273,47.935],[-2.9129,47.939],[-2.8998,47.9485],[-2.9024,47.9499],[-2.9104,47.9468],[-2.9175,47.9514],[-2.9166,47.9593],[-2.9199,47.9613],[-2.9159,47.9631],[-2.9155,47.9716],[-2.9275,47.9756],[-2.9275,47.979],[-2.9356,47.9856],[-2.9291,47.9924],[-2.9152,47.9921],[-2.9163,47.9972],[-2.9104,48.0031],[-2.9023,48.0037],[-2.9001,48.0016],[-2.8905,48.0068],[-2.889,48.0095],[-2.8937,48.0094],[-2.8947,48.0176],[-2.89,48.0275],[-2.8793,48.0216],[-2.847,48.021],[-2.8437,48.0222],[-2.8436,48.0251],[-2.8194,48.0262],[-2.8084,48.0354],[-2.8044,48.0359],[-2.8002,48.025],[-2.7951,48.0236],[-2.7889,48.0116],[-2.7958,48.0106],[-2.8006,48.0062],[-2.8035,48.007],[-2.8139,47.9998],[-2.8158,47.9833],[-2.8142,47.9812],[-2.8095,47.983],[-2.8089,47.9735],[-2.8016,47.9705],[-2.8187,47.9647],[-2.8175,47.9626],[-2.8129,47.9616],[-2.794,47.9662],[-2.7892,47.9627],[-2.7835,47.9658],[-2.7797,47.9642],[-2.7738,47.9663],[-2.7713,47.9645],[-2.743,47.9711],[-2.7398,47.9697],[-2.7436,47.9511],[-2.7358,47.9451],[-2.7404,47.9413],[-2.7403,47.9324],[-2.7361,47.9302],[-2.7328,47.9312],[-2.7347,47.9242],[-2.7311,47.9219],[-2.7322,47.9202],[-2.7176,47.9232],[-2.6943,47.9237],[-2.6882,47.9339],[-2.6922,47.9357],[-2.6896,47.9421],[-2.6931,47.942],[-2.6879,47.943],[-2.6875,47.9456],[-2.6856,47.941],[-2.6718,47.9373],[-2.6512,47.9385],[-2.6562,47.9262],[-2.656,47.9209],[-2.6525,47.9156],[-2.6265,47.9231],[-2.6232,47.922],[-2.6224,47.9189],[-2.6103,47.9175],[-2.6057,47.9124],[-2.6017,47.9115],[-2.5973,47.9053],[-2.5939,47.9055],[-2.6027,47.9035],[-2.612,47.8945],[-2.6196,47.8941],[-2.6208,47.8895],[-2.6275,47.884],[-2.6241,47.881],[-2.6228,47.8752],[-2.6191,47.8733],[-2.6209,47.8696],[-2.6071,47.8589],[-2.6026,47.866],[-2.596,47.863],[-2.5837,47.8653],[-2.584,47.8624],[-2.577,47.8588],[-2.5793,47.8555],[-2.5668,47.8548],[-2.5684,47.8462],[-2.5772,47.8435],[-2.5776,47.8383],[-2.5732,47.8357],[-2.5693,47.8207],[-2.5544,47.821],[-2.5546,47.8167],[-2.5508,47.8157],[-2.5479,47.8113],[-2.551,47.8069],[-2.5493,47.805],[-2.5585,47.7987],[-2.5649,47.7989],[-2.5645,47.7972],[-2.5804,47.8013],[-2.5899,47.8079],[-2.5955,47.8058],[-2.6015,47.8079],[-2.6065,47.8044],[-2.624,47.8009],[-2.6265,47.7979],[-2.623,47.7912],[-2.6348,47.7891],[-2.6474,47.7907],[-2.6509,47.789],[-2.6529,47.7832],[-2.6579,47.7814],[-2.6599,47.787],[-2.6789,47.7904],[-2.6761,47.7963],[-2.669,47.8009],[-2.67,47.8031],[-2.6777,47.8038],[-2.6713,47.8095],[-2.68,47.8116],[-2.6839,47.8103],[-2.6843,47.8122],[-2.6733,47.8248],[-2.6838,47.8264],[-2.6868,47.8294],[-2.692,47.8267],[-2.6954,47.8169],[-2.6943,47.8025],[-2.7124,47.8023],[-2.7096,47.7973],[-2.7131,47.7957],[-2.7291,47.7984],[-2.7535,47.7975],[-2.7779,47.8067],[-2.7783,47.8092],[-2.7757,47.8076],[-2.7739,47.8095],[-2.7644,47.8296],[-2.7674,47.8311],[-2.7675,47.8353],[-2.7702,47.8387],[-2.7882,47.8388],[-2.7997,47.8432],[-2.8089,47.8369],[-2.8198,47.8365],[-2.8365,47.8315],[-2.8381,47.8249],[-2.8493,47.8255],[-2.8571,47.8147],[-2.8841,47.8183],[-2.9106,47.8175]]]]}},{"type":"Feature","properties":{"territoire":"242200715","nom":"CC du Kreiz-Breizh (CCKB)","type":"epci"},"geometry":{"type":"MultiPolygon","coordinates":[[[[-3.1781,48.1612],[-3.1923,48.165],[-3.2052,48.1601],[-3.2081,48.1539],[-3.2153,48.1535],[-3.2156,48.1484],[-3.2115,48.1425],[-3.2251,48.1464],[-3.2245,48.1488],[-3.2287,48.1497],[-3.2332,48.1468],[-3.235,48.1504],[-3.2414,48.1516],[-3.2566,48.1481],[-3.2594,48.1432],[-3.2669,48.1458],[-3.2722,48.14],[-3.2751,48.1436],[-3.2813,48.1413],[-3.2863,48.1441],[-3.2891,48.1495],[-3.293,48.1499],[-3.2881,48.1525],[-3.2894,48.1542],[-3.2973,48.1515],[-3.298,48.1557],[-3.2991,48.154],[-3.3159,48.1557],[-3.3184,48.1487],[-3.3254,48.1502],[-3.3265,48.1539],[-3.3239,48.1607],[-3.3339,48.1655],[-3.3371,48.1719],[-3.3439,48.171],[-3.3497,48.1648],[-3.3742,48.1645],[-3.3755,48.1606],[-3.3933,48.1517],[-3.3967,48.1558],[-3.4025,48.157],[-3.4082,48.1488],[-3.4181,48.1458],[-3.427,48.1522],[-3.4352,48.1542],[-3.4389,48.1599],[-3.4384,48.1627],[-3.4296,48.1701],[-3.4213,48.1717],[-3.42,48.174],[-3.4234,48.1773],[-3.445,48.1871],[-3.4443,48.1814],[-3.4494,48.1786],[-3.4528,48.1774],[-3.4548,48.1804],[-3.4632,48.1816],[-3.4689,48.1799],[-3.4678,48.1783],[-3.47,48.1773],[-3.477,48.1863],[-3.481,48.1869],[-3.4848,48.1946],[-3.4829,48.2004],[-3.485,48.2042],[-3.4818,48.2067],[-3.4859,48.2118],[-3.4839,48.218],[-3.4874,48.2262],[-3.4932,48.2265],[-3.4939,48.2348],[-3.4979,48.238],[-3.4956,48.2413],[-3.5003,48.2472],[-3.4991,48.2539],[-3.487,48.2548],[-3.4879,48.2566],[-3.4819,48.2597],[-3.4796,48.2655],[-3.4602,48.2693],[-3.4682,48.2726],[-3.4629,48.2749],[-3.4702,48.2772],[-3.4697,48.28],[-3.4615,48.2805],[-3.4601,48.2827],[-3.4578,48.2808],[-3.4512,48.2821],[-3.444,48.2893],[-3.4491,48.2925],[-3.4614,48.29],[-3.4829,48.291],[-3.5067,48.2839],[-3.5075,48.2899],[-3.5193,48.2923],[-3.5125,48.2973],[-3.5137,48.3085],[-3.5118,48.3134],[-3.5143,48.3189],[-3.508,48.3226],[-3.5038,48.333],[-3.4984,48.3392],[-3.4871,48.343],[-3.4821,48.3496],[-3.4579,48.3461],[-3.4515,48.3493],[-3.4226,48.3526],[-3.4062,48.3503],[-3.3882,48.3422],[-3.3838,48.3447],[-3.3746,48.3431],[-3.3665,48.3457],[-3.3601,48.3425],[-3.3553,48.3348],[-3.3476,48.3373],[-3.3229,48.3333],[-3.3138,48.3395],[-3.3004,48.3409],[-3.2964,48.3462],[-3.2989,48.3465],[-3.2996,48.3502],[-3.304,48.3537],[-3.3253,48.3524],[-3.3316,48.3596],[-3.3295,48.3598],[-3.3327,48.362],[-3.3329,48.3671],[-3.323,48.3717],[-3.3167,48.3719],[-3.3107,48.3684],[-3.2971,48.3713],[-3.2881,48.3668],[-3.2767,48.3678],[-3.2759,48.3716],[-3.2716,48.3739],[-3.2718,48.3771],[-3.2752,48.3791],[-3.2701,48.382],[-3.2654,48.3813],[-3.2597,48.3934],[-3.2516,48.3905],[-3.2499,48.3873],[-3.2293,48.3897],[-3.2179,48.3891],[-3.2115,48.3857],[-3.1987,48.3895],[-3.1969,48.3879],[-3.1987,48.3813],[-3.1866,48.3867],[-3.1731,48.3852],[-3.1744,48.3872],[-3.1695,48.3869],[-3.1673,48.3854],[-3.1681,48.379],[-3.1645,48.379],[-3.1653,48.3755],[-3.159,48.3722],[-3.1599,48.3685],[-3.1539,48.3694],[-3.1384,48.3601],[-3.1321,48.3619],[-3.1318,48.36],[-3.1173,48.3585],[-3.1206,48.3677],[-3.1153,48.3735],[-3.1164,48.3885],[-3.1108,48.3907],[-3.1112,48.3938],[-3.1028,48.4022],[-3.104,48.4077],[-3.1065,48.4087],[-3.1053,48.4113],[-3.1117,48.415],[-3.1155,48.4147],[-3.1202,48.4094],[-3.1255,48.4077],[-3.1259,48.4119],[-3.1231,48.4139],[-3.1254,48.4157],[-3.1236,48.4171],[-3.1248,48.419],[-3.1179,48.4215],[-3.1102,48.4199],[-3.1019,48.4234],[-3.0957,48.422],[-3.09,48.4255],[-3.0751,48.4169],[-3.0665,48.4235],[-3.0491,48.423],[-3.0432,48.4267],[-3.0365,48.4227],[-3.0309,48.4142],[-3.0364,48.409],[-3.0474,48.4045],[-3.0468,48.3996],[-3.0549,48.39],[-3.0537,48.3868],[-3.0565,48.3835],[-3.0529,48.3775],[-3.0442,48.3802],[-3.0457,48.3783],[-3.0431,48.3789],[-3.0395,48.3742],[-3.0462,48.3692],[-3.0388,48.3665],[-3.0343,48.3682],[-3.0307,48.363],[-3.048,48.3587],[-3.0527,48.3509],[-3.0724,48.3419],[-3.0819,48.334],[-3.0851,48.3281],[-3.0842,48.3256],[-3.0763,48.3207],[-3.0699,48.3131],[-3.0818,48.3084],[-3.0842,48.3038],[-3.0907,48.3042],[-3.1039,48.2986],[-3.0992,48.2965],[-3.0981,48.2911],[-3.0893,48.2846],[-3.0932,48.2832],[-3.093,48.2755],[-3.0839,48.2663],[-3.0913,48.263],[-3.0921,48.2602],[-3.0856,48.2568],[-3.0892,48.2568],[-3.0879,48.2519],[-3.0909,48.2507],[-3.0792,48.2485],[-3.0712,48.2498],[-3.0728,48.2482],[-3.0684,48.2472],[-3.0662,48.2421],[-3.0569,48.2437],[-3.0534,48.2311],[-3.0568,48.2291],[-3.0552,48.2257],[-3.0623,48.2222],[-3.0688,48.2229],[-3.0723,48.2129],[-3.0772,48.2098],[-3.0837,48.2094],[-3.0863,48.2038],[-3.0941,48.2021],[-3.0971,48.206],[-3.106,48.2053],[-3.1079,48.2085],[-3.1106,48.2055],[-3.1166,48.2063],[-3.1162,48.2032],[-3.1204,48.2004],[-3.1305,48.2003],[-3.1306,48.1957],[-3.1368,48.19],[-3.137,48.1817],[-3.1302,48.1769],[-3.1343,48.1684],[-3.1401,48.1667],[-3.1392,48.1641],[-3.1551,48.1585],[-3.1593,48.168],[-3.1656,48.1616],[-3.1753,48.1588],[-3.1781,48.1612]]]]}},{"type":"Feature","properties":{"territoire":"242900074","nom":"CC du Pays d'Iroise","type":"epci"},"geometry":{"type":"MultiPolygon","coordinates":[[[[-5.0142,48.426],[-5.0128,48.4311],[-5.0109,48.4312],[-5.012,48.428],[-5.0102,48.4264],[-5.0123,48.4242],[-5.0142,48.426]]],[[[-4.9451,48.37],[-4.9357,48.3754],[-4.9327,48.3741],[-4.9451,48.37]]],[[[-4.967,48.3983],[-4.9563,48.4025],[-4.9592,48.3998],[-4.9548,48.398],[-4.9537,48.3933],[-4.9588,48.3903],[-4.9628,48.3912],[-4.967,48.3983]]],[[[-4.9526,48.4008],[-4.9488,48.4027],[-4.9454,48.4013],[-4.9502,48.3979],[-4.9526,48.4008]]],[[[-4.987,48.4155],[-4.983,48.4206],[-4.9803,48.4189],[-4.9803,48.4155],[-4.987,48.4155]]],[[[-4.9112,48.3745],[-4.8973,48.376],[-4.893,48.3733],[-4.9054,48.3722],[-4.9112,48.3745]]],[[[-4.8875,48.3751],[-4.887,48.3773],[-4.8837,48.3741],[-4.8875,48.3751]]],[[[-4.8997,48.381],[-4.8999,48.3833],[-4.8967,48.38],[-4.8983,48.3789],[-4.8997,48.381]]],[[[-4.8655,48.3422],[-4.8633,48.3452],[-4.8593,48.3457],[-4.8579,48.351],[-4.8503,48.3535],[-4.8482,48.357],[-4.842,48.3557],[-4.858,48.3456],[-4.8581,48.3414],[-4.8655,48.3422]]],[[[-4.7715,48.3354],[-4.7758,48.3362],[-4.7701,48.3477],[-4.7814,48.3536],[-4.7781,48.3564],[-4.783,48.3597],[-4.7671,48.3618],[-4.766,48.3636],[-4.7901,48.362],[-4.785,48.3659],[-4.7881,48.3666],[-4.7863,48.3684],[-4.7792,48.3642],[-4.7695,48.365],[-4.7603,48.3742],[-4.7625,48.3771],[-4.7611,48.3788],[-4.766,48.3804],[-4.7626,48.3833],[-4.7704,48.3841],[-4.7764,48.3902],[-4.7769,48.3922],[-4.774,48.3934],[-4.7738,48.4055],[-4.778,48.4072],[-4.785,48.4048],[-4.7836,48.4074],[-4.7868,48.4102],[-4.7952,48.413],[-4.791,48.4192],[-4.7919,48.4213],[-4.7889,48.4223],[-4.7841,48.43],[-4.7857,48.4359],[-4.7799,48.4395],[-4.7796,48.4432],[-4.7762,48.4437],[-4.7794,48.4465],[-4.7825,48.4433],[-4.7834,48.4459],[-4.7786,48.4479],[-4.78,48.451],[-4.7719,48.4552],[-4.7699,48.4617],[-4.7715,48.4632],[-4.7672,48.4624],[-4.7618,48.4694],[-4.7567,48.4671],[-4.7599,48.4598],[-4.7555,48.4655],[-4.7528,48.4642],[-4.7535,48.4702],[-4.7503,48.4713],[-4.743,48.4722],[-4.74,48.4701],[-4.7321,48.4712],[-4.7335,48.4728],[-4.7308,48.4741],[-4.7204,48.4748],[-4.7168,48.469],[-4.7177,48.4743],[-4.7202,48.4758],[-4.7465,48.4723],[-4.751,48.4743],[-4.7564,48.4734],[-4.7571,48.4703],[-4.7635,48.4721],[-4.7675,48.4781],[-4.7708,48.4792],[-4.7667,48.4809],[-4.775,48.4846],[-4.7719,48.4845],[-4.7713,48.4868],[-4.7757,48.4886],[-4.7743,48.493],[-4.78,48.4977],[-4.7757,48.5011],[-4.7781,48.5049],[-4.7666,48.5108],[-4.7701,48.5128],[-4.77,48.5164],[-4.7763,48.5144],[-4.778,48.5167],[-4.7729,48.5193],[-4.7667,48.5158],[-4.7637,48.5199],[-4.7696,48.5216],[-4.7653,48.5234],[-4.7628,48.5197],[-4.7581,48.5208],[-4.7599,48.5237],[-4.7633,48.523],[-4.7598,48.526],[-4.7655,48.528],[-4.7634,48.5282],[-4.7645,48.531],[-4.7575,48.5299],[-4.7565,48.5322],[-4.7589,48.5344],[-4.7494,48.5279],[-4.7462,48.5291],[-4.7505,48.531],[-4.7489,48.5369],[-4.753,48.5439],[-4.7498,48.5433],[-4.7355,48.5498],[-4.731,48.5562],[-4.7157,48.5596],[-4.7177,48.5559],[-4.7127,48.5536],[-4.7083,48.5555],[-4.7041,48.5501],[-4.7046,48.554],[-4.6993,48.5563],[-4.7069,48.5572],[-4.7028,48.5608],[-4.7048,48.564],[-4.701,48.5658],[-4.7046,48.5702],[-4.6973,48.5717],[-4.6931,48.5695],[-4.6901,48.5724],[-4.6844,48.5722],[-4.6857,48.5687],[-4.6801,48.5665],[-4.6718,48.5708],[-4.6705,48.5761],[-4.6638,48.5713],[-4.6463,48.5721],[-4.6471,48.5671],[-4.6498,48.5666],[-4.6439,48.5641],[-4.6364,48.5514],[-4.6301,48.5489],[-4.6268,48.5403],[-4.6269,48.5338],[-4.6358,48.5376],[-4.6438,48.5386],[-4.6449,48.537],[-4.6422,48.5308],[-4.6312,48.5193],[-4.6312,48.5056],[-4.617,48.5017],[-4.6096,48.5024],[-4.6078,48.5047],[-4.6011,48.5023],[-4.5925,48.505],[-4.5928,48.5087],[-4.5889,48.5102],[-4.585,48.5072],[-4.5841,48.5101],[-4.5862,48.5092],[-4.5876,48.5114],[-4.5785,48.5129],[-4.5735,48.5106],[-4.5716,48.5058],[-4.5614,48.5061],[-4.5555,48.5015],[-4.5569,48.497],[-4.5516,48.4884],[-4.5463,48.4848],[-4.5475,48.4805],[-4.5364,48.481],[-4.5337,48.4753],[-4.5279,48.4775],[-4.5269,48.4758],[-4.5198,48.4767],[-4.5205,48.4664],[-4.512,48.4694],[-4.5033,48.4674],[-4.5055,48.4603],[-4.5015,48.4535],[-4.5123,48.457],[-4.5121,48.4532],[-4.5148,48.4506],[-4.5252,48.4492],[-4.5232,48.4445],[-4.5254,48.4422],[-4.5326,48.4449],[-4.5328,48.4406],[-4.5407,48.4401],[-4.5422,48.4381],[-4.5398,48.4351],[-4.5436,48.4343],[-4.5497,48.4416],[-4.561,48.4451],[-4.5725,48.4398],[-4.5754,48.4405],[-4.5757,48.4368],[-4.6014,48.4273],[-4.5996,48.4224],[-4.5936,48.4188],[-4.5937,48.4135],[-4.5909,48.4118],[-4.5925,48.4098],[-4.6081,48.406],[-4.6115,48.4113],[-4.6325,48.4132],[-4.6389,48.4075],[-4.641,48.4102],[-4.6448,48.4102],[-4.6327,48.3934],[-4.6349,48.3873],[-4.6309,48.3855],[-4.6334,48.3815],[-4.6209,48.374],[-4.6239,48.3702],[-4.6203,48.3679],[-4.6207,48.3614],[-4.6172,48.357],[-4.6229,48.3475],[-4.6244,48.3408],[-4.6224,48.3379],[-4.6291,48.3379],[-4.6327,48.3403],[-4.6326,48.3437],[-4.6367,48.3429],[-4.6399,48.3472],[-4.6432,48.3446],[-4.651,48.345],[-4.6646,48.3525],[-4.6809,48.3558],[-4.6844,48.3532],[-4.691,48.3548],[-4.7008,48.3502],[-4.7034,48.3454],[-4.701,48.3452],[-4.7015,48.3429],[-4.699,48.3421],[-4.7007,48.3393],[-4.6981,48.3382],[-4.7058,48.3363],[-4.7082,48.3317],[-4.7135,48.3319],[-4.7165,48.3291],[-4.7174,48.331],[-4.7292,48.33],[-4.7384,48.3335],[-4.7456,48.3295],[-4.7697,48.3284],[-4.7742,48.3307],[-4.7715,48.3354]]],[[[-4.7787,48.486],[-4.776,48.4857],[-4.7766,48.4837],[-4.7787,48.486]]],[[[-4.778,48.5294],[-4.7737,48.5309],[-4.773,48.5282],[-4.7757,48.5269],[-4.778,48.5294]]]]}},{"type":"Feature","properties":{"territoire":"242900314","nom":"Brest Métropole","type":"epci"},"geometry":{"type":"MultiPolygon","coordinates":[[[[-4.6441,48.4098],[-4.641,48.4102],[-4.6389,48.4075],[-4.6348,48.4096],[-4.6341,48.4129],[-4.6296,48.4133],[-4.61,48.4111],[-4.6081,48.406],[-4.5925,48.4098],[-4.5909,48.4118],[-4.5937,48.4135],[-4.5936,48.4188],[-4.5996,48.4224],[-4.6015,48.4272],[-4.5757,48.4368],[-4.5754,48.4405],[-4.5725,48.4398],[-4.561,48.4451],[-4.5559,48.4445],[-4.5491,48.4412],[-4.5436,48.4343],[-4.5398,48.4351],[-4.5422,48.4381],[-4.5407,48.4401],[-4.5328,48.4406],[-4.5326,48.4449],[-4.5254,48.4422],[-4.5232,48.4445],[-4.5252,48.4492],[-4.5148,48.4506],[-4.5121,48.4532],[-4.5123,48.457],[-4.5015,48.4535],[-4.498,48.456],[-4.4988,48.4588],[-4.4951,48.4595],[-4.4905,48.4537],[-4.4892,48.4587],[-4.4786,48.465],[-4.4797,48.4684],[-4.4713,48.4701],[-4.4699,48.4655],[-4.4651,48.4639],[-4.4654,48.4572],[-4.4507,48.4552],[-4.4411,48.4558],[-4.4321,48.4601],[-4.43,48.4583],[-4.4188,48.4585],[-4.4171,48.4607],[-4.4036,48.461],[-4.3996,48.4653],[-4.3862,48.4588],[-4.38,48.4613],[-4.3813,48.459],[-4.3794,48.4596],[-4.3748,48.4532],[-4.3625,48.4572],[-4.3509,48.454],[-4.3512,48.451],[-4.3465,48.4505],[-4.3494,48.445],[-4.3409,48.4426],[-4.3448,48.4371],[-4.3381,48.4269],[-4.3393,48.4221],[-4.3283,48.418],[-4.3288,48.4153],[-4.3424,48.4128],[-4.3475,48.4073],[-4.3612,48.41],[-4.3604,48.4086],[-4.3691,48.4064],[-4.3691,48.4014],[-4.3836,48.3964],[-4.393,48.3974],[-4.4017,48.3898],[-4.424,48.3976],[-4.4328,48.3971],[-4.4339,48.3921],[-4.4303,48.3923],[-4.4334,48.392],[-4.4332,48.3894],[-4.4304,48.3897],[-4.4335,48.389],[-4.4355,48.3833],[-4.4426,48.3797],[-4.449,48.3804],[-4.4459,48.3833],[-4.4499,48.3852],[-4.4537,48.3814],[-4.452,48.3856],[-4.4558,48.3823],[-4.4524,48.3863],[-4.456,48.3875],[-4.4595,48.3845],[-4.4574,48.3879],[-4.4674,48.381],[-4.4739,48.3833],[-4.4752,48.3793],[-4.4772,48.3832],[-4.4753,48.3854],[-4.482,48.3826],[-4.4815,48.381],[-4.4839,48.3827],[-4.4882,48.3812],[-4.485,48.378],[-4.489,48.3808],[-4.4972,48.3762],[-4.496,48.3779],[-4.4977,48.3765],[-4.5054,48.379],[-4.5021,48.3771],[-4.5062,48.3783],[-4.5033,48.376],[-4.5238,48.3657],[-4.518,48.3628],[-4.507,48.3669],[-4.5082,48.3648],[-4.4907,48.3684],[-4.5183,48.3625],[-4.5245,48.366],[-4.5303,48.3635],[-4.5336,48.3579],[-4.5376,48.3573],[-4.5538,48.362],[-4.5503,48.3585],[-4.5541,48.36],[-4.5586,48.3544],[-4.5648,48.3562],[-4.5671,48.355],[-4.5668,48.352],[-4.5721,48.3493],[-4.5864,48.3485],[-4.5901,48.345],[-4.6144,48.3373],[-4.6157,48.3398],[-4.6241,48.3396],[-4.6229,48.3475],[-4.6172,48.357],[-4.6207,48.3614],[-4.6203,48.3679],[-4.6239,48.3702],[-4.6209,48.374],[-4.6334,48.3815],[-4.6309,48.3855],[-4.6349,48.3873],[-4.6327,48.3934],[-4.6441,48.4098]]],[[[-4.3191,48.3621],[-4.332,48.3513],[-4.3451,48.3478],[-4.3417,48.3475],[-4.3414,48.3452],[-4.3464,48.3424],[-4.3503,48.3445],[-4.3535,48.3427],[-4.3558,48.3449],[-4.3454,48.3517],[-4.3467,48.3525],[-4.3405,48.3585],[-4.367,48.345],[-4.3697,48.3381],[-4.3691,48.3357],[-4.3662,48.3363],[-4.3737,48.3313],[-4.3717,48.3281],[-4.3777,48.3253],[-4.4181,48.3244],[-4.4047,48.3372],[-4.3961,48.3409],[-4.3925,48.3402],[-4.3907,48.3429],[-4.4011,48.3423],[-4.4082,48.3386],[-4.4056,48.3365],[-4.4132,48.3384],[-4.4209,48.333],[-4.4411,48.3269],[-4.4479,48.3254],[-4.4589,48.3269],[-4.4487,48.3299],[-4.4477,48.3353],[-4.4504,48.3365],[-4.4392,48.3414],[-4.439,48.344],[-4.4441,48.3449],[-4.4425,48.3461],[-4.4449,48.3495],[-4.4412,48.3539],[-4.4362,48.3553],[-4.4372,48.36],[-4.4342,48.363],[-4.4179,48.3688],[-4.4081,48.3777],[-4.4078,48.3812],[-4.3813,48.3923],[-4.3673,48.395],[-4.3636,48.3996],[-4.3568,48.4027],[-4.3481,48.402],[-4.3455,48.3984],[-4.343,48.4001],[-4.3409,48.3977],[-4.3433,48.3937],[-4.3393,48.3857],[-4.3317,48.3875],[-4.3315,48.3825],[-4.3256,48.3829],[-4.3249,48.3766],[-4.331,48.3714],[-4.3318,48.3674],[-4.3209,48.3658],[-4.3191,48.3621]]]]}},{"type":"Feature","properties":{"territoire":"242900553","nom":"CC du Pays des Abers","type":"epci"},"geometry":{"type":"MultiPolygon","coordinates":[[[[-4.5866,48.5074],[-4.5889,48.5102],[-4.5928,48.5087],[-4.5925,48.505],[-4.6019,48.5022],[-4.6078,48.5047],[-4.6096,48.5024],[-4.617,48.5017],[-4.6312,48.5056],[-4.6312,48.5193],[-4.6422,48.5308],[-4.6449,48.537],[-4.6438,48.5386],[-4.6358,48.5376],[-4.6269,48.5338],[-4.6268,48.5403],[-4.6301,48.5489],[-4.6364,48.5514],[-4.6439,48.5641],[-4.6498,48.5666],[-4.6471,48.5671],[-4.6463,48.5721],[-4.6261,48.5789],[-4.625,48.5749],[-4.6156,48.5759],[-4.6128,48.5729],[-4.5967,48.5717],[-4.5952,48.5629],[-4.5909,48.5598],[-4.5916,48.557],[-4.5973,48.5562],[-4.5928,48.5562],[-4.5954,48.5533],[-4.5862,48.5564],[-4.5796,48.5553],[-4.5853,48.5598],[-4.5562,48.56],[-4.5455,48.5552],[-4.5424,48.5572],[-4.5405,48.5545],[-4.5348,48.5542],[-4.5356,48.5511],[-4.5309,48.5511],[-4.5305,48.5479],[-4.5286,48.551],[-4.5318,48.5528],[-4.5275,48.5549],[-4.5051,48.5459],[-4.5081,48.5482],[-4.5082,48.5526],[-4.503,48.5527],[-4.5145,48.551],[-4.5168,48.5547],[-4.5272,48.5563],[-4.5252,48.5583],[-4.5345,48.5546],[-4.5392,48.5624],[-4.5479,48.5579],[-4.553,48.5607],[-4.5526,48.5649],[-4.5536,48.5623],[-4.5596,48.5606],[-4.5871,48.5626],[-4.5899,48.5717],[-4.5938,48.5745],[-4.6086,48.5748],[-4.6124,48.5783],[-4.6074,48.579],[-4.603,48.5849],[-4.6048,48.5883],[-4.6086,48.5881],[-4.6051,48.5912],[-4.6081,48.5968],[-4.6043,48.6024],[-4.6065,48.6046],[-4.6016,48.6049],[-4.5971,48.6084],[-4.594,48.6041],[-4.5861,48.6025],[-4.5878,48.5998],[-4.5942,48.598],[-4.5957,48.5933],[-4.5726,48.5958],[-4.5625,48.5995],[-4.5573,48.5943],[-4.5426,48.5985],[-4.5284,48.5947],[-4.5289,48.5923],[-4.5268,48.5938],[-4.5227,48.5922],[-4.5219,48.5844],[-4.5152,48.5866],[-4.5154,48.5884],[-4.5209,48.5894],[-4.5214,48.5934],[-4.5166,48.5939],[-4.5365,48.5978],[-4.5406,48.6013],[-4.5495,48.6021],[-4.5507,48.6044],[-4.5597,48.6037],[-4.5529,48.6112],[-4.5579,48.6095],[-4.5607,48.6111],[-4.5631,48.6082],[-4.5684,48.6091],[-4.5678,48.613],[-4.5637,48.6149],[-4.57,48.6166],[-4.5693,48.6201],[-4.5654,48.6187],[-4.5624,48.6208],[-4.5661,48.6257],[-4.5594,48.6233],[-4.5504,48.6245],[-4.5498,48.6264],[-4.5418,48.6245],[-4.5481,48.6332],[-4.5474,48.6352],[-4.5446,48.6337],[-4.5437,48.6363],[-4.5385,48.6374],[-4.5401,48.6317],[-4.537,48.6312],[-4.5355,48.6337],[-4.5357,48.6312],[-4.5312,48.6294],[-4.5263,48.6298],[-4.5215,48.6349],[-4.5132,48.6352],[-4.512,48.6294],[-4.5088,48.6293],[-4.5084,48.6312],[-4.5051,48.6291],[-4.513,48.6282],[-4.5099,48.6229],[-4.5006,48.6209],[-4.4935,48.6258],[-4.4797,48.6236],[-4.4689,48.6268],[-4.4533,48.6257],[-4.4511,48.6325],[-4.4439,48.6295],[-4.448,48.6261],[-4.4473,48.6227],[-4.4538,48.6186],[-4.4519,48.6112],[-4.4351,48.5973],[-4.4284,48.5994],[-4.4176,48.5933],[-4.425,48.5871],[-4.4215,48.5859],[-4.4224,48.5813],[-4.4305,48.5824],[-4.4333,48.5774],[-4.4489,48.5701],[-4.3959,48.5566],[-4.3856,48.5447],[-4.3798,48.5454],[-4.3794,48.5487],[-4.3691,48.5523],[-4.3715,48.5481],[-4.3644,48.547],[-4.3678,48.5434],[-4.3732,48.5455],[-4.3737,48.5429],[-4.3587,48.5295],[-4.3635,48.5289],[-4.3623,48.5243],[-4.3587,48.5226],[-4.3591,48.5173],[-4.3537,48.5106],[-4.3531,48.5058],[-4.3469,48.5002],[-4.3498,48.499],[-4.35,48.4935],[-4.3535,48.4893],[-4.3453,48.4831],[-4.3517,48.4797],[-4.3402,48.4741],[-4.3402,48.4668],[-4.3451,48.4625],[-4.3748,48.4532],[-4.3794,48.4596],[-4.3813,48.459],[-4.38,48.4613],[-4.3862,48.4588],[-4.3996,48.4653],[-4.4036,48.461],[-4.4171,48.4607],[-4.4188,48.4585],[-4.43,48.4583],[-4.4321,48.4601],[-4.4411,48.4558],[-4.4492,48.455],[-4.4654,48.4572],[-4.4651,48.4639],[-4.4699,48.4655],[-4.4713,48.4701],[-4.4797,48.4684],[-4.4786,48.465],[-4.4892,48.4587],[-4.4905,48.4537],[-4.4951,48.4595],[-4.4988,48.4588],[-4.4983,48.4555],[-4.5019,48.455],[-4.5055,48.4603],[-4.5031,48.4665],[-4.5051,48.4691],[-4.516,48.4691],[-4.5205,48.4664],[-4.5198,48.4767],[-4.5269,48.4758],[-4.5279,48.4775],[-4.5337,48.4753],[-4.5364,48.481],[-4.5475,48.4805],[-4.5463,48.4848],[-4.5537,48.4914],[-4.5569,48.497],[-4.555,48.5007],[-4.5604,48.5058],[-4.5716,48.5058],[-4.5735,48.5106],[-4.5785,48.5129],[-4.5876,48.5114],[-4.5837,48.5091],[-4.5866,48.5074]]],[[[-4.6374,48.6005],[-4.6365,48.6023],[-4.6332,48.6001],[-4.6374,48.6005]]],[[[-4.5751,48.6106],[-4.5694,48.6078],[-4.57,48.606],[-4.5721,48.6048],[-4.5751,48.6106]]],[[[-4.5764,48.6152],[-4.5746,48.6188],[-4.5746,48.615],[-4.5764,48.6152]]],[[[-4.5951,48.6242],[-4.5952,48.6259],[-4.592,48.6256],[-4.5932,48.6223],[-4.5951,48.6242]]],[[[-4.573,48.6213],[-4.5715,48.6226],[-4.5705,48.6208],[-4.573,48.6213]]],[[[-4.5721,48.6382],[-4.5697,48.6404],[-4.5665,48.6395],[-4.5686,48.6374],[-4.5692,48.6392],[-4.5701,48.6373],[-4.5721,48.6382]]],[[[-4.5586,48.6303],[-4.5549,48.6317],[-4.5554,48.6293],[-4.5509,48.6287],[-4.5561,48.6275],[-4.5586,48.6303]]]]}},{"type":"Feature","properties":{"territoire":"242900561","nom":"CC de Haute Cornouaille","type":"epci"},"geometry":{"type":"MultiPolygon","coordinates":[[[[-3.9154,48.0549],[-3.9075,48.0571],[-3.8927,48.0682],[-3.8864,48.0687],[-3.8877,48.0712],[-3.8818,48.0721],[-3.881,48.0773],[-3.8706,48.0812],[-3.8745,48.0864],[-3.8825,48.0858],[-3.8892,48.0817],[-3.8993,48.0821],[-3.899,48.087],[-3.9039,48.0944],[-3.9004,48.0979],[-3.9013,48.1006],[-3.8941,48.1014],[-3.8977,48.1187],[-3.9059,48.1195],[-3.9083,48.1216],[-3.9078,48.1254],[-3.9148,48.1259],[-3.9155,48.1299],[-3.9272,48.1252],[-3.9314,48.1327],[-3.9265,48.1339],[-3.9293,48.1355],[-3.9288,48.1419],[-3.9416,48.1404],[-3.9313,48.1489],[-3.9348,48.1521],[-3.9332,48.1558],[-3.9351,48.1558],[-3.9227,48.1598],[-3.9214,48.1718],[-3.9054,48.1814],[-3.8978,48.1791],[-3.8961,48.1812],[-3.8922,48.1802],[-3.8891,48.1848],[-3.877,48.1808],[-3.8758,48.1864],[-3.8709,48.1871],[-3.8744,48.189],[-3.8733,48.1923],[-3.8783,48.1945],[-3.8836,48.2069],[-3.8761,48.2238],[-3.8729,48.2265],[-3.8726,48.233],[-3.8771,48.2361],[-3.8726,48.2378],[-3.8723,48.2408],[-3.8689,48.2416],[-3.8617,48.2507],[-3.8611,48.2557],[-3.8684,48.2602],[-3.868,48.2652],[-3.8628,48.267],[-3.8599,48.2714],[-3.8711,48.2725],[-3.8688,48.2813],[-3.8819,48.2908],[-3.8801,48.2947],[-3.8857,48.3006],[-3.8814,48.3037],[-3.8758,48.3007],[-3.8715,48.304],[-3.8665,48.3033],[-3.868,48.3063],[-3.8658,48.3084],[-3.8621,48.3045],[-3.8585,48.305],[-3.8488,48.3122],[-3.8363,48.3105],[-3.843,48.3162],[-3.8424,48.3228],[-3.8391,48.3265],[-3.8286,48.3246],[-3.8223,48.3276],[-3.7963,48.3296],[-3.7954,48.3258],[-3.7988,48.3234],[-3.7979,48.3212],[-3.7915,48.3211],[-3.7849,48.3164],[-3.7672,48.3143],[-3.7659,48.3096],[-3.7528,48.3025],[-3.7461,48.3022],[-3.7368,48.3059],[-3.725,48.3041],[-3.723,48.2966],[-3.7109,48.2921],[-3.7118,48.2878],[-3.7068,48.2818],[-3.6967,48.2823],[-3.699,48.2775],[-3.6917,48.2745],[-3.6976,48.2606],[-3.7097,48.2552],[-3.7114,48.251],[-3.6987,48.2459],[-3.6985,48.2391],[-3.702,48.2356],[-3.713,48.2397],[-3.7186,48.238],[-3.7208,48.2345],[-3.7187,48.2228],[-3.7037,48.2187],[-3.696,48.2251],[-3.6896,48.2226],[-3.6863,48.2178],[-3.6686,48.2218],[-3.6614,48.2178],[-3.6536,48.2077],[-3.6333,48.2055],[-3.6257,48.1986],[-3.6244,48.1939],[-3.6266,48.19],[-3.6238,48.1848],[-3.6238,48.1744],[-3.6209,48.1712],[-3.653,48.1564],[-3.6719,48.1517],[-3.6958,48.1522],[-3.6977,48.1456],[-3.7146,48.1431],[-3.7146,48.1387],[-3.7088,48.1355],[-3.7221,48.1293],[-3.724,48.1244],[-3.7171,48.1209],[-3.7348,48.1126],[-3.7295,48.1048],[-3.7338,48.0943],[-3.7415,48.0894],[-3.744,48.0893],[-3.7427,48.0928],[-3.7513,48.0887],[-3.7702,48.0862],[-3.7712,48.0814],[-3.7816,48.0781],[-3.781,48.0751],[-3.7908,48.074],[-3.7901,48.0689],[-3.794,48.0683],[-3.7941,48.066],[-3.7903,48.0644],[-3.7904,48.058],[-3.7964,48.0587],[-3.7962,48.0656],[-3.8121,48.0668],[-3.8169,48.0511],[-3.8245,48.0526],[-3.8266,48.0478],[-3.8301,48.0483],[-3.8357,48.0438],[-3.8459,48.0418],[-3.8468,48.0394],[-3.8648,48.037],[-3.8701,48.0441],[-3.8814,48.0437],[-3.8847,48.0469],[-3.8998,48.0456],[-3.8995,48.0439],[-3.9094,48.0454],[-3.9139,48.0473],[-3.9154,48.0549]]]]}},{"type":"Feature","properties":{"territoire":"242900629","nom":"CC Cap Sizun - Pointe du Raz","type":"epci"},"geometry":{"type":"MultiPolygon","coordinates":[[[[-4.603,48.0153],[-4.6119,48.0186],[-4.6142,48.0168],[-4.623,48.0177],[-4.6224,48.0204],[-4.6278,48.0219],[-4.633,48.0296],[-4.641,48.0264],[-4.6428,48.0233],[-4.6494,48.0237],[-4.6513,48.0217],[-4.6634,48.0249],[-4.664,48.0269],[-4.6901,48.0263],[-4.6955,48.0287],[-4.6977,48.026],[-4.712,48.0343],[-4.7267,48.033],[-4.7412,48.0402],[-4.7132,48.0415],[-4.7071,48.0445],[-4.7054,48.0492],[-4.7112,48.0514],[-4.7101,48.0532],[-4.7145,48.0532],[-4.7108,48.0555],[-4.7152,48.0578],[-4.7125,48.0594],[-4.7161,48.0621],[-4.7146,48.0651],[-4.6935,48.0598],[-4.6892,48.0617],[-4.6907,48.0654],[-4.6853,48.0608],[-4.6813,48.0627],[-4.6718,48.0605],[-4.6722,48.064],[-4.6677,48.0671],[-4.6698,48.0692],[-4.6652,48.0727],[-4.6627,48.0687],[-4.6557,48.0678],[-4.6505,48.07],[-4.6438,48.0671],[-4.6373,48.0689],[-4.6316,48.067],[-4.6288,48.0692],[-4.6312,48.0729],[-4.6214,48.0683],[-4.6142,48.0702],[-4.6146,48.072],[-4.6106,48.0715],[-4.6107,48.0736],[-4.6083,48.0724],[-4.6049,48.0761],[-4.5912,48.0737],[-4.592,48.0764],[-4.587,48.0782],[-4.5887,48.0796],[-4.5825,48.0798],[-4.5819,48.0824],[-4.5667,48.0821],[-4.5518,48.076],[-4.546,48.0777],[-4.5454,48.0826],[-4.5409,48.0813],[-4.5425,48.0838],[-4.5399,48.0836],[-4.5403,48.0877],[-4.5363,48.0899],[-4.5319,48.0866],[-4.523,48.0854],[-4.5209,48.0868],[-4.522,48.0912],[-4.5195,48.0879],[-4.5107,48.0894],[-4.5119,48.0908],[-4.5041,48.088],[-4.5021,48.09],[-4.5033,48.0915],[-4.498,48.088],[-4.4862,48.0864],[-4.4823,48.0915],[-4.4769,48.0927],[-4.4771,48.0958],[-4.4662,48.0958],[-4.4659,48.0994],[-4.4578,48.0972],[-4.4535,48.091],[-4.4463,48.0879],[-4.4448,48.083],[-4.4395,48.0797],[-4.4279,48.0827],[-4.4219,48.0813],[-4.4174,48.0732],[-4.4219,48.0711],[-4.4223,48.0665],[-4.4211,48.062],[-4.4188,48.0619],[-4.4189,48.0551],[-4.4018,48.0514],[-4.4013,48.0441],[-4.379,48.042],[-4.3777,48.0436],[-4.3817,48.0454],[-4.3744,48.0449],[-4.3695,48.0528],[-4.3702,48.0556],[-4.3669,48.0542],[-4.3659,48.0493],[-4.3592,48.0466],[-4.3592,48.0442],[-4.3686,48.0453],[-4.3689,48.042],[-4.3713,48.0413],[-4.37,48.0345],[-4.3879,48.0379],[-4.3846,48.0371],[-4.384,48.0313],[-4.3924,48.0307],[-4.3876,48.0281],[-4.391,48.0223],[-4.3893,48.0225],[-4.3909,48.0203],[-4.3875,48.0139],[-4.393,48.007],[-4.3993,48.007],[-4.4049,48.0034],[-4.4149,48.0016],[-4.4191,48.0066],[-4.4281,48.0102],[-4.4311,48.0091],[-4.4309,48.0015],[-4.4361,48.0019],[-4.4369,47.9966],[-4.4485,47.9947],[-4.4509,47.9915],[-4.4592,47.9896],[-4.4639,47.9843],[-4.4758,47.9859],[-4.4813,47.9928],[-4.4989,48.0014],[-4.5163,48.0063],[-4.5253,48.0059],[-4.5349,48.0097],[-4.5371,48.0121],[-4.5322,48.021],[-4.5351,48.0246],[-4.5385,48.0233],[-4.535,48.0189],[-4.5415,48.0122],[-4.5408,48.0092],[-4.5408,48.0109],[-4.5494,48.0119],[-4.5547,48.0102],[-4.5573,48.0063],[-4.5511,48.0052],[-4.5563,48.0053],[-4.5657,47.9997],[-4.5769,48.0047],[-4.5923,48.0065],[-4.5929,48.0117],[-4.5982,48.0153],[-4.603,48.0153]]]]}},{"type":"Feature","properties":{"territoire":"242900645","nom":"CC Douarnenez Communauté","type":"epci"},"geometry":{"type":"MultiPolygon","coordinates":[[[[-4.3324,48.024],[-4.3685,48.0261],[-4.3711,48.0422],[-4.3689,48.042],[-4.3685,48.0454],[-4.3592,48.0442],[-4.3592,48.0466],[-4.366,48.0494],[-4.3655,48.0521],[-4.3685,48.0553],[-4.3709,48.055],[-4.3695,48.0528],[-4.3744,48.0449],[-4.3817,48.0454],[-4.3777,48.0436],[-4.379,48.042],[-4.4015,48.0442],[-4.4018,48.0514],[-4.4189,48.0551],[-4.4188,48.0619],[-4.4211,48.062],[-4.4223,48.0665],[-4.4219,48.0711],[-4.4174,48.0732],[-4.4219,48.0813],[-4.4279,48.0827],[-4.4395,48.0797],[-4.4574,48.0965],[-4.4496,48.0986],[-4.4334,48.0965],[-4.4296,48.0999],[-4.4231,48.1],[-4.4237,48.1028],[-4.4175,48.1066],[-4.4129,48.1071],[-4.4069,48.1035],[-4.4025,48.1057],[-4.3896,48.1046],[-4.3721,48.1103],[-4.3622,48.1092],[-4.3524,48.1022],[-4.3409,48.1015],[-4.339,48.0981],[-4.3426,48.097],[-4.3384,48.0969],[-4.3366,48.0944],[-4.3355,48.0973],[-4.3302,48.0966],[-4.3278,48.1003],[-4.3214,48.0994],[-4.3274,48.0999],[-4.3225,48.0968],[-4.3211,48.0986],[-4.3227,48.0952],[-4.3244,48.0969],[-4.3238,48.0931],[-4.3141,48.0926],[-4.3064,48.0889],[-4.2968,48.0919],[-4.2991,48.0946],[-4.2937,48.1002],[-4.2869,48.1029],[-4.2846,48.1079],[-4.2683,48.11],[-4.2579,48.1078],[-4.2502,48.0987],[-4.2407,48.0939],[-4.2353,48.0953],[-4.2391,48.0902],[-4.2365,48.088],[-4.2399,48.0869],[-4.2313,48.0825],[-4.2308,48.0793],[-4.2431,48.0734],[-4.2503,48.0753],[-4.2524,48.0715],[-4.2561,48.0716],[-4.2508,48.0632],[-4.2441,48.0607],[-4.2435,48.0557],[-4.2322,48.0518],[-4.2303,48.0487],[-4.2311,48.0443],[-4.2397,48.039],[-4.242,48.034],[-4.2529,48.0385],[-4.2595,48.038],[-4.265,48.0415],[-4.2754,48.0395],[-4.283,48.0455],[-4.2854,48.0395],[-4.2829,48.0388],[-4.2922,48.0281],[-4.2888,48.0274],[-4.2893,48.0251],[-4.2853,48.0217],[-4.288,48.0157],[-4.2944,48.0128],[-4.3059,48.015],[-4.3145,48.0216],[-4.3324,48.024]]],[[[-4.3393,48.1025],[-4.3364,48.1026],[-4.3356,48.1],[-4.3393,48.1025]]]]}},{"type":"Feature","properties":{"territoire":"242900660","nom":"CC du Pays Fouesnantais","type":"epci"},"geometry":{"type":"MultiPolygon","coordinates":[[[[-4.0675,47.8708],[-4.075,47.8675],[-4.0792,47.8691],[-4.0791,47.8735],[-4.0833,47.8741],[-4.0839,47.8722],[-4.0771,47.8668],[-4.088,47.8646],[-4.0912,47.861],[-4.0987,47.8624],[-4.1022,47.8666],[-4.1016,47.8703],[-4.1116,47.8717],[-4.1175,47.8794],[-4.1125,47.8828],[-4.1059,47.8813],[-4.1117,47.8847],[-4.1169,47.8837],[-4.1243,47.8881],[-4.1253,47.891],[-4.1183,47.8932],[-4.1162,47.8968],[-4.124,47.8932],[-4.1263,47.8951],[-4.1281,47.8927],[-4.1329,47.8986],[-4.1414,47.9004],[-4.1416,47.9068],[-4.1439,47.9081],[-4.1422,47.9091],[-4.1446,47.9095],[-4.1392,47.9213],[-4.1395,47.9257],[-4.1308,47.9253],[-4.1295,47.9301],[-4.1119,47.9313],[-4.1128,47.9332],[-4.1087,47.9365],[-4.1086,47.9423],[-4.1041,47.9396],[-4.0995,47.943],[-4.096,47.9409],[-4.0965,47.9384],[-4.0818,47.9354],[-4.0795,47.9367],[-4.0767,47.9339],[-4.0647,47.9305],[-4.0523,47.9336],[-4.0471,47.9377],[-4.0451,47.9456],[-4.041,47.9457],[-4.0414,47.9502],[-4.0368,47.9523],[-4.0355,47.962],[-4.038,47.9623],[-4.0387,47.9662],[-4.0329,47.9654],[-4.0264,47.9718],[-4.0222,47.9716],[-4.0138,47.9776],[-4.0127,47.9853],[-4.0157,47.9886],[-4.0017,47.987],[-3.9964,47.9887],[-3.9803,47.9832],[-3.9808,47.976],[-3.9839,47.9759],[-3.9833,47.9724],[-3.9907,47.9704],[-3.9858,47.9669],[-3.9858,47.9599],[-3.9801,47.9583],[-3.9776,47.955],[-3.9813,47.9502],[-3.98,47.9484],[-3.9819,47.9475],[-3.979,47.946],[-3.9836,47.9426],[-3.9829,47.9397],[-3.9778,47.9459],[-3.9719,47.9455],[-3.9743,47.9472],[-3.971,47.9472],[-3.9585,47.9436],[-3.9602,47.9415],[-3.9585,47.9376],[-3.9479,47.9375],[-3.9481,47.9396],[-3.9435,47.9398],[-3.9366,47.9388],[-3.9377,47.9369],[-3.9344,47.9393],[-3.9289,47.9382],[-3.9285,47.9358],[-3.9332,47.934],[-3.9323,47.931],[-3.935,47.9302],[-3.931,47.9288],[-3.9312,47.9267],[-3.9495,47.9243],[-3.9494,47.916],[-3.9459,47.9147],[-3.9482,47.9117],[-3.946,47.9047],[-3.9521,47.8944],[-3.9592,47.8972],[-3.9707,47.8958],[-3.9728,47.8934],[-3.9762,47.8984],[-3.9736,47.8977],[-3.9737,47.9018],[-3.9772,47.8989],[-3.9791,47.9021],[-3.9818,47.8969],[-3.9786,47.8953],[-3.9825,47.8933],[-3.9922,47.8965],[-3.9875,47.8909],[-3.9816,47.8889],[-3.9713,47.8915],[-3.9901,47.883],[-3.9851,47.8758],[-3.9847,47.8624],[-3.9798,47.8572],[-3.9751,47.8558],[-3.9762,47.8541],[-4.0272,47.8502],[-4.0404,47.8444],[-4.059,47.8568],[-4.0889,47.8621],[-4.0743,47.8616],[-4.0518,47.8545],[-4.0588,47.8596],[-4.0567,47.8619],[-4.0637,47.8608],[-4.0632,47.8674],[-4.0669,47.863],[-4.0731,47.8647],[-4.0675,47.8708]]],[[[-4.0128,47.7168],[-4.0114,47.7188],[-4.0072,47.7174],[-4.0128,47.7168]]],[[[-4.0022,47.7071],[-3.9994,47.7107],[-3.9927,47.7083],[-3.9904,47.7029],[-3.9993,47.7015],[-3.9982,47.707],[-4.0022,47.7071]]],[[[-3.9585,47.7141],[-3.9552,47.7246],[-3.9508,47.7202],[-3.9561,47.7151],[-3.9551,47.7126],[-3.9576,47.7119],[-3.9585,47.7141]]],[[[-4.0057,47.7235],[-3.997,47.7253],[-4.0032,47.7221],[-4.0057,47.7235]]]]}},{"type":"Feature","properties":{"territoire":"242900694","nom":"CA Quimperlé Communauté","type":"epci"},"geometry":{"type":"MultiPolygon","coordinates":[[[[-3.6512,47.8217],[-3.6704,47.8255],[-3.6736,47.8287],[-3.6727,47.8261],[-3.6752,47.8243],[-3.6838,47.8235],[-3.6861,47.8205],[-3.6945,47.8205],[-3.697,47.8211],[-3.6974,47.8242],[-3.693,47.8274],[-3.6949,47.8318],[-3.6981,47.8318],[-3.6955,47.8278],[-3.7003,47.8247],[-3.6984,47.8219],[-3.7046,47.8173],[-3.7053,47.8138],[-3.7118,47.8147],[-3.7145,47.8098],[-3.7323,47.8031],[-3.744,47.8168],[-3.7408,47.8183],[-3.7445,47.8201],[-3.7426,47.8254],[-3.7476,47.8312],[-3.7459,47.8328],[-3.7494,47.8325],[-3.7507,47.8348],[-3.745,47.8356],[-3.7483,47.8376],[-3.747,47.8419],[-3.7426,47.8406],[-3.7508,47.846],[-3.7312,47.8505],[-3.7287,47.8546],[-3.7331,47.8581],[-3.7297,47.8605],[-3.7361,47.863],[-3.7274,47.8636],[-3.7252,47.8714],[-3.7351,47.8872],[-3.7469,47.8928],[-3.7566,47.901],[-3.7519,47.9025],[-3.7539,47.9051],[-3.7519,47.9076],[-3.7627,47.9188],[-3.761,47.9255],[-3.7643,47.9291],[-3.7538,47.9353],[-3.7541,47.9417],[-3.76,47.9452],[-3.7555,47.9495],[-3.7633,47.9593],[-3.7639,47.9649],[-3.7592,47.9686],[-3.7515,47.9692],[-3.7502,47.9757],[-3.7534,47.98],[-3.7498,47.9807],[-3.7501,47.9835],[-3.7531,47.9848],[-3.7595,47.9975],[-3.7694,47.9957],[-3.7691,47.9941],[-3.7711,47.9975],[-3.7818,47.9967],[-3.7854,47.9943],[-3.7872,47.9973],[-3.791,47.9968],[-3.7917,47.9995],[-3.7967,48.0002],[-3.7967,47.9983],[-3.8134,47.9964],[-3.8133,47.9991],[-3.8096,48.0012],[-3.8125,48.0073],[-3.8105,48.0109],[-3.8116,48.0173],[-3.8053,48.0251],[-3.8066,48.038],[-3.7989,48.0471],[-3.7964,48.0587],[-3.7904,48.058],[-3.7903,48.0644],[-3.7937,48.0654],[-3.794,48.0683],[-3.7901,48.0689],[-3.7917,48.0712],[-3.7895,48.0748],[-3.781,48.0751],[-3.7816,48.0781],[-3.7712,48.0814],[-3.7702,48.0862],[-3.7513,48.0887],[-3.7427,48.0928],[-3.744,48.0893],[-3.7415,48.0894],[-3.7333,48.0964],[-3.7255,48.095],[-3.7144,48.0989],[-3.7045,48.0983],[-3.695,48.0937],[-3.7045,48.0868],[-3.7035,48.0784],[-3.6999,48.0754],[-3.6984,48.0687],[-3.708,48.0696],[-3.7086,48.0666],[-3.6992,48.0624],[-3.6921,48.0633],[-3.6869,48.0588],[-3.6734,48.0586],[-3.6757,48.0474],[-3.6698,48.0425],[-3.6713,48.0371],[-3.6637,48.0369],[-3.662,48.0302],[-3.6644,48.0294],[-3.6613,48.0237],[-3.6645,48.0227],[-3.6606,48.0154],[-3.6482,48.0064],[-3.6398,47.9849],[-3.6358,47.9858],[-3.6331,47.9837],[-3.6311,47.9866],[-3.6281,47.9834],[-3.6189,47.9817],[-3.608,47.9893],[-3.5963,47.9906],[-3.5901,47.9895],[-3.584,47.9845],[-3.5768,47.9907],[-3.5607,47.9914],[-3.5587,47.9941],[-3.5494,47.9909],[-3.5463,47.9866],[-3.5316,47.9891],[-3.5252,47.9795],[-3.5192,47.9762],[-3.4914,47.975],[-3.4848,47.9668],[-3.4851,47.9597],[-3.4818,47.958],[-3.4812,47.9518],[-3.4777,47.9489],[-3.4668,47.9474],[-3.4674,47.9453],[-3.4621,47.9492],[-3.4605,47.9607],[-3.457,47.957],[-3.4456,47.9585],[-3.4337,47.9654],[-3.4213,47.9675],[-3.4151,47.9751],[-3.4083,47.967],[-3.4036,47.967],[-3.4024,47.9604],[-3.3919,47.9574],[-3.393,47.951],[-3.4017,47.9434],[-3.3983,47.9346],[-3.3895,47.9309],[-3.3869,47.9254],[-3.3939,47.9173],[-3.4009,47.919],[-3.409,47.916],[-3.4094,47.9098],[-3.404,47.9089],[-3.4052,47.9064],[-3.4193,47.9056],[-3.4051,47.9019],[-3.4043,47.8993],[-3.4085,47.8965],[-3.4022,47.8847],[-3.4037,47.8795],[-3.4013,47.8736],[-3.4042,47.8666],[-3.3982,47.8632],[-3.4108,47.8634],[-3.4112,47.8677],[-3.4193,47.8692],[-3.4321,47.8676],[-3.4397,47.8628],[-3.4483,47.8637],[-3.4519,47.8585],[-3.4491,47.8465],[-3.4541,47.8445],[-3.4577,47.8367],[-3.475,47.8356],[-3.4879,47.8237],[-3.4921,47.8243],[-3.4959,47.8284],[-3.512,47.8321],[-3.5161,47.8393],[-3.5219,47.8399],[-3.519,47.8492],[-3.5231,47.8495],[-3.5286,47.8456],[-3.5267,47.8427],[-3.5317,47.8428],[-3.5402,47.8356],[-3.54,47.8229],[-3.5329,47.8204],[-3.5374,47.8166],[-3.5355,47.8131],[-3.5235,47.8104],[-3.5244,47.8044],[-3.5192,47.8032],[-3.5216,47.8015],[-3.5206,47.7986],[-3.5273,47.797],[-3.5287,47.7923],[-3.5319,47.7907],[-3.5281,47.7865],[-3.5323,47.7834],[-3.5333,47.7758],[-3.5384,47.7756],[-3.5334,47.7744],[-3.5314,47.7711],[-3.5325,47.7673],[-3.5385,47.7649],[-3.5375,47.7632],[-3.5495,47.7661],[-3.5531,47.7631],[-3.5553,47.766],[-3.5602,47.7655],[-3.5627,47.7682],[-3.5728,47.7699],[-3.5802,47.7669],[-3.5984,47.7703],[-3.6029,47.7688],[-3.6087,47.772],[-3.6011,47.7791],[-3.6104,47.7737],[-3.6096,47.77],[-3.6127,47.7704],[-3.6124,47.7686],[-3.6207,47.7721],[-3.6264,47.77],[-3.6286,47.7717],[-3.6279,47.7746],[-3.6296,47.7723],[-3.6353,47.7746],[-3.6397,47.7736],[-3.639,47.7772],[-3.6453,47.774],[-3.649,47.7817],[-3.6448,47.7833],[-3.6383,47.7928],[-3.6429,47.7908],[-3.6457,47.7847],[-3.6512,47.7823],[-3.6515,47.7793],[-3.6604,47.7797],[-3.663,47.7828],[-3.6686,47.7813],[-3.6704,47.7841],[-3.6678,47.7873],[-3.6686,47.7908],[-3.6688,47.7866],[-3.6713,47.7856],[-3.6695,47.7811],[-3.6737,47.7765],[-3.6776,47.7755],[-3.6873,47.7794],[-3.696,47.7854],[-3.6951,47.7871],[-3.7007,47.7869],[-3.723,47.798],[-3.7203,47.8014],[-3.7227,47.8034],[-3.7179,47.8071],[-3.7131,47.8069],[-3.7079,47.8133],[-3.7029,47.8125],[-3.6991,47.8084],[-3.7008,47.8109],[-3.6987,47.8124],[-3.7022,47.8139],[-3.697,47.819],[-3.6851,47.8186],[-3.6805,47.8223],[-3.6718,47.8244],[-3.6644,47.8237],[-3.6659,47.8221],[-3.662,47.8225],[-3.6612,47.8199],[-3.6589,47.8226],[-3.6523,47.8198],[-3.6512,47.8217]]]]}},{"type":"Feature","properties":{"territoire":"242900702","nom":"CC du Pays Bigouden Sud","type":"epci"},"geometry":{"type":"MultiPolygon","coordinates":[[[[-4.3015,47.8013],[-4.3245,47.7978],[-4.345,47.7996],[-4.3504,47.7981],[-4.3498,47.794],[-4.3505,47.798],[-4.3549,47.7969],[-4.3541,47.7956],[-4.3661,47.7958],[-4.375,47.7974],[-4.3749,47.8041],[-4.3715,47.8094],[-4.3755,47.8136],[-4.3787,47.8135],[-4.3749,47.815],[-4.3802,47.8151],[-4.3771,47.8171],[-4.3814,47.8157],[-4.3821,47.8124],[-4.3825,47.8149],[-4.3845,47.8129],[-4.3828,47.8113],[-4.3846,47.8122],[-4.3804,47.8175],[-4.3804,47.8216],[-4.3775,47.8217],[-4.3766,47.8244],[-4.3679,47.8248],[-4.3665,47.8283],[-4.3561,47.8267],[-4.3477,47.8327],[-4.3496,47.8371],[-4.3554,47.8365],[-4.3475,47.8376],[-4.3456,47.8404],[-4.3504,47.8584],[-4.3638,47.8894],[-4.3597,47.8886],[-4.3567,47.8929],[-4.3393,47.8997],[-4.3273,47.9032],[-4.3145,47.9004],[-4.3151,47.8989],[-4.3103,47.8973],[-4.313,47.8953],[-4.3033,47.8966],[-4.2978,47.8917],[-4.2976,47.8853],[-4.3021,47.8788],[-4.3303,47.8685],[-4.3418,47.8674],[-4.3443,47.866],[-4.3415,47.8644],[-4.3301,47.8651],[-4.3207,47.869],[-4.3184,47.8666],[-4.3077,47.8721],[-4.2985,47.8674],[-4.2895,47.8759],[-4.2797,47.8804],[-4.2658,47.8681],[-4.2548,47.8712],[-4.2293,47.867],[-4.2234,47.875],[-4.2272,47.8761],[-4.229,47.8795],[-4.2348,47.8798],[-4.2363,47.8826],[-4.2409,47.8945],[-4.2385,47.9048],[-4.2448,47.9129],[-4.2433,47.9168],[-4.2372,47.9193],[-4.2358,47.9146],[-4.2296,47.9135],[-4.23,47.9166],[-4.2241,47.921],[-4.2262,47.9232],[-4.2202,47.9247],[-4.2198,47.9267],[-4.2155,47.9263],[-4.214,47.9225],[-4.21,47.9227],[-4.2045,47.931],[-4.1913,47.9335],[-4.1881,47.9281],[-4.1807,47.9241],[-4.1723,47.9154],[-4.178,47.9075],[-4.1759,47.9074],[-4.1738,47.8992],[-4.1697,47.8965],[-4.1715,47.8945],[-4.1567,47.8917],[-4.1558,47.8954],[-4.1516,47.8946],[-4.1514,47.8908],[-4.1481,47.8892],[-4.1498,47.8933],[-4.1476,47.8949],[-4.1382,47.895],[-4.1298,47.8893],[-4.1317,47.8871],[-4.1228,47.8843],[-4.1214,47.8819],[-4.1248,47.8782],[-4.1144,47.8714],[-4.113,47.8678],[-4.1132,47.8622],[-4.1202,47.8647],[-4.1268,47.8637],[-4.1511,47.8549],[-4.1633,47.8483],[-4.169,47.8393],[-4.1711,47.841],[-4.1688,47.8418],[-4.1685,47.8496],[-4.1652,47.8522],[-4.1662,47.8565],[-4.1713,47.8621],[-4.1684,47.8655],[-4.1765,47.8724],[-4.1711,47.8729],[-4.1717,47.875],[-4.1786,47.8803],[-4.1847,47.8809],[-4.1828,47.8786],[-4.1846,47.8749],[-4.1955,47.8757],[-4.1923,47.8725],[-4.1919,47.8672],[-4.182,47.8673],[-4.1832,47.8634],[-4.1761,47.8547],[-4.178,47.8506],[-4.1932,47.8643],[-4.1899,47.8661],[-4.1913,47.8669],[-4.1944,47.8652],[-4.1976,47.8668],[-4.1951,47.8645],[-4.1972,47.8581],[-4.2043,47.8625],[-4.2058,47.8657],[-4.2041,47.8672],[-4.2217,47.8679],[-4.2109,47.8667],[-4.1986,47.8573],[-4.1942,47.8566],[-4.196,47.8565],[-4.192,47.8515],[-4.1875,47.8491],[-4.1837,47.8507],[-4.1835,47.8491],[-4.1917,47.8471],[-4.1805,47.8408],[-4.1793,47.8388],[-4.1853,47.8387],[-4.1824,47.8373],[-4.1831,47.8356],[-4.18,47.8363],[-4.1781,47.8329],[-4.175,47.833],[-4.1788,47.8373],[-4.1748,47.8381],[-4.1724,47.8368],[-4.1767,47.8357],[-4.1723,47.8341],[-4.1707,47.8342],[-4.1723,47.8361],[-4.168,47.8357],[-4.1591,47.8314],[-4.1632,47.8277],[-4.1615,47.8237],[-4.1671,47.8187],[-4.1653,47.8143],[-4.175,47.812],[-4.1737,47.8067],[-4.1923,47.7959],[-4.2021,47.7996],[-4.2109,47.7992],[-4.2075,47.8004],[-4.2106,47.8033],[-4.2143,47.8003],[-4.211,47.7966],[-4.2146,47.7977],[-4.2134,47.7957],[-4.2164,47.7956],[-4.2107,47.7948],[-4.2158,47.7947],[-4.2187,47.7921],[-4.2315,47.7937],[-4.2678,47.7903],[-4.2794,47.793],[-4.2848,47.7904],[-4.2738,47.7957],[-4.2721,47.8007],[-4.2851,47.7915],[-4.2865,47.7932],[-4.2957,47.7928],[-4.2936,47.7971],[-4.3015,47.8013]]],[[[-4.1841,47.8459],[-4.1814,47.8474],[-4.1765,47.8437],[-4.1765,47.8406],[-4.1841,47.8459]]]]}},{"type":"Feature","properties":{"territoire":"242900710","nom":"CC du Haut Pays Bigouden","type":"epci"},"geometry":{"type":"MultiPolygon","coordinates":[[[[-4.3238,47.8718],[-4.3019,47.8789],[-4.2977,47.8847],[-4.2978,47.8917],[-4.3033,47.8966],[-4.313,47.8953],[-4.3103,47.8973],[-4.3151,47.8989],[-4.3145,47.9004],[-4.3273,47.9032],[-4.3508,47.8956],[-4.3573,47.8925],[-4.3597,47.8886],[-4.3638,47.8894],[-4.386,47.9249],[-4.3998,47.9382],[-4.4085,47.9427],[-4.4196,47.9596],[-4.4446,47.9739],[-4.4515,47.9815],[-4.4634,47.9848],[-4.4592,47.9896],[-4.4509,47.9915],[-4.4485,47.9947],[-4.4369,47.9966],[-4.4361,48.0019],[-4.4309,48.0015],[-4.4311,48.0091],[-4.4281,48.0102],[-4.4191,48.0066],[-4.4149,48.0016],[-4.4049,48.0034],[-4.3993,48.007],[-4.393,48.007],[-4.3875,48.0139],[-4.3909,48.0203],[-4.3893,48.0225],[-4.391,48.0223],[-4.3876,48.0281],[-4.3924,48.0307],[-4.384,48.0313],[-4.3846,48.0371],[-4.3872,48.0386],[-4.3807,48.0355],[-4.3694,48.0345],[-4.3685,48.0261],[-4.3649,48.0249],[-4.3175,48.0223],[-4.3059,48.015],[-4.2956,48.0125],[-4.288,48.0157],[-4.2853,48.0217],[-4.2893,48.0251],[-4.2888,48.0274],[-4.2922,48.0281],[-4.2829,48.0388],[-4.2854,48.0395],[-4.283,48.0455],[-4.2754,48.0395],[-4.265,48.0415],[-4.2595,48.038],[-4.2529,48.0385],[-4.2418,48.034],[-4.2399,48.0323],[-4.2449,48.0319],[-4.2442,48.028],[-4.251,48.0245],[-4.2523,48.0157],[-4.2608,48.0095],[-4.2491,48.0092],[-4.249,47.9997],[-4.2441,47.9975],[-4.2443,47.9956],[-4.2326,48.0003],[-4.228,47.9995],[-4.2347,47.9962],[-4.2349,47.988],[-4.239,47.9874],[-4.2385,47.9791],[-4.2306,47.9752],[-4.2166,47.9745],[-4.2148,47.9663],[-4.2172,47.9665],[-4.2157,47.9631],[-4.2193,47.9616],[-4.2155,47.9575],[-4.2127,47.9583],[-4.2117,47.9535],[-4.2156,47.953],[-4.214,47.9515],[-4.2163,47.9513],[-4.2159,47.9494],[-4.2203,47.9484],[-4.219,47.9446],[-4.1953,47.9406],[-4.1959,47.9385],[-4.1913,47.9335],[-4.2045,47.931],[-4.21,47.9227],[-4.214,47.9225],[-4.2155,47.9263],[-4.2198,47.9267],[-4.2202,47.9247],[-4.2262,47.9232],[-4.2241,47.921],[-4.23,47.9166],[-4.2296,47.9135],[-4.2358,47.9146],[-4.2372,47.9193],[-4.2433,47.9168],[-4.2448,47.9129],[-4.2385,47.9048],[-4.2409,47.8945],[-4.2363,47.8826],[-4.2348,47.8798],[-4.229,47.8795],[-4.2272,47.8761],[-4.2234,47.875],[-4.229,47.8671],[-4.2432,47.8678],[-4.2548,47.8712],[-4.2658,47.8681],[-4.2797,47.8804],[-4.2895,47.8759],[-4.2985,47.8674],[-4.3077,47.8721],[-4.3184,47.8666],[-4.3207,47.869],[-4.3386,47.8636],[-4.3443,47.866],[-4.3418,47.8674],[-4.3303,47.8685],[-4.3238,47.8718]]]]}},{"type":"Feature","properties":{"territoire":"242900744","nom":"CC Poher communauté","type":"epci"},"geometry":{"type":"MultiPolygon","coordinates":[[[[-3.4968,48.1829],[-3.5019,48.1807],[-3.5361,48.178],[-3.5456,48.1808],[-3.5557,48.1799],[-3.5643,48.1856],[-3.5684,48.1857],[-3.5811,48.1823],[-3.5882,48.1778],[-3.6209,48.1712],[-3.6238,48.1744],[-3.6238,48.1848],[-3.6266,48.19],[-3.6246,48.196],[-3.6318,48.205],[-3.6536,48.2077],[-3.6614,48.2178],[-3.6686,48.2218],[-3.6863,48.2178],[-3.6896,48.2226],[-3.696,48.2251],[-3.7037,48.2187],[-3.7187,48.2228],[-3.7208,48.2345],[-3.7186,48.238],[-3.713,48.2397],[-3.702,48.2356],[-3.6985,48.2391],[-3.6987,48.2459],[-3.7108,48.2493],[-3.7113,48.2514],[-3.7097,48.2552],[-3.6976,48.2606],[-3.6917,48.2738],[-3.6929,48.2788],[-3.6797,48.2957],[-3.6951,48.3061],[-3.6806,48.3152],[-3.6809,48.322],[-3.6879,48.3235],[-3.7201,48.3463],[-3.737,48.3457],[-3.7386,48.3489],[-3.7263,48.3534],[-3.7226,48.3582],[-3.7242,48.3616],[-3.7224,48.3631],[-3.7135,48.3628],[-3.7175,48.3725],[-3.7165,48.382],[-3.7115,48.3841],[-3.714,48.3891],[-3.7032,48.3861],[-3.6966,48.3895],[-3.6861,48.386],[-3.6864,48.3827],[-3.6792,48.3726],[-3.675,48.3763],[-3.6769,48.3806],[-3.6734,48.3816],[-3.6656,48.3903],[-3.6569,48.3865],[-3.644,48.3858],[-3.6423,48.3826],[-3.6346,48.3802],[-3.6149,48.3821],[-3.608,48.3885],[-3.6038,48.3861],[-3.594,48.3863],[-3.5868,48.3807],[-3.5828,48.3821],[-3.5709,48.3801],[-3.5677,48.3767],[-3.567,48.3794],[-3.5546,48.3788],[-3.5542,48.3724],[-3.5517,48.3712],[-3.5594,48.3659],[-3.5558,48.3635],[-3.5588,48.3591],[-3.5556,48.3564],[-3.5594,48.3553],[-3.5586,48.3523],[-3.5616,48.3516],[-3.5632,48.3472],[-3.5553,48.3448],[-3.5571,48.3361],[-3.5531,48.3318],[-3.5517,48.3231],[-3.5485,48.3214],[-3.5523,48.3164],[-3.5487,48.3121],[-3.5414,48.3138],[-3.5411,48.3114],[-3.5251,48.3235],[-3.5222,48.3199],[-3.5143,48.3189],[-3.5118,48.3134],[-3.5137,48.3085],[-3.5125,48.2973],[-3.5193,48.2923],[-3.5075,48.2899],[-3.5067,48.2839],[-3.4829,48.291],[-3.4614,48.29],[-3.4491,48.2925],[-3.444,48.2893],[-3.4512,48.2821],[-3.4578,48.2808],[-3.4601,48.2827],[-3.4615,48.2805],[-3.4697,48.28],[-3.4702,48.2772],[-3.4629,48.2749],[-3.4682,48.2726],[-3.4602,48.2693],[-3.4794,48.2656],[-3.4819,48.2597],[-3.4879,48.2566],[-3.487,48.2548],[-3.4992,48.2538],[-3.5003,48.2472],[-3.4956,48.2413],[-3.4979,48.238],[-3.4935,48.2338],[-3.4942,48.2283],[-3.4874,48.2262],[-3.4839,48.218],[-3.4859,48.2118],[-3.4818,48.2067],[-3.485,48.2042],[-3.4829,48.2004],[-3.4848,48.1946],[-3.4803,48.1862],[-3.4968,48.1829]]]]}},{"type":"Feature","properties":{"territoire":"242900751","nom":"CC du Pays de Landivisiau","type":"epci"},"geometry":{"type":"MultiPolygon","coordinates":[[[[-4.0944,48.4417],[-4.0855,48.4516],[-4.0933,48.4491],[-4.1021,48.4519],[-4.1011,48.4562],[-4.1034,48.4577],[-4.0981,48.4625],[-4.1008,48.4666],[-4.11,48.4654],[-4.115,48.4673],[-4.1048,48.4784],[-4.1111,48.4862],[-4.118,48.4878],[-4.1193,48.4915],[-4.1484,48.4851],[-4.1541,48.4867],[-4.1562,48.4897],[-4.1752,48.4855],[-4.1795,48.4804],[-4.1879,48.4786],[-4.1855,48.4796],[-4.1878,48.4823],[-4.1939,48.4813],[-4.195,48.4842],[-4.1993,48.4824],[-4.2022,48.4852],[-4.1937,48.4926],[-4.1868,48.4942],[-4.1964,48.5006],[-4.1984,48.5059],[-4.207,48.5043],[-4.2046,48.5011],[-4.2057,48.4989],[-4.216,48.4946],[-4.2204,48.4996],[-4.2281,48.5013],[-4.2271,48.5037],[-4.2327,48.5116],[-4.2427,48.5135],[-4.2471,48.5306],[-4.243,48.5347],[-4.2373,48.5356],[-4.2253,48.5326],[-4.2251,48.5371],[-4.2363,48.5403],[-4.2325,48.5406],[-4.2437,48.5565],[-4.2528,48.561],[-4.2505,48.5657],[-4.2527,48.569],[-4.2415,48.5648],[-4.1817,48.5548],[-4.1781,48.5596],[-4.1773,48.5678],[-4.1688,48.5672],[-4.166,48.5711],[-4.1706,48.5795],[-4.1651,48.5856],[-4.1702,48.5939],[-4.1583,48.5988],[-4.1588,48.6034],[-4.1527,48.6049],[-4.1501,48.6116],[-4.1511,48.6149],[-4.1473,48.6187],[-4.1489,48.6209],[-4.1379,48.6183],[-4.1352,48.6158],[-4.137,48.6137],[-4.134,48.6141],[-4.132,48.6084],[-4.1234,48.605],[-4.1201,48.6058],[-4.1198,48.6095],[-4.1247,48.6161],[-4.1253,48.6215],[-4.1201,48.625],[-4.1144,48.6207],[-4.1087,48.623],[-4.1071,48.6194],[-4.0963,48.6212],[-4.0922,48.6171],[-4.0774,48.6202],[-4.0755,48.6118],[-4.0645,48.6122],[-4.0647,48.6077],[-4.0602,48.6054],[-4.0611,48.6024],[-4.0535,48.6],[-4.0537,48.6027],[-4.0492,48.6042],[-4.0493,48.6062],[-4.0436,48.6063],[-4.0458,48.6118],[-4.0435,48.6156],[-4.0323,48.6162],[-4.0286,48.6109],[-4.0246,48.6104],[-4.0252,48.6061],[-4.0212,48.6059],[-4.0229,48.5996],[-4,48.6015],[-3.9998,48.5984],[-3.9964,48.5989],[-3.997,48.5962],[-3.9921,48.5935],[-3.9758,48.5933],[-3.9739,48.5924],[-3.9761,48.5899],[-3.9731,48.5871],[-3.9678,48.5857],[-3.9645,48.5883],[-3.96,48.5876],[-3.9552,48.5843],[-3.9568,48.5825],[-3.944,48.5892],[-3.9362,48.5951],[-3.9356,48.5982],[-3.9336,48.5937],[-3.9239,48.5901],[-3.9229,48.5867],[-3.928,48.5794],[-3.9295,48.5725],[-3.9344,48.5694],[-3.9322,48.5652],[-3.9342,48.557],[-3.9386,48.5546],[-3.9444,48.5462],[-3.9512,48.5429],[-3.9537,48.5382],[-3.9597,48.5368],[-3.9555,48.5343],[-3.9579,48.5263],[-3.9643,48.5177],[-3.971,48.515],[-3.9736,48.5099],[-3.9717,48.5062],[-3.9735,48.5016],[-3.9818,48.4963],[-3.9796,48.4903],[-3.9835,48.4882],[-3.9797,48.487],[-3.9803,48.4832],[-3.9728,48.4789],[-3.9701,48.4742],[-3.9697,48.4705],[-3.9741,48.462],[-3.9778,48.4612],[-3.9772,48.4569],[-3.961,48.4415],[-3.9531,48.4443],[-3.9341,48.4333],[-3.9232,48.4199],[-3.921,48.4118],[-3.9169,48.4068],[-3.9177,48.4026],[-3.9511,48.3772],[-3.9611,48.3594],[-4.0033,48.3664],[-4.0502,48.3577],[-4.059,48.3516],[-4.0619,48.3589],[-4.0758,48.3608],[-4.0974,48.3872],[-4.0962,48.3948],[-4.1017,48.3972],[-4.101,48.4008],[-4.1036,48.4025],[-4.1003,48.4053],[-4.1044,48.407],[-4.1019,48.4089],[-4.1062,48.412],[-4.1042,48.4123],[-4.1049,48.4148],[-4.1002,48.4145],[-4.0978,48.4173],[-4.105,48.4242],[-4.106,48.4315],[-4.0944,48.4417]]]]}},{"type":"Feature","properties":{"territoire":"242900769","nom":"CA Concarneau Cornouaille Agglomération","type":"epci"},"geometry":{"type":"MultiPolygon","coordinates":[[[[-3.9154,47.8727],[-3.9116,47.8729],[-3.9129,47.8712],[-3.9154,47.8727]]],[[[-3.9399,47.9397],[-3.9585,47.9376],[-3.9602,47.9406],[-3.9585,47.9436],[-3.971,47.9472],[-3.9743,47.9472],[-3.9719,47.9455],[-3.9778,47.9459],[-3.9818,47.9397],[-3.9834,47.9406],[-3.9815,47.9459],[-3.979,47.946],[-3.9819,47.9478],[-3.9776,47.955],[-3.9801,47.9583],[-3.9858,47.9599],[-3.9858,47.9669],[-3.9907,47.9704],[-3.9833,47.9724],[-3.9839,47.9759],[-3.9808,47.976],[-3.9803,47.9838],[-3.967,47.9832],[-3.9647,47.9902],[-3.966,47.9949],[-3.9626,47.9956],[-3.9605,48.0044],[-3.9632,48.0086],[-3.9565,48.0129],[-3.9555,48.0263],[-3.9505,48.0289],[-3.9572,48.0331],[-3.9561,48.035],[-3.9735,48.0389],[-3.9724,48.0404],[-3.9622,48.0433],[-3.951,48.0426],[-3.9382,48.0499],[-3.9154,48.0549],[-3.9139,48.0473],[-3.9094,48.0454],[-3.8995,48.0439],[-3.8998,48.0456],[-3.8847,48.0469],[-3.8814,48.0437],[-3.8701,48.0441],[-3.8658,48.0406],[-3.8662,48.037],[-3.8543,48.0376],[-3.8357,48.0438],[-3.8301,48.0483],[-3.8266,48.0478],[-3.8245,48.0526],[-3.8169,48.0511],[-3.8121,48.0668],[-3.7962,48.0656],[-3.7984,48.0483],[-3.8066,48.038],[-3.8053,48.0251],[-3.8116,48.0173],[-3.8105,48.0109],[-3.8125,48.0073],[-3.8096,48.0012],[-3.8133,47.9991],[-3.8134,47.9964],[-3.7967,47.9983],[-3.7967,48.0002],[-3.7917,47.9995],[-3.791,47.9968],[-3.7872,47.9973],[-3.7854,47.9943],[-3.7818,47.9967],[-3.7711,47.9975],[-3.7691,47.9941],[-3.7694,47.9957],[-3.7595,47.9975],[-3.7531,47.9848],[-3.7501,47.9835],[-3.7498,47.9807],[-3.7534,47.98],[-3.7502,47.9757],[-3.7515,47.9692],[-3.7592,47.9686],[-3.7639,47.9649],[-3.7633,47.9593],[-3.7555,47.9495],[-3.76,47.9452],[-3.7541,47.9417],[-3.7538,47.9353],[-3.7643,47.9291],[-3.761,47.9255],[-3.7627,47.9188],[-3.7519,47.9076],[-3.7539,47.9054],[-3.7519,47.9025],[-3.7566,47.901],[-3.7469,47.8928],[-3.7351,47.8872],[-3.7252,47.8714],[-3.7274,47.8636],[-3.7361,47.863],[-3.7297,47.8605],[-3.7331,47.8581],[-3.7287,47.8546],[-3.7312,47.8505],[-3.7379,47.8501],[-3.7415,47.8472],[-3.7483,47.8478],[-3.7479,47.8541],[-3.749,47.848],[-3.7553,47.844],[-3.7509,47.845],[-3.7483,47.8419],[-3.7526,47.8391],[-3.7539,47.8407],[-3.7554,47.8396],[-3.7526,47.8377],[-3.7573,47.8362],[-3.7518,47.8271],[-3.7494,47.8287],[-3.7496,47.8268],[-3.746,47.8267],[-3.7453,47.819],[-3.7513,47.8165],[-3.7556,47.8179],[-3.7564,47.8214],[-3.7561,47.8176],[-3.7591,47.8164],[-3.7536,47.8171],[-3.7542,47.8155],[-3.7494,47.8135],[-3.7466,47.8157],[-3.744,47.8122],[-3.7455,47.8091],[-3.7436,47.811],[-3.7413,47.8093],[-3.7394,47.8053],[-3.7406,47.802],[-3.7379,47.8001],[-3.7621,47.7902],[-3.7667,47.7943],[-3.7665,47.7917],[-3.7698,47.79],[-3.7882,47.7911],[-3.7999,47.7875],[-3.8066,47.789],[-3.8111,47.7942],[-3.8187,47.7964],[-3.8259,47.7968],[-3.8285,47.7933],[-3.8303,47.7961],[-3.839,47.7985],[-3.846,47.7924],[-3.8518,47.7926],[-3.8556,47.7901],[-3.8539,47.7921],[-3.8557,47.7938],[-3.8531,47.7931],[-3.8503,47.7972],[-3.8516,47.7988],[-3.8436,47.806],[-3.8504,47.8002],[-3.852,47.8026],[-3.8511,47.799],[-3.855,47.8043],[-3.8654,47.8094],[-3.8933,47.8332],[-3.9019,47.8344],[-3.9019,47.8404],[-3.8982,47.8419],[-3.8989,47.8466],[-3.8929,47.8465],[-3.8938,47.8421],[-3.8899,47.8441],[-3.8912,47.8478],[-3.8869,47.8496],[-3.9031,47.8493],[-3.9055,47.8516],[-3.9097,47.85],[-3.9106,47.8533],[-3.9192,47.8559],[-3.9133,47.8593],[-3.9079,47.8561],[-3.9012,47.8602],[-3.8988,47.8589],[-3.9003,47.8624],[-3.9055,47.8605],[-3.9078,47.8624],[-3.9067,47.8643],[-3.9114,47.8665],[-3.9116,47.8713],[-3.9066,47.8729],[-3.9085,47.8736],[-3.9055,47.8771],[-3.9174,47.8738],[-3.9138,47.8689],[-3.9266,47.8695],[-3.9311,47.8724],[-3.9291,47.8744],[-3.9318,47.8805],[-3.9476,47.8876],[-3.9413,47.8945],[-3.9497,47.8906],[-3.9453,47.9029],[-3.9482,47.9094],[-3.9459,47.9147],[-3.9494,47.916],[-3.9495,47.9243],[-3.9312,47.9267],[-3.931,47.9288],[-3.935,47.9302],[-3.9323,47.931],[-3.9332,47.934],[-3.9285,47.9358],[-3.9299,47.9392],[-3.9366,47.9388],[-3.9377,47.9369],[-3.9366,47.9388],[-3.9399,47.9397]]],[[[-3.8028,47.784],[-3.7998,47.7852],[-3.799,47.7834],[-3.8028,47.784]]]]}},{"type":"Feature","properties":{"territoire":"242900793","nom":"CC Communauté Lesneven Côte des Légendes","type":"epci"},"geometry":{"type":"MultiPolygon","coordinates":[[[[-4.4076,48.5597],[-4.4489,48.5701],[-4.4333,48.5774],[-4.4305,48.5824],[-4.4224,48.5813],[-4.4215,48.5859],[-4.425,48.5871],[-4.4176,48.5933],[-4.4284,48.5994],[-4.4351,48.5973],[-4.4519,48.6112],[-4.4538,48.6186],[-4.4473,48.6227],[-4.448,48.6261],[-4.4439,48.6296],[-4.4511,48.6325],[-4.4533,48.6257],[-4.4632,48.6272],[-4.4474,48.6382],[-4.4493,48.6434],[-4.4471,48.6395],[-4.4402,48.6417],[-4.4406,48.6382],[-4.4348,48.6354],[-4.4306,48.6373],[-4.4332,48.6421],[-4.4203,48.6375],[-4.3972,48.6367],[-4.4045,48.6417],[-4.4165,48.6416],[-4.4248,48.6468],[-4.4329,48.6475],[-4.4337,48.6519],[-4.4376,48.6529],[-4.4356,48.656],[-4.4268,48.6523],[-4.4177,48.655],[-4.3981,48.6558],[-4.3879,48.6616],[-4.3794,48.6594],[-4.3787,48.6617],[-4.3812,48.6612],[-4.3803,48.6599],[-4.3811,48.6627],[-4.3761,48.6642],[-4.3737,48.6698],[-4.3661,48.6689],[-4.347,48.6783],[-4.3353,48.6757],[-4.3298,48.6772],[-4.3303,48.6752],[-4.3248,48.675],[-4.33,48.6691],[-4.3273,48.6668],[-4.3211,48.6663],[-4.3198,48.6674],[-4.3216,48.6686],[-4.3172,48.6707],[-4.3182,48.6722],[-4.3128,48.6726],[-4.3127,48.6686],[-4.2964,48.6647],[-4.2941,48.6617],[-4.3005,48.6589],[-4.2991,48.6539],[-4.3094,48.6462],[-4.3119,48.646],[-4.3093,48.6472],[-4.3114,48.6485],[-4.319,48.6467],[-4.3156,48.6464],[-4.3185,48.6448],[-4.3085,48.6442],[-4.3117,48.6394],[-4.3116,48.6418],[-4.3161,48.6406],[-4.3158,48.6374],[-4.2966,48.6325],[-4.2935,48.6363],[-4.2894,48.633],[-4.2754,48.6332],[-4.2699,48.63],[-4.2714,48.6256],[-4.2737,48.6251],[-4.2702,48.6197],[-4.274,48.6099],[-4.2635,48.6002],[-4.2504,48.6016],[-4.244,48.5868],[-4.2384,48.5849],[-4.2438,48.5799],[-4.243,48.5769],[-4.2388,48.5768],[-4.2386,48.5748],[-4.2467,48.5732],[-4.2455,48.5673],[-4.2527,48.569],[-4.2505,48.5657],[-4.2529,48.5612],[-4.2437,48.5565],[-4.2325,48.5406],[-4.2363,48.5403],[-4.2256,48.5374],[-4.2245,48.535],[-4.2253,48.5326],[-4.2326,48.5352],[-4.243,48.5347],[-4.2471,48.5306],[-4.2458,48.5265],[-4.2559,48.524],[-4.2591,48.5267],[-4.2555,48.5204],[-4.2589,48.5212],[-4.2674,48.5164],[-4.2757,48.5195],[-4.2825,48.5103],[-4.281,48.5071],[-4.2935,48.507],[-4.2961,48.5045],[-4.2852,48.4923],[-4.2863,48.4843],[-4.2834,48.4829],[-4.2854,48.4813],[-4.2833,48.4802],[-4.288,48.4792],[-4.2817,48.4733],[-4.2836,48.4708],[-4.3146,48.4809],[-4.3182,48.4848],[-4.3285,48.4889],[-4.3279,48.4947],[-4.3348,48.4997],[-4.3353,48.5035],[-4.341,48.5037],[-4.3452,48.4993],[-4.3492,48.5014],[-4.3591,48.5173],[-4.3587,48.5226],[-4.3623,48.5243],[-4.3635,48.5289],[-4.3587,48.5295],[-4.3737,48.5429],[-4.3732,48.5455],[-4.3678,48.5434],[-4.3644,48.547],[-4.3715,48.5481],[-4.3691,48.5523],[-4.3794,48.5487],[-4.3798,48.5454],[-4.3856,48.5447],[-4.3944,48.5557],[-4.4076,48.5597]]],[[[-4.4375,48.6569],[-4.4367,48.6584],[-4.436,48.6561],[-4.4375,48.6569]]]]}},{"type":"Feature","properties":{"territoire":"242900801","nom":"CA du Pays de Landerneau-Daoulas","type":"epci"},"geometry":{"type":"MultiPolygon","coordinates":[[[[-4.221,48.314],[-4.2314,48.3144],[-4.2331,48.3119],[-4.2451,48.3111],[-4.2449,48.3063],[-4.249,48.3024],[-4.2456,48.2996],[-4.2471,48.299],[-4.255,48.3059],[-4.2599,48.3066],[-4.2556,48.3078],[-4.2558,48.3096],[-4.2608,48.3094],[-4.2593,48.3075],[-4.2719,48.3088],[-4.282,48.3141],[-4.2667,48.3181],[-4.2665,48.3208],[-4.2542,48.3217],[-4.2423,48.3288],[-4.2527,48.3259],[-4.2555,48.3275],[-4.2609,48.3234],[-4.2658,48.3242],[-4.2714,48.3212],[-4.2684,48.3206],[-4.2706,48.3195],[-4.2769,48.3211],[-4.2803,48.319],[-4.2833,48.3204],[-4.2834,48.3231],[-4.2832,48.317],[-4.2867,48.3168],[-4.293,48.3116],[-4.3088,48.3161],[-4.3069,48.3188],[-4.3117,48.3169],[-4.3094,48.3146],[-4.3345,48.3152],[-4.3337,48.313],[-4.3367,48.3148],[-4.3293,48.3205],[-4.3257,48.32],[-4.3246,48.3235],[-4.3186,48.3222],[-4.3168,48.3256],[-4.3191,48.3256],[-4.3193,48.3234],[-4.3199,48.3262],[-4.3232,48.3264],[-4.3185,48.3294],[-4.3093,48.3272],[-4.3026,48.3307],[-4.3076,48.3331],[-4.3162,48.3314],[-4.3173,48.3352],[-4.3073,48.3381],[-4.3004,48.3373],[-4.2907,48.342],[-4.2861,48.341],[-4.278,48.3445],[-4.2833,48.3463],[-4.283,48.3432],[-4.284,48.347],[-4.2884,48.349],[-4.2917,48.3477],[-4.2924,48.3505],[-4.2713,48.3531],[-4.2609,48.3607],[-4.2766,48.3551],[-4.2868,48.3564],[-4.2855,48.3547],[-4.2873,48.3531],[-4.2943,48.3535],[-4.2989,48.3566],[-4.3065,48.3546],[-4.3048,48.3521],[-4.3073,48.3483],[-4.2993,48.347],[-4.2991,48.3453],[-4.3192,48.3433],[-4.3306,48.3393],[-4.3308,48.3471],[-4.326,48.3497],[-4.327,48.3521],[-4.3174,48.3622],[-4.3241,48.367],[-4.3318,48.3674],[-4.331,48.3714],[-4.3249,48.3766],[-4.3256,48.3829],[-4.3315,48.3825],[-4.3317,48.3875],[-4.3393,48.3857],[-4.3433,48.3937],[-4.3411,48.3982],[-4.343,48.4001],[-4.3455,48.3984],[-4.3481,48.402],[-4.3107,48.417],[-4.2867,48.4334],[-4.2816,48.4312],[-4.2822,48.4344],[-4.2695,48.4418],[-4.2727,48.4436],[-4.2695,48.4448],[-4.278,48.4421],[-4.2794,48.4375],[-4.2938,48.4341],[-4.3027,48.4281],[-4.3011,48.4263],[-4.3091,48.4254],[-4.3145,48.4198],[-4.3254,48.4174],[-4.3378,48.4208],[-4.3381,48.4269],[-4.3448,48.4371],[-4.3409,48.4426],[-4.3494,48.445],[-4.3465,48.4505],[-4.3512,48.451],[-4.3509,48.454],[-4.3625,48.4572],[-4.3405,48.4657],[-4.3402,48.4741],[-4.3517,48.4797],[-4.3453,48.4831],[-4.3535,48.4893],[-4.3476,48.5011],[-4.3452,48.4993],[-4.341,48.5037],[-4.3353,48.5035],[-4.3348,48.4997],[-4.3279,48.4947],[-4.3285,48.4889],[-4.3182,48.4848],[-4.3146,48.4809],[-4.2836,48.4708],[-4.2817,48.4733],[-4.288,48.4792],[-4.2833,48.4802],[-4.2854,48.4813],[-4.2834,48.4829],[-4.2863,48.4843],[-4.2852,48.4923],[-4.2961,48.5045],[-4.2935,48.507],[-4.281,48.5071],[-4.2825,48.5103],[-4.2757,48.5195],[-4.266,48.5167],[-4.2632,48.5197],[-4.2555,48.5204],[-4.2591,48.5267],[-4.2557,48.524],[-4.2453,48.5269],[-4.2427,48.5135],[-4.2327,48.5116],[-4.2271,48.5037],[-4.2282,48.5014],[-4.2204,48.4996],[-4.2162,48.4946],[-4.2057,48.4989],[-4.2046,48.5011],[-4.207,48.5043],[-4.1984,48.5059],[-4.1964,48.5006],[-4.1868,48.4942],[-4.1937,48.4926],[-4.2022,48.4852],[-4.1993,48.4824],[-4.195,48.4842],[-4.1939,48.4813],[-4.1878,48.4823],[-4.1855,48.4796],[-4.1879,48.4786],[-4.1795,48.4804],[-4.1752,48.4855],[-4.1562,48.4897],[-4.1541,48.4867],[-4.1484,48.4851],[-4.1193,48.4915],[-4.118,48.4878],[-4.1111,48.4862],[-4.1048,48.4784],[-4.115,48.4673],[-4.11,48.4654],[-4.1008,48.4666],[-4.0981,48.4625],[-4.1034,48.4577],[-4.1011,48.4562],[-4.1021,48.4519],[-4.0933,48.4491],[-4.0855,48.4516],[-4.0968,48.4378],[-4.1013,48.4367],[-4.106,48.4315],[-4.105,48.4242],[-4.0978,48.4173],[-4.1002,48.4145],[-4.1049,48.4148],[-4.1042,48.4123],[-4.1062,48.412],[-4.1019,48.4089],[-4.1044,48.407],[-4.1003,48.4053],[-4.1036,48.4025],[-4.101,48.4008],[-4.1017,48.3972],[-4.0962,48.3948],[-4.0974,48.3872],[-4.0865,48.3762],[-4.078,48.3625],[-4.0715,48.3592],[-4.0619,48.3589],[-4.059,48.3516],[-4.05,48.3574],[-4.0456,48.3484],[-4.0498,48.3392],[-4.0491,48.331],[-4.0527,48.3226],[-4.0609,48.319],[-4.0616,48.3149],[-4.0661,48.3114],[-4.0813,48.3094],[-4.0938,48.3113],[-4.1083,48.3204],[-4.1216,48.3212],[-4.1298,48.3242],[-4.1392,48.3199],[-4.1442,48.3201],[-4.1509,48.3088],[-4.1597,48.3063],[-4.162,48.3025],[-4.1734,48.301],[-4.1815,48.3053],[-4.1817,48.3034],[-4.1885,48.3036],[-4.187,48.3014],[-4.1896,48.2982],[-4.1974,48.2969],[-4.2123,48.298],[-4.2226,48.296],[-4.2391,48.299],[-4.2362,48.3021],[-4.2412,48.3056],[-4.241,48.3077],[-4.221,48.314]]]]}},{"type":"Feature","properties":{"territoire":"242900835","nom":"CA Morlaix Communauté","type":"epci"},"geometry":{"type":"MultiPolygon","coordinates":[[[[-3.9494,48.4414],[-3.9531,48.4443],[-3.961,48.4415],[-3.9784,48.4584],[-3.9774,48.4617],[-3.9741,48.462],[-3.9698,48.4727],[-3.9726,48.4787],[-3.9803,48.4832],[-3.9797,48.487],[-3.9835,48.4879],[-3.9796,48.4903],[-3.9818,48.4963],[-3.9735,48.5016],[-3.9717,48.5062],[-3.9736,48.5099],[-3.971,48.515],[-3.9643,48.5177],[-3.9579,48.5263],[-3.9555,48.5343],[-3.9597,48.5368],[-3.9537,48.5382],[-3.9512,48.5429],[-3.9444,48.5462],[-3.9386,48.5546],[-3.9342,48.557],[-3.9322,48.5652],[-3.9344,48.5694],[-3.9295,48.5725],[-3.928,48.5794],[-3.9227,48.5874],[-3.9261,48.5916],[-3.934,48.594],[-3.9457,48.6175],[-3.9523,48.6206],[-3.9508,48.6232],[-3.9539,48.6265],[-3.9488,48.6388],[-3.9516,48.6448],[-3.9507,48.6531],[-3.943,48.6547],[-3.9411,48.659],[-3.9302,48.6579],[-3.9222,48.6758],[-3.9134,48.6738],[-3.9097,48.6696],[-3.8994,48.6708],[-3.8998,48.6738],[-3.8908,48.6711],[-3.8911,48.6668],[-3.9029,48.6649],[-3.906,48.6621],[-3.898,48.6467],[-3.8916,48.6426],[-3.8631,48.6339],[-3.8571,48.6264],[-3.8568,48.6195],[-3.8622,48.6137],[-3.8574,48.6087],[-3.8638,48.6084],[-3.8734,48.6024],[-3.8573,48.6087],[-3.8494,48.6035],[-3.8595,48.6145],[-3.8434,48.6286],[-3.8481,48.6289],[-3.8489,48.6376],[-3.8566,48.6483],[-3.8566,48.6615],[-3.8647,48.671],[-3.8614,48.6734],[-3.854,48.6733],[-3.854,48.6622],[-3.8459,48.6603],[-3.8474,48.6658],[-3.8526,48.6648],[-3.8469,48.6663],[-3.8479,48.6697],[-3.8458,48.6722],[-3.8478,48.6762],[-3.8527,48.6767],[-3.8486,48.6798],[-3.8499,48.6837],[-3.8556,48.6847],[-3.8535,48.6865],[-3.8551,48.6894],[-3.8498,48.6918],[-3.8501,48.6958],[-3.8399,48.6972],[-3.8418,48.7065],[-3.8356,48.7067],[-3.836,48.7104],[-3.8312,48.7122],[-3.8312,48.7143],[-3.8307,48.7113],[-3.8249,48.7129],[-3.83,48.7113],[-3.8288,48.7077],[-3.826,48.7077],[-3.8284,48.7046],[-3.8204,48.7007],[-3.8212,48.7086],[-3.8169,48.7123],[-3.8206,48.7135],[-3.8187,48.7162],[-3.8211,48.7189],[-3.8086,48.7117],[-3.7989,48.7131],[-3.796,48.706],[-3.785,48.7012],[-3.7761,48.7028],[-3.7748,48.7059],[-3.7659,48.7094],[-3.7609,48.7082],[-3.7582,48.7101],[-3.7505,48.7071],[-3.7442,48.709],[-3.7417,48.7067],[-3.7364,48.709],[-3.7289,48.7056],[-3.7228,48.7065],[-3.7164,48.7047],[-3.7187,48.7009],[-3.7047,48.6946],[-3.7028,48.6905],[-3.6885,48.6918],[-3.6808,48.6866],[-3.656,48.6968],[-3.6502,48.6935],[-3.6441,48.6972],[-3.6443,48.6916],[-3.6525,48.6875],[-3.6548,48.6822],[-3.6393,48.6759],[-3.6392,48.6736],[-3.6549,48.6657],[-3.6659,48.6511],[-3.6614,48.6467],[-3.66,48.6349],[-3.6543,48.6238],[-3.6559,48.6206],[-3.6545,48.6171],[-3.6513,48.6162],[-3.6495,48.6104],[-3.6389,48.6121],[-3.6415,48.5972],[-3.6295,48.5879],[-3.6174,48.5902],[-3.6,48.5834],[-3.594,48.5857],[-3.5917,48.5826],[-3.5886,48.5827],[-3.5839,48.5744],[-3.5907,48.5635],[-3.5951,48.5641],[-3.5989,48.561],[-3.5987,48.5571],[-3.5797,48.5529],[-3.5713,48.5584],[-3.5699,48.5546],[-3.5577,48.5477],[-3.5539,48.5409],[-3.5398,48.5382],[-3.5585,48.5286],[-3.5634,48.5221],[-3.5742,48.5157],[-3.583,48.5052],[-3.6045,48.4962],[-3.6013,48.4848],[-3.6075,48.4773],[-3.6,48.4785],[-3.5975,48.4729],[-3.6128,48.4672],[-3.6119,48.4619],[-3.6233,48.464],[-3.6267,48.4727],[-3.6382,48.4722],[-3.6408,48.4751],[-3.6529,48.4706],[-3.6506,48.467],[-3.6743,48.4652],[-3.69,48.4521],[-3.7008,48.4539],[-3.7077,48.4518],[-3.7082,48.4481],[-3.726,48.4454],[-3.7291,48.4491],[-3.7697,48.4441],[-3.7702,48.4413],[-3.7872,48.4379],[-3.7912,48.4348],[-3.8025,48.4351],[-3.806,48.4291],[-3.8031,48.4262],[-3.8064,48.4239],[-3.8186,48.4306],[-3.8323,48.4292],[-3.8462,48.4219],[-3.8865,48.4133],[-3.9177,48.4026],[-3.917,48.4072],[-3.9292,48.4288],[-3.9412,48.4383],[-3.9494,48.4414]]],[[[-3.9289,48.6924],[-3.9257,48.6963],[-3.9262,48.6993],[-3.923,48.6978],[-3.9253,48.696],[-3.9227,48.6929],[-3.925,48.6901],[-3.921,48.6884],[-3.9224,48.6863],[-3.919,48.6838],[-3.9225,48.6829],[-3.9225,48.6799],[-3.9266,48.6806],[-3.9228,48.6837],[-3.9265,48.6859],[-3.9256,48.6899],[-3.9289,48.6924]]]]}},{"type":"Feature","properties":{"territoire":"243500139","nom":"Rennes Métropole","type":"epci"},"geometry":{"type":"MultiPolygon","coordinates":[[[[-1.9532,48.0523],[-1.9566,48.0615],[-1.9616,48.0646],[-1.9567,48.0664],[-1.9489,48.0742],[-1.936,48.0773],[-1.9346,48.0809],[-1.9246,48.0794],[-1.9198,48.081],[-1.918,48.0769],[-1.9204,48.0583],[-1.9016,48.0614],[-1.8921,48.0688],[-1.8757,48.0713],[-1.8857,48.0758],[-1.8895,48.084],[-1.8983,48.0864],[-1.9089,48.0958],[-1.908,48.1043],[-1.9128,48.1052],[-1.9126,48.1121],[-1.9184,48.1149],[-1.9018,48.121],[-1.8991,48.1193],[-1.8936,48.1205],[-1.887,48.1229],[-1.8872,48.1261],[-1.8841,48.1272],[-1.8834,48.1304],[-1.8908,48.1314],[-1.8941,48.1348],[-1.8879,48.1399],[-1.8884,48.1457],[-1.8857,48.1477],[-1.8846,48.156],[-1.8801,48.1554],[-1.8818,48.1603],[-1.8797,48.1642],[-1.8828,48.1681],[-1.8774,48.1735],[-1.8708,48.1757],[-1.8713,48.1867],[-1.8578,48.1898],[-1.8447,48.1862],[-1.8431,48.1899],[-1.8461,48.2023],[-1.8895,48.1998],[-1.8959,48.1946],[-1.9051,48.2],[-1.9083,48.2074],[-1.9216,48.2135],[-1.9144,48.2223],[-1.9177,48.2283],[-1.916,48.2415],[-1.9091,48.2454],[-1.9062,48.2517],[-1.9309,48.2681],[-1.9427,48.2692],[-1.9503,48.2717],[-1.952,48.2752],[-1.9581,48.2748],[-1.9571,48.2773],[-1.9593,48.2773],[-1.956,48.2837],[-1.9563,48.2903],[-1.948,48.2912],[-1.9496,48.2936],[-1.9479,48.2976],[-1.9392,48.3007],[-1.9346,48.2989],[-1.9237,48.3061],[-1.905,48.2984],[-1.9148,48.2844],[-1.907,48.2798],[-1.9064,48.27],[-1.9002,48.267],[-1.8956,48.2701],[-1.8822,48.2711],[-1.8819,48.278],[-1.8748,48.2767],[-1.8722,48.2809],[-1.857,48.2822],[-1.8515,48.2856],[-1.8454,48.2841],[-1.834,48.2885],[-1.8277,48.2876],[-1.8251,48.2817],[-1.8294,48.2771],[-1.8369,48.2778],[-1.8404,48.2749],[-1.8401,48.2724],[-1.8432,48.272],[-1.8431,48.267],[-1.8357,48.2625],[-1.8325,48.2541],[-1.8391,48.2545],[-1.8435,48.2506],[-1.8337,48.2442],[-1.8226,48.2435],[-1.8203,48.2463],[-1.8115,48.2469],[-1.7897,48.2455],[-1.7899,48.2394],[-1.7789,48.242],[-1.7763,48.2399],[-1.7796,48.2393],[-1.779,48.2362],[-1.7742,48.233],[-1.7761,48.2297],[-1.7731,48.2268],[-1.7739,48.2227],[-1.7652,48.2204],[-1.767,48.2191],[-1.7633,48.2178],[-1.7694,48.2134],[-1.7478,48.2059],[-1.7729,48.2011],[-1.7768,48.1967],[-1.782,48.1957],[-1.778,48.192],[-1.7795,48.1881],[-1.7591,48.1867],[-1.7465,48.1945],[-1.7403,48.1911],[-1.7296,48.1927],[-1.7239,48.182],[-1.7191,48.1842],[-1.7144,48.1823],[-1.7132,48.1859],[-1.7077,48.1869],[-1.7021,48.1819],[-1.697,48.1811],[-1.6905,48.1904],[-1.687,48.1898],[-1.676,48.2006],[-1.6621,48.1994],[-1.663,48.2017],[-1.6581,48.2038],[-1.6543,48.2175],[-1.6445,48.2343],[-1.6472,48.2369],[-1.6418,48.2492],[-1.6441,48.2535],[-1.6355,48.2542],[-1.6318,48.2533],[-1.6324,48.2493],[-1.6286,48.245],[-1.6202,48.2417],[-1.6261,48.206],[-1.6201,48.2029],[-1.6126,48.2048],[-1.5983,48.1988],[-1.5928,48.2069],[-1.591,48.2143],[-1.5872,48.2143],[-1.586,48.2176],[-1.5822,48.2169],[-1.5811,48.2215],[-1.5769,48.2251],[-1.5765,48.2314],[-1.5547,48.224],[-1.5575,48.2149],[-1.5553,48.2138],[-1.5627,48.2105],[-1.5602,48.2091],[-1.5622,48.2081],[-1.5648,48.2121],[-1.5705,48.2127],[-1.5679,48.2052],[-1.5791,48.1955],[-1.5996,48.1972],[-1.6129,48.1836],[-1.6144,48.1794],[-1.609,48.1797],[-1.6067,48.1773],[-1.5949,48.1794],[-1.5961,48.169],[-1.5925,48.1654],[-1.5881,48.1683],[-1.5746,48.1684],[-1.5698,48.1718],[-1.5532,48.1712],[-1.5603,48.1668],[-1.5493,48.1628],[-1.5278,48.1714],[-1.5059,48.1681],[-1.4984,48.1736],[-1.4848,48.165],[-1.4838,48.1675],[-1.4794,48.1669],[-1.4777,48.1627],[-1.4724,48.1616],[-1.473,48.1586],[-1.4683,48.1515],[-1.4871,48.1415],[-1.4851,48.1331],[-1.4818,48.1316],[-1.4864,48.1225],[-1.4803,48.1214],[-1.4814,48.115],[-1.4776,48.114],[-1.4741,48.1171],[-1.4685,48.1138],[-1.4672,48.0993],[-1.4724,48.0961],[-1.4813,48.0925],[-1.4867,48.0996],[-1.4868,48.1034],[-1.4972,48.1041],[-1.5184,48.1104],[-1.5174,48.1124],[-1.5196,48.1139],[-1.5153,48.1161],[-1.5143,48.1198],[-1.518,48.1206],[-1.5195,48.1262],[-1.5255,48.1319],[-1.5383,48.1303],[-1.5468,48.1214],[-1.5517,48.1205],[-1.5505,48.111],[-1.5541,48.1095],[-1.5521,48.1069],[-1.5559,48.1068],[-1.5566,48.098],[-1.5629,48.0923],[-1.5687,48.0927],[-1.5686,48.0887],[-1.5644,48.088],[-1.5634,48.0802],[-1.5665,48.0801],[-1.5693,48.0758],[-1.5686,48.0697],[-1.5742,48.0695],[-1.5757,48.0665],[-1.5651,48.0596],[-1.5664,48.0562],[-1.5483,48.0508],[-1.5261,48.0367],[-1.5107,48.0332],[-1.5125,48.0308],[-1.5072,48.0296],[-1.5062,48.0258],[-1.507,48.0221],[-1.5148,48.0259],[-1.5287,48.0229],[-1.5256,48.0178],[-1.527,48.0014],[-1.522,47.9952],[-1.527,47.9927],[-1.5345,47.9946],[-1.53,47.9896],[-1.5364,47.9825],[-1.5384,47.9732],[-1.5595,47.9753],[-1.5638,47.968],[-1.5656,47.9586],[-1.5791,47.9559],[-1.5791,47.9543],[-1.5899,47.9578],[-1.5964,47.9543],[-1.6055,47.955],[-1.6085,47.9593],[-1.6039,47.9609],[-1.6027,47.9714],[-1.6158,47.9731],[-1.62,47.9757],[-1.6275,47.973],[-1.6325,47.967],[-1.6233,47.9584],[-1.6349,47.956],[-1.6417,47.9516],[-1.6501,47.9659],[-1.6568,47.971],[-1.662,47.9697],[-1.6659,47.9725],[-1.6717,47.9691],[-1.6769,47.9552],[-1.6715,47.9533],[-1.6722,47.9509],[-1.667,47.9481],[-1.6716,47.9416],[-1.6723,47.9356],[-1.6861,47.937],[-1.7189,47.9343],[-1.7214,47.9356],[-1.7203,47.9381],[-1.7362,47.9411],[-1.7442,47.9482],[-1.7498,47.9494],[-1.7444,47.965],[-1.7584,47.9873],[-1.7516,47.996],[-1.7647,47.9983],[-1.7631,48.002],[-1.7849,48.0039],[-1.7823,48.0159],[-1.7734,48.0249],[-1.7741,48.0283],[-1.7779,48.0299],[-1.7767,48.0316],[-1.7955,48.0355],[-1.7982,48.0439],[-1.8022,48.046],[-1.8123,48.0439],[-1.8142,48.0464],[-1.8234,48.0485],[-1.8225,48.0563],[-1.818,48.0597],[-1.8257,48.0678],[-1.8414,48.0637],[-1.8475,48.0656],[-1.8474,48.0689],[-1.854,48.0688],[-1.8561,48.0728],[-1.8626,48.0729],[-1.8643,48.0705],[-1.8741,48.0716],[-1.8766,48.0695],[-1.8924,48.0684],[-1.9056,48.0596],[-1.9193,48.0587],[-1.9292,48.054],[-1.9532,48.0523]]]]}},{"type":"Feature","properties":{"territoire":"243500550","nom":"CC Montfort Communauté","type":"epci"},"geometry":{"type":"MultiPolygon","coordinates":[[[[-1.9096,48.0983],[-1.8983,48.0864],[-1.8895,48.084],[-1.8857,48.0758],[-1.8757,48.0713],[-1.8921,48.0688],[-1.9069,48.0599],[-1.9204,48.0583],[-1.918,48.0769],[-1.9198,48.081],[-1.9297,48.0794],[-1.9439,48.0817],[-1.9455,48.0839],[-1.9585,48.084],[-1.9576,48.0817],[-1.9633,48.0795],[-1.9616,48.0762],[-2,48.0662],[-1.9994,48.0629],[-2.002,48.0616],[-2.0098,48.0605],[-2.0108,48.0654],[-2.0361,48.0693],[-2.04,48.0688],[-2.0444,48.0618],[-2.0449,48.0663],[-2.0542,48.0709],[-2.0623,48.0707],[-2.068,48.0676],[-2.074,48.0732],[-2.0919,48.0744],[-2.0931,48.0765],[-2.0862,48.0824],[-2.0793,48.0839],[-2.0817,48.0876],[-2.0718,48.092],[-2.0695,48.0957],[-2.0824,48.1077],[-2.0925,48.1053],[-2.1057,48.1071],[-2.1002,48.1129],[-2.1049,48.124],[-2.0975,48.128],[-2.0893,48.1242],[-2.082,48.1283],[-2.0758,48.1241],[-2.0726,48.1379],[-2.0845,48.1417],[-2.0847,48.1465],[-2.0912,48.145],[-2.0868,48.1527],[-2.0681,48.1461],[-2.05,48.1514],[-2.0323,48.1497],[-2.0301,48.1538],[-2.0179,48.1547],[-2.0188,48.1801],[-2.0116,48.1801],[-2.005,48.1759],[-1.987,48.1808],[-1.9867,48.1827],[-1.9993,48.1857],[-1.9985,48.1875],[-2.0021,48.191],[-1.9944,48.1894],[-1.985,48.1927],[-1.9819,48.1962],[-1.988,48.2019],[-1.9885,48.2055],[-1.9846,48.2069],[-1.9885,48.2116],[-1.9535,48.2172],[-1.9551,48.223],[-1.9511,48.2275],[-1.9401,48.2271],[-1.9281,48.2292],[-1.9297,48.2312],[-1.9271,48.2319],[-1.9168,48.232],[-1.9177,48.2283],[-1.9144,48.2223],[-1.9216,48.2135],[-1.9083,48.2074],[-1.9037,48.1986],[-1.8958,48.1946],[-1.8895,48.1998],[-1.8488,48.203],[-1.844,48.1989],[-1.843,48.1909],[-1.8447,48.1862],[-1.8578,48.1898],[-1.8713,48.1867],[-1.8708,48.1757],[-1.8774,48.1735],[-1.8828,48.1681],[-1.8797,48.1642],[-1.8818,48.1603],[-1.8801,48.1554],[-1.8846,48.156],[-1.8857,48.1477],[-1.8884,48.1457],[-1.8879,48.1399],[-1.8941,48.1348],[-1.8908,48.1314],[-1.8834,48.1304],[-1.8841,48.1272],[-1.8872,48.1261],[-1.887,48.1229],[-1.8936,48.1205],[-1.8991,48.1193],[-1.9018,48.121],[-1.9184,48.1149],[-1.9126,48.1121],[-1.9128,48.1052],[-1.908,48.1043],[-1.9096,48.0983]]],[[[-2.1244,48.1567],[-2.1142,48.1596],[-2.1131,48.1502],[-2.1015,48.1537],[-2.0917,48.1461],[-2.1139,48.1501],[-2.1307,48.1474],[-2.1317,48.152],[-2.1244,48.1567]]]]}},{"type":"Feature","properties":{"territoire":"243500618","nom":"CC Brocéliande Communauté","type":"epci"},"geometry":{"type":"MultiPolygon","coordinates":[[[[-1.9723,48.0138],[-1.974,48.0135],[-1.9701,48.0045],[-1.9623,48.0019],[-1.9672,47.9952],[-1.9634,47.9735],[-1.9725,47.9723],[-1.9716,47.9688],[-1.9964,47.9588],[-2.0304,47.9526],[-2.0417,47.948],[-2.061,47.9502],[-2.0732,47.944],[-2.0739,47.9461],[-2.0903,47.9489],[-2.0944,47.9529],[-2.1101,47.9528],[-2.1088,47.957],[-2.1106,47.9599],[-2.1183,47.9602],[-2.1223,47.9645],[-2.1264,47.9644],[-2.1368,47.9791],[-2.1413,47.9802],[-2.144,47.984],[-2.1787,47.9799],[-2.187,47.9829],[-2.1856,47.9854],[-2.1913,47.991],[-2.198,47.9907],[-2.2114,47.995],[-2.2162,47.993],[-2.2192,47.9955],[-2.2261,47.9946],[-2.2368,47.9998],[-2.2486,47.9968],[-2.2589,47.9973],[-2.2832,47.9909],[-2.2876,47.9916],[-2.287,47.9985],[-2.289,48.0009],[-2.2814,48.0039],[-2.2746,48.0105],[-2.2827,48.0178],[-2.2798,48.0262],[-2.2636,48.0401],[-2.2521,48.0454],[-2.2446,48.0521],[-2.2249,48.0506],[-2.1886,48.0526],[-2.1882,48.0568],[-2.1813,48.0571],[-2.1704,48.0634],[-2.1719,48.0736],[-2.1581,48.0842],[-2.1524,48.0859],[-2.1348,48.0854],[-2.1247,48.0831],[-2.1209,48.0789],[-2.1106,48.0794],[-2.1095,48.0768],[-2.0965,48.0745],[-2.0931,48.0765],[-2.0914,48.074],[-2.074,48.0732],[-2.068,48.0676],[-2.0623,48.0707],[-2.0542,48.0709],[-2.0449,48.0663],[-2.0444,48.0618],[-2.0394,48.0691],[-2.0186,48.067],[-2.0108,48.0654],[-2.0098,48.0605],[-2.0012,48.0618],[-1.9997,48.0663],[-1.9616,48.0762],[-1.9633,48.0795],[-1.9576,48.0817],[-1.9585,48.084],[-1.9455,48.0839],[-1.9439,48.0817],[-1.9361,48.0804],[-1.9358,48.0775],[-1.9491,48.0741],[-1.9567,48.0664],[-1.9616,48.0646],[-1.9566,48.0615],[-1.9512,48.0516],[-1.9056,48.0596],[-1.8924,48.0684],[-1.8766,48.0695],[-1.8741,48.0716],[-1.8643,48.0705],[-1.8626,48.0729],[-1.8561,48.0728],[-1.854,48.0688],[-1.8474,48.0689],[-1.8475,48.0656],[-1.8414,48.0637],[-1.8259,48.0679],[-1.818,48.0597],[-1.8225,48.0563],[-1.8241,48.0503],[-1.8202,48.046],[-1.8193,48.04],[-1.8261,48.0379],[-1.8258,48.0282],[-1.8296,48.0217],[-1.833,48.0224],[-1.8343,48.0196],[-1.8474,48.0159],[-1.8628,48.0159],[-1.871,48.0208],[-1.8784,48.0224],[-1.8862,48.021],[-1.8889,48.0238],[-1.906,48.0244],[-1.9146,48.0222],[-1.9241,48.0238],[-1.9279,48.0227],[-1.9304,48.015],[-1.9406,48.0176],[-1.9466,48.017],[-1.9471,48.0138],[-1.9723,48.0138]]]]}},{"type":"Feature","properties":{"territoire":"243500634","nom":"Roche aux Fées Communauté","type":"epci"},"geometry":{"type":"MultiPolygon","coordinates":[[[[-1.2776,47.866],[-1.2733,47.8697],[-1.2576,47.8679],[-1.2517,47.8704],[-1.251,47.873],[-1.2436,47.8729],[-1.226,47.8617],[-1.2118,47.8586],[-1.2234,47.8514],[-1.2147,47.847],[-1.2138,47.8443],[-1.216,47.8317],[-1.2222,47.8247],[-1.2201,47.8206],[-1.2329,47.82],[-1.2381,47.8098],[-1.2426,47.808],[-1.2394,47.8061],[-1.2402,47.8023],[-1.2365,47.7983],[-1.2408,47.7935],[-1.2461,47.7767],[-1.3117,47.7912],[-1.365,47.7987],[-1.3615,47.8034],[-1.3641,47.8063],[-1.3779,47.8099],[-1.3767,47.8151],[-1.3803,47.8181],[-1.3817,47.8234],[-1.3935,47.8293],[-1.3984,47.8292],[-1.4055,47.8244],[-1.4109,47.8286],[-1.4177,47.8274],[-1.4235,47.8328],[-1.4397,47.8305],[-1.4478,47.8332],[-1.4576,47.8311],[-1.4624,47.8359],[-1.4713,47.833],[-1.4786,47.8358],[-1.4832,47.8314],[-1.491,47.831],[-1.507,47.8402],[-1.5017,47.8425],[-1.5049,47.8476],[-1.5008,47.8517],[-1.5018,47.8539],[-1.4971,47.8614],[-1.4985,47.8633],[-1.491,47.8655],[-1.4837,47.8752],[-1.4694,47.8787],[-1.4636,47.8838],[-1.4703,47.8881],[-1.4833,47.8907],[-1.4876,47.8943],[-1.4844,47.8942],[-1.4816,47.8989],[-1.4793,47.8985],[-1.4877,47.9024],[-1.4865,47.9085],[-1.5069,47.9118],[-1.5108,47.9068],[-1.5193,47.9037],[-1.5352,47.9105],[-1.5421,47.9082],[-1.548,47.9193],[-1.5541,47.9199],[-1.552,47.9233],[-1.5568,47.9302],[-1.5707,47.9359],[-1.5705,47.9384],[-1.5794,47.9387],[-1.5806,47.9442],[-1.5748,47.9465],[-1.5713,47.9515],[-1.5675,47.952],[-1.5688,47.958],[-1.5656,47.9586],[-1.5602,47.9748],[-1.5384,47.9732],[-1.5364,47.9825],[-1.53,47.9896],[-1.5345,47.9946],[-1.527,47.9927],[-1.522,47.9952],[-1.527,48.0014],[-1.5256,48.0178],[-1.5287,48.0229],[-1.5148,48.0259],[-1.506,48.0221],[-1.5047,48.0248],[-1.4913,48.0257],[-1.4853,48.0336],[-1.4756,48.0299],[-1.4742,48.0216],[-1.4617,48],[-1.4648,47.9993],[-1.4632,47.9911],[-1.4689,47.9885],[-1.4609,47.985],[-1.4546,47.9888],[-1.4495,47.9889],[-1.4483,47.9777],[-1.4422,47.9757],[-1.4414,47.9734],[-1.4311,47.9751],[-1.4174,47.9811],[-1.4031,47.9803],[-1.4009,47.9848],[-1.404,47.9891],[-1.4002,47.9934],[-1.3929,47.9953],[-1.3918,48.002],[-1.3887,48.0022],[-1.384,48.0006],[-1.3785,47.9905],[-1.3741,47.9883],[-1.3626,47.9864],[-1.3548,47.9894],[-1.3207,47.9693],[-1.3235,47.9654],[-1.3354,47.9595],[-1.3337,47.9561],[-1.3261,47.9555],[-1.3227,47.9474],[-1.3149,47.9471],[-1.3123,47.9447],[-1.306,47.9459],[-1.3057,47.9421],[-1.2938,47.9378],[-1.2922,47.9357],[-1.2936,47.9303],[-1.2832,47.9331],[-1.2699,47.9295],[-1.2681,47.928],[-1.2751,47.9236],[-1.2819,47.9241],[-1.2896,47.9193],[-1.2977,47.9179],[-1.2982,47.9066],[-1.2943,47.9058],[-1.2933,47.8984],[-1.3009,47.8942],[-1.3072,47.8797],[-1.2975,47.8747],[-1.296,47.8661],[-1.2853,47.8634],[-1.2776,47.866]]]]}},{"type":"Feature","properties":{"territoire":"243500659","nom":"CC Pays de Châteaugiron Communauté","type":"epci"},"geometry":{"type":"MultiPolygon","coordinates":[[[[-1.4387,47.9731],[-1.4479,47.9771],[-1.4495,47.9889],[-1.4546,47.9888],[-1.4609,47.985],[-1.4689,47.9885],[-1.4632,47.9911],[-1.4648,47.9993],[-1.4617,48],[-1.4742,48.0216],[-1.4756,48.0299],[-1.4853,48.0336],[-1.4899,48.0264],[-1.5047,48.0248],[-1.507,48.0221],[-1.5072,48.0296],[-1.5126,48.031],[-1.5107,48.0332],[-1.5261,48.0367],[-1.5483,48.0508],[-1.5621,48.0538],[-1.5664,48.0562],[-1.5651,48.0596],[-1.5757,48.0665],[-1.5742,48.0695],[-1.5686,48.0697],[-1.5693,48.0758],[-1.5665,48.0801],[-1.5634,48.0802],[-1.5644,48.088],[-1.5686,48.0887],[-1.5687,48.0927],[-1.5629,48.0923],[-1.5566,48.098],[-1.5559,48.1068],[-1.5521,48.1069],[-1.5541,48.1095],[-1.5505,48.111],[-1.5517,48.1205],[-1.5468,48.1214],[-1.5393,48.1298],[-1.5239,48.1312],[-1.518,48.1206],[-1.5143,48.1198],[-1.5153,48.1161],[-1.5195,48.1141],[-1.5174,48.1124],[-1.5194,48.1112],[-1.51,48.1071],[-1.4868,48.1034],[-1.4867,48.0996],[-1.4813,48.0925],[-1.4672,48.0993],[-1.4685,48.1138],[-1.4741,48.1171],[-1.4776,48.114],[-1.4814,48.115],[-1.4803,48.1214],[-1.4864,48.1225],[-1.4818,48.1316],[-1.4851,48.1331],[-1.4871,48.1415],[-1.4683,48.1515],[-1.4657,48.1399],[-1.4631,48.1379],[-1.4663,48.1326],[-1.4574,48.1343],[-1.4465,48.141],[-1.445,48.1364],[-1.4407,48.1386],[-1.441,48.1353],[-1.4359,48.1355],[-1.4319,48.1248],[-1.4337,48.1201],[-1.4301,48.1129],[-1.4401,48.1089],[-1.4374,48.1031],[-1.4405,48.1017],[-1.4397,48.0986],[-1.4344,48.0984],[-1.4334,48.0945],[-1.4441,48.0969],[-1.4549,48.0953],[-1.4502,48.0886],[-1.4545,48.0783],[-1.4516,48.0746],[-1.4382,48.0709],[-1.436,48.0681],[-1.4388,48.0653],[-1.436,48.0607],[-1.425,48.0537],[-1.431,48.0522],[-1.4283,48.0414],[-1.4392,48.042],[-1.4407,48.0379],[-1.4333,48.0355],[-1.4323,48.0377],[-1.4189,48.037],[-1.4153,48.034],[-1.41,48.0351],[-1.4103,48.0373],[-1.4059,48.0397],[-1.4128,48.0431],[-1.4107,48.0449],[-1.4155,48.0492],[-1.4171,48.0547],[-1.4092,48.0562],[-1.4101,48.0496],[-1.4016,48.0446],[-1.397,48.0467],[-1.3887,48.0444],[-1.386,48.0406],[-1.3681,48.04],[-1.3666,48.0367],[-1.3501,48.0376],[-1.3364,48.032],[-1.3381,48.0286],[-1.3508,48.0241],[-1.3584,48.0259],[-1.3585,48.0281],[-1.3654,48.0285],[-1.3645,48.0309],[-1.3804,48.0332],[-1.3789,48.024],[-1.3929,48.0259],[-1.393,48.0241],[-1.3977,48.0233],[-1.3945,48.0167],[-1.3775,48.0056],[-1.3825,48.0037],[-1.3841,48.0005],[-1.3918,48.002],[-1.3929,47.9953],[-1.4002,47.9934],[-1.404,47.9891],[-1.4009,47.9848],[-1.4031,47.9803],[-1.4184,47.9809],[-1.4387,47.9731]]]]}},{"type":"Feature","properties":{"territoire":"243500667","nom":"CC Val d'Ille-Aubigné","type":"epci"},"geometry":{"type":"MultiPolygon","coordinates":[[[[-1.598,48.2387],[-1.5916,48.2373],[-1.5953,48.2254],[-1.591,48.2112],[-1.5983,48.1988],[-1.6126,48.2048],[-1.6189,48.2027],[-1.6261,48.206],[-1.6202,48.2417],[-1.6286,48.245],[-1.6324,48.2493],[-1.6318,48.2533],[-1.6399,48.2545],[-1.6441,48.2535],[-1.6418,48.2492],[-1.6472,48.2369],[-1.6445,48.2343],[-1.6543,48.2175],[-1.6581,48.2038],[-1.663,48.2017],[-1.6621,48.1994],[-1.676,48.2006],[-1.687,48.1898],[-1.6905,48.1904],[-1.697,48.1811],[-1.7021,48.1819],[-1.7077,48.1869],[-1.7132,48.1859],[-1.7144,48.1823],[-1.7191,48.1842],[-1.7239,48.182],[-1.7296,48.1927],[-1.7403,48.1911],[-1.7465,48.1945],[-1.7586,48.1869],[-1.7676,48.186],[-1.7795,48.1881],[-1.778,48.192],[-1.7816,48.1962],[-1.7774,48.1964],[-1.7681,48.2028],[-1.7521,48.2037],[-1.7478,48.2059],[-1.7694,48.2134],[-1.7633,48.2178],[-1.767,48.2191],[-1.7652,48.2204],[-1.7739,48.2227],[-1.7731,48.2268],[-1.7761,48.2297],[-1.7742,48.233],[-1.7795,48.2381],[-1.7764,48.2403],[-1.7804,48.2422],[-1.7899,48.2394],[-1.7897,48.2455],[-1.7946,48.246],[-1.8147,48.247],[-1.8203,48.2463],[-1.8226,48.2435],[-1.8353,48.2446],[-1.8435,48.2506],[-1.8391,48.2545],[-1.8325,48.2541],[-1.8357,48.2625],[-1.8431,48.267],[-1.8432,48.272],[-1.8401,48.2724],[-1.8404,48.2749],[-1.8369,48.2778],[-1.8303,48.2763],[-1.8251,48.2817],[-1.8277,48.2876],[-1.831,48.2882],[-1.83,48.292],[-1.8073,48.2968],[-1.7899,48.2822],[-1.7746,48.2823],[-1.7686,48.278],[-1.765,48.282],[-1.7598,48.281],[-1.761,48.2887],[-1.7579,48.2941],[-1.7518,48.2995],[-1.7469,48.2995],[-1.7417,48.3222],[-1.7134,48.3218],[-1.7019,48.3244],[-1.6994,48.321],[-1.7025,48.3166],[-1.7011,48.3158],[-1.6773,48.3176],[-1.6763,48.3212],[-1.6804,48.3263],[-1.6676,48.3283],[-1.6702,48.3323],[-1.6622,48.3374],[-1.6627,48.344],[-1.6563,48.3497],[-1.6505,48.3444],[-1.645,48.3462],[-1.6429,48.3516],[-1.6391,48.3509],[-1.6376,48.3457],[-1.6238,48.3462],[-1.6039,48.3538],[-1.5989,48.3503],[-1.5886,48.3549],[-1.5742,48.3537],[-1.5738,48.352],[-1.5666,48.3529],[-1.5585,48.3487],[-1.5545,48.3521],[-1.5454,48.3505],[-1.5405,48.352],[-1.5466,48.3609],[-1.5401,48.3605],[-1.5397,48.3653],[-1.534,48.3656],[-1.5304,48.3696],[-1.524,48.3678],[-1.5075,48.3721],[-1.5101,48.3752],[-1.5064,48.3796],[-1.5031,48.374],[-1.5044,48.363],[-1.4864,48.364],[-1.4781,48.3622],[-1.4781,48.3597],[-1.4721,48.3585],[-1.4732,48.3532],[-1.469,48.3531],[-1.4611,48.3461],[-1.4608,48.3433],[-1.47,48.3312],[-1.4744,48.3315],[-1.4827,48.3265],[-1.4772,48.3198],[-1.4843,48.3062],[-1.4837,48.3024],[-1.475,48.2938],[-1.4754,48.2854],[-1.4811,48.2834],[-1.4984,48.2843],[-1.5117,48.2877],[-1.5171,48.2787],[-1.5163,48.2745],[-1.5124,48.2724],[-1.5316,48.271],[-1.5331,48.2676],[-1.5369,48.2662],[-1.5363,48.2628],[-1.558,48.2566],[-1.5603,48.2473],[-1.5682,48.2454],[-1.5736,48.2481],[-1.5789,48.2459],[-1.5832,48.2519],[-1.5846,48.2481],[-1.5913,48.2485],[-1.5944,48.243],[-1.5992,48.2422],[-1.598,48.2387]]]]}},{"type":"Feature","properties":{"territoire":"243500725","nom":"CC Côte d'Émeraude","type":"epci"},"geometry":{"type":"MultiPolygon","coordinates":[[[[-2.1274,48.5978],[-2.1347,48.5967],[-2.1385,48.5911],[-2.1521,48.5856],[-2.1721,48.5957],[-2.1677,48.5974],[-2.1646,48.6073],[-2.1531,48.6094],[-2.153,48.6163],[-2.1449,48.62],[-2.1448,48.6179],[-2.1411,48.6168],[-2.1431,48.6116],[-2.1358,48.6093],[-2.1375,48.6075],[-2.1344,48.6085],[-2.1327,48.6058],[-2.1263,48.604],[-2.1233,48.6051],[-2.1235,48.6073],[-2.1308,48.6102],[-2.1295,48.6132],[-2.1349,48.6118],[-2.1373,48.6137],[-2.1354,48.6178],[-2.1382,48.6202],[-2.1386,48.6251],[-2.1424,48.6254],[-2.1438,48.6232],[-2.1435,48.6255],[-2.1505,48.6272],[-2.1505,48.6351],[-2.1417,48.6317],[-2.1335,48.6354],[-2.1331,48.6387],[-2.1267,48.635],[-2.1228,48.6356],[-2.1166,48.6384],[-2.118,48.641],[-2.1128,48.6454],[-2.1122,48.6384],[-2.105,48.6365],[-2.1031,48.6328],[-2.1063,48.638],[-2.1036,48.6392],[-2.0995,48.6391],[-2.0947,48.6337],[-2.0847,48.6349],[-2.0774,48.6411],[-2.0704,48.6384],[-2.0568,48.6402],[-2.0571,48.6368],[-2.0548,48.6356],[-2.0476,48.6391],[-2.047,48.6361],[-2.0547,48.6262],[-2.047,48.624],[-2.0331,48.6272],[-2.0297,48.6241],[-2.033,48.6204],[-2.0283,48.6166],[-2.0349,48.6112],[-2.0292,48.6081],[-2.0361,48.6018],[-2.0184,48.605],[-2.0247,48.603],[-2.0246,48.5988],[-2.0275,48.5974],[-2.0201,48.5977],[-2.0137,48.5873],[-2.0041,48.588],[-2.0027,48.5824],[-1.9972,48.5844],[-1.9939,48.578],[-2.003,48.577],[-2.0106,48.571],[-2.0155,48.572],[-2.0071,48.5657],[-2.0164,48.5626],[-2.0218,48.557],[-2.0224,48.5533],[-2.0307,48.5551],[-2.0365,48.5503],[-2.0386,48.542],[-2.0446,48.5418],[-2.0526,48.5521],[-2.0639,48.5496],[-2.0741,48.5512],[-2.0759,48.5536],[-2.075,48.5588],[-2.0787,48.5597],[-2.0791,48.5642],[-2.0823,48.5661],[-2.0811,48.5686],[-2.0874,48.5711],[-2.0939,48.5704],[-2.0979,48.5768],[-2.1018,48.5758],[-2.1095,48.5839],[-2.1147,48.5839],[-2.1244,48.5891],[-2.1248,48.5962],[-2.1274,48.5978]]],[[[-2.1619,48.6385],[-2.1565,48.641],[-2.1593,48.6372],[-2.1619,48.6385]]]]}},{"type":"Feature","properties":{"territoire":"243500733","nom":"CC Bretagne Romantique","type":"epci"},"geometry":{"type":"MultiPolygon","coordinates":[[[[-1.7518,48.2995],[-1.761,48.2887],[-1.7598,48.281],[-1.765,48.282],[-1.7686,48.278],[-1.7746,48.2823],[-1.7899,48.2822],[-1.8073,48.2968],[-1.83,48.292],[-1.831,48.2885],[-1.8454,48.2841],[-1.8515,48.2856],[-1.857,48.2822],[-1.8722,48.2809],[-1.8748,48.2767],[-1.8819,48.278],[-1.8822,48.2711],[-1.8956,48.2701],[-1.8986,48.2669],[-1.9064,48.27],[-1.9066,48.2792],[-1.9148,48.2844],[-1.905,48.298],[-1.914,48.3035],[-1.9237,48.3061],[-1.9346,48.2989],[-1.9392,48.3007],[-1.9479,48.2976],[-1.9496,48.2936],[-1.948,48.2912],[-1.9563,48.2903],[-1.9585,48.2932],[-1.9563,48.2965],[-1.9579,48.2983],[-1.9683,48.3033],[-1.9566,48.307],[-1.959,48.3146],[-1.9539,48.3157],[-1.9669,48.343],[-1.9464,48.3424],[-1.929,48.3471],[-1.9333,48.3559],[-1.9326,48.3607],[-1.9427,48.3603],[-1.9428,48.3632],[-1.9474,48.3671],[-1.9447,48.3739],[-1.9461,48.3804],[-1.9384,48.3831],[-1.9398,48.3862],[-1.9368,48.3898],[-1.9399,48.3931],[-1.93,48.3948],[-1.9431,48.4009],[-1.9364,48.4067],[-1.9409,48.4105],[-1.9372,48.4116],[-1.9363,48.4198],[-1.9442,48.4222],[-1.9524,48.4306],[-1.9492,48.4345],[-1.9487,48.4367],[-1.9518,48.4392],[-1.9487,48.4464],[-1.9424,48.4488],[-1.9387,48.4473],[-1.9278,48.4531],[-1.9259,48.4567],[-1.9238,48.4623],[-1.9264,48.4677],[-1.9318,48.4703],[-1.9288,48.4764],[-1.9092,48.4816],[-1.9103,48.477],[-1.8971,48.4808],[-1.8899,48.4782],[-1.887,48.4841],[-1.8875,48.4877],[-1.894,48.4913],[-1.8911,48.4967],[-1.882,48.4923],[-1.8693,48.4913],[-1.8662,48.4861],[-1.8567,48.482],[-1.852,48.4783],[-1.8528,48.476],[-1.85,48.4754],[-1.8393,48.4759],[-1.8296,48.4806],[-1.8218,48.4801],[-1.8209,48.4881],[-1.8158,48.4866],[-1.807,48.4949],[-1.806,48.4906],[-1.8006,48.488],[-1.7975,48.4804],[-1.7917,48.4766],[-1.7505,48.4859],[-1.7333,48.4932],[-1.7288,48.4925],[-1.7179,48.4724],[-1.7093,48.4695],[-1.7117,48.4599],[-1.6989,48.4589],[-1.6977,48.4625],[-1.6943,48.4637],[-1.6898,48.4625],[-1.6874,48.458],[-1.6814,48.4543],[-1.6702,48.4589],[-1.661,48.4671],[-1.6529,48.4697],[-1.649,48.4638],[-1.6421,48.468],[-1.6353,48.4649],[-1.6283,48.4696],[-1.6168,48.4665],[-1.6176,48.4592],[-1.6222,48.4506],[-1.6201,48.4478],[-1.6306,48.4456],[-1.6303,48.4389],[-1.6368,48.4388],[-1.6403,48.4327],[-1.6374,48.4244],[-1.6514,48.4204],[-1.6502,48.4144],[-1.6456,48.4126],[-1.644,48.4078],[-1.6406,48.4058],[-1.6493,48.4004],[-1.65,48.3978],[-1.6475,48.3944],[-1.6406,48.3918],[-1.6386,48.3866],[-1.6429,48.3787],[-1.6517,48.3787],[-1.6494,48.3667],[-1.6561,48.3598],[-1.6341,48.3578],[-1.626,48.3539],[-1.6194,48.3552],[-1.6101,48.3516],[-1.621,48.3467],[-1.6365,48.3457],[-1.6391,48.3509],[-1.6429,48.3516],[-1.645,48.3462],[-1.6505,48.3444],[-1.6563,48.3497],[-1.6627,48.344],[-1.6622,48.3374],[-1.6702,48.3323],[-1.6676,48.3283],[-1.6804,48.3263],[-1.6763,48.3212],[-1.6773,48.3176],[-1.7011,48.3158],[-1.7025,48.3166],[-1.6994,48.321],[-1.7019,48.3244],[-1.7134,48.3218],[-1.7417,48.3222],[-1.7469,48.2995],[-1.7518,48.2995]]]]}},{"type":"Feature","properties":{"territoire":"243500741","nom":"CA Redon Agglomération","type":"epci"},"geometry":{"type":"MultiPolygon","coordinates":[[[[-1.7868,47.574],[-1.7916,47.565],[-1.7887,47.557],[-1.7902,47.5531],[-1.8034,47.5481],[-1.8198,47.5458],[-1.8294,47.5342],[-1.8291,47.5266],[-1.8532,47.5164],[-1.8573,47.5114],[-1.867,47.5098],[-1.8722,47.5043],[-1.8833,47.5131],[-1.8863,47.5106],[-1.9165,47.5066],[-1.9213,47.5039],[-1.9246,47.505],[-1.9228,47.5084],[-1.9255,47.5107],[-1.9361,47.5068],[-1.9449,47.5076],[-1.9471,47.5138],[-1.9456,47.5235],[-1.9505,47.5251],[-1.9567,47.5226],[-1.9625,47.5254],[-1.9605,47.5313],[-1.9656,47.5424],[-1.9705,47.5441],[-1.9946,47.5434],[-2.0013,47.5489],[-2.0052,47.5576],[-2.033,47.5692],[-2.0799,47.575],[-2.0794,47.5789],[-2.0933,47.5759],[-2.0974,47.5715],[-2.0992,47.5583],[-2.1048,47.5489],[-2.0969,47.5407],[-2.0988,47.5335],[-2.1188,47.5281],[-2.1319,47.5312],[-2.1318,47.5267],[-2.144,47.5251],[-2.145,47.5299],[-2.1383,47.5318],[-2.1363,47.5347],[-2.1409,47.5379],[-2.1417,47.5413],[-2.1328,47.5429],[-2.1315,47.546],[-2.1369,47.5494],[-2.13,47.5704],[-2.1368,47.5724],[-2.1376,47.5746],[-2.129,47.5751],[-2.1235,47.5785],[-2.1353,47.5864],[-2.1408,47.588],[-2.1593,47.5852],[-2.1705,47.5893],[-2.1834,47.5838],[-2.1987,47.5912],[-2.2126,47.5858],[-2.23,47.5853],[-2.2407,47.5764],[-2.262,47.5791],[-2.2834,47.5748],[-2.2874,47.5759],[-2.2896,47.5838],[-2.295,47.5873],[-2.2947,47.5894],[-2.2987,47.5894],[-2.295,47.594],[-2.2991,47.5977],[-2.2909,47.605],[-2.2819,47.6055],[-2.2809,47.6147],[-2.2719,47.624],[-2.2719,47.6268],[-2.2544,47.6307],[-2.2494,47.6464],[-2.2461,47.6482],[-2.2475,47.6534],[-2.2447,47.6583],[-2.2586,47.6612],[-2.2612,47.6662],[-2.2592,47.6687],[-2.2523,47.6693],[-2.2511,47.6743],[-2.2426,47.6773],[-2.2404,47.6939],[-2.2468,47.7033],[-2.253,47.7048],[-2.2568,47.7094],[-2.2623,47.7096],[-2.2648,47.714],[-2.2605,47.7181],[-2.2613,47.7202],[-2.2679,47.7209],[-2.2688,47.723],[-2.2535,47.7375],[-2.2478,47.7369],[-2.2379,47.7415],[-2.2275,47.7372],[-2.221,47.7393],[-2.2203,47.7469],[-2.2223,47.7474],[-2.2282,47.7619],[-2.2153,47.7768],[-2.1928,47.7726],[-2.1899,47.7672],[-2.1917,47.7634],[-2.1638,47.7585],[-2.1629,47.7534],[-2.1702,47.7465],[-2.1658,47.7433],[-2.1608,47.7446],[-2.161,47.7424],[-2.1656,47.7385],[-2.1725,47.7389],[-2.1753,47.7279],[-2.1658,47.7233],[-2.1504,47.725],[-2.1451,47.7207],[-2.1301,47.7168],[-2.1309,47.7228],[-2.1127,47.7282],[-2.1069,47.732],[-2.1094,47.7359],[-2.1071,47.7375],[-2.0585,47.7381],[-2.0577,47.7427],[-2.0619,47.7514],[-2.0838,47.75],[-2.0856,47.7549],[-2.0845,47.7628],[-2.1271,47.761],[-2.1267,47.7707],[-2.1111,47.771],[-2.1088,47.7756],[-2.1098,47.7787],[-2.0961,47.7783],[-2.0837,47.7844],[-2.0799,47.7894],[-2.0736,47.7892],[-2.0723,47.7986],[-2.0699,47.801],[-2.0715,47.8019],[-2.0695,47.8025],[-2.0705,47.8117],[-2.0476,47.8181],[-2.0457,47.8239],[-2.0401,47.8281],[-2.042,47.8297],[-2.0374,47.8303],[-2.0335,47.8386],[-2.0238,47.8407],[-2.0227,47.8465],[-2.0169,47.8462],[-2.0103,47.8423],[-2.0002,47.8494],[-1.9978,47.8536],[-1.9864,47.8563],[-1.9835,47.8489],[-1.9727,47.8393],[-1.9555,47.8414],[-1.9551,47.8443],[-1.9632,47.8444],[-1.9712,47.853],[-1.9841,47.8575],[-1.9807,47.862],[-1.9655,47.8629],[-1.9524,47.859],[-1.9428,47.8593],[-1.9386,47.8606],[-1.939,47.8623],[-1.931,47.8624],[-1.9273,47.8695],[-1.9214,47.8717],[-1.9044,47.8699],[-1.9019,47.8621],[-1.8902,47.8548],[-1.8929,47.8488],[-1.8897,47.8481],[-1.8901,47.8422],[-1.8943,47.8397],[-1.9175,47.8396],[-1.916,47.8345],[-1.9176,47.8327],[-1.9054,47.8279],[-1.895,47.8297],[-1.8775,47.8199],[-1.8795,47.8158],[-1.8745,47.8126],[-1.8761,47.8074],[-1.8722,47.7988],[-1.8733,47.7897],[-1.8632,47.7742],[-1.867,47.7658],[-1.85,47.769],[-1.8465,47.7686],[-1.8466,47.7645],[-1.842,47.7635],[-1.8252,47.7671],[-1.818,47.7632],[-1.8277,47.749],[-1.8435,47.7386],[-1.8438,47.734],[-1.8369,47.7319],[-1.8377,47.7233],[-1.8345,47.7204],[-1.8379,47.7069],[-1.8274,47.7108],[-1.8205,47.7047],[-1.8166,47.7059],[-1.8023,47.7014],[-1.7899,47.7021],[-1.7845,47.6993],[-1.7714,47.6983],[-1.752,47.7076],[-1.7449,47.7068],[-1.7327,47.7018],[-1.7358,47.6983],[-1.7335,47.6925],[-1.7243,47.6909],[-1.726,47.6885],[-1.7102,47.6891],[-1.7049,47.6849],[-1.7052,47.6822],[-1.709,47.6822],[-1.719,47.6703],[-1.7187,47.6672],[-1.7241,47.6674],[-1.7243,47.6638],[-1.7273,47.6642],[-1.7272,47.6602],[-1.7245,47.6594],[-1.7278,47.6577],[-1.7313,47.6501],[-1.728,47.6435],[-1.7282,47.6377],[-1.722,47.6275],[-1.7224,47.6209],[-1.7147,47.6209],[-1.7146,47.6158],[-1.7173,47.6114],[-1.7324,47.6104],[-1.7316,47.6038],[-1.7393,47.5973],[-1.7378,47.5886],[-1.7416,47.5764],[-1.7729,47.5803],[-1.7868,47.574]]]]}},{"type":"Feature","properties":{"territoire":"243500774","nom":"CC Liffré-Cormier Communauté","type":"epci"},"geometry":{"type":"MultiPolygon","coordinates":[[[[-1.3683,48.1632],[-1.3706,48.1595],[-1.3778,48.1625],[-1.3848,48.1472],[-1.3913,48.149],[-1.3947,48.1533],[-1.4052,48.1563],[-1.41,48.1552],[-1.4042,48.1468],[-1.4145,48.1472],[-1.4264,48.1418],[-1.4301,48.1443],[-1.4345,48.1373],[-1.4409,48.1386],[-1.445,48.1364],[-1.4465,48.141],[-1.4636,48.1321],[-1.4663,48.1326],[-1.4631,48.1379],[-1.4657,48.1399],[-1.4724,48.1616],[-1.4777,48.1627],[-1.4797,48.167],[-1.4838,48.1675],[-1.4848,48.165],[-1.4984,48.1736],[-1.5059,48.1681],[-1.5278,48.1714],[-1.5493,48.1628],[-1.5603,48.1668],[-1.5532,48.1712],[-1.5698,48.1718],[-1.5746,48.1684],[-1.5881,48.1683],[-1.5925,48.1654],[-1.5961,48.169],[-1.5949,48.1794],[-1.6067,48.1773],[-1.609,48.1797],[-1.6144,48.1794],[-1.6129,48.1836],[-1.5996,48.1972],[-1.5791,48.1955],[-1.5679,48.2052],[-1.5705,48.2127],[-1.5648,48.2121],[-1.5622,48.2081],[-1.5602,48.2091],[-1.5627,48.2105],[-1.5553,48.2138],[-1.5575,48.2149],[-1.5547,48.224],[-1.5765,48.2314],[-1.5769,48.2251],[-1.5811,48.2215],[-1.5822,48.2169],[-1.586,48.2176],[-1.5872,48.2143],[-1.591,48.2143],[-1.5953,48.2254],[-1.5916,48.2373],[-1.5995,48.2391],[-1.5992,48.2422],[-1.5944,48.243],[-1.5913,48.2485],[-1.5846,48.2481],[-1.5829,48.252],[-1.5789,48.2459],[-1.5736,48.2481],[-1.5682,48.2454],[-1.5603,48.2473],[-1.558,48.2566],[-1.5363,48.2628],[-1.5369,48.2662],[-1.5331,48.2676],[-1.5316,48.271],[-1.5124,48.2724],[-1.5163,48.2745],[-1.5171,48.2787],[-1.5117,48.2877],[-1.4984,48.2843],[-1.4811,48.2834],[-1.4754,48.2854],[-1.475,48.2938],[-1.4837,48.3024],[-1.4843,48.3062],[-1.4772,48.3198],[-1.4782,48.3226],[-1.4486,48.3187],[-1.4405,48.3163],[-1.4391,48.3139],[-1.4317,48.3143],[-1.43,48.3116],[-1.4176,48.3101],[-1.4127,48.312],[-1.4058,48.3029],[-1.39,48.3039],[-1.3931,48.2927],[-1.3893,48.2868],[-1.4107,48.2721],[-1.4093,48.2682],[-1.4012,48.2646],[-1.4025,48.2621],[-1.3641,48.2581],[-1.3583,48.2607],[-1.3514,48.2595],[-1.3489,48.2552],[-1.3431,48.2539],[-1.3327,48.2556],[-1.3304,48.2505],[-1.3223,48.2493],[-1.3244,48.2433],[-1.3119,48.2394],[-1.3101,48.235],[-1.3011,48.235],[-1.3045,48.2293],[-1.2945,48.2281],[-1.2885,48.233],[-1.2839,48.2306],[-1.2861,48.2255],[-1.2961,48.2184],[-1.3078,48.218],[-1.3164,48.223],[-1.3248,48.2145],[-1.3302,48.2145],[-1.3431,48.2079],[-1.3454,48.2034],[-1.3515,48.2011],[-1.346,48.1989],[-1.351,48.1959],[-1.3546,48.1972],[-1.3584,48.194],[-1.3557,48.188],[-1.3608,48.183],[-1.3522,48.1714],[-1.3568,48.168],[-1.3661,48.168],[-1.3683,48.1632]]]]}},{"type":"Feature","properties":{"territoire":"243500782","nom":"CA du Pays de Saint Malo Agglomération","type":"epci"},"geometry":{"type":"MultiPolygon","coordinates":[[[[-1.9631,48.5561],[-1.9775,48.5562],[-1.9725,48.5652],[-1.9759,48.5703],[-1.981,48.5719],[-1.9871,48.5846],[-1.9814,48.5864],[-1.9617,48.5745],[-1.9547,48.5759],[-1.9548,48.5795],[-1.9659,48.5848],[-1.9608,48.5882],[-1.9614,48.5925],[-1.9739,48.5892],[-1.9783,48.5933],[-1.9926,48.5943],[-1.9979,48.5902],[-2.0015,48.5943],[-1.9973,48.6036],[-2.0005,48.6029],[-2.0014,48.6001],[-2.0054,48.6015],[-2.0068,48.5992],[-2.0132,48.5991],[-2.0099,48.601],[-2.0123,48.604],[-2.0098,48.6074],[-2.005,48.6094],[-2.001,48.6152],[-2.0078,48.6131],[-2.0151,48.6141],[-2.019,48.6194],[-2.0132,48.6234],[-2.0134,48.6274],[-2.0186,48.6283],[-2.0228,48.6327],[-2.0208,48.6331],[-2.0218,48.6348],[-2.0311,48.6342],[-2.0313,48.6377],[-2.0283,48.6404],[-2.0225,48.6362],[-2.0189,48.6386],[-2.0266,48.641],[-2.0241,48.646],[-2.0319,48.6421],[-2.0281,48.6458],[-2.0292,48.6511],[-2.0096,48.6541],[-1.9896,48.6637],[-1.9897,48.6662],[-1.9818,48.6743],[-1.9828,48.6772],[-1.9874,48.6773],[-1.9911,48.6827],[-1.9891,48.6843],[-1.9872,48.6815],[-1.9811,48.6812],[-1.9774,48.6834],[-1.9791,48.6844],[-1.9741,48.6831],[-1.9702,48.6867],[-1.9642,48.6874],[-1.9618,48.686],[-1.9634,48.6816],[-1.9589,48.6804],[-1.9432,48.6854],[-1.937,48.6841],[-1.9406,48.6869],[-1.9453,48.6862],[-1.9497,48.6907],[-1.9533,48.6905],[-1.955,48.6874],[-1.96,48.6894],[-1.9551,48.6928],[-1.9459,48.6918],[-1.9381,48.6942],[-1.9371,48.7027],[-1.9329,48.7015],[-1.9323,48.6937],[-1.9222,48.6926],[-1.9175,48.696],[-1.9135,48.6907],[-1.9045,48.6899],[-1.8957,48.6931],[-1.8903,48.6993],[-1.8849,48.6969],[-1.8805,48.6987],[-1.8801,48.6959],[-1.8771,48.6957],[-1.8704,48.698],[-1.8698,48.7011],[-1.8621,48.7001],[-1.856,48.7067],[-1.8508,48.7065],[-1.8437,48.7126],[-1.8425,48.7095],[-1.8455,48.7058],[-1.8436,48.7027],[-1.8493,48.7023],[-1.8501,48.7002],[-1.845,48.6964],[-1.8492,48.6947],[-1.8471,48.6902],[-1.8418,48.6883],[-1.8421,48.6851],[-1.8357,48.6805],[-1.8466,48.6761],[-1.8517,48.6684],[-1.8534,48.671],[-1.8573,48.6678],[-1.8626,48.6678],[-1.8648,48.6633],[-1.8628,48.6586],[-1.8722,48.6466],[-1.8613,48.6283],[-1.8456,48.6164],[-1.8207,48.6098],[-1.7909,48.6062],[-1.789,48.5939],[-1.7832,48.5854],[-1.7866,48.5734],[-1.7942,48.5682],[-1.8006,48.5716],[-1.8081,48.5641],[-1.8075,48.5607],[-1.8421,48.5752],[-1.8377,48.5642],[-1.8515,48.5623],[-1.8584,48.56],[-1.8597,48.5574],[-1.8446,48.5481],[-1.8406,48.5385],[-1.8283,48.5351],[-1.819,48.525],[-1.8211,48.5192],[-1.8044,48.5211],[-1.8049,48.51],[-1.8017,48.5035],[-1.8063,48.499],[-1.8072,48.4941],[-1.8158,48.4866],[-1.8203,48.4887],[-1.8218,48.4801],[-1.8296,48.4806],[-1.8393,48.4759],[-1.85,48.4754],[-1.8528,48.476],[-1.852,48.4783],[-1.8567,48.482],[-1.8662,48.4861],[-1.8693,48.4913],[-1.882,48.4923],[-1.8911,48.4967],[-1.8941,48.4926],[-1.8875,48.4877],[-1.887,48.4831],[-1.8897,48.4784],[-1.8971,48.4808],[-1.9103,48.477],[-1.909,48.4816],[-1.914,48.4908],[-1.9177,48.4932],[-1.9208,48.4921],[-1.9234,48.4999],[-1.9229,48.5051],[-1.9116,48.5061],[-1.9106,48.5111],[-1.9186,48.5355],[-1.9228,48.5349],[-1.923,48.5374],[-1.9269,48.5384],[-1.9223,48.5448],[-1.9318,48.5509],[-1.9469,48.5394],[-1.9698,48.5356],[-1.9645,48.5457],[-1.9602,48.549],[-1.9631,48.5561]]],[[[-2.0752,48.676],[-2.0691,48.6791],[-2.0679,48.6772],[-2.0752,48.676]]]]}},{"type":"Feature","properties":{"territoire":"244400610","nom":"CA de la Presqu'île de Guérande Atlantique (Cap Atlantique)","type":"epci"},"geometry":{"type":"MultiPolygon","coordinates":[[[[-2.4503,47.2637],[-2.4532,47.2635],[-2.4542,47.2665],[-2.4606,47.27],[-2.4715,47.2694],[-2.4837,47.2729],[-2.4816,47.274],[-2.4935,47.2747],[-2.4986,47.2805],[-2.5054,47.2803],[-2.5157,47.2852],[-2.5317,47.2869],[-2.5475,47.2922],[-2.5448,47.2984],[-2.5209,47.3013],[-2.5236,47.3082],[-2.5208,47.3011],[-2.5017,47.2895],[-2.5027,47.2849],[-2.5008,47.2879],[-2.4974,47.2868],[-2.498,47.2834],[-2.4963,47.2872],[-2.4899,47.2864],[-2.4873,47.289],[-2.4841,47.2884],[-2.4858,47.2847],[-2.4837,47.2875],[-2.4714,47.2855],[-2.4706,47.2836],[-2.4679,47.2863],[-2.47,47.2843],[-2.4746,47.2859],[-2.4804,47.2932],[-2.4731,47.295],[-2.4668,47.2928],[-2.4695,47.2953],[-2.466,47.2986],[-2.4715,47.2956],[-2.474,47.2987],[-2.471,47.3024],[-2.4735,47.2994],[-2.4823,47.3016],[-2.5114,47.3005],[-2.5146,47.3037],[-2.506,47.3122],[-2.5034,47.3218],[-2.5042,47.3329],[-2.5084,47.3438],[-2.514,47.3453],[-2.5103,47.3458],[-2.5146,47.3467],[-2.5137,47.3486],[-2.5162,47.3448],[-2.5142,47.3425],[-2.5173,47.3454],[-2.515,47.3493],[-2.5216,47.3589],[-2.5281,47.3637],[-2.5355,47.3656],[-2.5344,47.3668],[-2.5362,47.3659],[-2.5349,47.3647],[-2.5374,47.365],[-2.5515,47.3689],[-2.559,47.3751],[-2.5449,47.3838],[-2.5468,47.3819],[-2.5443,47.3809],[-2.5417,47.3824],[-2.5444,47.3836],[-2.5421,47.3837],[-2.5422,47.3812],[-2.5344,47.3831],[-2.5232,47.3921],[-2.5,47.4043],[-2.4912,47.4047],[-2.4882,47.4114],[-2.4768,47.4128],[-2.4743,47.4164],[-2.4705,47.4163],[-2.4675,47.422],[-2.4662,47.4204],[-2.4685,47.4176],[-2.4629,47.4111],[-2.4586,47.4118],[-2.4568,47.4146],[-2.4446,47.4115],[-2.4409,47.4137],[-2.4339,47.4131],[-2.4314,47.4159],[-2.4405,47.4217],[-2.447,47.4213],[-2.4508,47.4256],[-2.4581,47.4237],[-2.4521,47.4343],[-2.4457,47.4356],[-2.4484,47.4413],[-2.4564,47.4476],[-2.4687,47.4496],[-2.4722,47.4455],[-2.4788,47.4449],[-2.4803,47.4413],[-2.4929,47.448],[-2.4951,47.4539],[-2.5007,47.4585],[-2.4939,47.4613],[-2.4949,47.4664],[-2.4903,47.4659],[-2.488,47.4713],[-2.5018,47.4884],[-2.4994,47.4905],[-2.5004,47.4929],[-2.4938,47.4966],[-2.4826,47.4959],[-2.4655,47.4872],[-2.4499,47.4909],[-2.4472,47.4946],[-2.4262,47.4943],[-2.4221,47.493],[-2.4272,47.4869],[-2.4236,47.4857],[-2.4218,47.4887],[-2.4238,47.4916],[-2.4207,47.493],[-2.4055,47.4895],[-2.4037,47.4951],[-2.3945,47.4952],[-2.4008,47.4968],[-2.3936,47.5013],[-2.3865,47.497],[-2.3839,47.4988],[-2.3749,47.4979],[-2.3577,47.5077],[-2.3549,47.5126],[-2.3491,47.5154],[-2.3296,47.5106],[-2.3088,47.5185],[-2.2909,47.5133],[-2.2872,47.5157],[-2.2873,47.5133],[-2.2809,47.5095],[-2.2743,47.5127],[-2.2666,47.5105],[-2.2613,47.5138],[-2.2549,47.5116],[-2.2557,47.5064],[-2.2656,47.5018],[-2.2438,47.4939],[-2.2631,47.4819],[-2.2589,47.4775],[-2.2614,47.474],[-2.2564,47.4726],[-2.2574,47.4678],[-2.2623,47.4649],[-2.2635,47.4605],[-2.2615,47.4527],[-2.2722,47.4524],[-2.2826,47.446],[-2.28,47.4444],[-2.2802,47.4395],[-2.2713,47.4214],[-2.272,47.4164],[-2.2859,47.4029],[-2.297,47.402],[-2.2954,47.3979],[-2.2895,47.3993],[-2.2886,47.3969],[-2.2955,47.3905],[-2.2989,47.3767],[-2.3065,47.3721],[-2.3182,47.3716],[-2.3151,47.3695],[-2.3218,47.3675],[-2.3156,47.3651],[-2.3173,47.3621],[-2.313,47.3613],[-2.3153,47.3538],[-2.3359,47.3428],[-2.3422,47.3346],[-2.3568,47.3301],[-2.366,47.315],[-2.3556,47.3133],[-2.3562,47.3115],[-2.342,47.3066],[-2.3351,47.3086],[-2.3257,47.3047],[-2.3208,47.3058],[-2.3125,47.3007],[-2.3042,47.3019],[-2.3004,47.3049],[-2.2971,47.3028],[-2.2999,47.3009],[-2.3003,47.2952],[-2.305,47.2869],[-2.313,47.2808],[-2.316,47.2748],[-2.3329,47.268],[-2.3916,47.2814],[-2.4116,47.2791],[-2.4232,47.2741],[-2.4272,47.2778],[-2.4263,47.2813],[-2.4126,47.2846],[-2.4166,47.2853],[-2.4255,47.2831],[-2.4281,47.2782],[-2.4231,47.2733],[-2.4243,47.2701],[-2.4169,47.2619],[-2.4172,47.2587],[-2.432,47.2581],[-2.4365,47.2606],[-2.4476,47.2612],[-2.4503,47.2637]]],[[[-2.6249,47.4105],[-2.6211,47.4119],[-2.6215,47.4138],[-2.6176,47.4118],[-2.6249,47.4105]]]]}},{"type":"Feature","properties":{"territoire":"245600440","nom":"CC Blavet Bellevue Océan Communauté","type":"epci"},"geometry":{"type":"MultiPolygon","coordinates":[[[[-3.179,47.6935],[-3.1845,47.6935],[-3.1994,47.6873],[-3.1981,47.6889],[-3.2,47.6912],[-3.2052,47.6891],[-3.2105,47.6911],[-3.2111,47.6987],[-3.2162,47.6958],[-3.2143,47.6901],[-3.2123,47.6915],[-3.2065,47.688],[-3.2105,47.6866],[-3.2111,47.6839],[-3.1983,47.6831],[-3.203,47.6777],[-3.201,47.6755],[-3.209,47.6761],[-3.2062,47.6716],[-3.2174,47.674],[-3.214,47.669],[-3.2189,47.666],[-3.2118,47.6617],[-3.2117,47.6589],[-3.2143,47.6589],[-3.2105,47.6544],[-3.214,47.6437],[-3.2713,47.6789],[-3.3029,47.6902],[-3.2816,47.6857],[-3.2795,47.6892],[-3.2876,47.7004],[-3.2878,47.7051],[-3.2696,47.7004],[-3.2645,47.7051],[-3.2727,47.7083],[-3.2731,47.7116],[-3.281,47.7155],[-3.2794,47.7197],[-3.2733,47.722],[-3.2785,47.7221],[-3.2785,47.7304],[-3.2882,47.732],[-3.2861,47.7383],[-3.3023,47.7394],[-3.3004,47.7429],[-3.3023,47.7445],[-3.3152,47.7457],[-3.3061,47.7482],[-3.3017,47.7582],[-3.3028,47.7626],[-3.2963,47.7715],[-3.2936,47.7687],[-3.285,47.7693],[-3.2809,47.7822],[-3.2665,47.7882],[-3.2656,47.7913],[-3.26,47.7914],[-3.2502,47.8004],[-3.2436,47.7978],[-3.2361,47.8043],[-3.2331,47.8017],[-3.2252,47.8033],[-3.2109,47.8012],[-3.1997,47.7875],[-3.1993,47.785],[-3.2043,47.7815],[-3.2007,47.7802],[-3.2008,47.7775],[-3.1974,47.7801],[-3.1869,47.7762],[-3.1838,47.7791],[-3.1744,47.779],[-3.1718,47.7778],[-3.1723,47.7744],[-3.163,47.7711],[-3.1576,47.7731],[-3.149,47.7689],[-3.1484,47.7641],[-3.1548,47.7551],[-3.1479,47.7523],[-3.1487,47.745],[-3.1558,47.7361],[-3.1523,47.7329],[-3.1573,47.7291],[-3.158,47.7249],[-3.1659,47.7219],[-3.1668,47.7087],[-3.1615,47.7041],[-3.179,47.6935]]]]}},{"type":"Feature","properties":{"territoire":"245600465","nom":"CC de Belle-Île-en-Mer","type":"epci"},"geometry":{"type":"MultiPolygon","coordinates":[[[[-3.2529,47.3883],[-3.2524,47.3899],[-3.2487,47.3889],[-3.2514,47.3868],[-3.2529,47.3883]]],[[[-3.236,47.3244],[-3.2369,47.3276],[-3.2439,47.3285],[-3.2429,47.3322],[-3.2456,47.3299],[-3.2488,47.3307],[-3.2471,47.3347],[-3.2496,47.3334],[-3.2478,47.3355],[-3.2507,47.3355],[-3.2486,47.3364],[-3.2539,47.3357],[-3.2511,47.3399],[-3.2553,47.3407],[-3.2577,47.3456],[-3.2529,47.3491],[-3.2637,47.3519],[-3.2601,47.3518],[-3.2628,47.3535],[-3.2592,47.3557],[-3.2632,47.3561],[-3.2575,47.358],[-3.263,47.3619],[-3.2596,47.3637],[-3.2615,47.3672],[-3.256,47.3685],[-3.263,47.3715],[-3.255,47.3731],[-3.2542,47.3683],[-3.2524,47.3723],[-3.2461,47.3713],[-3.2534,47.3756],[-3.2484,47.3796],[-3.2503,47.3804],[-3.248,47.3812],[-3.2503,47.3824],[-3.2493,47.3875],[-3.2451,47.3878],[-3.2417,47.383],[-3.2367,47.382],[-3.2359,47.3783],[-3.2293,47.3792],[-3.2255,47.3771],[-3.2185,47.3792],[-3.2197,47.376],[-3.2173,47.375],[-3.2223,47.3686],[-3.2184,47.3631],[-3.2195,47.3707],[-3.2167,47.3742],[-3.2068,47.3709],[-3.2009,47.3726],[-3.195,47.3654],[-3.1901,47.3651],[-3.191,47.363],[-3.1801,47.3642],[-3.1722,47.3618],[-3.1728,47.3595],[-3.1573,47.3646],[-3.1543,47.3509],[-3.1506,47.3473],[-3.1588,47.3483],[-3.1639,47.3456],[-3.1536,47.3479],[-3.1495,47.3432],[-3.1456,47.3432],[-3.1477,47.3327],[-3.1453,47.3338],[-3.136,47.3284],[-3.124,47.3289],[-3.1257,47.3267],[-3.122,47.323],[-3.1122,47.3244],[-3.1139,47.3229],[-3.1106,47.3185],[-3.1031,47.3163],[-3.067,47.3168],[-3.0615,47.3144],[-3.0559,47.3081],[-3.0644,47.3078],[-3.0676,47.2962],[-3.0742,47.2935],[-3.0772,47.2946],[-3.0753,47.2933],[-3.0771,47.2883],[-3.075,47.2869],[-3.0865,47.2835],[-3.0933,47.2779],[-3.097,47.2799],[-3.0946,47.2835],[-3.1068,47.2852],[-3.108,47.2877],[-3.1132,47.288],[-3.1119,47.289],[-3.1172,47.2878],[-3.1192,47.2907],[-3.1301,47.2871],[-3.1307,47.2888],[-3.1426,47.2868],[-3.1377,47.2891],[-3.1395,47.2897],[-3.1385,47.2929],[-3.1417,47.2896],[-3.1501,47.294],[-3.1593,47.2924],[-3.16,47.2966],[-3.1676,47.2985],[-3.1668,47.3019],[-3.1822,47.2997],[-3.183,47.2953],[-3.1997,47.295],[-3.2022,47.2972],[-3.1981,47.301],[-3.2083,47.2965],[-3.2061,47.2936],[-3.2122,47.2955],[-3.2142,47.2932],[-3.222,47.2936],[-3.2203,47.2949],[-3.2253,47.2971],[-3.2221,47.298],[-3.2227,47.3],[-3.2288,47.3011],[-3.2257,47.3043],[-3.2306,47.3015],[-3.2363,47.3016],[-3.2411,47.3065],[-3.238,47.308],[-3.2415,47.3082],[-3.2394,47.3096],[-3.2442,47.3086],[-3.2485,47.3138],[-3.2497,47.3168],[-3.2434,47.3155],[-3.2443,47.3203],[-3.238,47.3192],[-3.2403,47.3226],[-3.236,47.3244]]]]}},{"type":"Feature","properties":{"territoire":"245614383","nom":"CC Questembert Communauté","type":"epci"},"geometry":{"type":"MultiPolygon","coordinates":[[[[-2.5823,47.6004],[-2.577,47.6069],[-2.5836,47.6088],[-2.5842,47.6142],[-2.5784,47.6159],[-2.5766,47.6191],[-2.578,47.6215],[-2.5656,47.6285],[-2.5793,47.6308],[-2.5793,47.6342],[-2.5625,47.6494],[-2.5581,47.65],[-2.5576,47.652],[-2.5434,47.6499],[-2.5414,47.654],[-2.5152,47.6568],[-2.5163,47.6591],[-2.5102,47.661],[-2.4981,47.6555],[-2.4955,47.6586],[-2.5031,47.6671],[-2.5032,47.6705],[-2.5109,47.6753],[-2.5215,47.6734],[-2.5291,47.6776],[-2.5343,47.6759],[-2.5505,47.6816],[-2.5562,47.6808],[-2.5571,47.6831],[-2.5572,47.6868],[-2.5516,47.6889],[-2.5535,47.6907],[-2.5505,47.6954],[-2.5534,47.7034],[-2.5479,47.705],[-2.5422,47.7028],[-2.5363,47.7104],[-2.5391,47.713],[-2.5397,47.72],[-2.5299,47.7224],[-2.5217,47.7296],[-2.5228,47.7329],[-2.5257,47.7323],[-2.5296,47.737],[-2.5349,47.7375],[-2.5387,47.7409],[-2.5388,47.7464],[-2.5334,47.7568],[-2.5402,47.7608],[-2.5329,47.7687],[-2.5145,47.7641],[-2.5018,47.7683],[-2.5012,47.7659],[-2.4892,47.7656],[-2.491,47.7625],[-2.4833,47.7599],[-2.4788,47.7646],[-2.4748,47.7612],[-2.4604,47.7619],[-2.4511,47.7688],[-2.4386,47.7541],[-2.4014,47.754],[-2.3975,47.7462],[-2.3815,47.741],[-2.3668,47.7409],[-2.3492,47.7451],[-2.3195,47.7327],[-2.2908,47.7352],[-2.2813,47.7437],[-2.2751,47.7433],[-2.2688,47.7466],[-2.2615,47.745],[-2.2535,47.7375],[-2.2688,47.723],[-2.2679,47.7209],[-2.2613,47.7202],[-2.2605,47.7181],[-2.2648,47.714],[-2.2623,47.7096],[-2.2568,47.7094],[-2.253,47.7048],[-2.2468,47.7033],[-2.2404,47.6939],[-2.2426,47.6773],[-2.2511,47.6743],[-2.2523,47.6693],[-2.2592,47.6687],[-2.2612,47.6662],[-2.2586,47.6612],[-2.2447,47.6583],[-2.2475,47.6534],[-2.2461,47.6482],[-2.2494,47.6464],[-2.2544,47.6307],[-2.2723,47.6264],[-2.2719,47.624],[-2.2809,47.6147],[-2.2819,47.6055],[-2.2909,47.605],[-2.2983,47.5992],[-2.3059,47.6084],[-2.3137,47.6134],[-2.3196,47.6141],[-2.3224,47.6094],[-2.3374,47.6101],[-2.3424,47.606],[-2.3476,47.6066],[-2.3503,47.6023],[-2.3664,47.6071],[-2.3726,47.612],[-2.3768,47.6118],[-2.3844,47.616],[-2.3877,47.6126],[-2.3905,47.6141],[-2.3895,47.6156],[-2.3939,47.6149],[-2.3935,47.6189],[-2.4132,47.6161],[-2.4214,47.621],[-2.4355,47.6174],[-2.4452,47.6181],[-2.437,47.6258],[-2.438,47.6305],[-2.4423,47.6293],[-2.4498,47.6352],[-2.4542,47.6354],[-2.4551,47.6388],[-2.465,47.6369],[-2.4669,47.6323],[-2.4869,47.6341],[-2.4998,47.6174],[-2.5039,47.6241],[-2.5118,47.6245],[-2.5181,47.6174],[-2.5252,47.6199],[-2.5299,47.6145],[-2.5264,47.6004],[-2.5383,47.6019],[-2.5557,47.597],[-2.5723,47.5986],[-2.5745,47.5969],[-2.5823,47.6004]]]]}},{"type":"Feature","properties":{"territoire":"245614417","nom":"CC Roi Morvan Communauté","type":"epci"},"geometry":{"type":"MultiPolygon","coordinates":[[[[-3.3373,47.9768],[-3.3432,47.9669],[-3.3497,47.9625],[-3.3492,47.9542],[-3.3519,47.9524],[-3.3533,47.9465],[-3.3602,47.9428],[-3.3726,47.9515],[-3.3775,47.949],[-3.3818,47.9511],[-3.393,47.951],[-3.3919,47.9574],[-3.4024,47.9604],[-3.4036,47.967],[-3.4083,47.967],[-3.4151,47.9751],[-3.4213,47.9675],[-3.4337,47.9654],[-3.4456,47.9585],[-3.457,47.957],[-3.4605,47.9607],[-3.4621,47.9492],[-3.4674,47.9453],[-3.4668,47.9474],[-3.4777,47.9489],[-3.4812,47.9518],[-3.4818,47.958],[-3.4851,47.9597],[-3.4848,47.9668],[-3.4914,47.975],[-3.5192,47.9762],[-3.5252,47.9795],[-3.5316,47.9891],[-3.5463,47.9866],[-3.5494,47.9909],[-3.5587,47.9941],[-3.5607,47.9914],[-3.5768,47.9907],[-3.584,47.9845],[-3.5901,47.9895],[-3.5963,47.9906],[-3.608,47.9893],[-3.6189,47.9817],[-3.6281,47.9834],[-3.6311,47.9866],[-3.6331,47.9837],[-3.6358,47.9858],[-3.6398,47.9849],[-3.6482,48.0064],[-3.6593,48.0141],[-3.6645,48.0227],[-3.6613,48.0237],[-3.6644,48.0294],[-3.662,48.0302],[-3.6637,48.0369],[-3.6713,48.0371],[-3.6698,48.0425],[-3.6757,48.0474],[-3.6734,48.0586],[-3.6869,48.0588],[-3.6921,48.0633],[-3.6992,48.0624],[-3.7086,48.0666],[-3.708,48.0696],[-3.6984,48.0687],[-3.6999,48.0754],[-3.7035,48.0784],[-3.7045,48.0868],[-3.695,48.0937],[-3.7045,48.0983],[-3.7144,48.0989],[-3.7255,48.095],[-3.7333,48.0964],[-3.7295,48.1048],[-3.7348,48.1126],[-3.717,48.121],[-3.724,48.1244],[-3.7207,48.1308],[-3.7088,48.1355],[-3.7146,48.1387],[-3.7146,48.1431],[-3.6977,48.1456],[-3.6958,48.1522],[-3.667,48.1524],[-3.6521,48.1567],[-3.6285,48.169],[-3.5882,48.1778],[-3.5811,48.1823],[-3.5684,48.1857],[-3.5643,48.1856],[-3.5557,48.1799],[-3.5456,48.1808],[-3.5357,48.178],[-3.5019,48.1807],[-3.477,48.1863],[-3.47,48.1773],[-3.4678,48.1783],[-3.4689,48.1799],[-3.4632,48.1816],[-3.4548,48.1804],[-3.4528,48.1774],[-3.4443,48.1814],[-3.445,48.1871],[-3.42,48.174],[-3.4238,48.1703],[-3.4296,48.1701],[-3.4384,48.1627],[-3.4389,48.1599],[-3.4352,48.1542],[-3.427,48.1522],[-3.4173,48.1456],[-3.4082,48.1488],[-3.4025,48.157],[-3.3967,48.1558],[-3.3933,48.1517],[-3.3755,48.1606],[-3.3742,48.1645],[-3.3497,48.1648],[-3.3439,48.171],[-3.3371,48.1719],[-3.3339,48.1655],[-3.3239,48.1607],[-3.3264,48.1535],[-3.3254,48.1502],[-3.3205,48.1488],[-3.3181,48.1489],[-3.3159,48.1557],[-3.2991,48.154],[-3.298,48.1557],[-3.2973,48.1515],[-3.2894,48.1542],[-3.2881,48.1525],[-3.293,48.1499],[-3.2891,48.1495],[-3.2863,48.1441],[-3.2813,48.1413],[-3.2751,48.1436],[-3.2722,48.14],[-3.2669,48.1458],[-3.2594,48.1432],[-3.2566,48.1481],[-3.2414,48.1516],[-3.235,48.1504],[-3.2332,48.1468],[-3.2287,48.1497],[-3.2245,48.1488],[-3.2251,48.1464],[-3.2121,48.1429],[-3.205,48.1381],[-3.2071,48.133],[-3.2045,48.13],[-3.2108,48.1256],[-3.2073,48.1238],[-3.2148,48.1206],[-3.2126,48.1181],[-3.2135,48.114],[-3.2087,48.112],[-3.2141,48.1106],[-3.2084,48.1042],[-3.2099,48.1016],[-3.2051,48.0971],[-3.2056,48.0943],[-3.2003,48.0865],[-3.1766,48.0862],[-3.1698,48.0899],[-3.174,48.0923],[-3.1685,48.0998],[-3.1594,48.0927],[-3.1584,48.0848],[-3.1533,48.0818],[-3.1549,48.0793],[-3.1495,48.0762],[-3.1491,48.0737],[-3.1426,48.0715],[-3.1407,48.0674],[-3.1602,48.0587],[-3.1633,48.0515],[-3.1707,48.0483],[-3.1683,48.0471],[-3.1662,48.0399],[-3.1725,48.0336],[-3.1761,48.0336],[-3.1776,48.0271],[-3.1896,48.0227],[-3.1896,48.019],[-3.1918,48.0186],[-3.1894,48.0127],[-3.1921,48.0102],[-3.2002,48.0099],[-3.1987,48.0058],[-3.195,48.0059],[-3.1989,48.005],[-3.197,48.002],[-3.2038,48],[-3.2088,47.9946],[-3.2241,47.9928],[-3.2249,47.9894],[-3.2276,47.9904],[-3.2367,47.9819],[-3.2416,47.9813],[-3.2564,47.9904],[-3.2559,47.9951],[-3.263,47.994],[-3.2697,47.9982],[-3.2773,47.9949],[-3.2884,47.9973],[-3.3066,47.9947],[-3.3066,47.9912],[-3.3112,47.9889],[-3.3156,47.9936],[-3.3202,47.9889],[-3.3323,47.983],[-3.3373,47.9768]]]]}},{"type":"Feature","properties":{"territoire":"245614433","nom":"CC Pontivy Communauté","type":"epci"},"geometry":{"type":"MultiPolygon","coordinates":[[[[-2.9326,47.9935],[-2.9424,47.9967],[-2.9525,47.9952],[-2.9627,48.0029],[-2.9762,48.0052],[-2.9858,48.0178],[-2.9956,48.0167],[-3.0001,48.0129],[-2.9999,48.0173],[-3.0029,48.0202],[-3.0167,48.0259],[-3.0249,48.0246],[-3.03,48.0206],[-3.0331,48.0214],[-3.0306,48.0173],[-3.0353,48.0104],[-3.053,48.0168],[-3.0585,48.0156],[-3.056,48.0127],[-3.0591,48.0126],[-3.0587,48.0101],[-3.0628,48.0112],[-3.0659,48.0084],[-3.064,48.0064],[-3.0703,48.0101],[-3.0758,48.0078],[-3.0772,48.0053],[-3.0752,48.0035],[-3.084,48.0112],[-3.0931,48.0088],[-3.1016,48.0103],[-3.1038,48.0074],[-3.115,48.0087],[-3.119,48.0053],[-3.1277,48.0085],[-3.1319,48.0071],[-3.1313,48.0091],[-3.1387,48.0117],[-3.147,48.0228],[-3.1482,48.027],[-3.1452,48.0284],[-3.152,48.0304],[-3.1568,48.0349],[-3.1613,48.0329],[-3.1725,48.0336],[-3.1658,48.0416],[-3.1707,48.0483],[-3.1633,48.0515],[-3.1602,48.0587],[-3.1403,48.0681],[-3.1549,48.0793],[-3.1533,48.0818],[-3.1584,48.0848],[-3.1594,48.0927],[-3.1685,48.0998],[-3.174,48.0923],[-3.1698,48.0899],[-3.1766,48.0862],[-3.2004,48.0866],[-3.2056,48.0943],[-3.2051,48.0971],[-3.2099,48.1016],[-3.2084,48.1042],[-3.2141,48.1106],[-3.2087,48.112],[-3.2135,48.114],[-3.2126,48.1181],[-3.2148,48.1206],[-3.2074,48.1237],[-3.2108,48.1256],[-3.2045,48.1301],[-3.2071,48.133],[-3.205,48.1381],[-3.2147,48.1468],[-3.2151,48.1539],[-3.2081,48.1539],[-3.2055,48.1599],[-3.1923,48.165],[-3.1754,48.1588],[-3.1656,48.1616],[-3.1593,48.168],[-3.1551,48.1585],[-3.1398,48.1638],[-3.1401,48.1667],[-3.1343,48.1684],[-3.1302,48.1769],[-3.137,48.1817],[-3.1368,48.19],[-3.1306,48.1957],[-3.1305,48.2003],[-3.1204,48.2004],[-3.1162,48.2032],[-3.1166,48.2063],[-3.1106,48.2055],[-3.1079,48.2085],[-3.1063,48.2054],[-3.0979,48.2062],[-3.0917,48.2021],[-3.0855,48.2043],[-3.0853,48.2082],[-3.0791,48.2109],[-3.0713,48.2053],[-3.055,48.2071],[-3.048,48.2027],[-3.0359,48.2037],[-3.029,48.1959],[-3.0148,48.1979],[-3.0204,48.1922],[-3.0115,48.183],[-3.0118,48.1721],[-2.9953,48.1708],[-3.0006,48.1643],[-2.9999,48.1606],[-2.9822,48.1604],[-2.963,48.1695],[-2.9606,48.1739],[-2.9493,48.1744],[-2.9508,48.1761],[-2.9468,48.1779],[-2.9518,48.1792],[-2.9546,48.1842],[-2.9443,48.1878],[-2.9481,48.1955],[-2.9511,48.196],[-2.9473,48.1981],[-2.9334,48.2016],[-2.9366,48.1915],[-2.9347,48.1902],[-2.9293,48.1967],[-2.9229,48.1944],[-2.9127,48.1957],[-2.9088,48.1933],[-2.9064,48.1874],[-2.9081,48.1853],[-2.9051,48.1795],[-2.9069,48.1786],[-2.9021,48.1751],[-2.9041,48.1682],[-2.8928,48.1734],[-2.8915,48.1687],[-2.8878,48.1686],[-2.8917,48.1649],[-2.883,48.1578],[-2.8824,48.153],[-2.8757,48.152],[-2.8742,48.1489],[-2.8438,48.1406],[-2.8186,48.1472],[-2.8038,48.1451],[-2.8053,48.1399],[-2.7895,48.1313],[-2.7883,48.1238],[-2.7818,48.121],[-2.7835,48.1107],[-2.7764,48.1047],[-2.779,48.099],[-2.7735,48.0959],[-2.777,48.0944],[-2.7776,48.0907],[-2.7732,48.0865],[-2.7677,48.0893],[-2.7668,48.0937],[-2.7598,48.0986],[-2.7585,48.1101],[-2.7542,48.116],[-2.7512,48.1167],[-2.7511,48.1147],[-2.7444,48.1131],[-2.7244,48.1173],[-2.7249,48.1142],[-2.7035,48.1125],[-2.7011,48.1198],[-2.6971,48.1218],[-2.6952,48.1204],[-2.6764,48.1315],[-2.6677,48.133],[-2.6609,48.1308],[-2.6616,48.1268],[-2.6522,48.1195],[-2.6572,48.1152],[-2.6514,48.1132],[-2.6513,48.1076],[-2.6569,48.1064],[-2.6499,48.0975],[-2.6564,48.0931],[-2.6539,48.0874],[-2.6558,48.0841],[-2.6618,48.0823],[-2.6629,48.0751],[-2.6658,48.0718],[-2.6646,48.0693],[-2.6672,48.0659],[-2.6732,48.064],[-2.6655,48.0563],[-2.6669,48.0517],[-2.6707,48.0502],[-2.6674,48.0451],[-2.6589,48.0446],[-2.6573,48.0413],[-2.6615,48.0383],[-2.655,48.032],[-2.6515,48.0236],[-2.6511,48.0109],[-2.659,48.0059],[-2.6515,48.0025],[-2.6549,47.9918],[-2.6475,47.9843],[-2.6343,47.9832],[-2.6344,47.9778],[-2.6297,47.9717],[-2.636,47.9654],[-2.6653,47.9628],[-2.6794,47.9549],[-2.6879,47.943],[-2.6931,47.942],[-2.6896,47.9421],[-2.6922,47.9357],[-2.6882,47.9339],[-2.6943,47.9237],[-2.7176,47.9232],[-2.7322,47.9202],[-2.7311,47.9219],[-2.7347,47.9242],[-2.7328,47.9312],[-2.7361,47.9302],[-2.7403,47.9324],[-2.7404,47.9413],[-2.7358,47.9451],[-2.7436,47.9511],[-2.7398,47.9697],[-2.7422,47.9709],[-2.751,47.9704],[-2.7611,47.9657],[-2.7714,47.9645],[-2.7741,47.9663],[-2.7809,47.9642],[-2.7835,47.9658],[-2.7882,47.9627],[-2.793,47.9662],[-2.8129,47.9616],[-2.8178,47.9629],[-2.8187,47.9647],[-2.8016,47.9705],[-2.8089,47.9735],[-2.8095,47.983],[-2.8142,47.9812],[-2.8158,47.9833],[-2.8139,47.9998],[-2.8035,48.007],[-2.8006,48.0062],[-2.7958,48.0106],[-2.7889,48.0116],[-2.7951,48.0236],[-2.8002,48.025],[-2.8044,48.0359],[-2.8084,48.0354],[-2.8194,48.0262],[-2.8436,48.0251],[-2.8437,48.0222],[-2.847,48.021],[-2.8793,48.0216],[-2.89,48.0275],[-2.8947,48.0176],[-2.8937,48.0094],[-2.889,48.0095],[-2.8905,48.0068],[-2.9001,48.0016],[-2.9023,48.0037],[-2.9104,48.0031],[-2.9163,47.9972],[-2.9152,47.9921],[-2.9326,47.9935]]]]}}]}